sample_id,source_dataset,attack_category,address,contract_name,analyzer_input_supported,dataset_roles,source_address_sample,causal_label,review_status,negative_assertion,historical_call_count,historical_functions,reported_affected_functions,event_target_label,event_positive,observed_affected_selectors,observed_affected_functions,candidate_ordering_pair_count,rationale
cisbl7-0095d300a1f2067de5c5c903,CISBL7,sandwich,0x3ebec0a1b4055c8d1180fce64db2a8c068170880,UniswapV3Pool,True,shared_attack_victim_trace;trading_pair;victim_trace,False,candidate_ordering_sensitive_market,trace_derived,False,10,"fee();swap(address,bool,int256,uint160,bytes);token0();token1()",,observed_ordering_target,True,0x128acb08,"swap(address,bool,int256,uint160,bytes)",2,
cisbl7-0095d300a1f2067de5c5c903,CISBL7,sandwich,0x454954e9afc59fad90ae04068691304d2f5e249f,UniswapV2Pair,True,shared_attack_victim_trace;trading_pair;victim_trace,False,candidate_ordering_sensitive_market,trace_derived,False,4,"getReserves();swap(uint256,uint256,address,bytes)",,observed_ordering_target,True,0x022c0d9f,"swap(uint256,uint256,address,bytes)",2,
cisbl7-0095d300a1f2067de5c5c903,CISBL7,sandwich,0xadd39272e83895e7d3f244f696b7a25635f34234,Token,True,shared_attack_victim_trace;victim_trace,False,candidate_exploited_component,trace_derived,False,34,"allowance(address,address);approve(address,uint256);balanceOf(address);transfer(address,uint256);transferFrom(address,address,uint256)",,observed_shared_component,False,,,2,
cisbl7-0095d300a1f2067de5c5c903,CISBL7,sandwich,0xc02aaa39b223fe8d0a0e5c4f27ead9083c756cc2,WETH9,True,shared_attack_victim_trace;victim_trace,False,candidate_exploited_component,trace_derived,False,27,"balanceOf(address);transfer(address,uint256);transferFrom(address,address,uint256);withdraw(uint256)",,observed_shared_component,False,,,2,
cisbl7-0095d300a1f2067de5c5c903,CISBL7,sandwich,0xf477ac7719e2e659001455cdda0cc8f3ad10b604,AUTOS,True,shared_attack_victim_trace;victim_trace,False,candidate_exploited_component,trace_derived,False,12,"balanceOf(address);transfer(address,uint256)",,observed_shared_component,False,,,2,
cisbl7-08aafa83376fbd1606986ec3,CISBL7,sandwich,0x082b9e93fb2087f56d632d57a16060da98816786,UniswapV2Pair,True,shared_attack_victim_trace;trading_pair;victim_trace,False,candidate_ordering_sensitive_market,trace_derived,False,6,"getReserves();swap(uint256,uint256,address,bytes);token0();token1()",,observed_ordering_target,True,0x022c0d9f,"swap(uint256,uint256,address,bytes)",2,
cisbl7-08aafa83376fbd1606986ec3,CISBL7,sandwich,0x08d59467e8fbee7575ed0905bba03903654cfbfd,MATTER2,True,shared_attack_victim_trace;victim_trace,False,candidate_exploited_component,trace_derived,False,12,"balanceOf(address);transfer(address,uint256)",,observed_shared_component,False,,,2,
cisbl7-08aafa83376fbd1606986ec3,CISBL7,sandwich,0x30d20208d987713f46dfd34ef128bb16c404d10f,Stader,True,shared_attack_victim_trace;victim_trace,False,candidate_exploited_component,trace_derived,False,13,"balanceOf(address);transfer(address,uint256)",,observed_shared_component,False,,,2,
cisbl7-08aafa83376fbd1606986ec3,CISBL7,sandwich,0x3358cf80fd5a6163374854050f936ba66421d6a6,DMD,True,shared_attack_victim_trace;victim_trace,False,candidate_exploited_component,trace_derived,False,8,"balanceOf(address);transfer(address,uint256)",,observed_shared_component,False,,,2,
cisbl7-08aafa83376fbd1606986ec3,CISBL7,sandwich,0x4177d19e4125213bdd8d82dbc1ca775799d18218,UniswapV2Pair,True,shared_attack_victim_trace;trading_pair;victim_trace,False,candidate_ordering_sensitive_market,trace_derived,False,4,"getReserves();swap(uint256,uint256,address,bytes)",,observed_ordering_target,True,0x022c0d9f,"swap(uint256,uint256,address,bytes)",2,
cisbl7-08aafa83376fbd1606986ec3,CISBL7,sandwich,0x43506849d7c04f9138d1a2050bbf3a0c054402dd,FiatTokenV2_2,True,shared_attack_victim_trace;victim_trace,False,candidate_exploited_component,trace_derived,False,12,"balanceOf(address);transfer(address,uint256)",,observed_shared_component,False,,,2,
cisbl7-08aafa83376fbd1606986ec3,CISBL7,sandwich,0x9b99cca871be05119b2012fd4474731dd653febe,__AdminUpgradeabilityProductProxy__,True,shared_attack_victim_trace;victim_trace,False,candidate_exploited_component,trace_derived,False,12,,,observed_shared_component,False,,,2,
cisbl7-08aafa83376fbd1606986ec3,CISBL7,sandwich,0xa0b86991c6218b36c1d19d4a2e9eb0ce3606eb48,FiatTokenProxy,True,shared_attack_victim_trace;victim_trace,False,candidate_exploited_component,trace_derived,False,12,,,observed_shared_component,False,,,2,
cisbl7-08aafa83376fbd1606986ec3,CISBL7,sandwich,0xc02aaa39b223fe8d0a0e5c4f27ead9083c756cc2,WETH9,True,shared_attack_victim_trace;victim_trace,False,candidate_exploited_component,trace_derived,False,29,"balanceOf(address);deposit();transfer(address,uint256);transferFrom(address,address,uint256)",,observed_shared_component,False,,,2,
cisbl7-08aafa83376fbd1606986ec3,CISBL7,sandwich,0xd300c31a23c2300c601a44da8e3df36c4e1b78c5,UniswapV2Pair,True,shared_attack_victim_trace;trading_pair;victim_trace,False,candidate_ordering_sensitive_market,trace_derived,False,5,"getReserves();swap(uint256,uint256,address,bytes)",,observed_ordering_target,True,0x022c0d9f,"swap(uint256,uint256,address,bytes)",2,
cisbl7-08aafa83376fbd1606986ec3,CISBL7,sandwich,0xda86006036540822e0cd2861dbd2fd7ff9caa0e8,TubeToken,True,shared_attack_victim_trace;victim_trace,False,candidate_exploited_component,trace_derived,False,9,"balanceOf(address);transfer(address,uint256)",,observed_shared_component,False,,,2,
cisbl7-08aafa83376fbd1606986ec3,CISBL7,sandwich,0xec7a1a2896d4b9d7014fa7be2aa936c8a76a8072,JamUniswapV2Pair,True,shared_attack_victim_trace;trading_pair;victim_trace,False,candidate_ordering_sensitive_market,trace_derived,False,4,"getReserves();swap(uint256,uint256,address,bytes)",,observed_ordering_target,True,0x022c0d9f,"swap(uint256,uint256,address,bytes)",2,
cisbl7-0b63d81a8287eb8198717277,CISBL7,sandwich,0x43506849d7c04f9138d1a2050bbf3a0c054402dd,FiatTokenV2_2,True,shared_attack_victim_trace;victim_trace,False,candidate_exploited_component,trace_derived,False,32,"allowance(address,address);approve(address,uint256);balanceOf(address);decimals();transfer(address,uint256);transferFrom(address,address,uint256)",,observed_shared_component,False,,,2,
cisbl7-0b63d81a8287eb8198717277,CISBL7,sandwich,0x66761fa41377003622aee3c7675fc7b5c1c2fac5,CPOOL,True,shared_attack_victim_trace;victim_trace,False,candidate_exploited_component,trace_derived,False,15,"balanceOf(address);transfer(address,uint256);transferFrom(address,address,uint256)",,observed_shared_component,False,,,0,
cisbl7-0b63d81a8287eb8198717277,CISBL7,sandwich,0xa0b86991c6218b36c1d19d4a2e9eb0ce3606eb48,FiatTokenProxy,True,shared_attack_victim_trace;victim_trace,False,candidate_exploited_component,trace_derived,False,32,,,observed_shared_component,False,,,2,
cisbl7-0b63d81a8287eb8198717277,CISBL7,sandwich,0xa1db2fc9b2ceaf3cdf41fd11ffcb38404eae3906,UniswapV2Pair,True,shared_attack_victim_trace;trading_pair;victim_trace,False,candidate_ordering_sensitive_market,trace_derived,False,4,"getReserves();swap(uint256,uint256,address,bytes)",,observed_ordering_target,True,0x022c0d9f,"swap(uint256,uint256,address,bytes)",0,
cisbl7-0b63d81a8287eb8198717277,CISBL7,sandwich,0xc02aaa39b223fe8d0a0e5c4f27ead9083c756cc2,WETH9,True,shared_attack_victim_trace;victim_trace,False,candidate_exploited_component,trace_derived,False,25,"allowance(address,address);balanceOf(address);deposit();transfer(address,uint256);transferFrom(address,address,uint256)",,observed_shared_component,False,,,2,
cisbl7-0b63d81a8287eb8198717277,CISBL7,sandwich,0xe0554a476a092703abdb3ef35c80e0d76d32939f,UniswapV3Pool,True,shared_attack_victim_trace;trading_pair;victim_trace,False,candidate_ordering_sensitive_market,trace_derived,False,4,"swap(address,bool,int256,uint160,bytes)",,observed_ordering_target,True,0x128acb08,"swap(address,bool,int256,uint160,bytes)",2,
cisbl7-0c7abcbc44de25a04610d3de,CISBL7,sandwich,0x1d8f8f00cfa6758d7be78336684788fb0ee0fa46,RocketStorage,True,shared_attack_victim_trace;victim_trace,False,candidate_exploited_component,trace_derived,False,5,getUint(bytes32),,observed_shared_component,False,,,0,
cisbl7-0c7abcbc44de25a04610d3de,CISBL7,sandwich,0x27c70cd1946795b66be9d954418546998b546634,UFragments,True,shared_attack_victim_trace;victim_trace,False,candidate_exploited_component,trace_derived,False,8,"balanceOf(address);transfer(address,uint256)",,observed_shared_component,False,,,1,
cisbl7-0c7abcbc44de25a04610d3de,CISBL7,sandwich,0x50608c538b29c3839042fc7219faf95f19f1fd65,UniswapV2Pair,True,shared_attack_victim_trace;trading_pair;victim_trace,False,candidate_ordering_sensitive_market,trace_derived,False,4,"getReserves();swap(uint256,uint256,address,bytes)",,observed_ordering_target,True,0x022c0d9f,"swap(uint256,uint256,address,bytes)",1,
cisbl7-0c7abcbc44de25a04610d3de,CISBL7,sandwich,0x553e9c493678d8606d6a5ba284643db2110df823,UniswapV3Pool,True,shared_attack_victim_trace;trading_pair;victim_trace,False,candidate_ordering_sensitive_market,trace_derived,False,6,"burn(int24,int24,uint128);collect(address,int24,int24,uint128,uint128);mint(address,int24,int24,uint128,bytes);swap(address,bool,int256,uint160,bytes)",,observed_ordering_target,True,0x128acb08,"swap(address,bool,int256,uint160,bytes)",0,
cisbl7-0c7abcbc44de25a04610d3de,CISBL7,sandwich,0x7eeab3de47a475fd2dec438aef05b128887c6105,TROPPY,True,shared_attack_victim_trace;victim_trace,False,candidate_exploited_component,trace_derived,False,7,"balanceOf(address);transfer(address,uint256);transferFrom(address,address,uint256)",,observed_shared_component,False,,,1,
cisbl7-0c7abcbc44de25a04610d3de,CISBL7,sandwich,0x874376be8231dad99aabf9ef0767b3cc054c60ee,UniswapV2Pair,True,shared_attack_victim_trace;trading_pair;victim_trace,False,candidate_ordering_sensitive_market,trace_derived,False,4,"getReserves();swap(uint256,uint256,address,bytes)",,observed_ordering_target,True,0x022c0d9f,"swap(uint256,uint256,address,bytes)",1,
cisbl7-0c7abcbc44de25a04610d3de,CISBL7,sandwich,0xae78736cd615f374d3085123a210448e74fc6393,RocketTokenRETH,True,shared_attack_victim_trace;victim_trace,False,candidate_exploited_component,trace_derived,False,11,"balanceOf(address);transfer(address,uint256)",,observed_shared_component,False,,,0,
cisbl7-0c7abcbc44de25a04610d3de,CISBL7,sandwich,0xc02aaa39b223fe8d0a0e5c4f27ead9083c756cc2,WETH9,True,shared_attack_victim_trace;victim_trace,False,candidate_exploited_component,trace_derived,False,32,"balanceOf(address);deposit();transfer(address,uint256);transferFrom(address,address,uint256);withdraw(uint256)",,observed_shared_component,False,,,1,
cisbl7-0de804b52c6e4ae3d7671b3d,CISBL7,sandwich,0x43506849d7c04f9138d1a2050bbf3a0c054402dd,FiatTokenV2_2,True,shared_attack_victim_trace;victim_trace,False,candidate_exploited_component,trace_derived,False,17,"allowance(address,address);approve(address,uint256);balanceOf(address);decimals();transfer(address,uint256);transferFrom(address,address,uint256)",,observed_shared_component,False,,,2,
cisbl7-0de804b52c6e4ae3d7671b3d,CISBL7,sandwich,0x5e3f09ab25548616b4b97f6163ff19cf6027930d,USAcoin,True,shared_attack_victim_trace;victim_trace,False,candidate_exploited_component,trace_derived,False,14,"balanceOf(address);transfer(address,uint256);transferFrom(address,address,uint256)",,observed_shared_component,False,,,2,
cisbl7-0de804b52c6e4ae3d7671b3d,CISBL7,sandwich,0xa0b86991c6218b36c1d19d4a2e9eb0ce3606eb48,FiatTokenProxy,True,shared_attack_victim_trace;victim_trace,False,candidate_exploited_component,trace_derived,False,17,,,observed_shared_component,False,,,2,
cisbl7-0de804b52c6e4ae3d7671b3d,CISBL7,sandwich,0xc02aaa39b223fe8d0a0e5c4f27ead9083c756cc2,WETH9,True,shared_attack_victim_trace;victim_trace,False,candidate_exploited_component,trace_derived,False,25,"balanceOf(address);transfer(address,uint256);transferFrom(address,address,uint256);withdraw(uint256)",,observed_shared_component,False,,,2,
cisbl7-0de804b52c6e4ae3d7671b3d,CISBL7,sandwich,0xdb3cf8597d795c1eaa3be49289d7538ed195c767,UniswapV2Pair,True,shared_attack_victim_trace;trading_pair;victim_trace,False,candidate_ordering_sensitive_market,trace_derived,False,5,"getReserves();swap(uint256,uint256,address,bytes)",,observed_ordering_target,True,0x022c0d9f,"swap(uint256,uint256,address,bytes)",2,
cisbl7-0de804b52c6e4ae3d7671b3d,CISBL7,sandwich,0xe0554a476a092703abdb3ef35c80e0d76d32939f,UniswapV3Pool,True,shared_attack_victim_trace;trading_pair;victim_trace,False,candidate_ordering_sensitive_market,trace_derived,False,4,"swap(address,bool,int256,uint160,bytes)",,observed_ordering_target,True,0x128acb08,"swap(address,bool,int256,uint160,bytes)",2,
cisbl7-0de804b52c6e4ae3d7671b3d,CISBL7,sandwich,0xecc767aab9d701418e6a556d9cfb1614fa04cdc8,UniswapV3Pool,True,shared_attack_victim_trace;victim_trace,False,candidate_exploited_component,trace_derived,False,3,"swap(address,bool,int256,uint160,bytes)",,observed_shared_component,False,,,2,
cisbl7-0f280a3a62d383216ec5bff5,CISBL7,sandwich,0x44108f0223a3c3028f5fe7aec7f9bb2e66bef82f,AcrossToken,True,shared_attack_victim_trace;victim_trace,False,candidate_exploited_component,trace_derived,False,18,"balanceOf(address);transfer(address,uint256)",,observed_shared_component,False,,,2,
cisbl7-0f280a3a62d383216ec5bff5,CISBL7,sandwich,0x508acdc358be2ed126b1441f0cff853dec49d40f,UniswapV3Pool,True,shared_attack_victim_trace;trading_pair;victim_trace,False,candidate_ordering_sensitive_market,trace_derived,False,6,"burn(int24,int24,uint128);collect(address,int24,int24,uint128,uint128);mint(address,int24,int24,uint128,bytes);swap(address,bool,int256,uint160,bytes)",,observed_ordering_target,True,0x128acb08,"swap(address,bool,int256,uint160,bytes)",2,
cisbl7-0f280a3a62d383216ec5bff5,CISBL7,sandwich,0x615987d46003cc37387dbe544ff4f16fa1200077,nasdaq,True,shared_attack_victim_trace;victim_trace,False,candidate_exploited_component,trace_derived,False,13,"balanceOf(address);transfer(address,uint256)",,observed_shared_component,False,,,2,
cisbl7-0f280a3a62d383216ec5bff5,CISBL7,sandwich,0x6c618dd1040a79923cd74113ef0ed07c07d2b0e7,UniswapV2Pair,True,shared_attack_victim_trace;trading_pair;victim_trace,False,candidate_ordering_sensitive_market,trace_derived,False,4,"getReserves();swap(uint256,uint256,address,bytes)",,observed_ordering_target,True,0x022c0d9f,"swap(uint256,uint256,address,bytes)",2,
cisbl7-0f280a3a62d383216ec5bff5,CISBL7,sandwich,0xc02aaa39b223fe8d0a0e5c4f27ead9083c756cc2,WETH9,True,shared_attack_victim_trace;victim_trace,False,candidate_exploited_component,trace_derived,False,28,"balanceOf(address);deposit();transfer(address,uint256);withdraw(uint256)",,observed_shared_component,False,,,2,
cisbl7-11e7dc23f8068c5ed3860775,CISBL7,sandwich,0x20562241933074b96862394f0bd196cd06f2830d,UniswapV2Pair,True,shared_attack_victim_trace;trading_pair;victim_trace,False,candidate_ordering_sensitive_market,trace_derived,False,6,"getReserves();swap(uint256,uint256,address,bytes)",,observed_ordering_target,True,0x022c0d9f,"swap(uint256,uint256,address,bytes)",2,
cisbl7-11e7dc23f8068c5ed3860775,CISBL7,sandwich,0x54d2252757e1672eead234d27b1270728ff90581,BitgetToken,True,shared_attack_victim_trace;victim_trace,False,candidate_exploited_component,trace_derived,False,7,"balanceOf(address);transfer(address,uint256)",,observed_shared_component,False,,,2,
cisbl7-11e7dc23f8068c5ed3860775,CISBL7,sandwich,0x7138eb0d563f3f6722500936a11dcae99d738a2c,LIF3,True,shared_attack_victim_trace;victim_trace,False,candidate_exploited_component,trace_derived,False,7,"balanceOf(address);transfer(address,uint256)",,observed_shared_component,False,,,2,
cisbl7-11e7dc23f8068c5ed3860775,CISBL7,sandwich,0xb5761dbce0b6dad590c46b6e95839d60f0b888e8,Lif3V3Pool,True,shared_attack_victim_trace;trading_pair;victim_trace,False,candidate_ordering_sensitive_market,trace_derived,False,3,"swap(address,bool,int256,uint160,bytes)",,observed_ordering_target,True,0x128acb08,"swap(address,bool,int256,uint160,bytes)",2,
cisbl7-11e7dc23f8068c5ed3860775,CISBL7,sandwich,0xc02aaa39b223fe8d0a0e5c4f27ead9083c756cc2,WETH9,True,shared_attack_victim_trace;victim_trace,False,candidate_exploited_component,trace_derived,False,30,"balanceOf(address);deposit();transfer(address,uint256);transferFrom(address,address,uint256)",,observed_shared_component,False,,,2,
cisbl7-11e7dc23f8068c5ed3860775,CISBL7,sandwich,0xe6572124df9d0b4fbf591badde15d0c2e9c4173b,UniswapV3Pool,True,shared_attack_victim_trace;trading_pair;victim_trace,False,candidate_ordering_sensitive_market,trace_derived,False,7,"fee();swap(address,bool,int256,uint160,bytes);token0();token1()",,observed_ordering_target,True,0x128acb08,"swap(address,bool,int256,uint160,bytes)",2,
cisbl7-11e7dc23f8068c5ed3860775,CISBL7,sandwich,0xea93be1852803a40dc46c4f942a51e52cd97e22d,DELTACOOK,True,shared_attack_victim_trace;victim_trace,False,candidate_exploited_component,trace_derived,False,10,"balanceOf(address);transfer(address,uint256)",,observed_shared_component,False,,,2,
cisbl7-1201befcde657268382ab798,CISBL7,sandwich,0x276e0893a095422e25b0b1f2f6c7c899351f48ab,ShibaswapV2Pool,True,shared_attack_victim_trace;trading_pair;victim_trace,False,candidate_ordering_sensitive_market,trace_derived,False,4,"swap(address,bool,int256,uint160,bytes)",,observed_ordering_target,True,0x128acb08,"swap(address,bool,int256,uint160,bytes)",2,
cisbl7-1201befcde657268382ab798,CISBL7,sandwich,0x2cc7a972ebc1865b346085655f929abfa74cd4dc,Shifu,True,shared_attack_victim_trace;victim_trace,False,candidate_exploited_component,trace_derived,False,9,"balanceOf(address);transfer(address,uint256)",,observed_shared_component,False,,,2,
cisbl7-1201befcde657268382ab798,CISBL7,sandwich,0x421b05cf5ce28cb7347e73e2278e84472f0e4a88,SENTIO,True,shared_attack_victim_trace;victim_trace,False,candidate_exploited_component,trace_derived,False,10,"balanceOf(address);transfer(address,uint256)",,observed_shared_component,False,,,2,
cisbl7-1201befcde657268382ab798,CISBL7,sandwich,0x468795e031c173942c9387aed0a302e26bdd0460,UniswapV2Pair,True,shared_attack_victim_trace;trading_pair;victim_trace,False,candidate_ordering_sensitive_market,trace_derived,False,4,"getReserves();swap(uint256,uint256,address,bytes)",,observed_ordering_target,True,0x022c0d9f,"swap(uint256,uint256,address,bytes)",2,
cisbl7-1201befcde657268382ab798,CISBL7,sandwich,0xc02aaa39b223fe8d0a0e5c4f27ead9083c756cc2,WETH9,True,shared_attack_victim_trace;victim_trace,False,candidate_exploited_component,trace_derived,False,20,"balanceOf(address);deposit();transfer(address,uint256)",,observed_shared_component,False,,,2,
cisbl7-12f1733b6cb4a49dda819c87,CISBL7,sandwich,0x000000000022d473030f116ddee9f6b43ac78ba3,Permit2,True,shared_attack_victim_trace;victim_trace,False,candidate_exploited_component,trace_derived,False,3,"permit(address,((address,uint160,uint48,uint48),address,uint256),bytes);permitWitnessTransferFrom(((address,uint256),uint256,uint256),(address,uint256),address,bytes32,string,bytes);transferFrom(address,address,uint160,address)",,observed_shared_component,False,,,1,
cisbl7-12f1733b6cb4a49dda819c87,CISBL7,sandwich,0x205eca9671aa698aa7c0d0af1cf6a2633b53b0c7,UniswapV2Pair,True,shared_attack_victim_trace;trading_pair;victim_trace,False,candidate_ordering_sensitive_market,trace_derived,False,4,"getReserves();swap(uint256,uint256,address,bytes)",,observed_ordering_target,True,0x022c0d9f,"swap(uint256,uint256,address,bytes)",2,
cisbl7-12f1733b6cb4a49dda819c87,CISBL7,sandwich,0x6c5ba91642f10282b576d91922ae6448c9d52f4e,PHAToken,True,shared_attack_victim_trace;victim_trace,False,candidate_exploited_component,trace_derived,False,20,"balanceOf(address);transfer(address,uint256);transferFrom(address,address,uint256)",,observed_shared_component,False,,,2,
cisbl7-12f1733b6cb4a49dda819c87,CISBL7,sandwich,0x8867f20c1c63baccec7617626254a060eeb0e61e,JamUniswapV2Pair,True,shared_attack_victim_trace;trading_pair;victim_trace,False,candidate_ordering_sensitive_market,trace_derived,False,7,"getReserves();swap(uint256,uint256,address,bytes)",,observed_ordering_target,True,0x022c0d9f,"swap(uint256,uint256,address,bytes)",2,
cisbl7-12f1733b6cb4a49dda819c87,CISBL7,sandwich,0xb29dc1703facd2967bb8ade2e392385644c6dca9,GagaPepe,True,shared_attack_victim_trace;victim_trace,False,candidate_exploited_component,trace_derived,False,7,"balanceOf(address);transfer(address,uint256);transferFrom(address,address,uint256)",,observed_shared_component,False,,,2,
cisbl7-12f1733b6cb4a49dda819c87,CISBL7,sandwich,0xc02aaa39b223fe8d0a0e5c4f27ead9083c756cc2,WETH9,True,shared_attack_victim_trace;victim_trace,False,candidate_exploited_component,trace_derived,False,47,"approve(address,uint256);balanceOf(address);deposit();transfer(address,uint256);transferFrom(address,address,uint256);withdraw(uint256)",,observed_shared_component,False,,,2,
cisbl7-12f1733b6cb4a49dda819c87,CISBL7,sandwich,0xc7bbec68d12a0d1830360f8ec58fa599ba1b0e9b,UniswapV3Pool,True,shared_attack_victim_trace;trading_pair;victim_trace,False,candidate_ordering_sensitive_market,trace_derived,False,3,"swap(address,bool,int256,uint160,bytes)",,observed_ordering_target,True,0x128acb08,"swap(address,bool,int256,uint160,bytes)",2,
cisbl7-12f1733b6cb4a49dda819c87,CISBL7,sandwich,0xdac17f958d2ee523a2206206994597c13d831ec7,TetherToken,True,shared_attack_victim_trace;victim_trace,False,candidate_exploited_component,trace_derived,False,9,"balanceOf(address);transfer(address,uint256)",,observed_shared_component,False,,,2,
cisbl7-15df70326ddaa0ac33a871b1,CISBL7,sandwich,0x3ce1f6bd6b0aa7520a14018dcc2261b1371d7c1a,CORN,True,shared_attack_victim_trace;victim_trace,False,candidate_exploited_component,trace_derived,False,31,"balanceOf(address);transfer(address,uint256);transferFrom(address,address,uint256)",,observed_shared_component,False,,,2,
cisbl7-15df70326ddaa0ac33a871b1,CISBL7,sandwich,0x6220add83b8103bffe40218e658068288eda4ec1,UniswapV2Pair,True,shared_attack_victim_trace;trading_pair;victim_trace,False,candidate_ordering_sensitive_market,trace_derived,False,20,"getReserves();swap(uint256,uint256,address,bytes)",,observed_ordering_target,True,0x022c0d9f,"swap(uint256,uint256,address,bytes)",2,
cisbl7-15df70326ddaa0ac33a871b1,CISBL7,sandwich,0xa0ef786bf476fe0810408caba05e536ac800ff86,MyriaToken,True,shared_attack_victim_trace;victim_trace,False,candidate_exploited_component,trace_derived,False,12,"balanceOf(address);transfer(address,uint256)",,observed_shared_component,False,,,2,
cisbl7-15df70326ddaa0ac33a871b1,CISBL7,sandwich,0xbf85f94d3233ee588f0907a9147fbb59d7246b54,UniswapV3Pool,True,shared_attack_victim_trace;trading_pair;victim_trace,False,candidate_ordering_sensitive_market,trace_derived,False,3,"swap(address,bool,int256,uint160,bytes)",,observed_ordering_target,True,0x128acb08,"swap(address,bool,int256,uint160,bytes)",2,
cisbl7-15df70326ddaa0ac33a871b1,CISBL7,sandwich,0xc02aaa39b223fe8d0a0e5c4f27ead9083c756cc2,WETH9,True,shared_attack_victim_trace;victim_trace,False,candidate_exploited_component,trace_derived,False,53,"allowance(address,address);balanceOf(address);deposit();transfer(address,uint256);transferFrom(address,address,uint256);withdraw(uint256)",,observed_shared_component,False,,,2,
cisbl7-15ebef57d7bd229399e2734e,CISBL7,sandwich,0x43506849d7c04f9138d1a2050bbf3a0c054402dd,FiatTokenV2_2,True,shared_attack_victim_trace;victim_trace,False,candidate_exploited_component,trace_derived,False,10,"balanceOf(address);transfer(address,uint256)",,observed_shared_component,False,,,1,
cisbl7-15ebef57d7bd229399e2734e,CISBL7,sandwich,0xa0b86991c6218b36c1d19d4a2e9eb0ce3606eb48,FiatTokenProxy,True,shared_attack_victim_trace;victim_trace,False,candidate_exploited_component,trace_derived,False,10,,,observed_shared_component,False,,,1,
cisbl7-15ebef57d7bd229399e2734e,CISBL7,sandwich,0xa9e8acf069c58aec8825542845fd754e41a9489a,pepeCoin,True,shared_attack_victim_trace;victim_trace,False,candidate_exploited_component,trace_derived,False,9,"balanceOf(address);transfer(address,uint256)",,observed_shared_component,False,,,0,
cisbl7-15ebef57d7bd229399e2734e,CISBL7,sandwich,0xc02aaa39b223fe8d0a0e5c4f27ead9083c756cc2,WETH9,True,shared_attack_victim_trace;victim_trace,False,candidate_exploited_component,trace_derived,False,53,"allowance(address,address);approve(address,uint256);balanceOf(address);decimals();deposit();transfer(address,uint256);transferFrom(address,address,uint256)",,observed_shared_component,False,,,1,
cisbl7-15ebef57d7bd229399e2734e,CISBL7,sandwich,0xddd23787a6b80a794d952f5fb036d0b31a8e6aff,UniswapV2Pair,True,shared_attack_victim_trace;trading_pair;victim_trace,False,candidate_ordering_sensitive_market,trace_derived,False,4,"getReserves();swap(uint256,uint256,address,bytes)",,observed_ordering_target,True,0x022c0d9f,"swap(uint256,uint256,address,bytes)",0,
cisbl7-15ebef57d7bd229399e2734e,CISBL7,sandwich,0xe0554a476a092703abdb3ef35c80e0d76d32939f,UniswapV3Pool,True,shared_attack_victim_trace;trading_pair;victim_trace,False,candidate_ordering_sensitive_market,trace_derived,False,3,"swap(address,bool,int256,uint160,bytes)",,observed_ordering_target,True,0x128acb08,"swap(address,bool,int256,uint160,bytes)",1,
cisbl7-17a1d06c6e481d200cc39a02,CISBL7,sandwich,0x15aa01580ae866f9ff4dbe45e06e307941d90c7b,UniswapV3Pool,True,shared_attack_victim_trace;trading_pair;victim_trace,False,candidate_ordering_sensitive_market,trace_derived,False,6,"burn(int24,int24,uint128);collect(address,int24,int24,uint128,uint128);mint(address,int24,int24,uint128,bytes);swap(address,bool,int256,uint160,bytes)",,observed_ordering_target,True,0x128acb08,"swap(address,bool,int256,uint160,bytes)",1,
cisbl7-17a1d06c6e481d200cc39a02,CISBL7,sandwich,0x614a48c41be6ba6762b63a92cc33cfb5e8149332,Dusty,True,shared_attack_victim_trace;victim_trace,False,candidate_exploited_component,trace_derived,False,7,"balanceOf(address);transfer(address,uint256);transferFrom(address,address,uint256)",,observed_shared_component,False,,,1,
cisbl7-17a1d06c6e481d200cc39a02,CISBL7,sandwich,0x615987d46003cc37387dbe544ff4f16fa1200077,nasdaq,True,shared_attack_victim_trace;victim_trace,False,candidate_exploited_component,trace_derived,False,10,"balanceOf(address);transfer(address,uint256)",,observed_shared_component,False,,,1,
cisbl7-17a1d06c6e481d200cc39a02,CISBL7,sandwich,0x6c618dd1040a79923cd74113ef0ed07c07d2b0e7,UniswapV2Pair,True,shared_attack_victim_trace;trading_pair;victim_trace,False,candidate_ordering_sensitive_market,trace_derived,False,4,"getReserves();swap(uint256,uint256,address,bytes)",,observed_ordering_target,True,0x022c0d9f,"swap(uint256,uint256,address,bytes)",1,
cisbl7-17a1d06c6e481d200cc39a02,CISBL7,sandwich,0x7458bfdc30034eb860b265e6068121d18fa5aa72,FiatTokenV2_1,True,shared_attack_victim_trace;victim_trace,False,candidate_exploited_component,trace_derived,False,17,"allowance(address,address);approve(address,uint256);balanceOf(address);decimals();transfer(address,uint256);transferFrom(address,address,uint256)",,observed_shared_component,False,,,1,
cisbl7-17a1d06c6e481d200cc39a02,CISBL7,sandwich,0xa6a21fce6220f9c4c4e4f5e5e2653bfe73470c76,UniswapV2Pair,True,shared_attack_victim_trace;trading_pair;victim_trace,False,candidate_ordering_sensitive_market,trace_derived,False,4,"getReserves();swap(uint256,uint256,address,bytes)",,observed_ordering_target,True,0x022c0d9f,"swap(uint256,uint256,address,bytes)",1,
cisbl7-17a1d06c6e481d200cc39a02,CISBL7,sandwich,0xc02aaa39b223fe8d0a0e5c4f27ead9083c756cc2,WETH9,True,shared_attack_victim_trace;victim_trace,False,candidate_exploited_component,trace_derived,False,29,"balanceOf(address);transfer(address,uint256);transferFrom(address,address,uint256);withdraw(uint256)",,observed_shared_component,False,,,1,
cisbl7-17a1d06c6e481d200cc39a02,CISBL7,sandwich,0xcbb7c0000ab88b473b1f5afd9ef808440eed33bf,FiatTokenProxy,True,shared_attack_victim_trace;victim_trace,False,candidate_exploited_component,trace_derived,False,17,,,observed_shared_component,False,,,1,
cisbl7-188fbed2f0d01a3ba5a2468b,CISBL7,sandwich,0x416f359564e32bfe9b755f7d829bd89db15fab40,UniswapV2Pair,True,shared_attack_victim_trace;trading_pair;victim_trace,False,candidate_ordering_sensitive_market,trace_derived,False,4,"getReserves();swap(uint256,uint256,address,bytes)",,observed_ordering_target,True,0x022c0d9f,"swap(uint256,uint256,address,bytes)",2,
cisbl7-188fbed2f0d01a3ba5a2468b,CISBL7,sandwich,0x699ec925118567b6475fe495327ba0a778234aaa,DUCKY,True,shared_attack_victim_trace;victim_trace,False,candidate_exploited_component,trace_derived,False,12,"balanceOf(address);transfer(address,uint256)",,observed_shared_component,False,,,2,
cisbl7-188fbed2f0d01a3ba5a2468b,CISBL7,sandwich,0x93f6a87eb364bf59b95a1f523a2c23e33c0eebda,UniswapV2Pair,True,shared_attack_victim_trace;trading_pair;victim_trace,False,candidate_ordering_sensitive_market,trace_derived,False,4,"getReserves();swap(uint256,uint256,address,bytes)",,observed_ordering_target,True,0x022c0d9f,"swap(uint256,uint256,address,bytes)",2,
cisbl7-188fbed2f0d01a3ba5a2468b,CISBL7,sandwich,0xa3ee21c306a700e682abcdfe9baa6a08f3820419,GluwaCreditcoinVestingToken,True,shared_attack_victim_trace;victim_trace,False,candidate_exploited_component,trace_derived,False,10,"balanceOf(address);transfer(address,uint256)",,observed_shared_component,False,,,2,
cisbl7-188fbed2f0d01a3ba5a2468b,CISBL7,sandwich,0xc02aaa39b223fe8d0a0e5c4f27ead9083c756cc2,WETH9,True,shared_attack_victim_trace;victim_trace,False,candidate_exploited_component,trace_derived,False,30,"allowance(address,address);balanceOf(address);deposit();transfer(address,uint256);transferFrom(address,address,uint256);withdraw(uint256)",,observed_shared_component,False,,,2,
cisbl7-188fbed2f0d01a3ba5a2468b,CISBL7,sandwich,0xc7bbec68d12a0d1830360f8ec58fa599ba1b0e9b,UniswapV3Pool,True,shared_attack_victim_trace;trading_pair;victim_trace,False,candidate_ordering_sensitive_market,trace_derived,False,8,"fee();swap(address,bool,int256,uint160,bytes);token0();token1()",,observed_ordering_target,True,0x128acb08,"swap(address,bool,int256,uint160,bytes)",2,
cisbl7-188fbed2f0d01a3ba5a2468b,CISBL7,sandwich,0xdac17f958d2ee523a2206206994597c13d831ec7,TetherToken,True,shared_attack_victim_trace;victim_trace,False,candidate_exploited_component,trace_derived,False,14,"approve(address,uint256);balanceOf(address);transfer(address,uint256);transferFrom(address,address,uint256)",,observed_shared_component,False,,,2,
cisbl7-1ac8b46675ae542035c2b95e,CISBL7,sandwich,0x43506849d7c04f9138d1a2050bbf3a0c054402dd,FiatTokenV2_2,True,shared_attack_victim_trace;victim_trace,False,candidate_exploited_component,trace_derived,False,8,"balanceOf(address);transfer(address,uint256)",,observed_shared_component,False,,,2,
cisbl7-1ac8b46675ae542035c2b95e,CISBL7,sandwich,0x4de8c60541fdadd33404ccb2c8b83907ce617341,UniswapV2Pair,True,shared_attack_victim_trace;trading_pair;victim_trace,False,candidate_ordering_sensitive_market,trace_derived,False,4,"getReserves();swap(uint256,uint256,address,bytes)",,observed_ordering_target,True,0x022c0d9f,"swap(uint256,uint256,address,bytes)",2,
cisbl7-1ac8b46675ae542035c2b95e,CISBL7,sandwich,0x8193c8889086c2c47dfec8dd62a08f29c4897491,UniswapV3Pool,True,shared_attack_victim_trace;trading_pair;victim_trace,False,candidate_ordering_sensitive_market,trace_derived,False,3,"swap(address,bool,int256,uint160,bytes)",,observed_ordering_target,True,0x128acb08,"swap(address,bool,int256,uint160,bytes)",2,
cisbl7-1ac8b46675ae542035c2b95e,CISBL7,sandwich,0xa0b86991c6218b36c1d19d4a2e9eb0ce3606eb48,FiatTokenProxy,True,shared_attack_victim_trace;victim_trace,False,candidate_exploited_component,trace_derived,False,8,,,observed_shared_component,False,,,2,
cisbl7-1ac8b46675ae542035c2b95e,CISBL7,sandwich,0xc02aaa39b223fe8d0a0e5c4f27ead9083c756cc2,WETH9,True,shared_attack_victim_trace;victim_trace,False,candidate_exploited_component,trace_derived,False,23,"balanceOf(address);deposit();transfer(address,uint256);transferFrom(address,address,uint256);withdraw(uint256)",,observed_shared_component,False,,,2,
cisbl7-1ac8b46675ae542035c2b95e,CISBL7,sandwich,0xc575bd129848ce06a460a19466c30e1d0328f52c,REPLOY,True,shared_attack_victim_trace;victim_trace,False,candidate_exploited_component,trace_derived,False,7,"balanceOf(address);transfer(address,uint256);transferFrom(address,address,uint256)",,observed_shared_component,False,,,2,
cisbl7-1ac8b46675ae542035c2b95e,CISBL7,sandwich,0xc7bbec68d12a0d1830360f8ec58fa599ba1b0e9b,UniswapV3Pool,True,shared_attack_victim_trace;trading_pair;victim_trace,False,candidate_ordering_sensitive_market,trace_derived,False,3,"swap(address,bool,int256,uint160,bytes)",,observed_ordering_target,True,0x128acb08,"swap(address,bool,int256,uint160,bytes)",2,
cisbl7-1ac8b46675ae542035c2b95e,CISBL7,sandwich,0xdac17f958d2ee523a2206206994597c13d831ec7,TetherToken,True,shared_attack_victim_trace;victim_trace,False,candidate_exploited_component,trace_derived,False,12,"balanceOf(address);transfer(address,uint256)",,observed_shared_component,False,,,2,
cisbl7-1ac8b46675ae542035c2b95e,CISBL7,sandwich,0xdb99b0477574ac0b2d9c8cec56b42277da3fdb82,DECToken,True,shared_attack_victim_trace;victim_trace,False,candidate_exploited_component,trace_derived,False,7,"balanceOf(address);transfer(address,uint256)",,observed_shared_component,False,,,2,
cisbl7-1b9cb029a3974a4c6f23a733,CISBL7,sandwich,0xc02aaa39b223fe8d0a0e5c4f27ead9083c756cc2,WETH9,True,shared_attack_victim_trace;victim_trace,False,candidate_exploited_component,trace_derived,False,19,"approve(address,uint256);balanceOf(address);transfer(address,uint256);transferFrom(address,address,uint256);withdraw(uint256)",,observed_shared_component,False,,,2,
cisbl7-1b9cb029a3974a4c6f23a733,CISBL7,sandwich,0xc7bbec68d12a0d1830360f8ec58fa599ba1b0e9b,UniswapV3Pool,True,shared_attack_victim_trace;trading_pair;victim_trace,False,candidate_ordering_sensitive_market,trace_derived,False,8,"fee();swap(address,bool,int256,uint160,bytes);token0();token1()",,observed_ordering_target,True,0x128acb08,"swap(address,bool,int256,uint160,bytes)",2,
cisbl7-1b9cb029a3974a4c6f23a733,CISBL7,sandwich,0xdac17f958d2ee523a2206206994597c13d831ec7,TetherToken,True,shared_attack_victim_trace;victim_trace,False,candidate_exploited_component,trace_derived,False,14,"balanceOf(address);transfer(address,uint256);transferFrom(address,address,uint256)",,observed_shared_component,False,,,2,
cisbl7-2006f2ffc468a4ed5a88f2e3,CISBL7,sandwich,0x0000000047c33cf8b5531d6b38d762763e47cf65,,False,shared_attack_victim_trace;victim_trace,False,candidate_exploited_component,trace_derived,False,5,,,observed_shared_component,False,,,2,
cisbl7-2006f2ffc468a4ed5a88f2e3,CISBL7,sandwich,0x00000000ecbb8edc9c6871c36df6ff577a248d4a,BT404OG,True,shared_attack_victim_trace;victim_trace,False,candidate_exploited_component,trace_derived,False,5,"balanceOf(address);transfer(address,uint256)",,observed_shared_component,False,,,2,
cisbl7-2006f2ffc468a4ed5a88f2e3,CISBL7,sandwich,0x9ec9620e1fda9c1e57c46782bc3232903cacb59b,UniswapV2Pair,True,shared_attack_victim_trace;trading_pair;victim_trace,False,candidate_ordering_sensitive_market,trace_derived,False,4,"getReserves();swap(uint256,uint256,address,bytes)",,observed_ordering_target,True,0x022c0d9f,"swap(uint256,uint256,address,bytes)",2,
cisbl7-2006f2ffc468a4ed5a88f2e3,CISBL7,sandwich,0x9f37832fd555bfcce14d6a4555e5d0880e5ecd8e,UniswapV3Pool,True,shared_attack_victim_trace;trading_pair;victim_trace,False,candidate_ordering_sensitive_market,trace_derived,False,3,"swap(address,bool,int256,uint160,bytes)",,observed_ordering_target,True,0x128acb08,"swap(address,bool,int256,uint160,bytes)",2,
cisbl7-2006f2ffc468a4ed5a88f2e3,CISBL7,sandwich,0xaa95f26e30001251fb905d264aa7b00ee9df6c18,Kendu,True,shared_attack_victim_trace;victim_trace,False,candidate_exploited_component,trace_derived,False,10,"balanceOf(address);transfer(address,uint256)",,observed_shared_component,False,,,2,
cisbl7-2006f2ffc468a4ed5a88f2e3,CISBL7,sandwich,0xc02aaa39b223fe8d0a0e5c4f27ead9083c756cc2,WETH9,True,shared_attack_victim_trace;victim_trace,False,candidate_exploited_component,trace_derived,False,25,"balanceOf(address);deposit();transfer(address,uint256);transferFrom(address,address,uint256);withdraw(uint256)",,observed_shared_component,False,,,2,
cisbl7-2006f2ffc468a4ed5a88f2e3,CISBL7,sandwich,0xd9f2a7471d1998c69de5cae6df5d3f070f01df9f,UniswapV2Pair,True,shared_attack_victim_trace;trading_pair;victim_trace,False,candidate_ordering_sensitive_market,trace_derived,False,4,"getReserves();swap(uint256,uint256,address,bytes)",,observed_ordering_target,True,0x022c0d9f,"swap(uint256,uint256,address,bytes)",2,
cisbl7-2006f2ffc468a4ed5a88f2e3,CISBL7,sandwich,0xf107edabf59ba696e38de62ad5327415bd4d4236,Token,True,shared_attack_victim_trace;victim_trace,False,candidate_exploited_component,trace_derived,False,14,"allowance(address,address);approve(address,uint256);balanceOf(address);transfer(address,uint256);transferFrom(address,address,uint256)",,observed_shared_component,False,,,2,
cisbl7-24d1315f3452e7f4aace2258,CISBL7,sandwich,0x2541a36be4cd39286ed61a3e6afc2307602489d6,Token,True,shared_attack_victim_trace;victim_trace,False,candidate_exploited_component,trace_derived,False,10,"balanceOf(address);transfer(address,uint256)",,observed_shared_component,False,,,1,
cisbl7-24d1315f3452e7f4aace2258,CISBL7,sandwich,0x43506849d7c04f9138d1a2050bbf3a0c054402dd,FiatTokenV2_2,True,shared_attack_victim_trace;victim_trace,False,candidate_exploited_component,trace_derived,False,17,"balanceOf(address);transfer(address,uint256);transferFrom(address,address,uint256)",,observed_shared_component,False,,,1,
cisbl7-24d1315f3452e7f4aace2258,CISBL7,sandwich,0x4de8c60541fdadd33404ccb2c8b83907ce617341,UniswapV2Pair,True,shared_attack_victim_trace;trading_pair;victim_trace,False,candidate_ordering_sensitive_market,trace_derived,False,6,"getReserves();swap(uint256,uint256,address,bytes)",,observed_ordering_target,True,0x022c0d9f,"swap(uint256,uint256,address,bytes)",1,
cisbl7-24d1315f3452e7f4aace2258,CISBL7,sandwich,0xa0b86991c6218b36c1d19d4a2e9eb0ce3606eb48,FiatTokenProxy,True,shared_attack_victim_trace;victim_trace,False,candidate_exploited_component,trace_derived,False,17,,,observed_shared_component,False,,,1,
cisbl7-24d1315f3452e7f4aace2258,CISBL7,sandwich,0xabab3b0db38f2303acbcab672905e41a18e396d8,APEMAN,True,shared_attack_victim_trace;victim_trace,False,candidate_exploited_component,trace_derived,False,14,"balanceOf(address);transfer(address,uint256)",,observed_shared_component,False,,,1,
cisbl7-24d1315f3452e7f4aace2258,CISBL7,sandwich,0xc02aaa39b223fe8d0a0e5c4f27ead9083c756cc2,WETH9,True,shared_attack_victim_trace;victim_trace,False,candidate_exploited_component,trace_derived,False,49,"balanceOf(address);deposit();transfer(address,uint256);transferFrom(address,address,uint256);withdraw(uint256)",,observed_shared_component,False,,,1,
cisbl7-24d1315f3452e7f4aace2258,CISBL7,sandwich,0xc575bd129848ce06a460a19466c30e1d0328f52c,REPLOY,True,shared_attack_victim_trace;victim_trace,False,candidate_exploited_component,trace_derived,False,15,"balanceOf(address);transfer(address,uint256)",,observed_shared_component,False,,,1,
cisbl7-24d1315f3452e7f4aace2258,CISBL7,sandwich,0xd7f70a72e1693804a42afd9d73c77b2f1f8f8f6d,UniswapV3Pool,True,shared_attack_victim_trace;trading_pair;victim_trace,False,candidate_ordering_sensitive_market,trace_derived,False,3,"swap(address,bool,int256,uint160,bytes)",,observed_ordering_target,True,0x128acb08,"swap(address,bool,int256,uint160,bytes)",1,
cisbl7-24d1315f3452e7f4aace2258,CISBL7,sandwich,0xe0554a476a092703abdb3ef35c80e0d76d32939f,UniswapV3Pool,True,shared_attack_victim_trace;trading_pair;victim_trace,False,candidate_ordering_sensitive_market,trace_derived,False,4,"swap(address,bool,int256,uint160,bytes)",,observed_ordering_target,True,0x128acb08,"swap(address,bool,int256,uint160,bytes)",1,
cisbl7-24d1315f3452e7f4aace2258,CISBL7,sandwich,0xfd22f188ab5ae8b19b3b90e064d5843cc38f9e59,UniswapV2Pair,True,shared_attack_victim_trace;trading_pair;victim_trace,False,candidate_ordering_sensitive_market,trace_derived,False,6,"getReserves();swap(uint256,uint256,address,bytes)",,observed_ordering_target,True,0x022c0d9f,"swap(uint256,uint256,address,bytes)",1,
cisbl7-25548c2665a02c11c3fc5185,CISBL7,sandwich,0x0000000000c5dc95539589fbd24be07c6c14eca4,Cult,True,shared_attack_victim_trace;victim_trace,False,candidate_exploited_component,trace_derived,False,49,"balanceOf(address);transfer(address,uint256)",,observed_shared_component,False,,,2,
cisbl7-25548c2665a02c11c3fc5185,CISBL7,sandwich,0x614a48c41be6ba6762b63a92cc33cfb5e8149332,Dusty,True,shared_attack_victim_trace;victim_trace,False,candidate_exploited_component,trace_derived,False,9,"balanceOf(address);transfer(address,uint256)",,observed_shared_component,False,,,2,
cisbl7-25548c2665a02c11c3fc5185,CISBL7,sandwich,0xa6a21fce6220f9c4c4e4f5e5e2653bfe73470c76,UniswapV2Pair,True,shared_attack_victim_trace;trading_pair;victim_trace,False,candidate_ordering_sensitive_market,trace_derived,False,5,"getReserves();swap(uint256,uint256,address,bytes)",,observed_ordering_target,True,0x022c0d9f,"swap(uint256,uint256,address,bytes)",2,
cisbl7-25548c2665a02c11c3fc5185,CISBL7,sandwich,0xc02aaa39b223fe8d0a0e5c4f27ead9083c756cc2,WETH9,True,shared_attack_victim_trace;victim_trace,False,candidate_exploited_component,trace_derived,False,58,"balanceOf(address);deposit();transfer(address,uint256);transferFrom(address,address,uint256);withdraw(uint256)",,observed_shared_component,False,,,2,
cisbl7-25548c2665a02c11c3fc5185,CISBL7,sandwich,0xc4ce8e63921b8b6cbdb8fcb6bd64cc701fb926f2,UniswapV3Pool,True,shared_attack_victim_trace;trading_pair;victim_trace,False,candidate_ordering_sensitive_market,trace_derived,False,14,"burn(int24,int24,uint128);collect(address,int24,int24,uint128,uint128);mint(address,int24,int24,uint128,bytes);swap(address,bool,int256,uint160,bytes)",,observed_ordering_target,True,0x128acb08,"swap(address,bool,int256,uint160,bytes)",2,
cisbl7-260387587350ff0e555eeac9,CISBL7,sandwich,0x28561b8a2360f463011c16b6cc0b0cbef8dbbcad,token,True,shared_attack_victim_trace;victim_trace,False,candidate_exploited_component,trace_derived,False,13,"balanceOf(address);transfer(address,uint256);transferFrom(address,address,uint256)",,observed_shared_component,False,,,2,
cisbl7-260387587350ff0e555eeac9,CISBL7,sandwich,0x349ee001d80f896f24571616932f54cbd66b18c9,UniswapV3Pool,True,shared_attack_victim_trace;trading_pair;victim_trace,False,candidate_ordering_sensitive_market,trace_derived,False,10,"swap(address,bool,int256,uint160,bytes);token1()",,observed_ordering_target,True,0x128acb08,"swap(address,bool,int256,uint160,bytes)",2,
cisbl7-260387587350ff0e555eeac9,CISBL7,sandwich,0x470dc172d6502ac930b59322ece5345dd456a03d,UniswapV2Pair,True,shared_attack_victim_trace;trading_pair;victim_trace,False,candidate_ordering_sensitive_market,trace_derived,False,7,"getReserves();swap(uint256,uint256,address,bytes);token0()",,observed_ordering_target,True,0x022c0d9f,"swap(uint256,uint256,address,bytes)",2,
cisbl7-260387587350ff0e555eeac9,CISBL7,sandwich,0x67324985b5014b36b960273353deb3d96f2f18c2,UniswapV2Pair,True,shared_attack_victim_trace;trading_pair;victim_trace,False,candidate_ordering_sensitive_market,trace_derived,False,4,"getReserves();swap(uint256,uint256,address,bytes)",,observed_ordering_target,True,0x022c0d9f,"swap(uint256,uint256,address,bytes)",2,
cisbl7-260387587350ff0e555eeac9,CISBL7,sandwich,0x67466be17df832165f8c80a5a120ccc652bd7e69,Landwolf,True,shared_attack_victim_trace;victim_trace,False,candidate_exploited_component,trace_derived,False,10,"balanceOf(address);transfer(address,uint256);transferFrom(address,address,uint256)",,observed_shared_component,False,,,2,
cisbl7-260387587350ff0e555eeac9,CISBL7,sandwich,0xba3335588d9403515223f109edc4eb7269a9ab5d,GearToken,True,shared_attack_victim_trace;victim_trace,False,candidate_exploited_component,trace_derived,False,17,"approve(address,uint256);balanceOf(address);transfer(address,uint256);transferFrom(address,address,uint256)",,observed_shared_component,False,,,2,
cisbl7-260387587350ff0e555eeac9,CISBL7,sandwich,0xc02aaa39b223fe8d0a0e5c4f27ead9083c756cc2,WETH9,True,shared_attack_victim_trace;victim_trace,False,candidate_exploited_component,trace_derived,False,57,"approve(address,uint256);balanceOf(address);deposit();transfer(address,uint256);transferFrom(address,address,uint256);withdraw(uint256)",,observed_shared_component,False,,,2,
cisbl7-260387587350ff0e555eeac9,CISBL7,sandwich,0xdac17f958d2ee523a2206206994597c13d831ec7,TetherToken,True,shared_attack_victim_trace;victim_trace,False,candidate_exploited_component,trace_derived,False,27,"balanceOf(address);transfer(address,uint256)",,observed_shared_component,False,,,2,
cisbl7-2e1dc6d265de65a8d87458b3,CISBL7,sandwich,0x17ff5ca239ab6e2a6c6411ae5f25416d02d21cbc,UniswapV3Pool,True,shared_attack_victim_trace;trading_pair;victim_trace,False,candidate_ordering_sensitive_market,trace_derived,False,3,"swap(address,bool,int256,uint160,bytes)",,observed_ordering_target,True,0x128acb08,"swap(address,bool,int256,uint160,bytes)",2,
cisbl7-2e1dc6d265de65a8d87458b3,CISBL7,sandwich,0x1ee9c46c745f06e9e4bf9630ab138fe3fbf12f6d,UniswapV3Pool,True,shared_attack_victim_trace;victim_trace,False,candidate_exploited_component,trace_derived,False,2,"swap(address,bool,int256,uint160,bytes)",,observed_shared_component,False,,,1,
cisbl7-2e1dc6d265de65a8d87458b3,CISBL7,sandwich,0x362bc847a3a9637d3af6624eec853618a43ed7d2,ParsiqToken,True,shared_attack_victim_trace;victim_trace,False,candidate_exploited_component,trace_derived,False,17,"balanceOf(address);transfer(address,uint256)",,observed_shared_component,False,,,2,
cisbl7-2e1dc6d265de65a8d87458b3,CISBL7,sandwich,0x421b05cf5ce28cb7347e73e2278e84472f0e4a88,SENTIO,True,shared_attack_victim_trace;victim_trace,False,candidate_exploited_component,trace_derived,False,11,"balanceOf(address);transfer(address,uint256);transferFrom(address,address,uint256)",,observed_shared_component,False,,,2,
cisbl7-2e1dc6d265de65a8d87458b3,CISBL7,sandwich,0x43506849d7c04f9138d1a2050bbf3a0c054402dd,FiatTokenV2_2,True,shared_attack_victim_trace;victim_trace,False,candidate_exploited_component,trace_derived,False,8,"balanceOf(address);transfer(address,uint256)",,observed_shared_component,False,,,2,
cisbl7-2e1dc6d265de65a8d87458b3,CISBL7,sandwich,0x468795e031c173942c9387aed0a302e26bdd0460,UniswapV2Pair,True,shared_attack_victim_trace;trading_pair;victim_trace,False,candidate_ordering_sensitive_market,trace_derived,False,5,"getReserves();swap(uint256,uint256,address,bytes)",,observed_ordering_target,True,0x022c0d9f,"swap(uint256,uint256,address,bytes)",2,
cisbl7-2e1dc6d265de65a8d87458b3,CISBL7,sandwich,0x521683a0964829a3daa6fff61c77138ecb63a08c,UniswapV2Pair,True,shared_attack_victim_trace;trading_pair;victim_trace,False,candidate_ordering_sensitive_market,trace_derived,False,4,"getReserves();swap(uint256,uint256,address,bytes)",,observed_ordering_target,True,0x022c0d9f,"swap(uint256,uint256,address,bytes)",2,
cisbl7-2e1dc6d265de65a8d87458b3,CISBL7,sandwich,0x69ca9e4217c153f952277c5c71a27d2c9113ea9d,PICKLE,True,shared_attack_victim_trace;victim_trace,False,candidate_exploited_component,trace_derived,False,12,"balanceOf(address);transfer(address,uint256)",,observed_shared_component,False,,,2,
cisbl7-2e1dc6d265de65a8d87458b3,CISBL7,sandwich,0xa0b86991c6218b36c1d19d4a2e9eb0ce3606eb48,FiatTokenProxy,True,shared_attack_victim_trace;victim_trace,False,candidate_exploited_component,trace_derived,False,8,,,observed_shared_component,False,,,2,
cisbl7-2e1dc6d265de65a8d87458b3,CISBL7,sandwich,0xc02aaa39b223fe8d0a0e5c4f27ead9083c756cc2,WETH9,True,shared_attack_victim_trace;victim_trace,False,candidate_exploited_component,trace_derived,False,42,"allowance(address,address);approve(address,uint256);balanceOf(address);deposit();transfer(address,uint256);transferFrom(address,address,uint256);withdraw(uint256)",,observed_shared_component,False,,,2,
cisbl7-2ecc9460160ed4ccbc06f086,CISBL7,sandwich,0x05a9cbe762b36632b3594da4f082340e0e5343e8,TokenState,True,shared_attack_victim_trace;victim_trace,False,candidate_exploited_component,trace_derived,False,20,"balanceOf(address);setBalanceOf(address,uint256)",,observed_shared_component,False,,,2,
cisbl7-2ecc9460160ed4ccbc06f086,CISBL7,sandwich,0x0a6fc72967d2b559507d2e03c631ccafb8bcb872,UniswapV3Pool,True,shared_attack_victim_trace;trading_pair;victim_trace,False,candidate_ordering_sensitive_market,trace_derived,False,3,"swap(address,bool,int256,uint160,bytes)",,observed_ordering_target,True,0x128acb08,"swap(address,bool,int256,uint160,bytes)",2,
cisbl7-2ecc9460160ed4ccbc06f086,CISBL7,sandwich,0x10a5f7d9d65bcc2734763444d4940a31b109275f,MultiCollateralSynth,True,shared_attack_victim_trace;victim_trace,False,candidate_exploited_component,trace_derived,False,11,"balanceOf(address);setMessageSender(address);transfer(address,uint256)",,observed_shared_component,False,,,2,
cisbl7-2ecc9460160ed4ccbc06f086,CISBL7,sandwich,0x23e182724f1b00a3c5a2c76502096625b5fe87cd,UniswapV3Pool,True,shared_attack_victim_trace;trading_pair;victim_trace,False,candidate_ordering_sensitive_market,trace_derived,False,3,"swap(address,bool,int256,uint160,bytes)",,observed_ordering_target,True,0x128acb08,"swap(address,bool,int256,uint160,bytes)",2,
cisbl7-2ecc9460160ed4ccbc06f086,CISBL7,sandwich,0x2a92525fda8d3ab481f8e2a913b64b64bd1c9fdd,ERC20FixedSupply,True,shared_attack_victim_trace;victim_trace,False,candidate_exploited_component,trace_derived,False,7,"balanceOf(address);transfer(address,uint256)",,observed_shared_component,False,,,2,
cisbl7-2ecc9460160ed4ccbc06f086,CISBL7,sandwich,0x43506849d7c04f9138d1a2050bbf3a0c054402dd,FiatTokenV2_2,True,shared_attack_victim_trace;victim_trace,False,candidate_exploited_component,trace_derived,False,8,"balanceOf(address);transfer(address,uint256)",,observed_shared_component,False,,,2,
cisbl7-2ecc9460160ed4ccbc06f086,CISBL7,sandwich,0x545973f28950f50fc6c7f52aab4ad214a27c0564,ExchangeState,True,shared_attack_victim_trace;victim_trace,False,candidate_exploited_component,trace_derived,False,6,"getLengthOfEntries(address,bytes32);getMaxTimestamp(address,bytes32)",,observed_shared_component,False,,,2,
cisbl7-2ecc9460160ed4ccbc06f086,CISBL7,sandwich,0x57ab1ec28d129707052df4df418d58a2d46d5f51,ProxyERC20,True,shared_attack_victim_trace;victim_trace,False,candidate_exploited_component,trace_derived,False,11,"_emit(bytes,uint256,bytes32,bytes32,bytes32,bytes32);balanceOf(address);transfer(address,uint256)",,observed_shared_component,False,,,2,
cisbl7-2ecc9460160ed4ccbc06f086,CISBL7,sandwich,0x696c905f8f8c006ca46e9808fe7e00049507798f,SystemStatus,True,shared_attack_victim_trace;victim_trace,False,candidate_exploited_component,trace_derived,False,3,requireSynthActive(bytes32),,observed_shared_component,False,,,2,
cisbl7-2ecc9460160ed4ccbc06f086,CISBL7,sandwich,0xa0b86991c6218b36c1d19d4a2e9eb0ce3606eb48,FiatTokenProxy,True,shared_attack_victim_trace;victim_trace,False,candidate_exploited_component,trace_derived,False,8,,,observed_shared_component,False,,,2,
cisbl7-2ecc9460160ed4ccbc06f086,CISBL7,sandwich,0xaa5a3d7f04e15b22eb3664b56310aa18a3527ec7,ExchangeSettlementLib,True,shared_attack_victim_trace;victim_trace,False,candidate_exploited_component,trace_derived,False,3,,,observed_shared_component,False,,,2,
cisbl7-2ecc9460160ed4ccbc06f086,CISBL7,sandwich,0xaea0065e146fd75dc24465961a583827284d405a,ExchangerWithFeeRecAlternatives,True,shared_attack_victim_trace;victim_trace,False,candidate_exploited_component,trace_derived,False,6,"maxSecsLeftInWaitingPeriod(address,bytes32);settlementOwing(address,bytes32)",,observed_shared_component,False,,,2,
cisbl7-2ecc9460160ed4ccbc06f086,CISBL7,sandwich,0xc02aaa39b223fe8d0a0e5c4f27ead9083c756cc2,WETH9,True,shared_attack_victim_trace;victim_trace,False,candidate_exploited_component,trace_derived,False,24,"balanceOf(address);deposit();transfer(address,uint256);transferFrom(address,address,uint256)",,observed_shared_component,False,,,2,
cisbl7-2ecc9460160ed4ccbc06f086,CISBL7,sandwich,0xc757acba3c0506218b3022266a9dc7f3612d85f5,FlexibleStorage,True,shared_attack_victim_trace;victim_trace,False,candidate_exploited_component,trace_derived,False,6,"getUIntValue(bytes32,bytes32)",,observed_shared_component,False,,,2,
cisbl7-2ecc9460160ed4ccbc06f086,CISBL7,sandwich,0xd9016a907dc0ecfa3ca425ab20b6b785b42f2373,GAMEE,True,shared_attack_victim_trace;victim_trace,False,candidate_exploited_component,trace_derived,False,9,"balanceOf(address);transfer(address,uint256)",,observed_shared_component,False,,,2,
cisbl7-2ecc9460160ed4ccbc06f086,CISBL7,sandwich,0xf80758ab42c3b07da84053fd88804bcb6baa4b5c,JamUniswapV2Pair,True,shared_attack_victim_trace;trading_pair;victim_trace,False,candidate_ordering_sensitive_market,trace_derived,False,4,"getReserves();swap(uint256,uint256,address,bytes)",,observed_ordering_target,True,0x022c0d9f,"swap(uint256,uint256,address,bytes)",2,
cisbl7-30ffa59c1950356250a9ef4e,CISBL7,sandwich,0x2a3bff78b79a009976eea096a51a948a3dc00e34,AdminUpgradeabilityProxy,True,shared_attack_victim_trace;victim_trace,False,candidate_exploited_component,trace_derived,False,6,,,observed_shared_component,False,,,0,
cisbl7-30ffa59c1950356250a9ef4e,CISBL7,sandwich,0x43506849d7c04f9138d1a2050bbf3a0c054402dd,FiatTokenV2_2,True,shared_attack_victim_trace;victim_trace,False,candidate_exploited_component,trace_derived,False,17,"allowance(address,address);approve(address,uint256);balanceOf(address);transfer(address,uint256);transferFrom(address,address,uint256)",,observed_shared_component,False,,,2,
cisbl7-30ffa59c1950356250a9ef4e,CISBL7,sandwich,0x66a1e37c9b0eaddca17d3662d6c05f4decf3e110,TransparentUpgradeableProxy,True,shared_attack_victim_trace;victim_trace,False,candidate_exploited_component,trace_derived,False,14,,,observed_shared_component,False,,,2,
cisbl7-30ffa59c1950356250a9ef4e,CISBL7,sandwich,0x67aac030b59d266e754b0b24af9cc77ec2534a37,ZeroDAOToken,True,shared_attack_victim_trace;victim_trace,False,candidate_exploited_component,trace_derived,False,6,"balanceOf(address);transfer(address,uint256);transferFrom(address,address,uint256)",,observed_shared_component,False,,,0,
cisbl7-30ffa59c1950356250a9ef4e,CISBL7,sandwich,0x750874e6fb8dca30ce41d445e4baf8c76971f912,UniswapV2Pair,True,shared_attack_victim_trace;trading_pair;victim_trace,False,candidate_ordering_sensitive_market,trace_derived,False,4,"getReserves();swap(uint256,uint256,address,bytes)",,observed_ordering_target,True,0x022c0d9f,"swap(uint256,uint256,address,bytes)",2,
cisbl7-30ffa59c1950356250a9ef4e,CISBL7,sandwich,0x8baf5d75cae25c7df6d1e0d26c52d19ee848301a,Contract,True,shared_attack_victim_trace;victim_trace,False,candidate_exploited_component,trace_derived,False,10,"balanceOf(address);transfer(address,uint256)",,observed_shared_component,False,,,2,
cisbl7-30ffa59c1950356250a9ef4e,CISBL7,sandwich,0x8bb9cd887dd51c5aa8d7da9e244c94bec035e47c,UniswapV3Pool,True,shared_attack_victim_trace;trading_pair;victim_trace,False,candidate_ordering_sensitive_market,trace_derived,False,6,"fee();swap(address,bool,int256,uint160,bytes);token0();token1()",,observed_ordering_target,True,0x128acb08,"swap(address,bool,int256,uint160,bytes)",2,
cisbl7-30ffa59c1950356250a9ef4e,CISBL7,sandwich,0xa0b86991c6218b36c1d19d4a2e9eb0ce3606eb48,FiatTokenProxy,True,shared_attack_victim_trace;victim_trace,False,candidate_exploited_component,trace_derived,False,17,,,observed_shared_component,False,,,2,
cisbl7-30ffa59c1950356250a9ef4e,CISBL7,sandwich,0xc02aaa39b223fe8d0a0e5c4f27ead9083c756cc2,WETH9,True,shared_attack_victim_trace;victim_trace,False,candidate_exploited_component,trace_derived,False,18,"balanceOf(address);transfer(address,uint256);transferFrom(address,address,uint256)",,observed_shared_component,False,,,2,
cisbl7-30ffa59c1950356250a9ef4e,CISBL7,sandwich,0xcaa004418eb42cdf00cb057b7c9e28f0ffd840a5,JamUniswapV2Pair,True,shared_attack_victim_trace;trading_pair;victim_trace,False,candidate_ordering_sensitive_market,trace_derived,False,4,"getReserves();swap(uint256,uint256,address,bytes)",,observed_ordering_target,True,0x022c0d9f,"swap(uint256,uint256,address,bytes)",0,
cisbl7-30ffa59c1950356250a9ef4e,CISBL7,sandwich,0xef4c4bcbe105170810b6ef58a286d9ce97a1fabe,SimpleToken,True,shared_attack_victim_trace;victim_trace,False,candidate_exploited_component,trace_derived,False,14,"balanceOf(address);transfer(address,uint256)",,observed_shared_component,False,,,2,
cisbl7-33ae60fc0c1df4419d4b8de3,CISBL7,sandwich,0x1121acc14c63f3c872bfca497d10926a6098aac5,Contract,True,shared_attack_victim_trace;victim_trace,False,candidate_exploited_component,trace_derived,False,13,"balanceOf(address);transfer(address,uint256)",,observed_shared_component,False,,,0,
cisbl7-33ae60fc0c1df4419d4b8de3,CISBL7,sandwich,0x11b815efb8f581194ae79006d24e0d814b7697f6,UniswapV3Pool,True,shared_attack_victim_trace;trading_pair;victim_trace,False,candidate_ordering_sensitive_market,trace_derived,False,8,"burn(int24,int24,uint128);collect(address,int24,int24,uint128,uint128);mint(address,int24,int24,uint128,bytes);swap(address,bool,int256,uint160,bytes);token0()",,observed_ordering_target,True,0x128acb08,"swap(address,bool,int256,uint160,bytes)",2,
cisbl7-33ae60fc0c1df4419d4b8de3,CISBL7,sandwich,0x308c6fbd6a14881af333649f17f2fde9cd75e2a6,UniswapV2Pair,True,shared_attack_victim_trace;trading_pair;victim_trace,False,candidate_ordering_sensitive_market,trace_derived,False,4,"getReserves();swap(uint256,uint256,address,bytes)",,observed_ordering_target,True,0x022c0d9f,"swap(uint256,uint256,address,bytes)",0,
cisbl7-33ae60fc0c1df4419d4b8de3,CISBL7,sandwich,0xc02aaa39b223fe8d0a0e5c4f27ead9083c756cc2,WETH9,True,shared_attack_victim_trace;victim_trace,False,candidate_exploited_component,trace_derived,False,45,"allowance(address,address);approve(address,uint256);balanceOf(address);decimals();deposit();transfer(address,uint256);transferFrom(address,address,uint256)",,observed_shared_component,False,,,2,
cisbl7-33ae60fc0c1df4419d4b8de3,CISBL7,sandwich,0xdac17f958d2ee523a2206206994597c13d831ec7,TetherToken,True,shared_attack_victim_trace;victim_trace,False,candidate_exploited_component,trace_derived,False,18,"allowance(address,address);approve(address,uint256);balanceOf(address);decimals();transfer(address,uint256);transferFrom(address,address,uint256)",,observed_shared_component,False,,,2,
cisbl7-343f9fd4adf5e694c495ba1b,CISBL7,sandwich,0x3ffeea07a27fab7ad1df5297fa75e77a43cb5790,Token,True,shared_attack_victim_trace;victim_trace,False,candidate_exploited_component,trace_derived,False,10,"balanceOf(address);transfer(address,uint256);transferFrom(address,address,uint256)",,observed_shared_component,False,,,2,
cisbl7-343f9fd4adf5e694c495ba1b,CISBL7,sandwich,0xb15ea9b9140e3f26e543ca302a447ce6e0f0f858,UniswapV3Pool,True,shared_attack_victim_trace;trading_pair;victim_trace,False,candidate_ordering_sensitive_market,trace_derived,False,9,"burn(int24,int24,uint128);collect(address,int24,int24,uint128,uint128);fee();mint(address,int24,int24,uint128,bytes);swap(address,bool,int256,uint160,bytes);token0();token1()",,observed_ordering_target,True,0x128acb08,"swap(address,bool,int256,uint160,bytes)",0,
cisbl7-343f9fd4adf5e694c495ba1b,CISBL7,sandwich,0xb712d62fe84258292d1961b5150a19bc4ab49026,XCHNGToken,True,shared_attack_victim_trace;victim_trace,False,candidate_exploited_component,trace_derived,False,12,"balanceOf(address);transfer(address,uint256)",,observed_shared_component,False,,,0,
cisbl7-343f9fd4adf5e694c495ba1b,CISBL7,sandwich,0xbf16540c857b4e32ce6c37d2f7725c8eec869b8b,UniswapV2Pair,True,shared_attack_victim_trace;trading_pair;victim_trace,False,candidate_ordering_sensitive_market,trace_derived,False,4,"getReserves();swap(uint256,uint256,address,bytes)",,observed_ordering_target,True,0x022c0d9f,"swap(uint256,uint256,address,bytes)",2,
cisbl7-343f9fd4adf5e694c495ba1b,CISBL7,sandwich,0xc02aaa39b223fe8d0a0e5c4f27ead9083c756cc2,WETH9,True,shared_attack_victim_trace;victim_trace,False,candidate_exploited_component,trace_derived,False,13,"balanceOf(address);transfer(address,uint256);transferFrom(address,address,uint256);withdraw(uint256)",,observed_shared_component,False,,,2,
cisbl7-343f9fd4adf5e694c495ba1b,CISBL7,sandwich,0xdac17f958d2ee523a2206206994597c13d831ec7,TetherToken,True,shared_attack_victim_trace;victim_trace,False,candidate_exploited_component,trace_derived,False,13,"allowance(address,address);balanceOf(address);transfer(address,uint256);transferFrom(address,address,uint256)",,observed_shared_component,False,,,0,
cisbl7-353b6340d24ee9c7cc70bb65,CISBL7,sandwich,0x43506849d7c04f9138d1a2050bbf3a0c054402dd,FiatTokenV2_2,True,shared_attack_victim_trace;victim_trace,False,candidate_exploited_component,trace_derived,False,132,"allowance(address,address);approve(address,uint256);balanceOf(address);transfer(address,uint256);transferFrom(address,address,uint256)",,observed_shared_component,False,,,0,
cisbl7-353b6340d24ee9c7cc70bb65,CISBL7,sandwich,0x7afc1054133c4c8086eedc533a5e4c2c52e73ae5,dogef,True,shared_attack_victim_trace;victim_trace,False,candidate_exploited_component,trace_derived,False,10,"balanceOf(address);transfer(address,uint256)",,observed_shared_component,False,,,0,
cisbl7-353b6340d24ee9c7cc70bb65,CISBL7,sandwich,0xa0b86991c6218b36c1d19d4a2e9eb0ce3606eb48,FiatTokenProxy,True,shared_attack_victim_trace;victim_trace,False,candidate_exploited_component,trace_derived,False,132,,,observed_shared_component,False,,,0,
cisbl7-353b6340d24ee9c7cc70bb65,CISBL7,sandwich,0xa5d1ee5c5380af8454d76bb5fd40d0b3c612762d,UniswapV2Pair,True,shared_attack_victim_trace;trading_pair;victim_trace,False,candidate_ordering_sensitive_market,trace_derived,False,4,"getReserves();swap(uint256,uint256,address,bytes)",,observed_ordering_target,True,0x022c0d9f,"swap(uint256,uint256,address,bytes)",0,
cisbl7-353b6340d24ee9c7cc70bb65,CISBL7,sandwich,0xc02aaa39b223fe8d0a0e5c4f27ead9083c756cc2,WETH9,True,shared_attack_victim_trace;victim_trace,False,candidate_exploited_component,trace_derived,False,55,"balanceOf(address);deposit();transfer(address,uint256);transferFrom(address,address,uint256)",,observed_shared_component,False,,,0,
cisbl7-353b6340d24ee9c7cc70bb65,CISBL7,sandwich,0xc7bbec68d12a0d1830360f8ec58fa599ba1b0e9b,UniswapV3Pool,True,shared_attack_victim_trace;trading_pair;victim_trace,False,candidate_ordering_sensitive_market,trace_derived,False,3,"swap(address,bool,int256,uint160,bytes)",,observed_ordering_target,True,0x128acb08,"swap(address,bool,int256,uint160,bytes)",0,
cisbl7-353b6340d24ee9c7cc70bb65,CISBL7,sandwich,0xdac17f958d2ee523a2206206994597c13d831ec7,TetherToken,True,shared_attack_victim_trace;victim_trace,False,candidate_exploited_component,trace_derived,False,9,"balanceOf(address);transfer(address,uint256)",,observed_shared_component,False,,,0,
cisbl7-353b6340d24ee9c7cc70bb65,CISBL7,sandwich,0xe0554a476a092703abdb3ef35c80e0d76d32939f,UniswapV3Pool,True,shared_attack_victim_trace;trading_pair;victim_trace,False,candidate_ordering_sensitive_market,trace_derived,False,3,"swap(address,bool,int256,uint160,bytes)",,observed_ordering_target,True,0x128acb08,"swap(address,bool,int256,uint160,bytes)",0,
cisbl7-35cea36e215936634b26371d,CISBL7,sandwich,0x43506849d7c04f9138d1a2050bbf3a0c054402dd,FiatTokenV2_2,True,shared_attack_victim_trace;victim_trace,False,candidate_exploited_component,trace_derived,False,8,"balanceOf(address);transfer(address,uint256)",,observed_shared_component,False,,,2,
cisbl7-35cea36e215936634b26371d,CISBL7,sandwich,0xa0b86991c6218b36c1d19d4a2e9eb0ce3606eb48,FiatTokenProxy,True,shared_attack_victim_trace;victim_trace,False,candidate_exploited_component,trace_derived,False,8,,,observed_shared_component,False,,,2,
cisbl7-35cea36e215936634b26371d,CISBL7,sandwich,0xc02aaa39b223fe8d0a0e5c4f27ead9083c756cc2,WETH9,True,shared_attack_victim_trace;victim_trace,False,candidate_exploited_component,trace_derived,False,27,"allowance(address,address);approve(address,uint256);balanceOf(address);deposit();transfer(address,uint256);transferFrom(address,address,uint256)",,observed_shared_component,False,,,2,
cisbl7-35cea36e215936634b26371d,CISBL7,sandwich,0xc7bbec68d12a0d1830360f8ec58fa599ba1b0e9b,UniswapV3Pool,True,shared_attack_victim_trace;trading_pair;victim_trace,False,candidate_ordering_sensitive_market,trace_derived,False,4,"swap(address,bool,int256,uint160,bytes);token1()",,observed_ordering_target,True,0x128acb08,"swap(address,bool,int256,uint160,bytes)",2,
cisbl7-35cea36e215936634b26371d,CISBL7,sandwich,0xdac17f958d2ee523a2206206994597c13d831ec7,TetherToken,True,shared_attack_victim_trace;victim_trace,False,candidate_exploited_component,trace_derived,False,12,"balanceOf(address);transfer(address,uint256)",,observed_shared_component,False,,,2,
cisbl7-35cea36e215936634b26371d,CISBL7,sandwich,0xe0554a476a092703abdb3ef35c80e0d76d32939f,UniswapV3Pool,True,shared_attack_victim_trace;trading_pair;victim_trace,False,candidate_ordering_sensitive_market,trace_derived,False,3,"swap(address,bool,int256,uint160,bytes)",,observed_ordering_target,True,0x128acb08,"swap(address,bool,int256,uint160,bytes)",2,
cisbl7-3e2ad35e5a314e5746b1c536,CISBL7,sandwich,0x43506849d7c04f9138d1a2050bbf3a0c054402dd,FiatTokenV2_2,True,shared_attack_victim_trace;victim_trace,False,candidate_exploited_component,trace_derived,False,8,"balanceOf(address);transfer(address,uint256)",,observed_shared_component,False,,,2,
cisbl7-3e2ad35e5a314e5746b1c536,CISBL7,sandwich,0x618679df9efcd19694bb1daa8d00718eacfa2883,XYZToken,True,shared_attack_victim_trace;victim_trace,False,candidate_exploited_component,trace_derived,False,7,"balanceOf(address);transfer(address,uint256)",,observed_shared_component,False,,,2,
cisbl7-3e2ad35e5a314e5746b1c536,CISBL7,sandwich,0xa0b86991c6218b36c1d19d4a2e9eb0ce3606eb48,FiatTokenProxy,True,shared_attack_victim_trace;victim_trace,False,candidate_exploited_component,trace_derived,False,8,,,observed_shared_component,False,,,2,
cisbl7-3e2ad35e5a314e5746b1c536,CISBL7,sandwich,0xbbbdb106a806173d1eea1640961533ff3114d69a,UniswapV2Pair,True,shared_attack_victim_trace;trading_pair;victim_trace,False,candidate_ordering_sensitive_market,trace_derived,False,4,"getReserves();swap(uint256,uint256,address,bytes)",,observed_ordering_target,True,0x022c0d9f,"swap(uint256,uint256,address,bytes)",2,
cisbl7-3e2ad35e5a314e5746b1c536,CISBL7,sandwich,0xc02aaa39b223fe8d0a0e5c4f27ead9083c756cc2,WETH9,True,shared_attack_victim_trace;victim_trace,False,candidate_exploited_component,trace_derived,False,19,"balanceOf(address);deposit();transfer(address,uint256);transferFrom(address,address,uint256)",,observed_shared_component,False,,,2,
cisbl7-3e2ad35e5a314e5746b1c536,CISBL7,sandwich,0xc7bbec68d12a0d1830360f8ec58fa599ba1b0e9b,UniswapV3Pool,True,shared_attack_victim_trace;trading_pair;victim_trace,False,candidate_ordering_sensitive_market,trace_derived,False,4,"swap(address,bool,int256,uint160,bytes);token1()",,observed_ordering_target,True,0x128acb08,"swap(address,bool,int256,uint160,bytes)",2,
cisbl7-3e2ad35e5a314e5746b1c536,CISBL7,sandwich,0xdac17f958d2ee523a2206206994597c13d831ec7,TetherToken,True,shared_attack_victim_trace;victim_trace,False,candidate_exploited_component,trace_derived,False,8,"balanceOf(address);transfer(address,uint256)",,observed_shared_component,False,,,2,
cisbl7-3e2ad35e5a314e5746b1c536,CISBL7,sandwich,0xf1101dc04eff6673d5e7c427970d3799befcea9b,UniswapV2Pair,True,shared_attack_victim_trace;trading_pair;victim_trace,False,candidate_ordering_sensitive_market,trace_derived,False,4,"getReserves();swap(uint256,uint256,address,bytes)",,observed_ordering_target,True,0x022c0d9f,"swap(uint256,uint256,address,bytes)",2,
cisbl7-3e2ad35e5a314e5746b1c536,CISBL7,sandwich,0xfa003f0b06494e3c0a6ddd77fd2d1120492319b1,Token,True,shared_attack_victim_trace;victim_trace,False,candidate_exploited_component,trace_derived,False,7,"balanceOf(address);transfer(address,uint256)",,observed_shared_component,False,,,2,
cisbl7-3e41ceaf0e5847aff69c4872,CISBL7,sandwich,0x3ebec0a1b4055c8d1180fce64db2a8c068170880,UniswapV3Pool,True,shared_attack_victim_trace;trading_pair;victim_trace,False,candidate_ordering_sensitive_market,trace_derived,False,8,"fee();swap(address,bool,int256,uint160,bytes);token0();token1()",,observed_ordering_target,True,0x128acb08,"swap(address,bool,int256,uint160,bytes)",2,
cisbl7-3e41ceaf0e5847aff69c4872,CISBL7,sandwich,0xadd39272e83895e7d3f244f696b7a25635f34234,Token,True,shared_attack_victim_trace;victim_trace,False,candidate_exploited_component,trace_derived,False,9,"balanceOf(address);transfer(address,uint256)",,observed_shared_component,False,,,2,
cisbl7-3e41ceaf0e5847aff69c4872,CISBL7,sandwich,0xb10302fc8bd7653d03e0add6083262d4b67bb247,UniswapV2Pair,True,shared_attack_victim_trace;trading_pair;victim_trace,False,candidate_ordering_sensitive_market,trace_derived,False,4,"getReserves();swap(uint256,uint256,address,bytes)",,observed_ordering_target,True,0x022c0d9f,"swap(uint256,uint256,address,bytes)",2,
cisbl7-3e41ceaf0e5847aff69c4872,CISBL7,sandwich,0xc02aaa39b223fe8d0a0e5c4f27ead9083c756cc2,WETH9,True,shared_attack_victim_trace;victim_trace,False,candidate_exploited_component,trace_derived,False,20,"balanceOf(address);deposit();transfer(address,uint256)",,observed_shared_component,False,,,2,
cisbl7-3e41ceaf0e5847aff69c4872,CISBL7,sandwich,0xc6678da09d7cd2f53a4bda3487434ee131260b1a,SADDOG,True,shared_attack_victim_trace;victim_trace,False,candidate_exploited_component,trace_derived,False,10,"balanceOf(address);transfer(address,uint256)",,observed_shared_component,False,,,2,
cisbl7-3e75402bc6396072161992de,CISBL7,sandwich,0xb0ac2b5a73da0e67a8e5489ba922b3f8d582e058,ShiroToken,True,shared_attack_victim_trace;victim_trace,False,candidate_exploited_component,trace_derived,False,42,"balanceOf(address);transfer(address,uint256)",,observed_shared_component,False,,,2,
cisbl7-3e75402bc6396072161992de,CISBL7,sandwich,0xc02aaa39b223fe8d0a0e5c4f27ead9083c756cc2,WETH9,True,shared_attack_victim_trace;victim_trace,False,candidate_exploited_component,trace_derived,False,38,"balanceOf(address);deposit();transfer(address,uint256);transferFrom(address,address,uint256)",,observed_shared_component,False,,,2,
cisbl7-3e75402bc6396072161992de,CISBL7,sandwich,0xd293d05e83035a757d510e2a5ebfe705c4f05b1f,UniswapV2Pair,True,shared_attack_victim_trace;trading_pair;victim_trace,False,candidate_ordering_sensitive_market,trace_derived,False,25,"getReserves();swap(uint256,uint256,address,bytes);token0();token1()",,observed_ordering_target,True,0x022c0d9f,"swap(uint256,uint256,address,bytes)",2,
cisbl7-3ec03ec4d489ffb680b30ae5,CISBL7,sandwich,0x0391d2021f89dc339f60fff84546ea23e337750f,BarnBridgeToken,True,shared_attack_victim_trace;victim_trace,False,candidate_exploited_component,trace_derived,False,16,"approve(address,uint256);balanceOf(address);transfer(address,uint256);transferFrom(address,address,uint256)",,observed_shared_component,False,,,2,
cisbl7-3ec03ec4d489ffb680b30ae5,CISBL7,sandwich,0x0b07188b12e3bba6a680e553e23c4079e98a034b,UniswapV2Pair,True,shared_attack_victim_trace;trading_pair;victim_trace,False,candidate_ordering_sensitive_market,trace_derived,False,6,"getReserves();swap(uint256,uint256,address,bytes);token0();token1()",,observed_ordering_target,True,0x022c0d9f,"swap(uint256,uint256,address,bytes)",2,
cisbl7-3ec03ec4d489ffb680b30ae5,CISBL7,sandwich,0x2260fac5e5542a773aa44fbcfedf7c193bc2c599,WBTC,True,shared_attack_victim_trace;victim_trace,False,candidate_exploited_component,trace_derived,False,24,"allowance(address,address);approve(address,uint256);balanceOf(address);decimals();transfer(address,uint256);transferFrom(address,address,uint256)",,observed_shared_component,False,,,2,
cisbl7-3ec03ec4d489ffb680b30ae5,CISBL7,sandwich,0x43506849d7c04f9138d1a2050bbf3a0c054402dd,FiatTokenV2_2,True,shared_attack_victim_trace;victim_trace,False,candidate_exploited_component,trace_derived,False,13,"balanceOf(address);transfer(address,uint256)",,observed_shared_component,False,,,2,
cisbl7-3ec03ec4d489ffb680b30ae5,CISBL7,sandwich,0x4585fe77225b41b697c938b018e2ac67ac5a20c0,UniswapV3Pool,True,shared_attack_victim_trace;trading_pair;victim_trace,False,candidate_ordering_sensitive_market,trace_derived,False,6,"burn(int24,int24,uint128);collect(address,int24,int24,uint128,uint128);mint(address,int24,int24,uint128,bytes);swap(address,bool,int256,uint160,bytes)",,observed_ordering_target,True,0x128acb08,"swap(address,bool,int256,uint160,bytes)",2,
cisbl7-3ec03ec4d489ffb680b30ae5,CISBL7,sandwich,0x6591c4bcd6d7a1eb4e537da8b78676c1576ba244,UniswapV2Pair,True,shared_attack_victim_trace;trading_pair;victim_trace,False,candidate_ordering_sensitive_market,trace_derived,False,6,"getReserves();swap(uint256,uint256,address,bytes)",,observed_ordering_target,True,0x022c0d9f,"swap(uint256,uint256,address,bytes)",2,
cisbl7-3ec03ec4d489ffb680b30ae5,CISBL7,sandwich,0xa0b86991c6218b36c1d19d4a2e9eb0ce3606eb48,FiatTokenProxy,True,shared_attack_victim_trace;victim_trace,False,candidate_exploited_component,trace_derived,False,13,,,observed_shared_component,False,,,2,
cisbl7-3ec03ec4d489ffb680b30ae5,CISBL7,sandwich,0xc02aaa39b223fe8d0a0e5c4f27ead9083c756cc2,WETH9,True,shared_attack_victim_trace;victim_trace,False,candidate_exploited_component,trace_derived,False,30,"balanceOf(address);deposit();transfer(address,uint256);transferFrom(address,address,uint256);withdraw(uint256)",,observed_shared_component,False,,,2,
cisbl7-3ec03ec4d489ffb680b30ae5,CISBL7,sandwich,0xdac17f958d2ee523a2206206994597c13d831ec7,TetherToken,True,shared_attack_victim_trace;victim_trace,False,candidate_exploited_component,trace_derived,False,8,"balanceOf(address);transfer(address,uint256)",,observed_shared_component,False,,,2,
cisbl7-3ec03ec4d489ffb680b30ae5,CISBL7,sandwich,0xee772cec929d8430b4fa7a01cd7fbd159a68aa83,TokenCreator,True,shared_attack_victim_trace;victim_trace,False,candidate_exploited_component,trace_derived,False,8,"balanceOf(address);transfer(address,uint256)",,observed_shared_component,False,,,2,
cisbl7-3ec03ec4d489ffb680b30ae5,CISBL7,sandwich,0xf0d417fc9fb2f1b6efe51b39db7ed60117dcd2e6,UniswapV2Pair,True,shared_attack_victim_trace;trading_pair;victim_trace,False,candidate_ordering_sensitive_market,trace_derived,False,6,"getReserves();swap(uint256,uint256,address,bytes);token0();token1()",,observed_ordering_target,True,0x022c0d9f,"swap(uint256,uint256,address,bytes)",2,
cisbl7-3ec03ec4d489ffb680b30ae5,CISBL7,sandwich,0xf944e35f95e819e752f3ccb5faf40957d311e8c5,MocaToken,True,shared_attack_victim_trace;victim_trace,False,candidate_exploited_component,trace_derived,False,7,"balanceOf(address);transfer(address,uint256);transferFrom(address,address,uint256)",,observed_shared_component,False,,,2,
cisbl7-41455cf30e59a0fee219ed54,CISBL7,sandwich,0x3330bfb7332ca23cd071631837dc289b09c33333,RubicToken,True,shared_attack_victim_trace;victim_trace,False,candidate_exploited_component,trace_derived,False,8,"balanceOf(address);transfer(address,uint256)",,observed_shared_component,False,,,2,
cisbl7-41455cf30e59a0fee219ed54,CISBL7,sandwich,0x504393f35e3cf04977845e183841d8e4ec0ef6b3,YouSwapPair,True,shared_attack_victim_trace;trading_pair;victim_trace,False,candidate_ordering_sensitive_market,trace_derived,False,4,"getReserves();swap(uint256,uint256,address,bytes)",,observed_ordering_target,True,0x022c0d9f,"swap(uint256,uint256,address,bytes)",2,
cisbl7-41455cf30e59a0fee219ed54,CISBL7,sandwich,0xb699853be792ce85a4fab963e772648f6dd28315,UniswapV2Pair,True,shared_attack_victim_trace;trading_pair;victim_trace,False,candidate_ordering_sensitive_market,trace_derived,False,4,"getReserves();swap(uint256,uint256,address,bytes)",,observed_ordering_target,True,0x022c0d9f,"swap(uint256,uint256,address,bytes)",2,
cisbl7-41455cf30e59a0fee219ed54,CISBL7,sandwich,0xc02aaa39b223fe8d0a0e5c4f27ead9083c756cc2,WETH9,True,shared_attack_victim_trace;victim_trace,False,candidate_exploited_component,trace_derived,False,15,"balanceOf(address);transfer(address,uint256);transferFrom(address,address,uint256);withdraw(uint256)",,observed_shared_component,False,,,2,
cisbl7-41455cf30e59a0fee219ed54,CISBL7,sandwich,0xdac17f958d2ee523a2206206994597c13d831ec7,TetherToken,True,shared_attack_victim_trace;victim_trace,False,candidate_exploited_component,trace_derived,False,7,"balanceOf(address);transfer(address,uint256);transferFrom(address,address,uint256)",,observed_shared_component,False,,,2,
cisbl7-44fed7f05fa6f1cd5af0834c,CISBL7,sandwich,0x16c22a91c705ec3c2d5945dbe2aca37924f1d2ed,ERIC,True,shared_attack_victim_trace;victim_trace,False,candidate_exploited_component,trace_derived,False,8,"balanceOf(address);transfer(address,uint256)",,observed_shared_component,False,,,2,
cisbl7-44fed7f05fa6f1cd5af0834c,CISBL7,sandwich,0x1f9840a85d5af5bf1d1762f925bdaddc4201f984,Uni,True,shared_attack_victim_trace;victim_trace,False,candidate_exploited_component,trace_derived,False,6,"balanceOf(address);transfer(address,uint256)",,observed_shared_component,False,,,2,
cisbl7-44fed7f05fa6f1cd5af0834c,CISBL7,sandwich,0x3506424f91fd33084466f402d5d97f05f8e3b4af,chiliZ,True,shared_attack_victim_trace;victim_trace,False,candidate_exploited_component,trace_derived,False,10,"balanceOf(address);transfer(address,uint256)",,observed_shared_component,False,,,2,
cisbl7-44fed7f05fa6f1cd5af0834c,CISBL7,sandwich,0x43506849d7c04f9138d1a2050bbf3a0c054402dd,FiatTokenV2_2,True,shared_attack_victim_trace;victim_trace,False,candidate_exploited_component,trace_derived,False,7,"balanceOf(address);transfer(address,uint256);transferFrom(address,address,uint256)",,observed_shared_component,False,,,2,
cisbl7-44fed7f05fa6f1cd5af0834c,CISBL7,sandwich,0x4955f6641bf9c8c163604c321f4b36e988698f75,Contract,True,shared_attack_victim_trace;victim_trace,False,candidate_exploited_component,trace_derived,False,10,"balanceOf(address);transfer(address,uint256)",,observed_shared_component,False,,,2,
cisbl7-44fed7f05fa6f1cd5af0834c,CISBL7,sandwich,0x5694a92a69775a010e65d610d78b9eaf950c897e,UniswapV2Pair,True,shared_attack_victim_trace;trading_pair;victim_trace,False,candidate_ordering_sensitive_market,trace_derived,False,6,"getReserves();swap(uint256,uint256,address,bytes);token0();token1()",,observed_ordering_target,True,0x022c0d9f,"swap(uint256,uint256,address,bytes)",2,
cisbl7-44fed7f05fa6f1cd5af0834c,CISBL7,sandwich,0x6c2b8b3f7a909531c4c55ca6a0a7c3ab65e8d94a,UniswapV2Pair,True,shared_attack_victim_trace;trading_pair;victim_trace,False,candidate_ordering_sensitive_market,trace_derived,False,4,"getReserves();swap(uint256,uint256,address,bytes)",,observed_ordering_target,True,0x022c0d9f,"swap(uint256,uint256,address,bytes)",2,
cisbl7-44fed7f05fa6f1cd5af0834c,CISBL7,sandwich,0xa0b86991c6218b36c1d19d4a2e9eb0ce3606eb48,FiatTokenProxy,True,shared_attack_victim_trace;victim_trace,False,candidate_exploited_component,trace_derived,False,7,,,observed_shared_component,False,,,2,
cisbl7-44fed7f05fa6f1cd5af0834c,CISBL7,sandwich,0xb0f4a77bde7fee134265307c5cc19abff0ba409b,UniswapV3Pool,True,shared_attack_victim_trace;trading_pair;victim_trace,False,candidate_ordering_sensitive_market,trace_derived,False,3,"swap(address,bool,int256,uint160,bytes)",,observed_ordering_target,True,0x128acb08,"swap(address,bool,int256,uint160,bytes)",2,
cisbl7-44fed7f05fa6f1cd5af0834c,CISBL7,sandwich,0xc02aaa39b223fe8d0a0e5c4f27ead9083c756cc2,WETH9,True,shared_attack_victim_trace;victim_trace,False,candidate_exploited_component,trace_derived,False,27,"balanceOf(address);deposit();transfer(address,uint256);transferFrom(address,address,uint256)",,observed_shared_component,False,,,2,
cisbl7-44fed7f05fa6f1cd5af0834c,CISBL7,sandwich,0xd12c3f807f5b84372b5660eb4eb55702b0ab7097,UniswapV2Pair,True,shared_attack_victim_trace;trading_pair;victim_trace,False,candidate_ordering_sensitive_market,trace_derived,False,6,"getReserves();swap(uint256,uint256,address,bytes);token0();token1()",,observed_ordering_target,True,0x022c0d9f,"swap(uint256,uint256,address,bytes)",2,
cisbl7-44fed7f05fa6f1cd5af0834c,CISBL7,sandwich,0xdac17f958d2ee523a2206206994597c13d831ec7,TetherToken,True,shared_attack_victim_trace;victim_trace,False,candidate_exploited_component,trace_derived,False,10,"balanceOf(address);transfer(address,uint256);transferFrom(address,address,uint256)",,observed_shared_component,False,,,2,
cisbl7-44fed7f05fa6f1cd5af0834c,CISBL7,sandwich,0xebfb684dd2b01e698ca6c14f10e4f289934a54d6,UniswapV2Pair,True,shared_attack_victim_trace;trading_pair;victim_trace,False,candidate_ordering_sensitive_market,trace_derived,False,5,"getReserves();swap(uint256,uint256,address,bytes)",,observed_ordering_target,True,0x022c0d9f,"swap(uint256,uint256,address,bytes)",2,
cisbl7-44fed7f05fa6f1cd5af0834c,CISBL7,sandwich,0xed89fc0f41d8be2c98b13b7e3cd3e876d73f1d30,GOU,True,shared_attack_victim_trace;victim_trace,False,candidate_exploited_component,trace_derived,False,8,"balanceOf(address);transfer(address,uint256)",,observed_shared_component,False,,,2,
cisbl7-45ef2a68665a7c1c3e82187d,CISBL7,sandwich,0x000000000022d473030f116ddee9f6b43ac78ba3,Permit2,True,shared_attack_victim_trace;victim_trace,False,candidate_exploited_component,trace_derived,False,2,"permitWitnessTransferFrom(((address,uint256),uint256,uint256),(address,uint256),address,bytes32,string,bytes);transferFrom(address,address,uint160,address)",,observed_shared_component,False,,,1,
cisbl7-45ef2a68665a7c1c3e82187d,CISBL7,sandwich,0xc02aaa39b223fe8d0a0e5c4f27ead9083c756cc2,WETH9,True,shared_attack_victim_trace;victim_trace,False,candidate_exploited_component,trace_derived,False,31,"approve(address,uint256);balanceOf(address);transfer(address,uint256);transferFrom(address,address,uint256);withdraw(uint256)",,observed_shared_component,False,,,2,
cisbl7-45ef2a68665a7c1c3e82187d,CISBL7,sandwich,0xc7bbec68d12a0d1830360f8ec58fa599ba1b0e9b,UniswapV3Pool,True,shared_attack_victim_trace;trading_pair;victim_trace,False,candidate_ordering_sensitive_market,trace_derived,False,7,"burn(int24,int24,uint128);collect(address,int24,int24,uint128,uint128);mint(address,int24,int24,uint128,bytes);swap(address,bool,int256,uint160,bytes)",,observed_ordering_target,True,0x128acb08,"swap(address,bool,int256,uint160,bytes)",2,
cisbl7-45ef2a68665a7c1c3e82187d,CISBL7,sandwich,0xdac17f958d2ee523a2206206994597c13d831ec7,TetherToken,True,shared_attack_victim_trace;victim_trace,False,candidate_exploited_component,trace_derived,False,20,"approve(address,uint256);balanceOf(address);transfer(address,uint256);transferFrom(address,address,uint256)",,observed_shared_component,False,,,2,
cisbl7-48a5f5f4909e3b9c414493a3,CISBL7,sandwich,0x1d8f8f00cfa6758d7be78336684788fb0ee0fa46,RocketStorage,True,shared_attack_victim_trace;victim_trace,False,candidate_exploited_component,trace_derived,False,19,getAddress(bytes32);getUint(bytes32),,observed_shared_component,False,,,2,
cisbl7-48a5f5f4909e3b9c414493a3,CISBL7,sandwich,0x553e9c493678d8606d6a5ba284643db2110df823,UniswapV3Pool,True,shared_attack_victim_trace;trading_pair;victim_trace,False,candidate_ordering_sensitive_market,trace_derived,False,7,"burn(int24,int24,uint128);collect(address,int24,int24,uint128,uint128);mint(address,int24,int24,uint128,bytes);swap(address,bool,int256,uint160,bytes)",,observed_ordering_target,True,0x128acb08,"swap(address,bool,int256,uint160,bytes)",2,
cisbl7-48a5f5f4909e3b9c414493a3,CISBL7,sandwich,0x6c1bcf1b99d9f0819459dad661795802d232437e,UniswapV3Pool,True,shared_attack_victim_trace;trading_pair;victim_trace,False,candidate_ordering_sensitive_market,trace_derived,False,3,"swap(address,bool,int256,uint160,bytes)",,observed_ordering_target,True,0x128acb08,"swap(address,bool,int256,uint160,bytes)",0,
cisbl7-48a5f5f4909e3b9c414493a3,CISBL7,sandwich,0x82a605d6d9114f4ad6d5ee461027477eeed31e34,Sensay,True,shared_attack_victim_trace;victim_trace,False,candidate_exploited_component,trace_derived,False,8,"balanceOf(address);transfer(address,uint256)",,observed_shared_component,False,,,0,
cisbl7-48a5f5f4909e3b9c414493a3,CISBL7,sandwich,0xae78736cd615f374d3085123a210448e74fc6393,RocketTokenRETH,True,shared_attack_victim_trace;victim_trace,False,candidate_exploited_component,trace_derived,False,29,"approve(address,uint256);balanceOf(address);decimals();getEthValue(uint256);getExchangeRate();transfer(address,uint256);transferFrom(address,address,uint256)",,observed_shared_component,False,,,2,
cisbl7-48a5f5f4909e3b9c414493a3,CISBL7,sandwich,0xc02aaa39b223fe8d0a0e5c4f27ead9083c756cc2,WETH9,True,shared_attack_victim_trace;victim_trace,False,candidate_exploited_component,trace_derived,False,65,"approve(address,uint256);balanceOf(address);decimals();deposit();transfer(address,uint256);transferFrom(address,address,uint256)",,observed_shared_component,False,,,2,
cisbl7-491281feec3650376a576240,CISBL7,sandwich,0x0fa0fd98727c443dd5275774c44d27cff9d279ed,NFTXVaultUpgradeable,True,shared_attack_victim_trace;victim_trace,False,candidate_exploited_component,trace_derived,False,18,"allowance(address,address);approve(address,uint256);balanceOf(address);redeemTo(uint256,uint256[],address);transfer(address,uint256);transferFrom(address,address,uint256)",,observed_shared_component,False,,,2,
cisbl7-491281feec3650376a576240,CISBL7,sandwich,0x15a8e38942f9e353bec8812763fb3c104c89ecf4,UniswapV2Pair,True,shared_attack_victim_trace;trading_pair;victim_trace,False,candidate_ordering_sensitive_market,trace_derived,False,4,"getReserves();swap(uint256,uint256,address,bytes)",,observed_ordering_target,True,0x022c0d9f,"swap(uint256,uint256,address,bytes)",2,
cisbl7-491281feec3650376a576240,CISBL7,sandwich,0x227c7df69d3ed1ae7574a1a7685fded90292eb48,BeaconProxy,True,shared_attack_victim_trace;victim_trace,False,candidate_exploited_component,trace_derived,False,18,,,observed_shared_component,False,,,2,
cisbl7-491281feec3650376a576240,CISBL7,sandwich,0x43506849d7c04f9138d1a2050bbf3a0c054402dd,FiatTokenV2_2,True,shared_attack_victim_trace;victim_trace,False,candidate_exploited_component,trace_derived,False,7,"balanceOf(address);transfer(address,uint256)",,observed_shared_component,False,,,2,
cisbl7-491281feec3650376a576240,CISBL7,sandwich,0x618679df9efcd19694bb1daa8d00718eacfa2883,XYZToken,True,shared_attack_victim_trace;victim_trace,False,candidate_exploited_component,trace_derived,False,13,"balanceOf(address);transfer(address,uint256)",,observed_shared_component,False,,,2,
cisbl7-491281feec3650376a576240,CISBL7,sandwich,0x778dcaa27e9c669a71c462b724a4e97fc4f1bcc5,UniswapV2Pair,True,shared_attack_victim_trace;trading_pair;victim_trace,False,candidate_ordering_sensitive_market,trace_derived,False,4,"getReserves();swap(uint256,uint256,address,bytes)",,observed_ordering_target,True,0x022c0d9f,"swap(uint256,uint256,address,bytes)",2,
cisbl7-491281feec3650376a576240,CISBL7,sandwich,0x82a605d6d9114f4ad6d5ee461027477eeed31e34,Sensay,True,shared_attack_victim_trace;victim_trace,False,candidate_exploited_component,trace_derived,False,10,"balanceOf(address);transfer(address,uint256)",,observed_shared_component,False,,,2,
cisbl7-491281feec3650376a576240,CISBL7,sandwich,0xa0b86991c6218b36c1d19d4a2e9eb0ce3606eb48,FiatTokenProxy,True,shared_attack_victim_trace;victim_trace,False,candidate_exploited_component,trace_derived,False,7,,,observed_shared_component,False,,,2,
cisbl7-491281feec3650376a576240,CISBL7,sandwich,0xbbbdb106a806173d1eea1640961533ff3114d69a,UniswapV2Pair,True,shared_attack_victim_trace;trading_pair;victim_trace,False,candidate_ordering_sensitive_market,trace_derived,False,4,"getReserves();swap(uint256,uint256,address,bytes)",,observed_ordering_target,True,0x022c0d9f,"swap(uint256,uint256,address,bytes)",2,
cisbl7-491281feec3650376a576240,CISBL7,sandwich,0xbe86f647b167567525ccaafcd6f881f1ee558216,AdminUpgradeabilityProxy,True,shared_attack_victim_trace;victim_trace,False,candidate_exploited_component,trace_derived,False,28,,,observed_shared_component,False,,,2,
cisbl7-491281feec3650376a576240,CISBL7,sandwich,0xc02aaa39b223fe8d0a0e5c4f27ead9083c756cc2,WETH9,True,shared_attack_victim_trace;victim_trace,False,candidate_exploited_component,trace_derived,False,31,"allowance(address,address);balanceOf(address);deposit();transfer(address,uint256);transferFrom(address,address,uint256);withdraw(uint256)",,observed_shared_component,False,,,2,
cisbl7-491281feec3650376a576240,CISBL7,sandwich,0xf1101dc04eff6673d5e7c427970d3799befcea9b,UniswapV2Pair,True,shared_attack_victim_trace;trading_pair;victim_trace,False,candidate_ordering_sensitive_market,trace_derived,False,4,"getReserves();swap(uint256,uint256,address,bytes)",,observed_ordering_target,True,0x022c0d9f,"swap(uint256,uint256,address,bytes)",2,
cisbl7-491281feec3650376a576240,CISBL7,sandwich,0xfa003f0b06494e3c0a6ddd77fd2d1120492319b1,Token,True,shared_attack_victim_trace;victim_trace,False,candidate_exploited_component,trace_derived,False,8,"balanceOf(address);transfer(address,uint256)",,observed_shared_component,False,,,2,
cisbl7-491281feec3650376a576240,CISBL7,sandwich,0xfa750439a60e385d9e5f3d25eb9db289b74b7062,NFTXVaultFactoryUpgradeable,True,shared_attack_victim_trace;victim_trace,False,candidate_exploited_component,trace_derived,False,28,childImplementation();excludedFromFees(address);feeDistributor();isLocked(uint256);vault(uint256);vaultFees(uint256),,observed_shared_component,False,,,2,
cisbl7-4964497932585fcc22c3272b,CISBL7,sandwich,0x18cd890f4e23422dc4aa8c2d6e0bd3f3bd8873d8,UniswapV2Pair,True,shared_attack_victim_trace;trading_pair;victim_trace,False,candidate_ordering_sensitive_market,trace_derived,False,6,"burn(address);getReserves();swap(uint256,uint256,address,bytes);transfer(address,uint256)",,observed_ordering_target,True,0x022c0d9f,"swap(uint256,uint256,address,bytes)",2,
cisbl7-4964497932585fcc22c3272b,CISBL7,sandwich,0x86fef14c27c78deaeb4349fd959caa11fc5b5d75,UniswapV2Pair,True,shared_attack_victim_trace;trading_pair;victim_trace,False,candidate_ordering_sensitive_market,trace_derived,False,4,"getReserves();swap(uint256,uint256,address,bytes)",,observed_ordering_target,True,0x022c0d9f,"swap(uint256,uint256,address,bytes)",2,
cisbl7-4964497932585fcc22c3272b,CISBL7,sandwich,0xc02aaa39b223fe8d0a0e5c4f27ead9083c756cc2,WETH9,True,shared_attack_victim_trace;victim_trace,False,candidate_exploited_component,trace_derived,False,62,"balanceOf(address);transfer(address,uint256);transferFrom(address,address,uint256);withdraw(uint256)",,observed_shared_component,False,,,2,
cisbl7-4964497932585fcc22c3272b,CISBL7,sandwich,0xf57e7e7c23978c3caec3c3548e3d615c346e79ff,IMXToken,True,shared_attack_victim_trace;victim_trace,False,candidate_exploited_component,trace_derived,False,9,"balanceOf(address);transfer(address,uint256)",,observed_shared_component,False,,,2,
cisbl7-4964497932585fcc22c3272b,CISBL7,sandwich,0xfca59cd816ab1ead66534d82bc21e7515ce441cf,RariToken,True,shared_attack_victim_trace;victim_trace,False,candidate_exploited_component,trace_derived,False,7,"balanceOf(address);transfer(address,uint256);transferFrom(address,address,uint256)",,observed_shared_component,False,,,2,
cisbl7-4aca92f1cdc377a268dca67f,CISBL7,sandwich,0x203cb9b58a5ad9e3c5eda27277ef906bdff0395c,UniswapV3Pool,True,shared_attack_victim_trace;trading_pair;victim_trace,False,candidate_ordering_sensitive_market,trace_derived,False,3,"swap(address,bool,int256,uint160,bytes)",,observed_ordering_target,True,0x128acb08,"swap(address,bool,int256,uint160,bytes)",2,
cisbl7-4aca92f1cdc377a268dca67f,CISBL7,sandwich,0x2f42b7d686ca3effc69778b6ed8493a7787b4d6e,TestERC20,True,shared_attack_victim_trace;victim_trace,False,candidate_exploited_component,trace_derived,False,10,"balanceOf(address);transfer(address,uint256)",,observed_shared_component,False,,,2,
cisbl7-4aca92f1cdc377a268dca67f,CISBL7,sandwich,0x42069a6229b5956b4f4c4eebc7a129d5e394bf69,MBS,True,shared_attack_victim_trace;victim_trace,False,candidate_exploited_component,trace_derived,False,9,"balanceOf(address);transfer(address,uint256)",,observed_shared_component,False,,,2,
cisbl7-4aca92f1cdc377a268dca67f,CISBL7,sandwich,0x43506849d7c04f9138d1a2050bbf3a0c054402dd,FiatTokenV2_2,True,shared_attack_victim_trace;victim_trace,False,candidate_exploited_component,trace_derived,False,21,"balanceOf(address);transfer(address,uint256);transferFrom(address,address,uint256)",,observed_shared_component,False,,,2,
cisbl7-4aca92f1cdc377a268dca67f,CISBL7,sandwich,0x5f64ab1544d28732f0a24f4713c2c8ec0da089f0,DextfToken,True,shared_attack_victim_trace;victim_trace,False,candidate_exploited_component,trace_derived,False,13,"balanceOf(address);transfer(address,uint256)",,observed_shared_component,False,,,2,
cisbl7-4aca92f1cdc377a268dca67f,CISBL7,sandwich,0x80d4c1f8c46ed2ae84d489d5da1df1f9651c3396,UniswapV2Pair,True,shared_attack_victim_trace;trading_pair;victim_trace,False,candidate_ordering_sensitive_market,trace_derived,False,5,"getReserves();swap(uint256,uint256,address,bytes)",,observed_ordering_target,True,0x022c0d9f,"swap(uint256,uint256,address,bytes)",2,
cisbl7-4aca92f1cdc377a268dca67f,CISBL7,sandwich,0xa0b86991c6218b36c1d19d4a2e9eb0ce3606eb48,FiatTokenProxy,True,shared_attack_victim_trace;victim_trace,False,candidate_exploited_component,trace_derived,False,21,,,observed_shared_component,False,,,2,
cisbl7-4aca92f1cdc377a268dca67f,CISBL7,sandwich,0xa1444ac5b8ac4f20f748558fe4e848087f528e00,UniswapV2Pair,True,shared_attack_victim_trace;trading_pair;victim_trace,False,candidate_ordering_sensitive_market,trace_derived,False,4,"getReserves();swap(uint256,uint256,address,bytes)",,observed_ordering_target,True,0x022c0d9f,"swap(uint256,uint256,address,bytes)",2,
cisbl7-4aca92f1cdc377a268dca67f,CISBL7,sandwich,0xc02aaa39b223fe8d0a0e5c4f27ead9083c756cc2,WETH9,True,shared_attack_victim_trace;victim_trace,False,candidate_exploited_component,trace_derived,False,42,"allowance(address,address);balanceOf(address);deposit();transfer(address,uint256);transferFrom(address,address,uint256);withdraw(uint256)",,observed_shared_component,False,,,2,
cisbl7-4aca92f1cdc377a268dca67f,CISBL7,sandwich,0xdac17f958d2ee523a2206206994597c13d831ec7,TetherToken,True,shared_attack_victim_trace;victim_trace,False,candidate_exploited_component,trace_derived,False,9,"balanceOf(address);transfer(address,uint256)",,observed_shared_component,False,,,2,
cisbl7-4aca92f1cdc377a268dca67f,CISBL7,sandwich,0xe0554a476a092703abdb3ef35c80e0d76d32939f,UniswapV3Pool,True,shared_attack_victim_trace;trading_pair;victim_trace,False,candidate_ordering_sensitive_market,trace_derived,False,9,"fee();swap(address,bool,int256,uint160,bytes);token0();token1()",,observed_ordering_target,True,0x128acb08,"swap(address,bool,int256,uint160,bytes)",2,
cisbl7-4c531c55ac0a6baf6e010e50,CISBL7,sandwich,0x725ac420e440ca6fb180894bfd03e8cadf514bd9,UniswapV2Pair,True,shared_attack_victim_trace;trading_pair;victim_trace,False,candidate_ordering_sensitive_market,trace_derived,False,4,"getReserves();swap(uint256,uint256,address,bytes)",,observed_ordering_target,True,0x022c0d9f,"swap(uint256,uint256,address,bytes)",1,
cisbl7-4c531c55ac0a6baf6e010e50,CISBL7,sandwich,0xac1d3d7a8878e655cbb063d58e453540641f4117,AcidToad,True,shared_attack_victim_trace;victim_trace,False,candidate_exploited_component,trace_derived,False,10,"balanceOf(address);transfer(address,uint256);transferFrom(address,address,uint256)",,observed_shared_component,False,,,1,
cisbl7-4c531c55ac0a6baf6e010e50,CISBL7,sandwich,0xc02aaa39b223fe8d0a0e5c4f27ead9083c756cc2,WETH9,True,shared_attack_victim_trace;victim_trace,False,candidate_exploited_component,trace_derived,False,24,"balanceOf(address);deposit();transfer(address,uint256);transferFrom(address,address,uint256)",,observed_shared_component,False,,,1,
cisbl7-4c531c55ac0a6baf6e010e50,CISBL7,sandwich,0xd300c31a23c2300c601a44da8e3df36c4e1b78c5,UniswapV2Pair,True,shared_attack_victim_trace;trading_pair;victim_trace,False,candidate_ordering_sensitive_market,trace_derived,False,4,"getReserves();swap(uint256,uint256,address,bytes)",,observed_ordering_target,True,0x022c0d9f,"swap(uint256,uint256,address,bytes)",1,
cisbl7-4c531c55ac0a6baf6e010e50,CISBL7,sandwich,0xd6e420f6b1c4035ffd566963301b92067a8c34cd,UniswapV3Pool,True,shared_attack_victim_trace;trading_pair;victim_trace,False,candidate_ordering_sensitive_market,trace_derived,False,3,"swap(address,bool,int256,uint160,bytes)",,observed_ordering_target,True,0x128acb08,"swap(address,bool,int256,uint160,bytes)",1,
cisbl7-4c531c55ac0a6baf6e010e50,CISBL7,sandwich,0xda86006036540822e0cd2861dbd2fd7ff9caa0e8,TubeToken,True,shared_attack_victim_trace;victim_trace,False,candidate_exploited_component,trace_derived,False,6,"balanceOf(address);transfer(address,uint256)",,observed_shared_component,False,,,1,
cisbl7-4c531c55ac0a6baf6e010e50,CISBL7,sandwich,0xe71bdfe1df69284f00ee185cf0d95d0c7680c0d4,OFT,True,shared_attack_victim_trace;victim_trace,False,candidate_exploited_component,trace_derived,False,7,"balanceOf(address);sendFrom(address,uint16,bytes,uint256,address,address,bytes);transfer(address,uint256)",,observed_shared_component,False,,,1,
cisbl7-50242df30e5d91e923dc773a,CISBL7,sandwich,0xc02aaa39b223fe8d0a0e5c4f27ead9083c756cc2,WETH9,True,shared_attack_victim_trace;victim_trace,False,candidate_exploited_component,trace_derived,False,27,"allowance(address,address);approve(address,uint256);balanceOf(address);decimals();transfer(address,uint256);transferFrom(address,address,uint256);withdraw(uint256)",,observed_shared_component,False,,,2,
cisbl7-50242df30e5d91e923dc773a,CISBL7,sandwich,0xc7bbec68d12a0d1830360f8ec58fa599ba1b0e9b,UniswapV3Pool,True,shared_attack_victim_trace;trading_pair;victim_trace,False,candidate_ordering_sensitive_market,trace_derived,False,9,"fee();swap(address,bool,int256,uint160,bytes);token0();token1()",,observed_ordering_target,True,0x128acb08,"swap(address,bool,int256,uint160,bytes)",2,
cisbl7-50242df30e5d91e923dc773a,CISBL7,sandwich,0xdac17f958d2ee523a2206206994597c13d831ec7,TetherToken,True,shared_attack_victim_trace;victim_trace,False,candidate_exploited_component,trace_derived,False,19,"allowance(address,address);balanceOf(address);transfer(address,uint256);transferFrom(address,address,uint256)",,observed_shared_component,False,,,2,
cisbl7-51224b71c4fc2393379d8a29,CISBL7,sandwich,0x000000000022d473030f116ddee9f6b43ac78ba3,Permit2,True,shared_attack_victim_trace;victim_trace,False,candidate_exploited_component,trace_derived,False,2,"permitWitnessTransferFrom(((address,uint256),uint256,uint256),(address,uint256),address,bytes32,string,bytes);transferFrom(address,address,uint160,address)",,observed_shared_component,False,,,1,
cisbl7-51224b71c4fc2393379d8a29,CISBL7,sandwich,0x2bbf5243e49e8f0025988754dac6620ab0d3e162,UniswapV2Pair,True,shared_attack_victim_trace;trading_pair;victim_trace,False,candidate_ordering_sensitive_market,trace_derived,False,4,"getReserves();swap(uint256,uint256,address,bytes)",,observed_ordering_target,True,0x022c0d9f,"swap(uint256,uint256,address,bytes)",2,
cisbl7-51224b71c4fc2393379d8a29,CISBL7,sandwich,0x39d5313c3750140e5042887413ba8aa6145a9bd2,TransparentUpgradeableProxy,True,shared_attack_victim_trace;victim_trace,False,candidate_exploited_component,trace_derived,False,17,,,observed_shared_component,False,,,2,
cisbl7-51224b71c4fc2393379d8a29,CISBL7,sandwich,0x420110d74c4c3ea14043a09e81fad53e1932f54c,GROGGO,True,shared_attack_victim_trace;victim_trace,False,candidate_exploited_component,trace_derived,False,6,"balanceOf(address);transfer(address,uint256)",,observed_shared_component,False,,,2,
cisbl7-51224b71c4fc2393379d8a29,CISBL7,sandwich,0x43506849d7c04f9138d1a2050bbf3a0c054402dd,FiatTokenV2_2,True,shared_attack_victim_trace;victim_trace,False,candidate_exploited_component,trace_derived,False,7,"balanceOf(address);transfer(address,uint256)",,observed_shared_component,False,,,2,
cisbl7-51224b71c4fc2393379d8a29,CISBL7,sandwich,0x498498fa386ef2860e7abf8c60254580c8c41ec5,UniswapV3Pool,True,shared_attack_victim_trace;trading_pair;victim_trace,False,candidate_ordering_sensitive_market,trace_derived,False,5,"swap(address,bool,int256,uint160,bytes)",,observed_ordering_target,True,0x128acb08,"swap(address,bool,int256,uint160,bytes)",2,
cisbl7-51224b71c4fc2393379d8a29,CISBL7,sandwich,0x710287d1d39dcf62094a83ebb3e736e79400068a,StandardERC20,True,shared_attack_victim_trace;victim_trace,False,candidate_exploited_component,trace_derived,False,8,"balanceOf(address);transfer(address,uint256);transferFrom(address,address,uint256)",,observed_shared_component,False,,,2,
cisbl7-51224b71c4fc2393379d8a29,CISBL7,sandwich,0x7b4328c127b85369d9f82ca0503b000d09cf9180,AnyswapV6ERC20,True,shared_attack_victim_trace;victim_trace,False,candidate_exploited_component,trace_derived,False,16,"balanceOf(address);transfer(address,uint256);transferFrom(address,address,uint256)",,observed_shared_component,False,,,2,
cisbl7-51224b71c4fc2393379d8a29,CISBL7,sandwich,0x85673c92f0f27a9c4d8c221f6bfefa33b716338a,UniswapV2Pair,True,shared_attack_victim_trace;trading_pair;victim_trace,False,candidate_ordering_sensitive_market,trace_derived,False,4,"getReserves();swap(uint256,uint256,address,bytes)",,observed_ordering_target,True,0x022c0d9f,"swap(uint256,uint256,address,bytes)",2,
cisbl7-51224b71c4fc2393379d8a29,CISBL7,sandwich,0xa0b86991c6218b36c1d19d4a2e9eb0ce3606eb48,FiatTokenProxy,True,shared_attack_victim_trace;victim_trace,False,candidate_exploited_component,trace_derived,False,7,,,observed_shared_component,False,,,2,
cisbl7-51224b71c4fc2393379d8a29,CISBL7,sandwich,0xc02aaa39b223fe8d0a0e5c4f27ead9083c756cc2,WETH9,True,shared_attack_victim_trace;victim_trace,False,candidate_exploited_component,trace_derived,False,60,"balanceOf(address);deposit();transfer(address,uint256);transferFrom(address,address,uint256);withdraw(uint256)",,observed_shared_component,False,,,2,
cisbl7-51224b71c4fc2393379d8a29,CISBL7,sandwich,0xc75d9e8a7c11687dff42973b9df8d58db08c5455,Empyreal,True,shared_attack_victim_trace;victim_trace,False,candidate_exploited_component,trace_derived,False,17,"balanceOf(address);transfer(address,uint256);transferFrom(address,address,uint256)",,observed_shared_component,False,,,2,
cisbl7-51224b71c4fc2393379d8a29,CISBL7,sandwich,0xe092769bc1fa5262d4f48353f90890dcc339bf80,UniswapV3Pool,True,shared_attack_victim_trace;trading_pair;victim_trace,False,candidate_ordering_sensitive_market,trace_derived,False,7,"burn(int24,int24,uint128);collect(address,int24,int24,uint128,uint128);mint(address,int24,int24,uint128,bytes);swap(address,bool,int256,uint160,bytes)",,observed_ordering_target,True,0x128acb08,"swap(address,bool,int256,uint160,bytes)",2,
cisbl7-51224b71c4fc2393379d8a29,CISBL7,sandwich,0xe4e86c6805884736c0faea1e559c51f37da15812,UniswapV3Pool,True,shared_attack_victim_trace;trading_pair;victim_trace,False,candidate_ordering_sensitive_market,trace_derived,False,6,"fee();swap(address,bool,int256,uint160,bytes);token0();token1()",,observed_ordering_target,True,0x128acb08,"swap(address,bool,int256,uint160,bytes)",2,
cisbl7-51224b71c4fc2393379d8a29,CISBL7,sandwich,0xf3ae5d769e153ef72b4e3591ac004e89f48107a1,Token,True,shared_attack_victim_trace;victim_trace,False,candidate_exploited_component,trace_derived,False,8,"balanceOf(address);transfer(address,uint256)",,observed_shared_component,False,,,2,
cisbl7-531789fe50f134f0267f7c30,CISBL7,sandwich,0x1385fc1fe0418ea0b4fcf7adc61fc7535ab7f80d,UniswapV3Pool,True,shared_attack_victim_trace;trading_pair;victim_trace,False,candidate_ordering_sensitive_market,trace_derived,False,3,"swap(address,bool,int256,uint160,bytes)",,observed_ordering_target,True,0x128acb08,"swap(address,bool,int256,uint160,bytes)",2,
cisbl7-531789fe50f134f0267f7c30,CISBL7,sandwich,0x1495bc9e44af1f8bcb62278d2bec4540cf0c05ea,TransparentUpgradeableProxy,True,shared_attack_victim_trace;victim_trace,False,candidate_exploited_component,trace_derived,False,7,,,observed_shared_component,False,,,2,
cisbl7-531789fe50f134f0267f7c30,CISBL7,sandwich,0xa37331ed1fe0394ef4ac11a19b084661f693c547,UniswapV3Pool,True,shared_attack_victim_trace;trading_pair;victim_trace,False,candidate_ordering_sensitive_market,trace_derived,False,12,"burn(int24,int24,uint128);collect(address,int24,int24,uint128,uint128);fee();mint(address,int24,int24,uint128,bytes);swap(address,bool,int256,uint160,bytes);token0();token1()",,observed_ordering_target,True,0x128acb08,"swap(address,bool,int256,uint160,bytes)",2,
cisbl7-531789fe50f134f0267f7c30,CISBL7,sandwich,0xc02aaa39b223fe8d0a0e5c4f27ead9083c756cc2,WETH9,True,shared_attack_victim_trace;victim_trace,False,candidate_exploited_component,trace_derived,False,29,"balanceOf(address);deposit();transfer(address,uint256);withdraw(uint256)",,observed_shared_component,False,,,2,
cisbl7-531789fe50f134f0267f7c30,CISBL7,sandwich,0xed748271ed9998c8d26b321f6efac8178515721e,DEAI,True,shared_attack_victim_trace;victim_trace,False,candidate_exploited_component,trace_derived,False,7,"balanceOf(address);transfer(address,uint256);transferFrom(address,address,uint256)",,observed_shared_component,False,,,2,
cisbl7-531789fe50f134f0267f7c30,CISBL7,sandwich,0xf477ac7719e2e659001455cdda0cc8f3ad10b604,AUTOS,True,shared_attack_victim_trace;victim_trace,False,candidate_exploited_component,trace_derived,False,23,"balanceOf(address);transfer(address,uint256)",,observed_shared_component,False,,,2,
cisbl7-54a1435ee389111fbbb2ffab,CISBL7,sandwich,0x43506849d7c04f9138d1a2050bbf3a0c054402dd,FiatTokenV2_2,True,shared_attack_victim_trace;victim_trace,False,candidate_exploited_component,trace_derived,False,9,"approve(address,uint256);balanceOf(address);transfer(address,uint256);transferFrom(address,address,uint256)",,observed_shared_component,False,,,2,
cisbl7-54a1435ee389111fbbb2ffab,CISBL7,sandwich,0x614a48c41be6ba6762b63a92cc33cfb5e8149332,Dusty,True,shared_attack_victim_trace;victim_trace,False,candidate_exploited_component,trace_derived,False,7,"balanceOf(address);transfer(address,uint256);transferFrom(address,address,uint256)",,observed_shared_component,False,,,2,
cisbl7-54a1435ee389111fbbb2ffab,CISBL7,sandwich,0x7fd4d7737597e7b4ee22acbf8d94362343ae0a79,WrappedMistCoin,True,shared_attack_victim_trace;victim_trace,False,candidate_exploited_component,trace_derived,False,7,"balanceOf(address);transfer(address,uint256);transferFrom(address,address,uint256)",,observed_shared_component,False,,,2,
cisbl7-54a1435ee389111fbbb2ffab,CISBL7,sandwich,0xa0b86991c6218b36c1d19d4a2e9eb0ce3606eb48,FiatTokenProxy,True,shared_attack_victim_trace;victim_trace,False,candidate_exploited_component,trace_derived,False,9,,,observed_shared_component,False,,,2,
cisbl7-54a1435ee389111fbbb2ffab,CISBL7,sandwich,0xa6a21fce6220f9c4c4e4f5e5e2653bfe73470c76,UniswapV2Pair,True,shared_attack_victim_trace;trading_pair;victim_trace,False,candidate_ordering_sensitive_market,trace_derived,False,4,"getReserves();swap(uint256,uint256,address,bytes)",,observed_ordering_target,True,0x022c0d9f,"swap(uint256,uint256,address,bytes)",2,
cisbl7-54a1435ee389111fbbb2ffab,CISBL7,sandwich,0xc02aaa39b223fe8d0a0e5c4f27ead9083c756cc2,WETH9,True,shared_attack_victim_trace;victim_trace,False,candidate_exploited_component,trace_derived,False,25,"balanceOf(address);deposit();transfer(address,uint256);transferFrom(address,address,uint256);withdraw(uint256)",,observed_shared_component,False,,,2,
cisbl7-54a1435ee389111fbbb2ffab,CISBL7,sandwich,0xe0554a476a092703abdb3ef35c80e0d76d32939f,UniswapV3Pool,True,shared_attack_victim_trace;trading_pair;victim_trace,False,candidate_ordering_sensitive_market,trace_derived,False,3,"swap(address,bool,int256,uint160,bytes)",,observed_ordering_target,True,0x128acb08,"swap(address,bool,int256,uint160,bytes)",2,
cisbl7-54a1435ee389111fbbb2ffab,CISBL7,sandwich,0xf44876dbfa10609fcdd68cb4122c3a6e1d4acd8f,UniswapV3Pool,True,shared_attack_victim_trace;trading_pair;victim_trace,False,candidate_ordering_sensitive_market,trace_derived,False,3,"swap(address,bool,int256,uint160,bytes)",,observed_ordering_target,True,0x128acb08,"swap(address,bool,int256,uint160,bytes)",2,
cisbl7-567a059dbf6e80f2143f1d82,CISBL7,sandwich,0x06b964d96f5dcf7eae9d7c559b09edce244d4b8e,TransparentUpgradeableProxy,True,shared_attack_victim_trace;victim_trace,False,candidate_exploited_component,trace_derived,False,14,,,observed_shared_component,False,,,0,
cisbl7-567a059dbf6e80f2143f1d82,CISBL7,sandwich,0x43506849d7c04f9138d1a2050bbf3a0c054402dd,FiatTokenV2_2,True,shared_attack_victim_trace;victim_trace,False,candidate_exploited_component,trace_derived,False,18,"balanceOf(address);transfer(address,uint256);transferFrom(address,address,uint256)",,observed_shared_component,False,,,0,
cisbl7-567a059dbf6e80f2143f1d82,CISBL7,sandwich,0x69e15ab0fd240de689d09e4851181a6667968008,ElSapoPepe,True,shared_attack_victim_trace;victim_trace,False,candidate_exploited_component,trace_derived,False,12,"balanceOf(address);transfer(address,uint256)",,observed_shared_component,False,,,0,
cisbl7-567a059dbf6e80f2143f1d82,CISBL7,sandwich,0x6cb687c64678c6de7d37d70985191faf11e9fc9d,UniswapV2Pair,True,shared_attack_victim_trace;trading_pair;victim_trace,False,candidate_ordering_sensitive_market,trace_derived,False,4,"getReserves();swap(uint256,uint256,address,bytes)",,observed_ordering_target,True,0x022c0d9f,"swap(uint256,uint256,address,bytes)",0,
cisbl7-567a059dbf6e80f2143f1d82,CISBL7,sandwich,0x779d8c94342324fcf40af55aeae44a1e654c2550,UniswapV3Pool,True,shared_attack_victim_trace;trading_pair;victim_trace,False,candidate_ordering_sensitive_market,trace_derived,False,6,"burn(int24,int24,uint128);collect(address,int24,int24,uint128,uint128);mint(address,int24,int24,uint128,bytes);swap(address,bool,int256,uint160,bytes)",,observed_ordering_target,True,0x128acb08,"swap(address,bool,int256,uint160,bytes)",0,
cisbl7-567a059dbf6e80f2143f1d82,CISBL7,sandwich,0x88e6a0c2ddd26feeb64f039a2c41296fcb3f5640,UniswapV3Pool,True,shared_attack_victim_trace;victim_trace,False,candidate_exploited_component,trace_derived,False,2,"swap(address,bool,int256,uint160,bytes)",,observed_shared_component,False,,,0,
cisbl7-567a059dbf6e80f2143f1d82,CISBL7,sandwich,0xa0b86991c6218b36c1d19d4a2e9eb0ce3606eb48,FiatTokenProxy,True,shared_attack_victim_trace;victim_trace,False,candidate_exploited_component,trace_derived,False,18,,,observed_shared_component,False,,,0,
cisbl7-567a059dbf6e80f2143f1d82,CISBL7,sandwich,0xb8819cd07b042b4f514e4ab381f675614cb7b37d,UsualX,True,shared_attack_victim_trace;victim_trace,False,candidate_exploited_component,trace_derived,False,14,"balanceOf(address);transfer(address,uint256)",,observed_shared_component,False,,,0,
cisbl7-567a059dbf6e80f2143f1d82,CISBL7,sandwich,0xc02aaa39b223fe8d0a0e5c4f27ead9083c756cc2,WETH9,True,shared_attack_victim_trace;victim_trace,False,candidate_exploited_component,trace_derived,False,43,"allowance(address,address);approve(address,uint256);balanceOf(address);deposit();transfer(address,uint256);transferFrom(address,address,uint256);withdraw(uint256)",,observed_shared_component,False,,,0,
cisbl7-594b2fe82e8fcc81f83ddede,CISBL7,sandwich,0x11335d5909f3181b77cc942efb9e9f432d617a2b,UniswapV2Pair,True,shared_attack_victim_trace;trading_pair;victim_trace,False,candidate_ordering_sensitive_market,trace_derived,False,4,"getReserves();swap(uint256,uint256,address,bytes)",,observed_ordering_target,True,0x022c0d9f,"swap(uint256,uint256,address,bytes)",2,
cisbl7-594b2fe82e8fcc81f83ddede,CISBL7,sandwich,0x3ebec0a1b4055c8d1180fce64db2a8c068170880,UniswapV3Pool,True,shared_attack_victim_trace;trading_pair;victim_trace,False,candidate_ordering_sensitive_market,trace_derived,False,9,"burn(int24,int24,uint128);collect(address,int24,int24,uint128,uint128);mint(address,int24,int24,uint128,bytes);swap(address,bool,int256,uint160,bytes);token1()",,observed_ordering_target,True,0x128acb08,"swap(address,bool,int256,uint160,bytes)",2,
cisbl7-594b2fe82e8fcc81f83ddede,CISBL7,sandwich,0x64c5cba9a1bfbd2a5faf601d91beff2dcac2c974,Mystery,True,shared_attack_victim_trace;victim_trace,False,candidate_exploited_component,trace_derived,False,8,"balanceOf(address);transfer(address,uint256);transferFrom(address,address,uint256)",,observed_shared_component,False,,,2,
cisbl7-594b2fe82e8fcc81f83ddede,CISBL7,sandwich,0x85611e73a4d6ef11dd90029b7b0606714775ab72,UniswapV2Pair,True,shared_attack_victim_trace;trading_pair;victim_trace,False,candidate_ordering_sensitive_market,trace_derived,False,5,"getReserves();swap(uint256,uint256,address,bytes);token0()",,observed_ordering_target,True,0x022c0d9f,"swap(uint256,uint256,address,bytes)",2,
cisbl7-594b2fe82e8fcc81f83ddede,CISBL7,sandwich,0xadd39272e83895e7d3f244f696b7a25635f34234,Token,True,shared_attack_victim_trace;victim_trace,False,candidate_exploited_component,trace_derived,False,21,"balanceOf(address);transfer(address,uint256)",,observed_shared_component,False,,,2,
cisbl7-594b2fe82e8fcc81f83ddede,CISBL7,sandwich,0xc02aaa39b223fe8d0a0e5c4f27ead9083c756cc2,WETH9,True,shared_attack_victim_trace;victim_trace,False,candidate_exploited_component,trace_derived,False,40,"balanceOf(address);deposit();transfer(address,uint256);transferFrom(address,address,uint256);withdraw(uint256)",,observed_shared_component,False,,,2,
cisbl7-594b2fe82e8fcc81f83ddede,CISBL7,sandwich,0xcff252a3299be44fa73402966f30a0159308b2ad,ENVOYAI,True,shared_attack_victim_trace;victim_trace,False,candidate_exploited_component,trace_derived,False,8,"balanceOf(address);transfer(address,uint256)",,observed_shared_component,False,,,2,
cisbl7-5a87351a5ee501ee98e4ae80,CISBL7,sandwich,0x43506849d7c04f9138d1a2050bbf3a0c054402dd,FiatTokenV2_2,True,shared_attack_victim_trace;victim_trace,False,candidate_exploited_component,trace_derived,False,10,"balanceOf(address);transfer(address,uint256)",,observed_shared_component,False,,,0,
cisbl7-5a87351a5ee501ee98e4ae80,CISBL7,sandwich,0x725ac420e440ca6fb180894bfd03e8cadf514bd9,UniswapV2Pair,True,shared_attack_victim_trace;trading_pair;victim_trace,False,candidate_ordering_sensitive_market,trace_derived,False,4,"getReserves();swap(uint256,uint256,address,bytes)",,observed_ordering_target,True,0x022c0d9f,"swap(uint256,uint256,address,bytes)",2,
cisbl7-5a87351a5ee501ee98e4ae80,CISBL7,sandwich,0xa0b86991c6218b36c1d19d4a2e9eb0ce3606eb48,FiatTokenProxy,True,shared_attack_victim_trace;victim_trace,False,candidate_exploited_component,trace_derived,False,10,,,observed_shared_component,False,,,0,
cisbl7-5a87351a5ee501ee98e4ae80,CISBL7,sandwich,0xac1d3d7a8878e655cbb063d58e453540641f4117,AcidToad,True,shared_attack_victim_trace;victim_trace,False,candidate_exploited_component,trace_derived,False,12,"balanceOf(address);transfer(address,uint256)",,observed_shared_component,False,,,2,
cisbl7-5a87351a5ee501ee98e4ae80,CISBL7,sandwich,0xc02aaa39b223fe8d0a0e5c4f27ead9083c756cc2,WETH9,True,shared_attack_victim_trace;victim_trace,False,candidate_exploited_component,trace_derived,False,21,"allowance(address,address);balanceOf(address);deposit();transfer(address,uint256);transferFrom(address,address,uint256);withdraw(uint256)",,observed_shared_component,False,,,2,
cisbl7-5a87351a5ee501ee98e4ae80,CISBL7,sandwich,0xe0554a476a092703abdb3ef35c80e0d76d32939f,UniswapV3Pool,True,shared_attack_victim_trace;trading_pair;victim_trace,False,candidate_ordering_sensitive_market,trace_derived,False,3,"swap(address,bool,int256,uint160,bytes)",,observed_ordering_target,True,0x128acb08,"swap(address,bool,int256,uint160,bytes)",0,
cisbl7-5bcc3d27e99fa65b7838d8be,CISBL7,sandwich,0x0a6e7ba5042b38349e437ec6db6214aec7b35676,SwellToken,True,shared_attack_victim_trace;victim_trace,False,candidate_exploited_component,trace_derived,False,5,"balanceOf(address);transfer(address,uint256)",,observed_shared_component,False,,,2,
cisbl7-5bcc3d27e99fa65b7838d8be,CISBL7,sandwich,0x35b88354c51613fe8857e02668c68e8c52161ba2,UniswapV3Pool,True,shared_attack_victim_trace;trading_pair;victim_trace,False,candidate_ordering_sensitive_market,trace_derived,False,7,"fee();swap(address,bool,int256,uint160,bytes);token0();token1()",,observed_ordering_target,True,0x128acb08,"swap(address,bool,int256,uint160,bytes)",2,
cisbl7-5bcc3d27e99fa65b7838d8be,CISBL7,sandwich,0x3ce1f6bd6b0aa7520a14018dcc2261b1371d7c1a,CORN,True,shared_attack_victim_trace;victim_trace,False,candidate_exploited_component,trace_derived,False,28,"balanceOf(address);transfer(address,uint256);transferFrom(address,address,uint256)",,observed_shared_component,False,,,2,
cisbl7-5bcc3d27e99fa65b7838d8be,CISBL7,sandwich,0x6220add83b8103bffe40218e658068288eda4ec1,UniswapV2Pair,True,shared_attack_victim_trace;trading_pair;victim_trace,False,candidate_ordering_sensitive_market,trace_derived,False,18,"getReserves();swap(uint256,uint256,address,bytes)",,observed_ordering_target,True,0x022c0d9f,"swap(uint256,uint256,address,bytes)",2,
cisbl7-5bcc3d27e99fa65b7838d8be,CISBL7,sandwich,0xc02aaa39b223fe8d0a0e5c4f27ead9083c756cc2,WETH9,True,shared_attack_victim_trace;victim_trace,False,candidate_exploited_component,trace_derived,False,44,"balanceOf(address);transfer(address,uint256);transferFrom(address,address,uint256);withdraw(uint256)",,observed_shared_component,False,,,2,
cisbl7-5d50c97f95ae41fe012e999c,CISBL7,sandwich,0x26b17fc034b82a20563dbb02ec9e78b1d65d7a58,PenguToken,True,shared_attack_victim_trace;victim_trace,False,candidate_exploited_component,trace_derived,False,8,"balanceOf(address);transfer(address,uint256)",,observed_shared_component,False,,,0,
cisbl7-5d50c97f95ae41fe012e999c,CISBL7,sandwich,0x5de869e3e62b0fb2c15573246ba3bb3fd97a2275,ERC1967Proxy,True,shared_attack_victim_trace;victim_trace,False,candidate_exploited_component,trace_derived,False,6,,,observed_shared_component,False,,,1,
cisbl7-5d50c97f95ae41fe012e999c,CISBL7,sandwich,0x667102bd3413bfeaa3dffb48fa8288819e480a88,ERC20Token,True,shared_attack_victim_trace;victim_trace,False,candidate_exploited_component,trace_derived,False,11,"balanceOf(address);transfer(address,uint256);transferFrom(address,address,uint256)",,observed_shared_component,False,,,1,
cisbl7-5d50c97f95ae41fe012e999c,CISBL7,sandwich,0x6cbe748b2ee80c9edeb5e882f9be88871b5f15a8,UniswapV2Pair,True,shared_attack_victim_trace;trading_pair;victim_trace,False,candidate_ordering_sensitive_market,trace_derived,False,4,"getReserves();swap(uint256,uint256,address,bytes)",,observed_ordering_target,True,0x022c0d9f,"swap(uint256,uint256,address,bytes)",1,
cisbl7-5d50c97f95ae41fe012e999c,CISBL7,sandwich,0x80ee5c641a8ffc607545219a3856562f56427fe9,Brett,True,shared_attack_victim_trace;victim_trace,False,candidate_exploited_component,trace_derived,False,12,"balanceOf(address);transfer(address,uint256)",,observed_shared_component,False,,,1,
cisbl7-5d50c97f95ae41fe012e999c,CISBL7,sandwich,0x95f2610d0475d72e75bfcbd8bb7ecafe1f351b8d,UniswapV2Pair,True,shared_attack_victim_trace;trading_pair;victim_trace,False,candidate_ordering_sensitive_market,trace_derived,False,4,"getReserves();swap(uint256,uint256,address,bytes)",,observed_ordering_target,True,0x022c0d9f,"swap(uint256,uint256,address,bytes)",1,
cisbl7-5d50c97f95ae41fe012e999c,CISBL7,sandwich,0xc02aaa39b223fe8d0a0e5c4f27ead9083c756cc2,WETH9,True,shared_attack_victim_trace;victim_trace,False,candidate_exploited_component,trace_derived,False,33,"balanceOf(address);deposit();transfer(address,uint256);transferFrom(address,address,uint256);withdraw(uint256)",,observed_shared_component,False,,,1,
cisbl7-5d50c97f95ae41fe012e999c,CISBL7,sandwich,0xd76d3bc1e2d5954de690cd9987cc073458ec0e0d,UniswapV2Pair,True,shared_attack_victim_trace;trading_pair;victim_trace,False,candidate_ordering_sensitive_market,trace_derived,False,4,"getReserves();swap(uint256,uint256,address,bytes)",,observed_ordering_target,True,0x022c0d9f,"swap(uint256,uint256,address,bytes)",0,
cisbl7-5d50c97f95ae41fe012e999c,CISBL7,sandwich,0xdab143548832194c8f2677eba9830e0b453b37c6,UniswapV2Pair,True,shared_attack_victim_trace;trading_pair;victim_trace,False,candidate_ordering_sensitive_market,trace_derived,False,5,"getReserves();swap(uint256,uint256,address,bytes)",,observed_ordering_target,True,0x022c0d9f,"swap(uint256,uint256,address,bytes)",1,
cisbl7-5d50c97f95ae41fe012e999c,CISBL7,sandwich,0xe5bc6c59fecf634a2d1c09b4f2e780497c713e4f,Sheboshi,True,shared_attack_victim_trace;victim_trace,False,candidate_exploited_component,trace_derived,False,6,"balanceOf(address);transfer(address,uint256);transferFrom(address,address,uint256)",,observed_shared_component,False,,,1,
cisbl7-5d7ba387deedf57520a15b1e,CISBL7,sandwich,0x14154c15fc0fd3f91de557a1b6fdd2059972cd0b,UniswapV3Pool,True,shared_attack_victim_trace;trading_pair;victim_trace,False,candidate_ordering_sensitive_market,trace_derived,False,7,"burn(int24,int24,uint128);collect(address,int24,int24,uint128,uint128);mint(address,int24,int24,uint128,bytes);swap(address,bool,int256,uint160,bytes)",,observed_ordering_target,True,0x128acb08,"swap(address,bool,int256,uint160,bytes)",2,
cisbl7-5d7ba387deedf57520a15b1e,CISBL7,sandwich,0x2b65f9d2e4b84a2df6ff0525741b75d1276a9c2f,Usual,True,shared_attack_victim_trace;victim_trace,False,candidate_exploited_component,trace_derived,False,18,"balanceOf(address);transfer(address,uint256);transferFrom(address,address,uint256)",,observed_shared_component,False,,,2,
cisbl7-5d7ba387deedf57520a15b1e,CISBL7,sandwich,0x68037790a0229e9ce6eaa8a99ea92964106c4703,PAR,True,shared_attack_victim_trace;victim_trace,False,candidate_exploited_component,trace_derived,False,8,"balanceOf(address);transfer(address,uint256)",,observed_shared_component,False,,,2,
cisbl7-5d7ba387deedf57520a15b1e,CISBL7,sandwich,0x85503c60a699a518854385ca59f370d17722ebb0,UniswapV2Pair,True,shared_attack_victim_trace;trading_pair;victim_trace,False,candidate_ordering_sensitive_market,trace_derived,False,4,"getReserves();swap(uint256,uint256,address,bytes)",,observed_ordering_target,True,0x022c0d9f,"swap(uint256,uint256,address,bytes)",2,
cisbl7-5d7ba387deedf57520a15b1e,CISBL7,sandwich,0xc02aaa39b223fe8d0a0e5c4f27ead9083c756cc2,WETH9,True,shared_attack_victim_trace;victim_trace,False,candidate_exploited_component,trace_derived,False,23,"balanceOf(address);deposit();transfer(address,uint256);transferFrom(address,address,uint256);withdraw(uint256)",,observed_shared_component,False,,,2,
cisbl7-5d7ba387deedf57520a15b1e,CISBL7,sandwich,0xc4441c2be5d8fa8126822b9929ca0b81ea0de38e,TransparentUpgradeableProxy,True,shared_attack_victim_trace;victim_trace,False,candidate_exploited_component,trace_derived,False,18,,,observed_shared_component,False,,,2,
cisbl7-5dcc6dff48d37d4c5e5b0f88,CISBL7,sandwich,0x2260fac5e5542a773aa44fbcfedf7c193bc2c599,WBTC,True,shared_attack_victim_trace;victim_trace,False,candidate_exploited_component,trace_derived,False,13,"approve(address,uint256);balanceOf(address);transfer(address,uint256);transferFrom(address,address,uint256)",,observed_shared_component,False,,,2,
cisbl7-5dcc6dff48d37d4c5e5b0f88,CISBL7,sandwich,0x29c699485f9f45bf164960927f8136b6a8720ad5,UniswapV2Pair,True,shared_attack_victim_trace;trading_pair;victim_trace,False,candidate_ordering_sensitive_market,trace_derived,False,4,"getReserves();swap(uint256,uint256,address,bytes)",,observed_ordering_target,True,0x022c0d9f,"swap(uint256,uint256,address,bytes)",2,
cisbl7-5dcc6dff48d37d4c5e5b0f88,CISBL7,sandwich,0x43506849d7c04f9138d1a2050bbf3a0c054402dd,FiatTokenV2_2,True,shared_attack_victim_trace;victim_trace,False,candidate_exploited_component,trace_derived,False,12,"balanceOf(address);transfer(address,uint256)",,observed_shared_component,False,,,2,
cisbl7-5dcc6dff48d37d4c5e5b0f88,CISBL7,sandwich,0x9a772018fbd77fcd2d25657e5c547baff3fd7d16,UniswapV3Pool,True,shared_attack_victim_trace;trading_pair;victim_trace,False,candidate_ordering_sensitive_market,trace_derived,False,6,"burn(int24,int24,uint128);collect(address,int24,int24,uint128,uint128);mint(address,int24,int24,uint128,bytes);swap(address,bool,int256,uint160,bytes)",,observed_ordering_target,True,0x128acb08,"swap(address,bool,int256,uint160,bytes)",2,
cisbl7-5dcc6dff48d37d4c5e5b0f88,CISBL7,sandwich,0xa0b86991c6218b36c1d19d4a2e9eb0ce3606eb48,FiatTokenProxy,True,shared_attack_victim_trace;victim_trace,False,candidate_exploited_component,trace_derived,False,12,,,observed_shared_component,False,,,2,
cisbl7-5dcc6dff48d37d4c5e5b0f88,CISBL7,sandwich,0xc02aaa39b223fe8d0a0e5c4f27ead9083c756cc2,WETH9,True,shared_attack_victim_trace;victim_trace,False,candidate_exploited_component,trace_derived,False,8,"balanceOf(address);transfer(address,uint256);transferFrom(address,address,uint256)",,observed_shared_component,False,,,2,
cisbl7-5dcc6dff48d37d4c5e5b0f88,CISBL7,sandwich,0xf43f21384d03b5cbbddd58d2de64071e4ce76ab0,TokenMintERC20Token,True,shared_attack_victim_trace;victim_trace,False,candidate_exploited_component,trace_derived,False,8,"balanceOf(address);transfer(address,uint256)",,observed_shared_component,False,,,2,
cisbl7-618035bea51769bfa88aac00,CISBL7,sandwich,0x08650bb9dc722c9c8c62e79c2bafa2d3fc5b3293,JamUniswapV2Pair,True,shared_attack_victim_trace;trading_pair;victim_trace,False,candidate_ordering_sensitive_market,trace_derived,False,5,"getReserves();swap(uint256,uint256,address,bytes)",,observed_ordering_target,True,0x022c0d9f,"swap(uint256,uint256,address,bytes)",2,
cisbl7-618035bea51769bfa88aac00,CISBL7,sandwich,0x1820a4b7618bde71dce8cdc73aab6c95905fad24,ERC1820Registry,True,shared_attack_victim_trace;victim_trace,False,candidate_exploited_component,trace_derived,False,12,"getInterfaceImplementer(address,bytes32)",,observed_shared_component,False,,,2,
cisbl7-618035bea51769bfa88aac00,CISBL7,sandwich,0x43506849d7c04f9138d1a2050bbf3a0c054402dd,FiatTokenV2_2,True,shared_attack_victim_trace;victim_trace,False,candidate_exploited_component,trace_derived,False,15,"balanceOf(address);transfer(address,uint256);transferFrom(address,address,uint256)",,observed_shared_component,False,,,2,
cisbl7-618035bea51769bfa88aac00,CISBL7,sandwich,0x5083b16da538c5022744526122243cf3bddb3bf2,UniswapV2Pair,True,shared_attack_victim_trace;trading_pair;victim_trace,False,candidate_ordering_sensitive_market,trace_derived,False,5,"getReserves();swap(uint256,uint256,address,bytes)",,observed_ordering_target,True,0x022c0d9f,"swap(uint256,uint256,address,bytes)",2,
cisbl7-618035bea51769bfa88aac00,CISBL7,sandwich,0x5c6919b79fac1c3555675ae59a9ac2484f3972f5,UniswapV2Pair,True,shared_attack_victim_trace;trading_pair;victim_trace,False,candidate_ordering_sensitive_market,trace_derived,False,4,"getReserves();swap(uint256,uint256,address,bytes)",,observed_ordering_target,True,0x022c0d9f,"swap(uint256,uint256,address,bytes)",2,
cisbl7-618035bea51769bfa88aac00,CISBL7,sandwich,0x6b0b3a982b4634ac68dd83a4dbf02311ce324181,AliERC20v2,True,shared_attack_victim_trace;victim_trace,False,candidate_exploited_component,trace_derived,False,10,"balanceOf(address);transfer(address,uint256)",,observed_shared_component,False,,,2,
cisbl7-618035bea51769bfa88aac00,CISBL7,sandwich,0x6e79b51959cf968d87826592f46f819f92466615,Hoppy,True,shared_attack_victim_trace;victim_trace,False,candidate_exploited_component,trace_derived,False,9,"balanceOf(address);transfer(address,uint256);transferFrom(address,address,uint256)",,observed_shared_component,False,,,2,
cisbl7-618035bea51769bfa88aac00,CISBL7,sandwich,0xa0b86991c6218b36c1d19d4a2e9eb0ce3606eb48,FiatTokenProxy,True,shared_attack_victim_trace;victim_trace,False,candidate_exploited_component,trace_derived,False,15,,,observed_shared_component,False,,,2,
cisbl7-618035bea51769bfa88aac00,CISBL7,sandwich,0xc02aaa39b223fe8d0a0e5c4f27ead9083c756cc2,WETH9,True,shared_attack_victim_trace;victim_trace,False,candidate_exploited_component,trace_derived,False,25,"balanceOf(address);transfer(address,uint256);transferFrom(address,address,uint256)",,observed_shared_component,False,,,2,
cisbl7-618035bea51769bfa88aac00,CISBL7,sandwich,0xff20817765cb7f73d4bde2e66e067e58d11095c2,Amp,True,shared_attack_victim_trace;victim_trace,False,candidate_exploited_component,trace_derived,False,14,"approve(address,uint256);balanceOf(address);transfer(address,uint256);transferFrom(address,address,uint256)",,observed_shared_component,False,,,2,
cisbl7-628bd9df4c327cebc472cb4d,CISBL7,sandwich,0x02e7f808990638e9e67e1f00313037ede2362361,KiboShib,True,shared_attack_victim_trace;victim_trace,False,candidate_exploited_component,trace_derived,False,12,"balanceOf(address);transfer(address,uint256)",,observed_shared_component,False,,,0,
cisbl7-628bd9df4c327cebc472cb4d,CISBL7,sandwich,0x07b1c12be0d62fe548a2b4b025ab7a5ca8def21e,UniswapV3Pool,True,shared_attack_victim_trace;trading_pair;victim_trace,False,candidate_ordering_sensitive_market,trace_derived,False,7,"fee();swap(address,bool,int256,uint160,bytes);token0();token1()",,observed_ordering_target,True,0x128acb08,"swap(address,bool,int256,uint160,bytes)",0,
cisbl7-628bd9df4c327cebc472cb4d,CISBL7,sandwich,0xc02aaa39b223fe8d0a0e5c4f27ead9083c756cc2,WETH9,True,shared_attack_victim_trace;victim_trace,False,candidate_exploited_component,trace_derived,False,16,"balanceOf(address);deposit();transfer(address,uint256);transferFrom(address,address,uint256)",,observed_shared_component,False,,,0,
cisbl7-628bd9df4c327cebc472cb4d,CISBL7,sandwich,0xd533a949740bb3306d119cc777fa900ba034cd52,Vyper_contract,False,shared_attack_victim_trace;victim_trace,False,candidate_exploited_component,trace_derived,False,13,,,observed_shared_component,False,,,0,
cisbl7-628bd9df4c327cebc472cb4d,CISBL7,sandwich,0xdac17f958d2ee523a2206206994597c13d831ec7,TetherToken,True,shared_attack_victim_trace;victim_trace,False,candidate_exploited_component,trace_derived,False,12,"balanceOf(address);transfer(address,uint256)",,observed_shared_component,False,,,0,
cisbl7-628bd9df4c327cebc472cb4d,CISBL7,sandwich,0xf22fdd2be7c6da9788e4941a6ffc78ca99d7b15c,UniswapV2Pair,True,shared_attack_victim_trace;trading_pair;victim_trace,False,candidate_ordering_sensitive_market,trace_derived,False,4,"getReserves();swap(uint256,uint256,address,bytes)",,observed_ordering_target,True,0x022c0d9f,"swap(uint256,uint256,address,bytes)",0,
cisbl7-62a96206b86f630fe39b5caa,CISBL7,sandwich,0x2260fac5e5542a773aa44fbcfedf7c193bc2c599,WBTC,True,shared_attack_victim_trace;victim_trace,False,candidate_exploited_component,trace_derived,False,11,"balanceOf(address);transfer(address,uint256);transferFrom(address,address,uint256)",,observed_shared_component,False,,,2,
cisbl7-62a96206b86f630fe39b5caa,CISBL7,sandwich,0x4585fe77225b41b697c938b018e2ac67ac5a20c0,UniswapV3Pool,True,shared_attack_victim_trace;trading_pair;victim_trace,False,candidate_ordering_sensitive_market,trace_derived,False,6,"burn(int24,int24,uint128);collect(address,int24,int24,uint128,uint128);mint(address,int24,int24,uint128,bytes);swap(address,bool,int256,uint160,bytes)",,observed_ordering_target,True,0x128acb08,"swap(address,bool,int256,uint160,bytes)",2,
cisbl7-62a96206b86f630fe39b5caa,CISBL7,sandwich,0x55296f69f40ea6d20e478533c15a6b08b654e758,TokenERC20,True,shared_attack_victim_trace;victim_trace,False,candidate_exploited_component,trace_derived,False,16,"balanceOf(address);transfer(address,uint256);transferFrom(address,address,uint256)",,observed_shared_component,False,,,2,
cisbl7-62a96206b86f630fe39b5caa,CISBL7,sandwich,0xa986f2a12d85c44429f574ba50c0e21052b18ba1,UniswapV2Pair,True,shared_attack_victim_trace;trading_pair;victim_trace,False,candidate_ordering_sensitive_market,trace_derived,False,4,"getReserves();swap(uint256,uint256,address,bytes)",,observed_ordering_target,True,0x022c0d9f,"swap(uint256,uint256,address,bytes)",2,
cisbl7-62a96206b86f630fe39b5caa,CISBL7,sandwich,0xc02aaa39b223fe8d0a0e5c4f27ead9083c756cc2,WETH9,True,shared_attack_victim_trace;victim_trace,False,candidate_exploited_component,trace_derived,False,30,"balanceOf(address);transfer(address,uint256);transferFrom(address,address,uint256);withdraw(uint256)",,observed_shared_component,False,,,2,
cisbl7-62a96206b86f630fe39b5caa,CISBL7,sandwich,0xc7bbec68d12a0d1830360f8ec58fa599ba1b0e9b,UniswapV3Pool,True,shared_attack_victim_trace;trading_pair;victim_trace,False,candidate_ordering_sensitive_market,trace_derived,False,3,"swap(address,bool,int256,uint160,bytes)",,observed_ordering_target,True,0x128acb08,"swap(address,bool,int256,uint160,bytes)",2,
cisbl7-62a96206b86f630fe39b5caa,CISBL7,sandwich,0xdac17f958d2ee523a2206206994597c13d831ec7,TetherToken,True,shared_attack_victim_trace;victim_trace,False,candidate_exploited_component,trace_derived,False,12,"balanceOf(address);transfer(address,uint256);transferFrom(address,address,uint256)",,observed_shared_component,False,,,2,
cisbl7-62a96206b86f630fe39b5caa,CISBL7,sandwich,0xe331de28cd81b768c19a366b0e4e4675c45ec2da,UniswapV3Pool,True,shared_attack_victim_trace;victim_trace,False,candidate_exploited_component,trace_derived,False,2,"swap(address,bool,int256,uint160,bytes)",,observed_shared_component,False,,,1,
cisbl7-6a2ac05478c5a8f5bb9bfc77,CISBL7,sandwich,0x2b1d36f5b61addaf7da7ebbd11b35fd8cfb0de31,InterportToken,True,shared_attack_victim_trace;victim_trace,False,candidate_exploited_component,trace_derived,False,10,"balanceOf(address);transfer(address,uint256)",,observed_shared_component,False,,,1,
cisbl7-6a2ac05478c5a8f5bb9bfc77,CISBL7,sandwich,0x4298e4ad48be89bf63a6fdc470a4b4fe9ce633b1,Neiro,True,shared_attack_victim_trace;victim_trace,False,candidate_exploited_component,trace_derived,False,12,"balanceOf(address);transfer(address,uint256)",,observed_shared_component,False,,,0,
cisbl7-6a2ac05478c5a8f5bb9bfc77,CISBL7,sandwich,0x4db2c7dd361379134140ffb9d85248e8498008e4,UniswapV2Pair,True,shared_attack_victim_trace;trading_pair;victim_trace,False,candidate_ordering_sensitive_market,trace_derived,False,4,"getReserves();swap(uint256,uint256,address,bytes)",,observed_ordering_target,True,0x022c0d9f,"swap(uint256,uint256,address,bytes)",1,
cisbl7-6a2ac05478c5a8f5bb9bfc77,CISBL7,sandwich,0xc02aaa39b223fe8d0a0e5c4f27ead9083c756cc2,WETH9,True,shared_attack_victim_trace;victim_trace,False,candidate_exploited_component,trace_derived,False,14,"balanceOf(address);deposit();transfer(address,uint256)",,observed_shared_component,False,,,1,
cisbl7-6a2ac05478c5a8f5bb9bfc77,CISBL7,sandwich,0xe2c456b849be4cd14d8422d9868953ac60633e0d,UniswapV2Pair,True,shared_attack_victim_trace;trading_pair;victim_trace,False,candidate_ordering_sensitive_market,trace_derived,False,4,"getReserves();swap(uint256,uint256,address,bytes)",,observed_ordering_target,True,0x022c0d9f,"swap(uint256,uint256,address,bytes)",0,
cisbl7-6a4f922da0cbb4d440f5e440,CISBL7,sandwich,0x318ba85ca49a3b12d3cf9c72cc72b29316971802,UniswapV2Pair,True,shared_attack_victim_trace;trading_pair;victim_trace,False,candidate_ordering_sensitive_market,trace_derived,False,4,"getReserves();swap(uint256,uint256,address,bytes)",,observed_ordering_target,True,0x022c0d9f,"swap(uint256,uint256,address,bytes)",2,
cisbl7-6a4f922da0cbb4d440f5e440,CISBL7,sandwich,0x42069026eac8eee0fd9b5f7adfa4f6e6d69a2b39,MSTR2100,True,shared_attack_victim_trace;victim_trace,False,candidate_exploited_component,trace_derived,False,12,"balanceOf(address);transfer(address,uint256)",,observed_shared_component,False,,,2,
cisbl7-6a4f922da0cbb4d440f5e440,CISBL7,sandwich,0x5615af7746f6c6da1c8b9b2f17c27604fb5b5db9,UniswapV3Pool,True,shared_attack_victim_trace;trading_pair;victim_trace,False,candidate_ordering_sensitive_market,trace_derived,False,3,"swap(address,bool,int256,uint160,bytes)",,observed_ordering_target,True,0x128acb08,"swap(address,bool,int256,uint160,bytes)",2,
cisbl7-6a4f922da0cbb4d440f5e440,CISBL7,sandwich,0x58cb30368ceb2d194740b144eab4c2da8a917dcb,ERC20ByMetadrop,True,shared_attack_victim_trace;victim_trace,False,candidate_exploited_component,trace_derived,False,14,"allowance(address,address);approve(address,uint256);balanceOf(address);transfer(address,uint256);transferFrom(address,address,uint256)",,observed_shared_component,False,,,2,
cisbl7-6a4f922da0cbb4d440f5e440,CISBL7,sandwich,0x62f03b52c377fea3eb71d451a95ad86c818755d1,Token,True,shared_attack_victim_trace;victim_trace,False,candidate_exploited_component,trace_derived,False,5,"balanceOf(address);transfer(address,uint256)",,observed_shared_component,False,,,2,
cisbl7-6a4f922da0cbb4d440f5e440,CISBL7,sandwich,0x68b44c26874998adbd41a964e92315809524c7cb,UniswapV2Pair,True,shared_attack_victim_trace;trading_pair;victim_trace,False,candidate_ordering_sensitive_market,trace_derived,False,4,"getReserves();swap(uint256,uint256,address,bytes)",,observed_ordering_target,True,0x022c0d9f,"swap(uint256,uint256,address,bytes)",2,
cisbl7-6a4f922da0cbb4d440f5e440,CISBL7,sandwich,0xc02aaa39b223fe8d0a0e5c4f27ead9083c756cc2,WETH9,True,shared_attack_victim_trace;victim_trace,False,candidate_exploited_component,trace_derived,False,28,"balanceOf(address);deposit();transfer(address,uint256);transferFrom(address,address,uint256)",,observed_shared_component,False,,,2,
cisbl7-6a8603ae9df75f07c3ad2569,CISBL7,sandwich,0x33906431e44553411b8668543ffc20aaa24f75f9,UniswapV2Pair,True,shared_attack_victim_trace;trading_pair;victim_trace,False,candidate_ordering_sensitive_market,trace_derived,False,4,"getReserves();swap(uint256,uint256,address,bytes)",,observed_ordering_target,True,0x022c0d9f,"swap(uint256,uint256,address,bytes)",2,
cisbl7-6a8603ae9df75f07c3ad2569,CISBL7,sandwich,0x3ce1f6bd6b0aa7520a14018dcc2261b1371d7c1a,CORN,True,shared_attack_victim_trace;victim_trace,False,candidate_exploited_component,trace_derived,False,31,"balanceOf(address);transfer(address,uint256);transferFrom(address,address,uint256)",,observed_shared_component,False,,,2,
cisbl7-6a8603ae9df75f07c3ad2569,CISBL7,sandwich,0x6220add83b8103bffe40218e658068288eda4ec1,UniswapV2Pair,True,shared_attack_victim_trace;trading_pair;victim_trace,False,candidate_ordering_sensitive_market,trace_derived,False,20,"getReserves();swap(uint256,uint256,address,bytes)",,observed_ordering_target,True,0x022c0d9f,"swap(uint256,uint256,address,bytes)",2,
cisbl7-6a8603ae9df75f07c3ad2569,CISBL7,sandwich,0xc02aaa39b223fe8d0a0e5c4f27ead9083c756cc2,WETH9,True,shared_attack_victim_trace;victim_trace,False,candidate_exploited_component,trace_derived,False,48,"balanceOf(address);deposit();transfer(address,uint256);transferFrom(address,address,uint256);withdraw(uint256)",,observed_shared_component,False,,,2,
cisbl7-6a8603ae9df75f07c3ad2569,CISBL7,sandwich,0xc4c2614e694cf534d407ee49f8e44d125e4681c4,AdminUpgradeabilityProxy,True,shared_attack_victim_trace;victim_trace,False,candidate_exploited_component,trace_derived,False,8,,,observed_shared_component,False,,,2,
cisbl7-6a8603ae9df75f07c3ad2569,CISBL7,sandwich,0xc8eb4db04b58842f280a9f9506f09322557bae3a,,False,shared_attack_victim_trace;victim_trace,False,candidate_exploited_component,trace_derived,False,8,,,observed_shared_component,False,,,2,
cisbl7-6b966fd6430a5ef69c917925,CISBL7,sandwich,0x2cbe315056605722d9c2c422110fa24e2f222d57,UniswapV2Pair,True,shared_attack_victim_trace;trading_pair;victim_trace,False,candidate_ordering_sensitive_market,trace_derived,False,6,"getReserves();swap(uint256,uint256,address,bytes);token0();token1()",,observed_ordering_target,True,0x022c0d9f,"swap(uint256,uint256,address,bytes)",2,
cisbl7-6b966fd6430a5ef69c917925,CISBL7,sandwich,0x43506849d7c04f9138d1a2050bbf3a0c054402dd,FiatTokenV2_2,True,shared_attack_victim_trace;victim_trace,False,candidate_exploited_component,trace_derived,False,10,"balanceOf(address);transfer(address,uint256)",,observed_shared_component,False,,,2,
cisbl7-6b966fd6430a5ef69c917925,CISBL7,sandwich,0xa0b86991c6218b36c1d19d4a2e9eb0ce3606eb48,FiatTokenProxy,True,shared_attack_victim_trace;victim_trace,False,candidate_exploited_component,trace_derived,False,10,,,observed_shared_component,False,,,2,
cisbl7-6b966fd6430a5ef69c917925,CISBL7,sandwich,0xc02aaa39b223fe8d0a0e5c4f27ead9083c756cc2,WETH9,True,shared_attack_victim_trace;victim_trace,False,candidate_exploited_component,trace_derived,False,22,"allowance(address,address);balanceOf(address);deposit();transfer(address,uint256);transferFrom(address,address,uint256);withdraw(uint256)",,observed_shared_component,False,,,2,
cisbl7-6b966fd6430a5ef69c917925,CISBL7,sandwich,0xe0554a476a092703abdb3ef35c80e0d76d32939f,UniswapV3Pool,True,shared_attack_victim_trace;trading_pair;victim_trace,False,candidate_ordering_sensitive_market,trace_derived,False,3,"swap(address,bool,int256,uint160,bytes)",,observed_ordering_target,True,0x128acb08,"swap(address,bool,int256,uint160,bytes)",2,
cisbl7-6b966fd6430a5ef69c917925,CISBL7,sandwich,0xff284f2e8cce4cd2f4537d8a9369482b545908fb,NodelyAI,True,shared_attack_victim_trace;victim_trace,False,candidate_exploited_component,trace_derived,False,8,"balanceOf(address);transfer(address,uint256)",,observed_shared_component,False,,,2,
cisbl7-6bbd74fc8728c656ca07f83c,CISBL7,sandwich,0x1b47a665364bc15c28b05f449b53354d0ceff72f,EETH,True,shared_attack_victim_trace;victim_trace,False,candidate_exploited_component,trace_derived,False,39,"approve(address,uint256);balanceOf(address);shares(address);totalShares();transfer(address,uint256);transferFrom(address,address,uint256)",,observed_shared_component,False,,,1,
cisbl7-6bbd74fc8728c656ca07f83c,CISBL7,sandwich,0x308861a430be4cce5502d0a12724771fc6daf216,UUPSProxy,True,shared_attack_victim_trace;victim_trace,False,candidate_exploited_component,trace_derived,False,14,,,observed_shared_component,False,,,1,
cisbl7-6bbd74fc8728c656ca07f83c,CISBL7,sandwich,0x35fa164735182de50811e8e2e824cfb9b6118ac2,UUPSProxy,True,shared_attack_victim_trace;victim_trace,False,candidate_exploited_component,trace_derived,False,39,,,observed_shared_component,False,,,1,
cisbl7-6bbd74fc8728c656ca07f83c,CISBL7,sandwich,0x43506849d7c04f9138d1a2050bbf3a0c054402dd,FiatTokenV2_2,True,shared_attack_victim_trace;victim_trace,False,candidate_exploited_component,trace_derived,False,10,"balanceOf(address);transfer(address,uint256)",,observed_shared_component,False,,,1,
cisbl7-6bbd74fc8728c656ca07f83c,CISBL7,sandwich,0x6db0fe375ccb8ac3c2a0984d678bcd99981ddcb6,UniswapV2Pair,True,shared_attack_victim_trace;trading_pair;victim_trace,False,candidate_ordering_sensitive_market,trace_derived,False,4,"getReserves();swap(uint256,uint256,address,bytes)",,observed_ordering_target,True,0x022c0d9f,"swap(uint256,uint256,address,bytes)",1,
cisbl7-6bbd74fc8728c656ca07f83c,CISBL7,sandwich,0x7b1e5d984a43ee732de195628d20d05cfabc3cc7,UniswapV3Pool,True,shared_attack_victim_trace;trading_pair;victim_trace,False,candidate_ordering_sensitive_market,trace_derived,False,6,"burn(int24,int24,uint128);collect(address,int24,int24,uint128,uint128);mint(address,int24,int24,uint128,bytes);swap(address,bool,int256,uint160,bytes)",,observed_ordering_target,True,0x128acb08,"swap(address,bool,int256,uint160,bytes)",1,
cisbl7-6bbd74fc8728c656ca07f83c,CISBL7,sandwich,0xa0b86991c6218b36c1d19d4a2e9eb0ce3606eb48,FiatTokenProxy,True,shared_attack_victim_trace;victim_trace,False,candidate_exploited_component,trace_derived,False,10,,,observed_shared_component,False,,,1,
cisbl7-6bbd74fc8728c656ca07f83c,CISBL7,sandwich,0xa8a8be862ba6301e5949abde93b1d892c14ffb1f,LiquidityPool,True,shared_attack_victim_trace;victim_trace,False,candidate_exploited_component,trace_derived,False,14,getTotalEtherClaimOf(address);sharesForAmount(uint256),,observed_shared_component,False,,,1,
cisbl7-6bbd74fc8728c656ca07f83c,CISBL7,sandwich,0xc02aaa39b223fe8d0a0e5c4f27ead9083c756cc2,WETH9,True,shared_attack_victim_trace;victim_trace,False,candidate_exploited_component,trace_derived,False,59,"approve(address,uint256);balanceOf(address);transfer(address,uint256);transferFrom(address,address,uint256);withdraw(uint256)",,observed_shared_component,False,,,1,
cisbl7-6bbd74fc8728c656ca07f83c,CISBL7,sandwich,0xe0554a476a092703abdb3ef35c80e0d76d32939f,UniswapV3Pool,True,shared_attack_victim_trace;trading_pair;victim_trace,False,candidate_ordering_sensitive_market,trace_derived,False,3,"swap(address,bool,int256,uint160,bytes)",,observed_ordering_target,True,0x128acb08,"swap(address,bool,int256,uint160,bytes)",1,
cisbl7-6bbd74fc8728c656ca07f83c,CISBL7,sandwich,0xfaba6f8e4a5e8ab82f62fe7c39859fa577269be3,Ondo,True,shared_attack_victim_trace;victim_trace,False,candidate_exploited_component,trace_derived,False,17,"balanceOf(address);transfer(address,uint256)",,observed_shared_component,False,,,1,
cisbl7-6d11b78960e9b054424834b0,CISBL7,sandwich,0x1385fc1fe0418ea0b4fcf7adc61fc7535ab7f80d,UniswapV3Pool,True,shared_attack_victim_trace;trading_pair;victim_trace,False,candidate_ordering_sensitive_market,trace_derived,False,6,"burn(int24,int24,uint128);collect(address,int24,int24,uint128,uint128);mint(address,int24,int24,uint128,bytes);swap(address,bool,int256,uint160,bytes)",,observed_ordering_target,True,0x128acb08,"swap(address,bool,int256,uint160,bytes)",2,
cisbl7-6d11b78960e9b054424834b0,CISBL7,sandwich,0x1495bc9e44af1f8bcb62278d2bec4540cf0c05ea,TransparentUpgradeableProxy,True,shared_attack_victim_trace;victim_trace,False,candidate_exploited_component,trace_derived,False,15,,,observed_shared_component,False,,,2,
cisbl7-6d11b78960e9b054424834b0,CISBL7,sandwich,0x454954e9afc59fad90ae04068691304d2f5e249f,UniswapV2Pair,True,shared_attack_victim_trace;trading_pair;victim_trace,False,candidate_ordering_sensitive_market,trace_derived,False,4,"getReserves();swap(uint256,uint256,address,bytes)",,observed_ordering_target,True,0x022c0d9f,"swap(uint256,uint256,address,bytes)",2,
cisbl7-6d11b78960e9b054424834b0,CISBL7,sandwich,0x6e9937554245d3c7c130326b1398a16fb6b149fb,Fox,True,shared_attack_victim_trace;victim_trace,False,candidate_exploited_component,trace_derived,False,13,"balanceOf(address);transfer(address,uint256);transferFrom(address,address,uint256)",,observed_shared_component,False,,,2,
cisbl7-6d11b78960e9b054424834b0,CISBL7,sandwich,0x859f7092f56c43bb48bb46de7119d9c799716cdf,UniswapV2Pair,True,shared_attack_victim_trace;trading_pair;victim_trace,False,candidate_ordering_sensitive_market,trace_derived,False,4,"getReserves();swap(uint256,uint256,address,bytes)",,observed_ordering_target,True,0x022c0d9f,"swap(uint256,uint256,address,bytes)",2,
cisbl7-6d11b78960e9b054424834b0,CISBL7,sandwich,0xa2cd3d43c775978a96bdbf12d733d5a1ed94fb18,Chain,True,shared_attack_victim_trace;victim_trace,False,candidate_exploited_component,trace_derived,False,6,"balanceOf(address);transfer(address,uint256)",,observed_shared_component,False,,,2,
cisbl7-6d11b78960e9b054424834b0,CISBL7,sandwich,0xa741b0877589ae76c1fefa5142489e1ed7ebfa22,UniswapV2Pair,True,shared_attack_victim_trace;trading_pair;victim_trace,False,candidate_ordering_sensitive_market,trace_derived,False,8,"getReserves();swap(uint256,uint256,address,bytes)",,observed_ordering_target,True,0x022c0d9f,"swap(uint256,uint256,address,bytes)",2,
cisbl7-6d11b78960e9b054424834b0,CISBL7,sandwich,0xc02aaa39b223fe8d0a0e5c4f27ead9083c756cc2,WETH9,True,shared_attack_victim_trace;victim_trace,False,candidate_exploited_component,trace_derived,False,42,"balanceOf(address);deposit();transfer(address,uint256);transferFrom(address,address,uint256);withdraw(uint256)",,observed_shared_component,False,,,2,
cisbl7-6d11b78960e9b054424834b0,CISBL7,sandwich,0xed748271ed9998c8d26b321f6efac8178515721e,DEAI,True,shared_attack_victim_trace;victim_trace,False,candidate_exploited_component,trace_derived,False,15,"balanceOf(address);transfer(address,uint256)",,observed_shared_component,False,,,2,
cisbl7-6d11b78960e9b054424834b0,CISBL7,sandwich,0xf477ac7719e2e659001455cdda0cc8f3ad10b604,AUTOS,True,shared_attack_victim_trace;victim_trace,False,candidate_exploited_component,trace_derived,False,6,"balanceOf(address);transfer(address,uint256)",,observed_shared_component,False,,,2,
cisbl7-6d46e7a6678499b8e7258f23,CISBL7,sandwich,0x0f388ecdbc128083bfe317b00de2c25fbe9f24d5,UniswapV2Pair,True,shared_attack_victim_trace;trading_pair;victim_trace,False,candidate_ordering_sensitive_market,trace_derived,False,4,"getReserves();swap(uint256,uint256,address,bytes)",,observed_ordering_target,True,0x022c0d9f,"swap(uint256,uint256,address,bytes)",2,
cisbl7-6d46e7a6678499b8e7258f23,CISBL7,sandwich,0x36c7188d64c44301272db3293899507eabb8ed43,SWAG,True,shared_attack_victim_trace;victim_trace,False,candidate_exploited_component,trace_derived,False,7,"balanceOf(address);transfer(address,uint256);transferFrom(address,address,uint256)",,observed_shared_component,False,,,2,
cisbl7-6d46e7a6678499b8e7258f23,CISBL7,sandwich,0xc02aaa39b223fe8d0a0e5c4f27ead9083c756cc2,WETH9,True,shared_attack_victim_trace;victim_trace,False,candidate_exploited_component,trace_derived,False,25,"balanceOf(address);transfer(address,uint256);transferFrom(address,address,uint256);withdraw(uint256)",,observed_shared_component,False,,,2,
cisbl7-6d46e7a6678499b8e7258f23,CISBL7,sandwich,0xc7bbec68d12a0d1830360f8ec58fa599ba1b0e9b,UniswapV3Pool,True,shared_attack_victim_trace;trading_pair;victim_trace,False,candidate_ordering_sensitive_market,trace_derived,False,3,"swap(address,bool,int256,uint160,bytes)",,observed_ordering_target,True,0x128acb08,"swap(address,bool,int256,uint160,bytes)",2,
cisbl7-6d46e7a6678499b8e7258f23,CISBL7,sandwich,0xdac17f958d2ee523a2206206994597c13d831ec7,TetherToken,True,shared_attack_victim_trace;victim_trace,False,candidate_exploited_component,trace_derived,False,9,"balanceOf(address);transfer(address,uint256)",,observed_shared_component,False,,,2,
cisbl7-6d4b67fb7a1cc25da12722d9,CISBL7,sandwich,0x2260fac5e5542a773aa44fbcfedf7c193bc2c599,WBTC,True,shared_attack_victim_trace;victim_trace,False,candidate_exploited_component,trace_derived,False,24,"allowance(address,address);approve(address,uint256);balanceOf(address);decimals();transfer(address,uint256);transferFrom(address,address,uint256)",,observed_shared_component,False,,,2,
cisbl7-6d4b67fb7a1cc25da12722d9,CISBL7,sandwich,0x408e41876cccdc0f92210600ef50372656052a38,RepublicToken,True,shared_attack_victim_trace;victim_trace,False,candidate_exploited_component,trace_derived,False,17,"balanceOf(address);transfer(address,uint256)",,observed_shared_component,False,,,2,
cisbl7-6d4b67fb7a1cc25da12722d9,CISBL7,sandwich,0x40d16fc0246ad3160ccc09b8d0d3a2cd28ae6c2f,GhoToken,True,shared_attack_victim_trace;victim_trace,False,candidate_exploited_component,trace_derived,False,11,"allowance(address,address);balanceOf(address);burn(uint256);decimals();transfer(address,uint256);transferFrom(address,address,uint256)",,observed_shared_component,False,,,1,
cisbl7-6d4b67fb7a1cc25da12722d9,CISBL7,sandwich,0x43506849d7c04f9138d1a2050bbf3a0c054402dd,FiatTokenV2_2,True,shared_attack_victim_trace;victim_trace,False,candidate_exploited_component,trace_derived,False,13,"balanceOf(address);transfer(address,uint256);transferFrom(address,address,uint256)",,observed_shared_component,False,,,2,
cisbl7-6d4b67fb7a1cc25da12722d9,CISBL7,sandwich,0x5c95d4b1c3321cf898d25949f41d50be2db5bc1d,UniswapV3Pool,True,shared_attack_victim_trace;victim_trace,False,candidate_exploited_component,trace_derived,False,2,"swap(address,bool,int256,uint160,bytes)",,observed_shared_component,False,,,1,
cisbl7-6d4b67fb7a1cc25da12722d9,CISBL7,sandwich,0x60215db40b04fe029c42c56ff2e02221c1f288ef,JustAChillGuy,True,shared_attack_victim_trace;victim_trace,False,candidate_exploited_component,trace_derived,False,7,"balanceOf(address);transfer(address,uint256);transferFrom(address,address,uint256)",,observed_shared_component,False,,,2,
cisbl7-6d4b67fb7a1cc25da12722d9,CISBL7,sandwich,0x8bd1661da98ebdd3bd080f0be4e6d9be8ce9858c,UniswapV2Pair,True,shared_attack_victim_trace;trading_pair;victim_trace,False,candidate_ordering_sensitive_market,trace_derived,False,5,"getReserves();swap(uint256,uint256,address,bytes)",,observed_ordering_target,True,0x022c0d9f,"swap(uint256,uint256,address,bytes)",2,
cisbl7-6d4b67fb7a1cc25da12722d9,CISBL7,sandwich,0x9a772018fbd77fcd2d25657e5c547baff3fd7d16,UniswapV3Pool,True,shared_attack_victim_trace;trading_pair;victim_trace,False,candidate_ordering_sensitive_market,trace_derived,False,4,"swap(address,bool,int256,uint160,bytes)",,observed_ordering_target,True,0x128acb08,"swap(address,bool,int256,uint160,bytes)",2,
cisbl7-6d4b67fb7a1cc25da12722d9,CISBL7,sandwich,0xa0b86991c6218b36c1d19d4a2e9eb0ce3606eb48,FiatTokenProxy,True,shared_attack_victim_trace;victim_trace,False,candidate_exploited_component,trace_derived,False,13,,,observed_shared_component,False,,,2,
cisbl7-6d4b67fb7a1cc25da12722d9,CISBL7,sandwich,0xa3ad1aaf0306179f0e6e1ac7566fc60cd24d4289,UniswapV2Pair,True,shared_attack_victim_trace;trading_pair;victim_trace,False,candidate_ordering_sensitive_market,trace_derived,False,5,"getReserves();swap(uint256,uint256,address,bytes)",,observed_ordering_target,True,0x022c0d9f,"swap(uint256,uint256,address,bytes)",2,
cisbl7-6d4b67fb7a1cc25da12722d9,CISBL7,sandwich,0xc02aaa39b223fe8d0a0e5c4f27ead9083c756cc2,WETH9,True,shared_attack_victim_trace;victim_trace,False,candidate_exploited_component,trace_derived,False,28,"allowance(address,address);balanceOf(address);deposit();transfer(address,uint256);transferFrom(address,address,uint256)",,observed_shared_component,False,,,2,
cisbl7-72bb92bbcb024b1c1530aa7c,CISBL7,sandwich,0x38e382f74dfb84608f3c1f10187f6bef5951de93,BRC20,True,shared_attack_victim_trace;victim_trace,False,candidate_exploited_component,trace_derived,False,15,"approve(address,uint256);balanceOf(address);transfer(address,uint256);transferFrom(address,address,uint256)",,observed_shared_component,False,,,2,
cisbl7-72bb92bbcb024b1c1530aa7c,CISBL7,sandwich,0x844eb5c280f38c7462316aad3f338ef9bda62668,UniswapV3Pool,True,shared_attack_victim_trace;trading_pair;victim_trace,False,candidate_ordering_sensitive_market,trace_derived,False,14,"burn(int24,int24,uint128);collect(address,int24,int24,uint128,uint128);fee();liquidity();mint(address,int24,int24,uint128,bytes);positions(bytes32);slot0();swap(address,bool,int256,uint160,bytes);tickBitmap(int16);tickSpacing()",,observed_ordering_target,True,0x128acb08,"swap(address,bool,int256,uint160,bytes)",2,
cisbl7-72bb92bbcb024b1c1530aa7c,CISBL7,sandwich,0xc02aaa39b223fe8d0a0e5c4f27ead9083c756cc2,WETH9,True,shared_attack_victim_trace;victim_trace,False,candidate_exploited_component,trace_derived,False,24,"approve(address,uint256);balanceOf(address);deposit();transfer(address,uint256);transferFrom(address,address,uint256);withdraw(uint256)",,observed_shared_component,False,,,2,
cisbl7-72bb92bbcb024b1c1530aa7c,CISBL7,sandwich,0xc7bbec68d12a0d1830360f8ec58fa599ba1b0e9b,UniswapV3Pool,True,shared_attack_victim_trace;trading_pair;victim_trace,False,candidate_ordering_sensitive_market,trace_derived,False,3,"swap(address,bool,int256,uint160,bytes)",,observed_ordering_target,True,0x128acb08,"swap(address,bool,int256,uint160,bytes)",2,
cisbl7-72bb92bbcb024b1c1530aa7c,CISBL7,sandwich,0xdac17f958d2ee523a2206206994597c13d831ec7,TetherToken,True,shared_attack_victim_trace;victim_trace,False,candidate_exploited_component,trace_derived,False,9,"balanceOf(address);transfer(address,uint256);transferFrom(address,address,uint256)",,observed_shared_component,False,,,2,
cisbl7-7422494d58f0af05cd24bee3,CISBL7,sandwich,0x1db06f5cb1053cde0be1590195e9d5c9c00ed444,OORT,True,shared_attack_victim_trace;victim_trace,False,candidate_exploited_component,trace_derived,False,12,"balanceOf(address);transfer(address,uint256)",,observed_shared_component,False,,,1,
cisbl7-7422494d58f0af05cd24bee3,CISBL7,sandwich,0x531ec9d0deb8b144cce8c85a0033fdda939bff0d,UniswapV3Pool,True,shared_attack_victim_trace;trading_pair;victim_trace,False,candidate_ordering_sensitive_market,trace_derived,False,3,"swap(address,bool,int256,uint160,bytes)",,observed_ordering_target,True,0x128acb08,"swap(address,bool,int256,uint160,bytes)",1,
cisbl7-7422494d58f0af05cd24bee3,CISBL7,sandwich,0x5651fa7a726b9ec0cad00ee140179912b6e73599,ERC1967Proxy,True,shared_attack_victim_trace;victim_trace,False,candidate_exploited_component,trace_derived,False,12,,,observed_shared_component,False,,,1,
cisbl7-7422494d58f0af05cd24bee3,CISBL7,sandwich,0xc02aaa39b223fe8d0a0e5c4f27ead9083c756cc2,WETH9,True,shared_attack_victim_trace;victim_trace,False,candidate_exploited_component,trace_derived,False,21,"allowance(address,address);approve(address,uint256);balanceOf(address);decimals();deposit();transfer(address,uint256);transferFrom(address,address,uint256)",,observed_shared_component,False,,,1,
cisbl7-7422494d58f0af05cd24bee3,CISBL7,sandwich,0xc7bbec68d12a0d1830360f8ec58fa599ba1b0e9b,UniswapV3Pool,True,shared_attack_victim_trace;trading_pair;victim_trace,False,candidate_ordering_sensitive_market,trace_derived,False,3,"swap(address,bool,int256,uint160,bytes)",,observed_ordering_target,True,0x128acb08,"swap(address,bool,int256,uint160,bytes)",1,
cisbl7-7422494d58f0af05cd24bee3,CISBL7,sandwich,0xdac17f958d2ee523a2206206994597c13d831ec7,TetherToken,True,shared_attack_victim_trace;victim_trace,False,candidate_exploited_component,trace_derived,False,16,"balanceOf(address);transfer(address,uint256)",,observed_shared_component,False,,,1,
cisbl7-7775f4a0ac68b78c19ad87d9,CISBL7,sandwich,0x00f116ac0c304c570daaa68fa6c30a86a04b5c5f,Inferno,True,shared_attack_victim_trace;victim_trace,False,candidate_exploited_component,trace_derived,False,16,"approve(address,uint256);balanceOf(address);transfer(address,uint256);transferFrom(address,address,uint256)",,observed_shared_component,False,,,2,
cisbl7-7775f4a0ac68b78c19ad87d9,CISBL7,sandwich,0x3512ef267aaf735d235ce8a802b50c32cfd8f60a,AlienX,True,shared_attack_victim_trace;victim_trace,False,candidate_exploited_component,trace_derived,False,15,"balanceOf(address);burn(uint256);transfer(address,uint256)",,observed_shared_component,False,,,2,
cisbl7-7775f4a0ac68b78c19ad87d9,CISBL7,sandwich,0x6bcd2862522c0ab45f4f9fe693e36c791ede0a42,UniswapV2Pair,True,shared_attack_victim_trace;trading_pair;victim_trace,False,candidate_ordering_sensitive_market,trace_derived,False,4,"getReserves();swap(uint256,uint256,address,bytes)",,observed_ordering_target,True,0x022c0d9f,"swap(uint256,uint256,address,bytes)",2,
cisbl7-7775f4a0ac68b78c19ad87d9,CISBL7,sandwich,0xc02aaa39b223fe8d0a0e5c4f27ead9083c756cc2,WETH9,True,shared_attack_victim_trace;victim_trace,False,candidate_exploited_component,trace_derived,False,27,"balanceOf(address);deposit();transfer(address,uint256)",,observed_shared_component,False,,,2,
cisbl7-7775f4a0ac68b78c19ad87d9,CISBL7,sandwich,0xc7bbec68d12a0d1830360f8ec58fa599ba1b0e9b,UniswapV3Pool,True,shared_attack_victim_trace;victim_trace,False,candidate_exploited_component,trace_derived,False,3,"swap(address,bool,int256,uint160,bytes)",,observed_shared_component,False,,,1,
cisbl7-7775f4a0ac68b78c19ad87d9,CISBL7,sandwich,0xcbde0453d4e7d748077c1b0ac2216c011dd2f406,TERMINUS,True,shared_attack_victim_trace;victim_trace,False,candidate_exploited_component,trace_derived,False,12,"balanceOf(address);transfer(address,uint256)",,observed_shared_component,False,,,2,
cisbl7-7775f4a0ac68b78c19ad87d9,CISBL7,sandwich,0xdac17f958d2ee523a2206206994597c13d831ec7,TetherToken,True,shared_attack_victim_trace;victim_trace,False,candidate_exploited_component,trace_derived,False,7,"balanceOf(address);transfer(address,uint256);transferFrom(address,address,uint256)",,observed_shared_component,False,,,1,
cisbl7-7775f4a0ac68b78c19ad87d9,CISBL7,sandwich,0xdc6929c38f641ec27bbef24af5749aa68943df08,UniswapV2Pair,True,shared_attack_victim_trace;trading_pair;victim_trace,False,candidate_ordering_sensitive_market,trace_derived,False,5,"getReserves();swap(uint256,uint256,address,bytes)",,observed_ordering_target,True,0x022c0d9f,"swap(uint256,uint256,address,bytes)",2,
cisbl7-7c1d3700ff36096d89676b59,CISBL7,sandwich,0x43506849d7c04f9138d1a2050bbf3a0c054402dd,FiatTokenV2_2,True,shared_attack_victim_trace;victim_trace,False,candidate_exploited_component,trace_derived,False,20,"balanceOf(address);transfer(address,uint256);transferFrom(address,address,uint256)",,observed_shared_component,False,,,2,
cisbl7-7c1d3700ff36096d89676b59,CISBL7,sandwich,0x51cb253744189f11241becb29bedd3f1b5384fdb,DimitraToken,True,shared_attack_victim_trace;victim_trace,False,candidate_exploited_component,trace_derived,False,9,"balanceOf(address);transfer(address,uint256);transferFrom(address,address,uint256)",,observed_shared_component,False,,,2,
cisbl7-7c1d3700ff36096d89676b59,CISBL7,sandwich,0x88e6a0c2ddd26feeb64f039a2c41296fcb3f5640,UniswapV3Pool,True,shared_attack_victim_trace;trading_pair;victim_trace,False,candidate_ordering_sensitive_market,trace_derived,False,6,"burn(int24,int24,uint128);collect(address,int24,int24,uint128,uint128);mint(address,int24,int24,uint128,bytes);swap(address,bool,int256,uint160,bytes)",,observed_ordering_target,True,0x128acb08,"swap(address,bool,int256,uint160,bytes)",2,
cisbl7-7c1d3700ff36096d89676b59,CISBL7,sandwich,0xa0b86991c6218b36c1d19d4a2e9eb0ce3606eb48,FiatTokenProxy,True,shared_attack_victim_trace;victim_trace,False,candidate_exploited_component,trace_derived,False,20,,,observed_shared_component,False,,,2,
cisbl7-7c1d3700ff36096d89676b59,CISBL7,sandwich,0xc02aaa39b223fe8d0a0e5c4f27ead9083c756cc2,WETH9,True,shared_attack_victim_trace;victim_trace,False,candidate_exploited_component,trace_derived,False,40,"allowance(address,address);approve(address,uint256);balanceOf(address);transfer(address,uint256);transferFrom(address,address,uint256)",,observed_shared_component,False,,,2,
cisbl7-7c1d3700ff36096d89676b59,CISBL7,sandwich,0xcf3f7d858444f78ed16a339fed8c3fd9819ec235,JamUniswapV2Pair,True,shared_attack_victim_trace;trading_pair;victim_trace,False,candidate_ordering_sensitive_market,trace_derived,False,4,"getReserves();swap(uint256,uint256,address,bytes)",,observed_ordering_target,True,0x022c0d9f,"swap(uint256,uint256,address,bytes)",2,
cisbl7-7d73948802f2e136e4548fb6,CISBL7,sandwich,0x295685c8fe08d8192981d21ea1fe856a07443920,UniswapV2Pair,True,shared_attack_victim_trace;trading_pair;victim_trace,False,candidate_ordering_sensitive_market,trace_derived,False,5,"getReserves();swap(uint256,uint256,address,bytes)",,observed_ordering_target,True,0x022c0d9f,"swap(uint256,uint256,address,bytes)",2,
cisbl7-7d73948802f2e136e4548fb6,CISBL7,sandwich,0x4206931337dc273a630d328da6441786bfad668f,Dogecoin,True,shared_attack_victim_trace;victim_trace,False,candidate_exploited_component,trace_derived,False,11,"balanceOf(address);transfer(address,uint256);transferFrom(address,address,uint256)",,observed_shared_component,False,,,2,
cisbl7-7d73948802f2e136e4548fb6,CISBL7,sandwich,0x530433ee503a05c5dfc9ccac7740df230ee3adbd,UniswapV2Pair,True,shared_attack_victim_trace;trading_pair;victim_trace,False,candidate_ordering_sensitive_market,trace_derived,False,5,"getReserves();swap(uint256,uint256,address,bytes);token0()",,observed_ordering_target,True,0x022c0d9f,"swap(uint256,uint256,address,bytes)",2,
cisbl7-7d73948802f2e136e4548fb6,CISBL7,sandwich,0x6968676661ac9851c38907bdfcc22d5dd77b564d,BOYSCLUB,True,shared_attack_victim_trace;victim_trace,False,candidate_exploited_component,trace_derived,False,7,"balanceOf(address);transfer(address,uint256);transferFrom(address,address,uint256)",,observed_shared_component,False,,,2,
cisbl7-7d73948802f2e136e4548fb6,CISBL7,sandwich,0xc02aaa39b223fe8d0a0e5c4f27ead9083c756cc2,WETH9,True,shared_attack_victim_trace;victim_trace,False,candidate_exploited_component,trace_derived,False,28,"approve(address,uint256);balanceOf(address);deposit();transfer(address,uint256);transferFrom(address,address,uint256);withdraw(uint256)",,observed_shared_component,False,,,2,
cisbl7-7d73948802f2e136e4548fb6,CISBL7,sandwich,0xccc8cb5229b0ac8069c51fd58367fd1e622afd97,GODS,True,shared_attack_victim_trace;victim_trace,False,candidate_exploited_component,trace_derived,False,11,"balanceOf(address);transfer(address,uint256)",,observed_shared_component,False,,,2,
cisbl7-7d73948802f2e136e4548fb6,CISBL7,sandwich,0xdac17f958d2ee523a2206206994597c13d831ec7,TetherToken,True,shared_attack_victim_trace;victim_trace,False,candidate_exploited_component,trace_derived,False,13,"balanceOf(address);transfer(address,uint256)",,observed_shared_component,False,,,2,
cisbl7-7d73948802f2e136e4548fb6,CISBL7,sandwich,0xfcd13ea0b906f2f87229650b8d93a51b2e839ebd,UniswapV2Pair,True,shared_attack_victim_trace;trading_pair;victim_trace,False,candidate_ordering_sensitive_market,trace_derived,False,5,"getReserves();swap(uint256,uint256,address,bytes)",,observed_ordering_target,True,0x022c0d9f,"swap(uint256,uint256,address,bytes)",2,
cisbl7-7df4f0b51a1c774847e9d1b2,CISBL7,sandwich,0x2325e3f261cadb1c30cebf66c9f95f6fb016c0d4,UniswapV2Pair,True,shared_attack_victim_trace;trading_pair;victim_trace,False,candidate_ordering_sensitive_market,trace_derived,False,4,"getReserves();swap(uint256,uint256,address,bytes)",,observed_ordering_target,True,0x022c0d9f,"swap(uint256,uint256,address,bytes)",2,
cisbl7-7df4f0b51a1c774847e9d1b2,CISBL7,sandwich,0xc02aaa39b223fe8d0a0e5c4f27ead9083c756cc2,WETH9,True,shared_attack_victim_trace;victim_trace,False,candidate_exploited_component,trace_derived,False,19,"approve(address,uint256);balanceOf(address);deposit();transfer(address,uint256);transferFrom(address,address,uint256)",,observed_shared_component,False,,,2,
cisbl7-7df4f0b51a1c774847e9d1b2,CISBL7,sandwich,0xc7bbec68d12a0d1830360f8ec58fa599ba1b0e9b,UniswapV3Pool,True,shared_attack_victim_trace;trading_pair;victim_trace,False,candidate_ordering_sensitive_market,trace_derived,False,3,"swap(address,bool,int256,uint160,bytes)",,observed_ordering_target,True,0x128acb08,"swap(address,bool,int256,uint160,bytes)",2,
cisbl7-7df4f0b51a1c774847e9d1b2,CISBL7,sandwich,0xcf91b70017eabde82c9671e30e5502d312ea6eb2,puppies,True,shared_attack_victim_trace;victim_trace,False,candidate_exploited_component,trace_derived,False,9,"balanceOf(address);transfer(address,uint256)",,observed_shared_component,False,,,2,
cisbl7-7df4f0b51a1c774847e9d1b2,CISBL7,sandwich,0xdac17f958d2ee523a2206206994597c13d831ec7,TetherToken,True,shared_attack_victim_trace;victim_trace,False,candidate_exploited_component,trace_derived,False,17,"allowance(address,address);approve(address,uint256);balanceOf(address);transfer(address,uint256);transferFrom(address,address,uint256)",,observed_shared_component,False,,,2,
cisbl7-7fb876f5aef22c27d255038b,CISBL7,sandwich,0x1084a95c69bdc3325c1c42f86676b6eb66dce053,UniswapV2Pair,True,shared_attack_victim_trace;trading_pair;victim_trace,False,candidate_ordering_sensitive_market,trace_derived,False,4,"getReserves();swap(uint256,uint256,address,bytes)",,observed_ordering_target,True,0x022c0d9f,"swap(uint256,uint256,address,bytes)",2,
cisbl7-7fb876f5aef22c27d255038b,CISBL7,sandwich,0x202a6012894ae5c288ea824cbc8a9bfb26a49b93,UniswapV3Pool,True,shared_attack_victim_trace;trading_pair;victim_trace,False,candidate_ordering_sensitive_market,trace_derived,False,3,"swap(address,bool,int256,uint160,bytes)",,observed_ordering_target,True,0x128acb08,"swap(address,bool,int256,uint160,bytes)",2,
cisbl7-7fb876f5aef22c27d255038b,CISBL7,sandwich,0x5200b34e6a519f289f5258de4554ebd3db12e822,GOAT,True,shared_attack_victim_trace;victim_trace,False,candidate_exploited_component,trace_derived,False,8,"balanceOf(address);transfer(address,uint256)",,observed_shared_component,False,,,2,
cisbl7-7fb876f5aef22c27d255038b,CISBL7,sandwich,0xc02aaa39b223fe8d0a0e5c4f27ead9083c756cc2,WETH9,True,shared_attack_victim_trace;victim_trace,False,candidate_exploited_component,trace_derived,False,50,"allowance(address,address);approve(address,uint256);balanceOf(address);decimals();deposit();transfer(address,uint256);transferFrom(address,address,uint256);withdraw(uint256)",,observed_shared_component,False,,,2,
cisbl7-7fb876f5aef22c27d255038b,CISBL7,sandwich,0xcd5fe23c85820f7b72d0926fc9b05b43e359b7ee,UUPSProxy,True,shared_attack_victim_trace;victim_trace,False,candidate_exploited_component,trace_derived,False,36,,,observed_shared_component,False,,,2,
cisbl7-7fb876f5aef22c27d255038b,CISBL7,sandwich,0xe629ee84c1bd9ea9c677d2d5391919fcf5e7d5d9,WeETH,True,shared_attack_victim_trace;victim_trace,False,candidate_exploited_component,trace_derived,False,36,"approve(address,uint256);balanceOf(address);decimals();getEETHByWeETH(uint256);getRate();transfer(address,uint256);transferFrom(address,address,uint256)",,observed_shared_component,False,,,2,
cisbl7-7fc2f60cf2f55723852e558c,CISBL7,sandwich,0x1e9348b71ecbaaa14eff7b4b6186b78d1a9b9b70,UniswapV2Pair,True,shared_attack_victim_trace;trading_pair;victim_trace,False,candidate_ordering_sensitive_market,trace_derived,False,4,"getReserves();swap(uint256,uint256,address,bytes)",,observed_ordering_target,True,0x022c0d9f,"swap(uint256,uint256,address,bytes)",0,
cisbl7-7fc2f60cf2f55723852e558c,CISBL7,sandwich,0x43506849d7c04f9138d1a2050bbf3a0c054402dd,FiatTokenV2_2,True,shared_attack_victim_trace;victim_trace,False,candidate_exploited_component,trace_derived,False,20,"approve(address,uint256);balanceOf(address);transfer(address,uint256);transferFrom(address,address,uint256)",,observed_shared_component,False,,,1,
cisbl7-7fc2f60cf2f55723852e558c,CISBL7,sandwich,0x55296f69f40ea6d20e478533c15a6b08b654e758,TokenERC20,True,shared_attack_victim_trace;victim_trace,False,candidate_exploited_component,trace_derived,False,10,"balanceOf(address);transfer(address,uint256)",,observed_shared_component,False,,,1,
cisbl7-7fc2f60cf2f55723852e558c,CISBL7,sandwich,0x58aea10748a00d1781d6651f9d78a414ea32ca46,vectorsmartgas,True,shared_attack_victim_trace;victim_trace,False,candidate_exploited_component,trace_derived,False,12,"balanceOf(address);transfer(address,uint256)",,observed_shared_component,False,,,0,
cisbl7-7fc2f60cf2f55723852e558c,CISBL7,sandwich,0xa0b86991c6218b36c1d19d4a2e9eb0ce3606eb48,FiatTokenProxy,True,shared_attack_victim_trace;victim_trace,False,candidate_exploited_component,trace_derived,False,20,,,observed_shared_component,False,,,1,
cisbl7-7fc2f60cf2f55723852e558c,CISBL7,sandwich,0xa986f2a12d85c44429f574ba50c0e21052b18ba1,UniswapV2Pair,True,shared_attack_victim_trace;trading_pair;victim_trace,False,candidate_ordering_sensitive_market,trace_derived,False,5,"getReserves();swap(uint256,uint256,address,bytes)",,observed_ordering_target,True,0x022c0d9f,"swap(uint256,uint256,address,bytes)",1,
cisbl7-7fc2f60cf2f55723852e558c,CISBL7,sandwich,0xc02aaa39b223fe8d0a0e5c4f27ead9083c756cc2,WETH9,True,shared_attack_victim_trace;victim_trace,False,candidate_exploited_component,trace_derived,False,53,"allowance(address,address);approve(address,uint256);balanceOf(address);deposit();transfer(address,uint256);transferFrom(address,address,uint256)",,observed_shared_component,False,,,1,
cisbl7-7fc2f60cf2f55723852e558c,CISBL7,sandwich,0xc7bbec68d12a0d1830360f8ec58fa599ba1b0e9b,UniswapV3Pool,True,shared_attack_victim_trace;trading_pair;victim_trace,False,candidate_ordering_sensitive_market,trace_derived,False,4,"swap(address,bool,int256,uint160,bytes)",,observed_ordering_target,True,0x128acb08,"swap(address,bool,int256,uint160,bytes)",1,
cisbl7-7fc2f60cf2f55723852e558c,CISBL7,sandwich,0xdac17f958d2ee523a2206206994597c13d831ec7,TetherToken,True,shared_attack_victim_trace;victim_trace,False,candidate_exploited_component,trace_derived,False,18,"balanceOf(address);transfer(address,uint256);transferFrom(address,address,uint256)",,observed_shared_component,False,,,1,
cisbl7-7fc2f60cf2f55723852e558c,CISBL7,sandwich,0xe0554a476a092703abdb3ef35c80e0d76d32939f,UniswapV3Pool,True,shared_attack_victim_trace;trading_pair;victim_trace,False,candidate_ordering_sensitive_market,trace_derived,False,6,"burn(int24,int24,uint128);collect(address,int24,int24,uint128,uint128);mint(address,int24,int24,uint128,bytes);swap(address,bool,int256,uint160,bytes)",,observed_ordering_target,True,0x128acb08,"swap(address,bool,int256,uint160,bytes)",1,
cisbl7-80eea95757814ec03df9663d,CISBL7,sandwich,0x43506849d7c04f9138d1a2050bbf3a0c054402dd,FiatTokenV2_2,True,shared_attack_victim_trace;victim_trace,False,candidate_exploited_component,trace_derived,False,13,"balanceOf(address);decimals();transfer(address,uint256)",,observed_shared_component,False,,,1,
cisbl7-80eea95757814ec03df9663d,CISBL7,sandwich,0x5b35bf749f14ed646b2770fd8a60e257fea7519e,WILLA,True,shared_attack_victim_trace;victim_trace,False,candidate_exploited_component,trace_derived,False,8,"balanceOf(address);transfer(address,uint256)",,observed_shared_component,False,,,0,
cisbl7-80eea95757814ec03df9663d,CISBL7,sandwich,0x8ebae255823b7bb5331da070992f98846d31aafc,UniswapV2Pair,True,shared_attack_victim_trace;trading_pair;victim_trace,False,candidate_ordering_sensitive_market,trace_derived,False,5,"getReserves();swap(uint256,uint256,address,bytes);token0()",,observed_ordering_target,True,0x022c0d9f,"swap(uint256,uint256,address,bytes)",0,
cisbl7-80eea95757814ec03df9663d,CISBL7,sandwich,0xa0b86991c6218b36c1d19d4a2e9eb0ce3606eb48,FiatTokenProxy,True,shared_attack_victim_trace;victim_trace,False,candidate_exploited_component,trace_derived,False,13,,,observed_shared_component,False,,,1,
cisbl7-80eea95757814ec03df9663d,CISBL7,sandwich,0xc02aaa39b223fe8d0a0e5c4f27ead9083c756cc2,WETH9,True,shared_attack_victim_trace;victim_trace,False,candidate_exploited_component,trace_derived,False,20,"balanceOf(address);deposit();transfer(address,uint256);transferFrom(address,address,uint256)",,observed_shared_component,False,,,1,
cisbl7-80eea95757814ec03df9663d,CISBL7,sandwich,0xe0554a476a092703abdb3ef35c80e0d76d32939f,UniswapV3Pool,True,shared_attack_victim_trace;trading_pair;victim_trace,False,candidate_ordering_sensitive_market,trace_derived,False,4,"swap(address,bool,int256,uint160,bytes)",,observed_ordering_target,True,0x128acb08,"swap(address,bool,int256,uint160,bytes)",1,
cisbl7-811a9d18672f271401608660,CISBL7,sandwich,0x7a415b19932c0105c82fdb6b720bb01b0cc2cae3,UniswapV3Pool,True,shared_attack_victim_trace;trading_pair;victim_trace,False,candidate_ordering_sensitive_market,trace_derived,False,6,"burn(int24,int24,uint128);collect(address,int24,int24,uint128,uint128);mint(address,int24,int24,uint128,bytes);swap(address,bool,int256,uint160,bytes)",,observed_ordering_target,True,0x128acb08,"swap(address,bool,int256,uint160,bytes)",1,
cisbl7-811a9d18672f271401608660,CISBL7,sandwich,0xc02aaa39b223fe8d0a0e5c4f27ead9083c756cc2,WETH9,True,shared_attack_victim_trace;victim_trace,False,candidate_exploited_component,trace_derived,False,24,"balanceOf(address);deposit();transfer(address,uint256);transferFrom(address,address,uint256);withdraw(uint256)",,observed_shared_component,False,,,1,
cisbl7-811a9d18672f271401608660,CISBL7,sandwich,0xcc6f7439147338e0401a76db978d7d0ca6e5bfee,UniswapV2Pair,True,shared_attack_victim_trace;trading_pair;victim_trace,False,candidate_ordering_sensitive_market,trace_derived,False,4,"getReserves();swap(uint256,uint256,address,bytes)",,observed_ordering_target,True,0x022c0d9f,"swap(uint256,uint256,address,bytes)",1,
cisbl7-811a9d18672f271401608660,CISBL7,sandwich,0xcd5fe23c85820f7b72d0926fc9b05b43e359b7ee,UUPSProxy,True,shared_attack_victim_trace;victim_trace,False,candidate_exploited_component,trace_derived,False,10,,,observed_shared_component,False,,,1,
cisbl7-811a9d18672f271401608660,CISBL7,sandwich,0xd6203889c22d9fe5e938a9200f50fdffe9dd8e02,STRATEGICBITCOINRESERVE,True,shared_attack_victim_trace;victim_trace,False,candidate_exploited_component,trace_derived,False,12,"balanceOf(address);transfer(address,uint256);transferFrom(address,address,uint256)",,observed_shared_component,False,,,1,
cisbl7-811a9d18672f271401608660,CISBL7,sandwich,0xe629ee84c1bd9ea9c677d2d5391919fcf5e7d5d9,WeETH,True,shared_attack_victim_trace;victim_trace,False,candidate_exploited_component,trace_derived,False,10,"balanceOf(address);transfer(address,uint256);transferFrom(address,address,uint256)",,observed_shared_component,False,,,1,
cisbl7-819687e7cccd3a27902f410b,CISBL7,sandwich,0x55296f69f40ea6d20e478533c15a6b08b654e758,TokenERC20,True,shared_attack_victim_trace;victim_trace,False,candidate_exploited_component,trace_derived,False,27,"balanceOf(address);transfer(address,uint256);transferFrom(address,address,uint256)",,observed_shared_component,False,,,2,
cisbl7-819687e7cccd3a27902f410b,CISBL7,sandwich,0xc02aaa39b223fe8d0a0e5c4f27ead9083c756cc2,WETH9,True,shared_attack_victim_trace;victim_trace,False,candidate_exploited_component,trace_derived,False,25,"balanceOf(address);transfer(address,uint256);withdraw(uint256)",,observed_shared_component,False,,,2,
cisbl7-819687e7cccd3a27902f410b,CISBL7,sandwich,0xe331de28cd81b768c19a366b0e4e4675c45ec2da,UniswapV3Pool,True,shared_attack_victim_trace;trading_pair;victim_trace,False,candidate_ordering_sensitive_market,trace_derived,False,10,"burn(int24,int24,uint128);collect(address,int24,int24,uint128,uint128);mint(address,int24,int24,uint128,bytes);swap(address,bool,int256,uint160,bytes)",,observed_ordering_target,True,0x128acb08,"swap(address,bool,int256,uint160,bytes)",2,
cisbl7-869976cbce62f86c7b7558a7,CISBL7,sandwich,0x3416cf6c708da44db2624d63ea0aaef7113527c6,UniswapV3Pool,True,shared_attack_victim_trace;trading_pair;victim_trace,False,candidate_ordering_sensitive_market,trace_derived,False,7,"burn(int24,int24,uint128);collect(address,int24,int24,uint128,uint128);mint(address,int24,int24,uint128,bytes);swap(address,bool,int256,uint160,bytes)",,observed_ordering_target,True,0x128acb08,"swap(address,bool,int256,uint160,bytes)",2,
cisbl7-869976cbce62f86c7b7558a7,CISBL7,sandwich,0x43506849d7c04f9138d1a2050bbf3a0c054402dd,FiatTokenV2_2,True,shared_attack_victim_trace;victim_trace,False,candidate_exploited_component,trace_derived,False,24,"balanceOf(address);transfer(address,uint256);transferFrom(address,address,uint256)",,observed_shared_component,False,,,2,
cisbl7-869976cbce62f86c7b7558a7,CISBL7,sandwich,0x4de8c60541fdadd33404ccb2c8b83907ce617341,UniswapV2Pair,True,shared_attack_victim_trace;trading_pair;victim_trace,False,candidate_ordering_sensitive_market,trace_derived,False,4,"getReserves();swap(uint256,uint256,address,bytes)",,observed_ordering_target,True,0x022c0d9f,"swap(uint256,uint256,address,bytes)",2,
cisbl7-869976cbce62f86c7b7558a7,CISBL7,sandwich,0x79fdb46df5abc4083abbc44612ec0c499e115ba4,UniswapV2Pair,True,shared_attack_victim_trace;trading_pair;victim_trace,False,candidate_ordering_sensitive_market,trace_derived,False,4,"getReserves();swap(uint256,uint256,address,bytes)",,observed_ordering_target,True,0x022c0d9f,"swap(uint256,uint256,address,bytes)",0,
cisbl7-869976cbce62f86c7b7558a7,CISBL7,sandwich,0x9ad204436656b71ce217297768812bb1d4ffd356,DOLPHY,True,shared_attack_victim_trace;victim_trace,False,candidate_exploited_component,trace_derived,False,8,"balanceOf(address);transfer(address,uint256)",,observed_shared_component,False,,,0,
cisbl7-869976cbce62f86c7b7558a7,CISBL7,sandwich,0xa0b86991c6218b36c1d19d4a2e9eb0ce3606eb48,FiatTokenProxy,True,shared_attack_victim_trace;victim_trace,False,candidate_exploited_component,trace_derived,False,24,,,observed_shared_component,False,,,2,
cisbl7-869976cbce62f86c7b7558a7,CISBL7,sandwich,0xc02aaa39b223fe8d0a0e5c4f27ead9083c756cc2,WETH9,True,shared_attack_victim_trace;victim_trace,False,candidate_exploited_component,trace_derived,False,16,"balanceOf(address);deposit();transfer(address,uint256);transferFrom(address,address,uint256)",,observed_shared_component,False,,,2,
cisbl7-869976cbce62f86c7b7558a7,CISBL7,sandwich,0xc575bd129848ce06a460a19466c30e1d0328f52c,REPLOY,True,shared_attack_victim_trace;victim_trace,False,candidate_exploited_component,trace_derived,False,12,"balanceOf(address);transfer(address,uint256)",,observed_shared_component,False,,,2,
cisbl7-869976cbce62f86c7b7558a7,CISBL7,sandwich,0xdac17f958d2ee523a2206206994597c13d831ec7,TetherToken,True,shared_attack_victim_trace;victim_trace,False,candidate_exploited_component,trace_derived,False,36,"balanceOf(address);transfer(address,uint256);transferFrom(address,address,uint256)",,observed_shared_component,False,,,2,
cisbl7-86c8fb0af9a802adefd34326,CISBL7,sandwich,0x2a48dbf6347ea5cdc906b4bb6a2ed27969241cde,UniswapV3Pool,True,shared_attack_victim_trace;trading_pair;victim_trace,False,candidate_ordering_sensitive_market,trace_derived,False,9,"burn(int24,int24,uint128);collect(address,int24,int24,uint128,uint128);fee();mint(address,int24,int24,uint128,bytes);swap(address,bool,int256,uint160,bytes);token0();token1()",,observed_ordering_target,True,0x128acb08,"swap(address,bool,int256,uint160,bytes)",2,
cisbl7-86c8fb0af9a802adefd34326,CISBL7,sandwich,0x2cc7a972ebc1865b346085655f929abfa74cd4dc,Shifu,True,shared_attack_victim_trace;victim_trace,False,candidate_exploited_component,trace_derived,False,12,"balanceOf(address);transfer(address,uint256)",,observed_shared_component,False,,,2,
cisbl7-86c8fb0af9a802adefd34326,CISBL7,sandwich,0x43506849d7c04f9138d1a2050bbf3a0c054402dd,FiatTokenV2_2,True,shared_attack_victim_trace;victim_trace,False,candidate_exploited_component,trace_derived,False,12,"balanceOf(address);transfer(address,uint256)",,observed_shared_component,False,,,2,
cisbl7-86c8fb0af9a802adefd34326,CISBL7,sandwich,0x4f7d2d728ce137dd01ec63ef7b225805c7b54575,WALLY,True,shared_attack_victim_trace;victim_trace,False,candidate_exploited_component,trace_derived,False,12,"balanceOf(address);transfer(address,uint256)",,observed_shared_component,False,,,2,
cisbl7-86c8fb0af9a802adefd34326,CISBL7,sandwich,0x582d872a1b094fc48f5de31d3b73f2d9be47def1,Bridge,True,shared_attack_victim_trace;victim_trace,False,candidate_exploited_component,trace_derived,False,12,"allowance(address,address);balanceOf(address);transfer(address,uint256);transferFrom(address,address,uint256)",,observed_shared_component,False,,,2,
cisbl7-86c8fb0af9a802adefd34326,CISBL7,sandwich,0x66c4285223e5949d154783dd14f73844ccbf85cf,UniswapV2Pair,True,shared_attack_victim_trace;trading_pair;victim_trace,False,candidate_ordering_sensitive_market,trace_derived,False,4,"getReserves();swap(uint256,uint256,address,bytes)",,observed_ordering_target,True,0x022c0d9f,"swap(uint256,uint256,address,bytes)",2,
cisbl7-86c8fb0af9a802adefd34326,CISBL7,sandwich,0xa0b86991c6218b36c1d19d4a2e9eb0ce3606eb48,FiatTokenProxy,True,shared_attack_victim_trace;victim_trace,False,candidate_exploited_component,trace_derived,False,12,,,observed_shared_component,False,,,2,
cisbl7-86c8fb0af9a802adefd34326,CISBL7,sandwich,0xc02aaa39b223fe8d0a0e5c4f27ead9083c756cc2,WETH9,True,shared_attack_victim_trace;victim_trace,False,candidate_exploited_component,trace_derived,False,20,"balanceOf(address);deposit();transfer(address,uint256);transferFrom(address,address,uint256)",,observed_shared_component,False,,,2,
cisbl7-86c8fb0af9a802adefd34326,CISBL7,sandwich,0xfe12d6a3168be617e1f70519a5b4da37ea638d3d,UniswapV2Pair,True,shared_attack_victim_trace;trading_pair;victim_trace,False,candidate_ordering_sensitive_market,trace_derived,False,4,"getReserves();swap(uint256,uint256,address,bytes)",,observed_ordering_target,True,0x022c0d9f,"swap(uint256,uint256,address,bytes)",2,
cisbl7-87a26b0bcbfd750ca82a5a64,CISBL7,sandwich,0x4d224452801aced8b2f0aebe155379bb5d594381,Astgik,True,shared_attack_victim_trace;victim_trace,False,candidate_exploited_component,trace_derived,False,15,"approve(address,uint256);balanceOf(address);transfer(address,uint256);transferFrom(address,address,uint256)",,observed_shared_component,False,,,2,
cisbl7-87a26b0bcbfd750ca82a5a64,CISBL7,sandwich,0x6bfdb6f4e65ead27118592a41eb927cea6956198,FameErc20,True,shared_attack_victim_trace;victim_trace,False,candidate_exploited_component,trace_derived,False,7,"balanceOf(address);transfer(address,uint256)",,observed_shared_component,False,,,2,
cisbl7-87a26b0bcbfd750ca82a5a64,CISBL7,sandwich,0xac4b3dacb91461209ae9d41ec517c2b9cb1b7daf,UniswapV3Pool,True,shared_attack_victim_trace;trading_pair;victim_trace,False,candidate_ordering_sensitive_market,trace_derived,False,4,"swap(address,bool,int256,uint160,bytes)",,observed_ordering_target,True,0x128acb08,"swap(address,bool,int256,uint160,bytes)",2,
cisbl7-87a26b0bcbfd750ca82a5a64,CISBL7,sandwich,0xb2617246d0c6c0087f18703d576831899ca94f01,ZigCoin,True,shared_attack_victim_trace;victim_trace,False,candidate_exploited_component,trace_derived,False,6,"balanceOf(address);transfer(address,uint256);transferFrom(address,address,uint256)",,observed_shared_component,False,,,2,
cisbl7-87a26b0bcbfd750ca82a5a64,CISBL7,sandwich,0xb36ec83d844c0579ec2493f10b2087e96bb65460,UniswapV2Pair,True,shared_attack_victim_trace;trading_pair;victim_trace,False,candidate_ordering_sensitive_market,trace_derived,False,4,"getReserves();swap(uint256,uint256,address,bytes)",,observed_ordering_target,True,0x022c0d9f,"swap(uint256,uint256,address,bytes)",2,
cisbl7-87a26b0bcbfd750ca82a5a64,CISBL7,sandwich,0xbfcae9f989e47436fd1678ef5f9182d94b81dbac,UniswapV3Pool,True,shared_attack_victim_trace;trading_pair;victim_trace,False,candidate_ordering_sensitive_market,trace_derived,False,3,"swap(address,bool,int256,uint160,bytes)",,observed_ordering_target,True,0x128acb08,"swap(address,bool,int256,uint160,bytes)",2,
cisbl7-87a26b0bcbfd750ca82a5a64,CISBL7,sandwich,0xc02aaa39b223fe8d0a0e5c4f27ead9083c756cc2,WETH9,True,shared_attack_victim_trace;victim_trace,False,candidate_exploited_component,trace_derived,False,25,"balanceOf(address);deposit();transfer(address,uint256);transferFrom(address,address,uint256);withdraw(uint256)",,observed_shared_component,False,,,2,
cisbl7-8ceeef395b89971a0a77a4f3,CISBL7,sandwich,0x08b48722792cb5d7dd81d687d922acfe4fbaf6ab,UniswapV3Pool,True,shared_attack_victim_trace;trading_pair;victim_trace,False,candidate_ordering_sensitive_market,trace_derived,False,3,"swap(address,bool,int256,uint160,bytes)",,observed_ordering_target,True,0x128acb08,"swap(address,bool,int256,uint160,bytes)",0,
cisbl7-8ceeef395b89971a0a77a4f3,CISBL7,sandwich,0x24938e7764361f0cafe7d76041f445a38887adc3,,False,shared_attack_victim_trace;victim_trace,False,candidate_exploited_component,trace_derived,False,9,,,observed_shared_component,False,,,0,
cisbl7-8ceeef395b89971a0a77a4f3,CISBL7,sandwich,0x5d7634eca0bfadd87cee4baef0cddd81005ea407,UniswapV2Pair,True,shared_attack_victim_trace;trading_pair;victim_trace,False,candidate_ordering_sensitive_market,trace_derived,False,6,"getReserves();swap(uint256,uint256,address,bytes);token0();token1()",,observed_ordering_target,True,0x022c0d9f,"swap(uint256,uint256,address,bytes)",0,
cisbl7-8ceeef395b89971a0a77a4f3,CISBL7,sandwich,0x8e1ce8013262fadeee1292c814cc8b6a6a336920,Tweet,True,shared_attack_victim_trace;victim_trace,False,candidate_exploited_component,trace_derived,False,8,"balanceOf(address);transfer(address,uint256)",,observed_shared_component,False,,,0,
cisbl7-8ceeef395b89971a0a77a4f3,CISBL7,sandwich,0xc02aaa39b223fe8d0a0e5c4f27ead9083c756cc2,WETH9,True,shared_attack_victim_trace;victim_trace,False,candidate_exploited_component,trace_derived,False,16,"balanceOf(address);transfer(address,uint256);transferFrom(address,address,uint256)",,observed_shared_component,False,,,0,
cisbl7-902abb67ccfdda836cf438a5,CISBL7,sandwich,0x430ef9263e76dae63c84292c3409d61c598e9682,PYRToken,True,shared_attack_victim_trace;victim_trace,False,candidate_exploited_component,trace_derived,False,14,"balanceOf(address);transfer(address,uint256)",,observed_shared_component,False,,,2,
cisbl7-902abb67ccfdda836cf438a5,CISBL7,sandwich,0x7cdeb379d74221731f31cd0833a3c27e0bf406b1,BlackListETH,True,shared_attack_victim_trace;victim_trace,False,candidate_exploited_component,trace_derived,False,12,checkBlackList(address),,observed_shared_component,False,,,2,
cisbl7-902abb67ccfdda836cf438a5,CISBL7,sandwich,0x8fc8f8269ebca376d046ce292dc7eac40c8d358a,DFI,True,shared_attack_victim_trace;victim_trace,False,candidate_exploited_component,trace_derived,False,12,"balanceOf(address);transfer(address,uint256)",,observed_shared_component,False,,,2,
cisbl7-902abb67ccfdda836cf438a5,CISBL7,sandwich,0xb079d6be3faf5771e354586dbc47d0a3d37c34fb,UniswapV2Pair,True,shared_attack_victim_trace;trading_pair;victim_trace,False,candidate_ordering_sensitive_market,trace_derived,False,4,"getReserves();swap(uint256,uint256,address,bytes)",,observed_ordering_target,True,0x022c0d9f,"swap(uint256,uint256,address,bytes)",2,
cisbl7-902abb67ccfdda836cf438a5,CISBL7,sandwich,0xc02aaa39b223fe8d0a0e5c4f27ead9083c756cc2,WETH9,True,shared_attack_victim_trace;victim_trace,False,candidate_exploited_component,trace_derived,False,21,"balanceOf(address);transfer(address,uint256);transferFrom(address,address,uint256)",,observed_shared_component,False,,,2,
cisbl7-902abb67ccfdda836cf438a5,CISBL7,sandwich,0xe495bfa137b68a037b1f661ed47a44b4fb2a6563,UniswapV3Pool,True,shared_attack_victim_trace;trading_pair;victim_trace,False,candidate_ordering_sensitive_market,trace_derived,False,6,"burn(int24,int24,uint128);collect(address,int24,int24,uint128,uint128);mint(address,int24,int24,uint128,bytes);swap(address,bool,int256,uint160,bytes)",,observed_ordering_target,True,0x128acb08,"swap(address,bool,int256,uint160,bytes)",2,
cisbl7-96b821e47dce7f66db17eecf,CISBL7,sandwich,0x2260fac5e5542a773aa44fbcfedf7c193bc2c599,WBTC,True,shared_attack_victim_trace;victim_trace,False,candidate_exploited_component,trace_derived,False,14,"balanceOf(address);transfer(address,uint256);transferFrom(address,address,uint256)",,observed_shared_component,False,,,2,
cisbl7-96b821e47dce7f66db17eecf,CISBL7,sandwich,0x43506849d7c04f9138d1a2050bbf3a0c054402dd,FiatTokenV2_2,True,shared_attack_victim_trace;victim_trace,False,candidate_exploited_component,trace_derived,False,26,"allowance(address,address);approve(address,uint256);balanceOf(address);decimals();transfer(address,uint256);transferFrom(address,address,uint256)",,observed_shared_component,False,,,2,
cisbl7-96b821e47dce7f66db17eecf,CISBL7,sandwich,0x9730b014700e78593fe62c06cad47ad1e0e5dff9,UniswapV2Pair,True,shared_attack_victim_trace;trading_pair;victim_trace,False,candidate_ordering_sensitive_market,trace_derived,False,5,"getReserves();swap(uint256,uint256,address,bytes)",,observed_ordering_target,True,0x022c0d9f,"swap(uint256,uint256,address,bytes)",0,
cisbl7-96b821e47dce7f66db17eecf,CISBL7,sandwich,0x9a772018fbd77fcd2d25657e5c547baff3fd7d16,UniswapV3Pool,True,shared_attack_victim_trace;trading_pair;victim_trace,False,candidate_ordering_sensitive_market,trace_derived,False,3,"swap(address,bool,int256,uint160,bytes)",,observed_ordering_target,True,0x128acb08,"swap(address,bool,int256,uint160,bytes)",2,
cisbl7-96b821e47dce7f66db17eecf,CISBL7,sandwich,0xa0b86991c6218b36c1d19d4a2e9eb0ce3606eb48,FiatTokenProxy,True,shared_attack_victim_trace;victim_trace,False,candidate_exploited_component,trace_derived,False,26,,,observed_shared_component,False,,,2,
cisbl7-96b821e47dce7f66db17eecf,CISBL7,sandwich,0xc02aaa39b223fe8d0a0e5c4f27ead9083c756cc2,WETH9,True,shared_attack_victim_trace;victim_trace,False,candidate_exploited_component,trace_derived,False,13,"balanceOf(address);deposit();transfer(address,uint256);transferFrom(address,address,uint256)",,observed_shared_component,False,,,0,
cisbl7-96b821e47dce7f66db17eecf,CISBL7,sandwich,0xe9a95d175a5f4c9369f3b74222402eb1b837693b,ChangeNOWToken,True,shared_attack_victim_trace;victim_trace,False,candidate_exploited_component,trace_derived,False,10,"balanceOf(address);transfer(address,uint256)",,observed_shared_component,False,,,0,
cisbl7-9808e3c235b317a1eec45aed,CISBL7,sandwich,0x0000000000c5dc95539589fbd24be07c6c14eca4,Cult,True,shared_attack_victim_trace;victim_trace,False,candidate_exploited_component,trace_derived,False,20,"balanceOf(address);transfer(address,uint256);transferFrom(address,address,uint256)",,observed_shared_component,False,,,2,
cisbl7-9808e3c235b317a1eec45aed,CISBL7,sandwich,0x044d1610e600d041229407fb6e514d259276e3b3,UniswapV3Pool,True,shared_attack_victim_trace;trading_pair;victim_trace,False,candidate_ordering_sensitive_market,trace_derived,False,8,"burn(int24,int24,uint128);collect(address,int24,int24,uint128,uint128);mint(address,int24,int24,uint128,bytes);swap(address,bool,int256,uint160,bytes)",,observed_ordering_target,True,0x128acb08,"swap(address,bool,int256,uint160,bytes)",2,
cisbl7-9808e3c235b317a1eec45aed,CISBL7,sandwich,0x57b96d4af698605563a4653d882635da59bf11af,RCH,True,shared_attack_victim_trace;victim_trace,False,candidate_exploited_component,trace_derived,False,7,"balanceOf(address);transfer(address,uint256)",,observed_shared_component,False,,,2,
cisbl7-9808e3c235b317a1eec45aed,CISBL7,sandwich,0xc02aaa39b223fe8d0a0e5c4f27ead9083c756cc2,WETH9,True,shared_attack_victim_trace;victim_trace,False,candidate_exploited_component,trace_derived,False,31,"balanceOf(address);transfer(address,uint256);withdraw(uint256)",,observed_shared_component,False,,,2,
cisbl7-9808e3c235b317a1eec45aed,CISBL7,sandwich,0xc39e83fe4e412a885c0577c08eb53bdb6548004a,UniswapV3Pool,True,shared_attack_victim_trace;trading_pair;victim_trace,False,candidate_ordering_sensitive_market,trace_derived,False,3,"swap(address,bool,int256,uint160,bytes)",,observed_ordering_target,True,0x128acb08,"swap(address,bool,int256,uint160,bytes)",2,
cisbl7-9808e3c235b317a1eec45aed,CISBL7,sandwich,0xc4ce8e63921b8b6cbdb8fcb6bd64cc701fb926f2,UniswapV3Pool,True,shared_attack_victim_trace;victim_trace,False,candidate_exploited_component,trace_derived,False,3,"swap(address,bool,int256,uint160,bytes)",,observed_shared_component,False,,,1,
cisbl7-9b2f1d8616fc7939464a9441,CISBL7,sandwich,0xc02aaa39b223fe8d0a0e5c4f27ead9083c756cc2,WETH9,True,shared_attack_victim_trace;victim_trace,False,candidate_exploited_component,trace_derived,False,36,"allowance(address,address);approve(address,uint256);balanceOf(address);deposit();transfer(address,uint256);transferFrom(address,address,uint256)",,observed_shared_component,False,,,1,
cisbl7-9b2f1d8616fc7939464a9441,CISBL7,sandwich,0xc7bbec68d12a0d1830360f8ec58fa599ba1b0e9b,UniswapV3Pool,True,shared_attack_victim_trace;trading_pair;victim_trace,False,candidate_ordering_sensitive_market,trace_derived,False,7,"burn(int24,int24,uint128);collect(address,int24,int24,uint128,uint128);mint(address,int24,int24,uint128,bytes);swap(address,bool,int256,uint160,bytes)",,observed_ordering_target,True,0x128acb08,"swap(address,bool,int256,uint160,bytes)",1,
cisbl7-9b2f1d8616fc7939464a9441,CISBL7,sandwich,0xdac17f958d2ee523a2206206994597c13d831ec7,TetherToken,True,shared_attack_victim_trace;victim_trace,False,candidate_exploited_component,trace_derived,False,23,"approve(address,uint256);balanceOf(address);transfer(address,uint256);transferFrom(address,address,uint256)",,observed_shared_component,False,,,1,
cisbl7-9cbf3ed03ba75e467f2cc9c8,CISBL7,sandwich,0x43506849d7c04f9138d1a2050bbf3a0c054402dd,FiatTokenV2_2,True,shared_attack_victim_trace;victim_trace,False,candidate_exploited_component,trace_derived,False,26,"balanceOf(address);transfer(address,uint256)",,observed_shared_component,False,,,2,
cisbl7-9cbf3ed03ba75e467f2cc9c8,CISBL7,sandwich,0xa0b86991c6218b36c1d19d4a2e9eb0ce3606eb48,FiatTokenProxy,True,shared_attack_victim_trace;victim_trace,False,candidate_exploited_component,trace_derived,False,26,,,observed_shared_component,False,,,2,
cisbl7-9cbf3ed03ba75e467f2cc9c8,CISBL7,sandwich,0xc02aaa39b223fe8d0a0e5c4f27ead9083c756cc2,WETH9,True,shared_attack_victim_trace;victim_trace,False,candidate_exploited_component,trace_derived,False,26,"allowance(address,address);approve(address,uint256);balanceOf(address);deposit();transfer(address,uint256);transferFrom(address,address,uint256)",,observed_shared_component,False,,,2,
cisbl7-9cbf3ed03ba75e467f2cc9c8,CISBL7,sandwich,0xe0554a476a092703abdb3ef35c80e0d76d32939f,UniswapV3Pool,True,shared_attack_victim_trace;trading_pair;victim_trace,False,candidate_ordering_sensitive_market,trace_derived,False,4,"swap(address,bool,int256,uint160,bytes)",,observed_ordering_target,True,0x128acb08,"swap(address,bool,int256,uint160,bytes)",2,
cisbl7-9f2d6a2f94e86f3b4cf929ba,CISBL7,sandwich,0x11a001dc777f5bf8a5d63f246664d3bb67be496c,OGGIE,True,shared_attack_victim_trace;victim_trace,False,candidate_exploited_component,trace_derived,False,19,"allowance(address,address);approve(address,uint256);balanceOf(address);transfer(address,uint256);transferFrom(address,address,uint256)",,observed_shared_component,False,,,2,
cisbl7-9f2d6a2f94e86f3b4cf929ba,CISBL7,sandwich,0x43506849d7c04f9138d1a2050bbf3a0c054402dd,FiatTokenV2_2,True,shared_attack_victim_trace;victim_trace,False,candidate_exploited_component,trace_derived,False,16,"balanceOf(address);transfer(address,uint256);transferFrom(address,address,uint256)",,observed_shared_component,False,,,2,
cisbl7-9f2d6a2f94e86f3b4cf929ba,CISBL7,sandwich,0x57e114b691db790c35207b2e685d4a43181e6061,ENA,True,shared_attack_victim_trace;victim_trace,False,candidate_exploited_component,trace_derived,False,10,"balanceOf(address);transfer(address,uint256)",,observed_shared_component,False,,,2,
cisbl7-9f2d6a2f94e86f3b4cf929ba,CISBL7,sandwich,0x5e3f09ab25548616b4b97f6163ff19cf6027930d,USAcoin,True,shared_attack_victim_trace;victim_trace,False,candidate_exploited_component,trace_derived,False,10,"balanceOf(address);transfer(address,uint256);transferFrom(address,address,uint256)",,observed_shared_component,False,,,2,
cisbl7-9f2d6a2f94e86f3b4cf929ba,CISBL7,sandwich,0xa0b86991c6218b36c1d19d4a2e9eb0ce3606eb48,FiatTokenProxy,True,shared_attack_victim_trace;victim_trace,False,candidate_exploited_component,trace_derived,False,16,,,observed_shared_component,False,,,2,
cisbl7-9f2d6a2f94e86f3b4cf929ba,CISBL7,sandwich,0xab322bfaa8363e8c40356c479bfe9808fb7a31a2,UniswapV2Pair,True,shared_attack_victim_trace;trading_pair;victim_trace,False,candidate_ordering_sensitive_market,trace_derived,False,4,"getReserves();swap(uint256,uint256,address,bytes)",,observed_ordering_target,True,0x022c0d9f,"swap(uint256,uint256,address,bytes)",2,
cisbl7-9f2d6a2f94e86f3b4cf929ba,CISBL7,sandwich,0xc02aaa39b223fe8d0a0e5c4f27ead9083c756cc2,WETH9,True,shared_attack_victim_trace;victim_trace,False,candidate_exploited_component,trace_derived,False,43,"balanceOf(address);deposit();transfer(address,uint256);transferFrom(address,address,uint256);withdraw(uint256)",,observed_shared_component,False,,,2,
cisbl7-9f2d6a2f94e86f3b4cf929ba,CISBL7,sandwich,0xdb3cf8597d795c1eaa3be49289d7538ed195c767,UniswapV2Pair,True,shared_attack_victim_trace;trading_pair;victim_trace,False,candidate_ordering_sensitive_market,trace_derived,False,6,"getReserves();swap(uint256,uint256,address,bytes)",,observed_ordering_target,True,0x022c0d9f,"swap(uint256,uint256,address,bytes)",2,
cisbl7-9f2d6a2f94e86f3b4cf929ba,CISBL7,sandwich,0xfc545f345e2afc52652cd6f76323c5ddc847bd6d,UniswapV3Pool,True,shared_attack_victim_trace;trading_pair;victim_trace,False,candidate_ordering_sensitive_market,trace_derived,False,4,"swap(address,bool,int256,uint160,bytes)",,observed_ordering_target,True,0x128acb08,"swap(address,bool,int256,uint160,bytes)",2,
cisbl7-9f4d254c5cb3201e6469cfdf,CISBL7,sandwich,0x2260fac5e5542a773aa44fbcfedf7c193bc2c599,WBTC,True,shared_attack_victim_trace;victim_trace,False,candidate_exploited_component,trace_derived,False,7,"balanceOf(address);transfer(address,uint256);transferFrom(address,address,uint256)",,observed_shared_component,False,,,2,
cisbl7-9f4d254c5cb3201e6469cfdf,CISBL7,sandwich,0x23c1e54ef229966f2ac159f6f441d0780e8717ac,UniswapV3Pool,True,shared_attack_victim_trace;trading_pair;victim_trace,False,candidate_ordering_sensitive_market,trace_derived,False,6,"observations(uint256);observe(uint32[]);slot0();swap(address,bool,int256,uint160,bytes)",,observed_ordering_target,True,0x128acb08,"swap(address,bool,int256,uint160,bytes)",2,
cisbl7-9f4d254c5cb3201e6469cfdf,CISBL7,sandwich,0x31b2c59d760058cfe57e59472e7542f776d987fb,Eden,True,shared_attack_victim_trace;victim_trace,False,candidate_exploited_component,trace_derived,False,7,"balanceOf(address);burn(uint256);transfer(address,uint256)",,observed_shared_component,False,,,2,
cisbl7-9f4d254c5cb3201e6469cfdf,CISBL7,sandwich,0x3f1a36b6c946e406f4295a89ff06a5c7d62f2fe2,UniswapV3Pool,True,shared_attack_victim_trace;victim_trace,False,candidate_exploited_component,trace_derived,False,9,"observations(uint256);observe(uint32[]);slot0();swap(address,bool,int256,uint160,bytes)",,observed_shared_component,False,,,1,
cisbl7-9f4d254c5cb3201e6469cfdf,CISBL7,sandwich,0x56534741cd8b152df6d48adf7ac51f75169a83b2,UniswapV3Pool,True,shared_attack_victim_trace;trading_pair;victim_trace,False,candidate_ordering_sensitive_market,trace_derived,False,3,"swap(address,bool,int256,uint160,bytes)",,observed_ordering_target,True,0x128acb08,"swap(address,bool,int256,uint160,bytes)",2,
cisbl7-9f4d254c5cb3201e6469cfdf,CISBL7,sandwich,0x66b5228cfd34d9f4d9f03188d67816286c7c0b74,Volt,True,shared_attack_victim_trace;victim_trace,False,candidate_exploited_component,trace_derived,False,16,"approve(address,uint256);balanceOf(address);transfer(address,uint256);transferFrom(address,address,uint256)",,observed_shared_component,False,,,2,
cisbl7-9f4d254c5cb3201e6469cfdf,CISBL7,sandwich,0xc02aaa39b223fe8d0a0e5c4f27ead9083c756cc2,WETH9,True,shared_attack_victim_trace;victim_trace,False,candidate_exploited_component,trace_derived,False,17,"balanceOf(address);transfer(address,uint256)",,observed_shared_component,False,,,2,
cisbl7-9f4d254c5cb3201e6469cfdf,CISBL7,sandwich,0xdac17f958d2ee523a2206206994597c13d831ec7,TetherToken,True,shared_attack_victim_trace;victim_trace,False,candidate_exploited_component,trace_derived,False,8,"balanceOf(address);transfer(address,uint256)",,observed_shared_component,False,,,2,
cisbl7-9f4d254c5cb3201e6469cfdf,CISBL7,sandwich,0xf19308f923582a6f7c465e5ce7a9dc1bec6665b1,TITANX,True,shared_attack_victim_trace;victim_trace,False,candidate_exploited_component,trace_derived,False,13,"approve(address,uint256);balanceOf(address);transfer(address,uint256);transferFrom(address,address,uint256)",,observed_shared_component,False,,,1,
cisbl7-9fe6d0bc138ea40113d5f386,CISBL7,sandwich,0x919fa96e88d67499339577fa202345436bcdaf79,UniswapV3Pool,True,shared_attack_victim_trace;trading_pair;victim_trace,False,candidate_ordering_sensitive_market,trace_derived,False,8,"burn(int24,int24,uint128);collect(address,int24,int24,uint128,uint128);mint(address,int24,int24,uint128,bytes);swap(address,bool,int256,uint160,bytes)",,observed_ordering_target,True,0x128acb08,"swap(address,bool,int256,uint160,bytes)",2,
cisbl7-9fe6d0bc138ea40113d5f386,CISBL7,sandwich,0xc02aaa39b223fe8d0a0e5c4f27ead9083c756cc2,WETH9,True,shared_attack_victim_trace;victim_trace,False,candidate_exploited_component,trace_derived,False,43,"allowance(address,address);approve(address,uint256);balanceOf(address);deposit();transfer(address,uint256);transferFrom(address,address,uint256);withdraw(uint256)",,observed_shared_component,False,,,2,
cisbl7-9fe6d0bc138ea40113d5f386,CISBL7,sandwich,0xd533a949740bb3306d119cc777fa900ba034cd52,Vyper_contract,False,shared_attack_victim_trace;victim_trace,False,candidate_exploited_component,trace_derived,False,35,,,observed_shared_component,False,,,2,
cisbl7-a0bd964b45467bac539606c0,CISBL7,sandwich,0x0000000000c5dc95539589fbd24be07c6c14eca4,Cult,True,shared_attack_victim_trace;victim_trace,False,candidate_exploited_component,trace_derived,False,23,"balanceOf(address);transfer(address,uint256)",,observed_shared_component,False,,,1,
cisbl7-a0bd964b45467bac539606c0,CISBL7,sandwich,0x044d1610e600d041229407fb6e514d259276e3b3,UniswapV3Pool,True,shared_attack_victim_trace;trading_pair;victim_trace,False,candidate_ordering_sensitive_market,trace_derived,False,5,"swap(address,bool,int256,uint160,bytes)",,observed_ordering_target,True,0x128acb08,"swap(address,bool,int256,uint160,bytes)",1,
cisbl7-a0bd964b45467bac539606c0,CISBL7,sandwich,0x8b267e238a77c42c065dde3a6b711768571e9f34,UniswapV2Pair,True,shared_attack_victim_trace;trading_pair;victim_trace,False,candidate_ordering_sensitive_market,trace_derived,False,4,"getReserves();swap(uint256,uint256,address,bytes)",,observed_ordering_target,True,0x022c0d9f,"swap(uint256,uint256,address,bytes)",1,
cisbl7-a0bd964b45467bac539606c0,CISBL7,sandwich,0xa81c617256de45c189d60cec3bbf5aea9a7c684a,,False,shared_attack_victim_trace;victim_trace,False,candidate_exploited_component,trace_derived,False,6,,,observed_shared_component,False,,,1,
cisbl7-a0bd964b45467bac539606c0,CISBL7,sandwich,0xc02aaa39b223fe8d0a0e5c4f27ead9083c756cc2,WETH9,True,shared_attack_victim_trace;victim_trace,False,candidate_exploited_component,trace_derived,False,40,"balanceOf(address);deposit();transfer(address,uint256);transferFrom(address,address,uint256)",,observed_shared_component,False,,,1,
cisbl7-a0bd964b45467bac539606c0,CISBL7,sandwich,0xc4ce8e63921b8b6cbdb8fcb6bd64cc701fb926f2,UniswapV3Pool,True,shared_attack_victim_trace;victim_trace,False,candidate_exploited_component,trace_derived,False,5,"burn(int24,int24,uint128);collect(address,int24,int24,uint128,uint128);mint(address,int24,int24,uint128,bytes);swap(address,bool,int256,uint160,bytes)",,observed_shared_component,False,,,1,
cisbl7-a1f19468deaa13a257df4e2c,CISBL7,sandwich,0x1121acc14c63f3c872bfca497d10926a6098aac5,Contract,True,shared_attack_victim_trace;victim_trace,False,candidate_exploited_component,trace_derived,False,10,"balanceOf(address);transfer(address,uint256);transferFrom(address,address,uint256)",,observed_shared_component,False,,,2,
cisbl7-a1f19468deaa13a257df4e2c,CISBL7,sandwich,0x112b08621e27e10773ec95d250604a041f36c582,ChaingeWrappedToken,True,shared_attack_victim_trace;victim_trace,False,candidate_exploited_component,trace_derived,False,13,"balanceOf(address);transfer(address,uint256)",,observed_shared_component,False,,,2,
cisbl7-a1f19468deaa13a257df4e2c,CISBL7,sandwich,0x243b6d94d967c79c00af6208dc4597b2a069373a,Token,True,shared_attack_victim_trace;victim_trace,False,candidate_exploited_component,trace_derived,False,9,"balanceOf(address);transfer(address,uint256)",,observed_shared_component,False,,,2,
cisbl7-a1f19468deaa13a257df4e2c,CISBL7,sandwich,0x308c6fbd6a14881af333649f17f2fde9cd75e2a6,UniswapV2Pair,True,shared_attack_victim_trace;trading_pair;victim_trace,False,candidate_ordering_sensitive_market,trace_derived,False,4,"getReserves();swap(uint256,uint256,address,bytes)",,observed_ordering_target,True,0x022c0d9f,"swap(uint256,uint256,address,bytes)",2,
cisbl7-a1f19468deaa13a257df4e2c,CISBL7,sandwich,0x6916f79669f745aebd82433583c85665bfae6fbb,UniswapV3Pool,True,shared_attack_victim_trace;trading_pair;victim_trace,False,candidate_ordering_sensitive_market,trace_derived,False,3,"swap(address,bool,int256,uint160,bytes)",,observed_ordering_target,True,0x128acb08,"swap(address,bool,int256,uint160,bytes)",2,
cisbl7-a1f19468deaa13a257df4e2c,CISBL7,sandwich,0x76a411f14a704099ba476ce8dffc288a53295218,UniswapV2Pair,True,shared_attack_victim_trace;trading_pair;victim_trace,False,candidate_ordering_sensitive_market,trace_derived,False,7,"getReserves();swap(uint256,uint256,address,bytes);token0();token1()",,observed_ordering_target,True,0x022c0d9f,"swap(uint256,uint256,address,bytes)",2,
cisbl7-a1f19468deaa13a257df4e2c,CISBL7,sandwich,0x7a27d380df0daeb778967ea7795c767894efa72f,UniswapV3Pool,True,shared_attack_victim_trace;trading_pair;victim_trace,False,candidate_ordering_sensitive_market,trace_derived,False,3,"swap(address,bool,int256,uint160,bytes)",,observed_ordering_target,True,0x128acb08,"swap(address,bool,int256,uint160,bytes)",2,
cisbl7-a1f19468deaa13a257df4e2c,CISBL7,sandwich,0xc02aaa39b223fe8d0a0e5c4f27ead9083c756cc2,WETH9,True,shared_attack_victim_trace;victim_trace,False,candidate_exploited_component,trace_derived,False,45,"balanceOf(address);deposit();transfer(address,uint256);transferFrom(address,address,uint256);withdraw(uint256)",,observed_shared_component,False,,,2,
cisbl7-a1f19468deaa13a257df4e2c,CISBL7,sandwich,0xf280b16ef293d8e534e370794ef26bf312694126,AS,True,shared_attack_victim_trace;victim_trace,False,candidate_exploited_component,trace_derived,False,10,"balanceOf(address);transfer(address,uint256)",,observed_shared_component,False,,,2,
cisbl7-a20935bc6525e070427d4cbc,CISBL7,sandwich,0x000000000022d473030f116ddee9f6b43ac78ba3,Permit2,True,shared_attack_victim_trace;victim_trace,False,candidate_exploited_component,trace_derived,False,3,"permitWitnessTransferFrom(((address,uint256),uint256,uint256),(address,uint256),address,bytes32,string,bytes);transferFrom(address,address,uint160,address)",,observed_shared_component,False,,,1,
cisbl7-a20935bc6525e070427d4cbc,CISBL7,sandwich,0x3ebec0a1b4055c8d1180fce64db2a8c068170880,UniswapV3Pool,True,shared_attack_victim_trace;trading_pair;victim_trace,False,candidate_ordering_sensitive_market,trace_derived,False,5,"swap(address,bool,int256,uint160,bytes)",,observed_ordering_target,True,0x128acb08,"swap(address,bool,int256,uint160,bytes)",1,
cisbl7-a20935bc6525e070427d4cbc,CISBL7,sandwich,0x47270ca9a3cdf198d26a847b577e9bbdd96a082a,UniswapV2Pair,True,shared_attack_victim_trace;trading_pair;victim_trace,False,candidate_ordering_sensitive_market,trace_derived,False,4,"getReserves();swap(uint256,uint256,address,bytes)",,observed_ordering_target,True,0x022c0d9f,"swap(uint256,uint256,address,bytes)",1,
cisbl7-a20935bc6525e070427d4cbc,CISBL7,sandwich,0xa0ef786bf476fe0810408caba05e536ac800ff86,MyriaToken,True,shared_attack_victim_trace;victim_trace,False,candidate_exploited_component,trace_derived,False,7,"balanceOf(address);transfer(address,uint256);transferFrom(address,address,uint256)",,observed_shared_component,False,,,1,
cisbl7-a20935bc6525e070427d4cbc,CISBL7,sandwich,0xadd39272e83895e7d3f244f696b7a25635f34234,Token,True,shared_attack_victim_trace;victim_trace,False,candidate_exploited_component,trace_derived,False,17,"balanceOf(address);transfer(address,uint256);transferFrom(address,address,uint256)",,observed_shared_component,False,,,1,
cisbl7-a20935bc6525e070427d4cbc,CISBL7,sandwich,0xbf85f94d3233ee588f0907a9147fbb59d7246b54,UniswapV3Pool,True,shared_attack_victim_trace;trading_pair;victim_trace,False,candidate_ordering_sensitive_market,trace_derived,False,3,"swap(address,bool,int256,uint160,bytes)",,observed_ordering_target,True,0x128acb08,"swap(address,bool,int256,uint160,bytes)",1,
cisbl7-a20935bc6525e070427d4cbc,CISBL7,sandwich,0xc02aaa39b223fe8d0a0e5c4f27ead9083c756cc2,WETH9,True,shared_attack_victim_trace;victim_trace,False,candidate_exploited_component,trace_derived,False,32,"allowance(address,address);approve(address,uint256);balanceOf(address);deposit();transfer(address,uint256);transferFrom(address,address,uint256)",,observed_shared_component,False,,,1,
cisbl7-a20935bc6525e070427d4cbc,CISBL7,sandwich,0xdac17f958d2ee523a2206206994597c13d831ec7,TetherToken,True,shared_attack_victim_trace;victim_trace,False,candidate_exploited_component,trace_derived,False,8,"approve(address,uint256);balanceOf(address);transfer(address,uint256);transferFrom(address,address,uint256)",,observed_shared_component,False,,,1,
cisbl7-a20935bc6525e070427d4cbc,CISBL7,sandwich,0xf6ce4be313ead51511215f1874c898239a331e37,BIRDDOG,True,shared_attack_victim_trace;victim_trace,False,candidate_exploited_component,trace_derived,False,15,"balanceOf(address);transfer(address,uint256)",,observed_shared_component,False,,,1,
cisbl7-a8873119f4e3480b8e58d4e1,CISBL7,sandwich,0x43506849d7c04f9138d1a2050bbf3a0c054402dd,FiatTokenV2_2,True,shared_attack_victim_trace;victim_trace,False,candidate_exploited_component,trace_derived,False,22,"allowance(address,address);balanceOf(address);transfer(address,uint256);transferFrom(address,address,uint256)",,observed_shared_component,False,,,2,
cisbl7-a8873119f4e3480b8e58d4e1,CISBL7,sandwich,0xa0b86991c6218b36c1d19d4a2e9eb0ce3606eb48,FiatTokenProxy,True,shared_attack_victim_trace;victim_trace,False,candidate_exploited_component,trace_derived,False,22,,,observed_shared_component,False,,,2,
cisbl7-a8873119f4e3480b8e58d4e1,CISBL7,sandwich,0xc02aaa39b223fe8d0a0e5c4f27ead9083c756cc2,WETH9,True,shared_attack_victim_trace;victim_trace,False,candidate_exploited_component,trace_derived,False,30,"balanceOf(address);deposit();transfer(address,uint256);transferFrom(address,address,uint256)",,observed_shared_component,False,,,2,
cisbl7-a8873119f4e3480b8e58d4e1,CISBL7,sandwich,0xc7bbec68d12a0d1830360f8ec58fa599ba1b0e9b,UniswapV3Pool,True,shared_attack_victim_trace;trading_pair;victim_trace,False,candidate_ordering_sensitive_market,trace_derived,False,3,"swap(address,bool,int256,uint160,bytes)",,observed_ordering_target,True,0x128acb08,"swap(address,bool,int256,uint160,bytes)",2,
cisbl7-a8873119f4e3480b8e58d4e1,CISBL7,sandwich,0xdac17f958d2ee523a2206206994597c13d831ec7,TetherToken,True,shared_attack_victim_trace;victim_trace,False,candidate_exploited_component,trace_derived,False,8,"balanceOf(address);transfer(address,uint256)",,observed_shared_component,False,,,2,
cisbl7-a8873119f4e3480b8e58d4e1,CISBL7,sandwich,0xe0554a476a092703abdb3ef35c80e0d76d32939f,UniswapV3Pool,True,shared_attack_victim_trace;trading_pair;victim_trace,False,candidate_ordering_sensitive_market,trace_derived,False,18,"fee();swap(address,bool,int256,uint160,bytes);token0();token1()",,observed_ordering_target,True,0x128acb08,"swap(address,bool,int256,uint160,bytes)",2,
cisbl7-a8a9bea2a87523c87e6d192d,CISBL7,sandwich,0x3ebec0a1b4055c8d1180fce64db2a8c068170880,UniswapV3Pool,True,shared_attack_victim_trace;trading_pair;victim_trace,False,candidate_ordering_sensitive_market,trace_derived,False,9,"swap(address,bool,int256,uint160,bytes);token1()",,observed_ordering_target,True,0x128acb08,"swap(address,bool,int256,uint160,bytes)",2,
cisbl7-a8a9bea2a87523c87e6d192d,CISBL7,sandwich,0xadd39272e83895e7d3f244f696b7a25635f34234,Token,True,shared_attack_victim_trace;victim_trace,False,candidate_exploited_component,trace_derived,False,22,"balanceOf(address);transfer(address,uint256)",,observed_shared_component,False,,,2,
cisbl7-a8a9bea2a87523c87e6d192d,CISBL7,sandwich,0xc02aaa39b223fe8d0a0e5c4f27ead9083c756cc2,WETH9,True,shared_attack_victim_trace;victim_trace,False,candidate_exploited_component,trace_derived,False,32,"balanceOf(address);deposit();transfer(address,uint256);transferFrom(address,address,uint256)",,observed_shared_component,False,,,2,
cisbl7-ab45dde62207d8e76b39e73c,CISBL7,sandwich,0xb0ac2b5a73da0e67a8e5489ba922b3f8d582e058,ShiroToken,True,shared_attack_victim_trace;victim_trace,False,candidate_exploited_component,trace_derived,False,72,"balanceOf(address);transfer(address,uint256)",,observed_shared_component,False,,,2,
cisbl7-ab45dde62207d8e76b39e73c,CISBL7,sandwich,0xc02aaa39b223fe8d0a0e5c4f27ead9083c756cc2,WETH9,True,shared_attack_victim_trace;victim_trace,False,candidate_exploited_component,trace_derived,False,48,"balanceOf(address);deposit();transfer(address,uint256)",,observed_shared_component,False,,,2,
cisbl7-ab45dde62207d8e76b39e73c,CISBL7,sandwich,0xd293d05e83035a757d510e2a5ebfe705c4f05b1f,UniswapV2Pair,True,shared_attack_victim_trace;trading_pair;victim_trace,False,candidate_ordering_sensitive_market,trace_derived,False,28,"getReserves();swap(uint256,uint256,address,bytes);token0();token1()",,observed_ordering_target,True,0x022c0d9f,"swap(uint256,uint256,address,bytes)",2,
cisbl7-abc90c32f24922f063a8fbc9,CISBL7,sandwich,0xb0ac2b5a73da0e67a8e5489ba922b3f8d582e058,ShiroToken,True,shared_attack_victim_trace;victim_trace,False,candidate_exploited_component,trace_derived,False,39,"balanceOf(address);transfer(address,uint256)",,observed_shared_component,False,,,2,
cisbl7-abc90c32f24922f063a8fbc9,CISBL7,sandwich,0xc02aaa39b223fe8d0a0e5c4f27ead9083c756cc2,WETH9,True,shared_attack_victim_trace;victim_trace,False,candidate_exploited_component,trace_derived,False,28,"balanceOf(address);deposit();transfer(address,uint256);transferFrom(address,address,uint256)",,observed_shared_component,False,,,2,
cisbl7-abc90c32f24922f063a8fbc9,CISBL7,sandwich,0xd293d05e83035a757d510e2a5ebfe705c4f05b1f,UniswapV2Pair,True,shared_attack_victim_trace;trading_pair;victim_trace,False,candidate_ordering_sensitive_market,trace_derived,False,18,"getReserves();swap(uint256,uint256,address,bytes);token0();token1()",,observed_ordering_target,True,0x022c0d9f,"swap(uint256,uint256,address,bytes)",2,
cisbl7-ad480005f89cafd69ea5b325,CISBL7,sandwich,0x289ff00235d2b98b0145ff5d4435d3e92f9540a6,BookOfEth,True,shared_attack_victim_trace;victim_trace,False,candidate_exploited_component,trace_derived,False,6,"balanceOf(address);transfer(address,uint256);transferFrom(address,address,uint256)",,observed_shared_component,False,,,2,
cisbl7-ad480005f89cafd69ea5b325,CISBL7,sandwich,0x43506849d7c04f9138d1a2050bbf3a0c054402dd,FiatTokenV2_2,True,shared_attack_victim_trace;victim_trace,False,candidate_exploited_component,trace_derived,False,12,"balanceOf(address);transfer(address,uint256)",,observed_shared_component,False,,,2,
cisbl7-ad480005f89cafd69ea5b325,CISBL7,sandwich,0x594daad7d77592a2b97b725a7ad59d7e188b5bfa,ApusClubToken,True,shared_attack_victim_trace;victim_trace,False,candidate_exploited_component,trace_derived,False,10,"balanceOf(address);transfer(address,uint256);transferFrom(address,address,uint256)",,observed_shared_component,False,,,2,
cisbl7-ad480005f89cafd69ea5b325,CISBL7,sandwich,0x5ced44f03ff443bbe14d8ea23bc24425fb89e3ed,UniswapV2Pair,True,shared_attack_victim_trace;trading_pair;victim_trace,False,candidate_ordering_sensitive_market,trace_derived,False,5,"getReserves();swap(uint256,uint256,address,bytes)",,observed_ordering_target,True,0x022c0d9f,"swap(uint256,uint256,address,bytes)",2,
cisbl7-ad480005f89cafd69ea5b325,CISBL7,sandwich,0xa0b86991c6218b36c1d19d4a2e9eb0ce3606eb48,FiatTokenProxy,True,shared_attack_victim_trace;victim_trace,False,candidate_exploited_component,trace_derived,False,12,,,observed_shared_component,False,,,2,
cisbl7-ad480005f89cafd69ea5b325,CISBL7,sandwich,0xc02aaa39b223fe8d0a0e5c4f27ead9083c756cc2,WETH9,True,shared_attack_victim_trace;victim_trace,False,candidate_exploited_component,trace_derived,False,31,"approve(address,uint256);balanceOf(address);deposit();transfer(address,uint256);transferFrom(address,address,uint256)",,observed_shared_component,False,,,2,
cisbl7-ad480005f89cafd69ea5b325,CISBL7,sandwich,0xdeba8fd61c1c87b6321a501ebb19e61e610421bf,UniswapV2Pair,True,shared_attack_victim_trace;trading_pair;victim_trace,False,candidate_ordering_sensitive_market,trace_derived,False,4,"getReserves();swap(uint256,uint256,address,bytes)",,observed_ordering_target,True,0x022c0d9f,"swap(uint256,uint256,address,bytes)",2,
cisbl7-ad480005f89cafd69ea5b325,CISBL7,sandwich,0xe0554a476a092703abdb3ef35c80e0d76d32939f,UniswapV3Pool,True,shared_attack_victim_trace;trading_pair;victim_trace,False,candidate_ordering_sensitive_market,trace_derived,False,3,"swap(address,bool,int256,uint160,bytes)",,observed_ordering_target,True,0x128acb08,"swap(address,bool,int256,uint160,bytes)",2,
cisbl7-adeb9ac7570b375e30e71ea4,CISBL7,sandwich,0x6593f97975400fcfee16a44d8448bb0509743e8e,UniswapV2Pair,True,shared_attack_victim_trace;trading_pair;victim_trace,False,candidate_ordering_sensitive_market,trace_derived,False,4,"getReserves();swap(uint256,uint256,address,bytes)",,observed_ordering_target,True,0x022c0d9f,"swap(uint256,uint256,address,bytes)",1,
cisbl7-adeb9ac7570b375e30e71ea4,CISBL7,sandwich,0x7d29a64504629172a429e64183d6673b9dacbfce,VXV,True,shared_attack_victim_trace;victim_trace,False,candidate_exploited_component,trace_derived,False,17,"balanceOf(address);transfer(address,uint256)",,observed_shared_component,False,,,1,
cisbl7-adeb9ac7570b375e30e71ea4,CISBL7,sandwich,0x8580a7b63d48190775c7ceb13eda5dd4cc01a6e2,UniswapV2Pair,True,shared_attack_victim_trace;trading_pair;victim_trace,False,candidate_ordering_sensitive_market,trace_derived,False,4,"getReserves();swap(uint256,uint256,address,bytes)",,observed_ordering_target,True,0x022c0d9f,"swap(uint256,uint256,address,bytes)",1,
cisbl7-adeb9ac7570b375e30e71ea4,CISBL7,sandwich,0xc02aaa39b223fe8d0a0e5c4f27ead9083c756cc2,WETH9,True,shared_attack_victim_trace;victim_trace,False,candidate_exploited_component,trace_derived,False,38,"balanceOf(address);deposit();transfer(address,uint256);transferFrom(address,address,uint256);withdraw(uint256)",,observed_shared_component,False,,,1,
cisbl7-adeb9ac7570b375e30e71ea4,CISBL7,sandwich,0xd300c31a23c2300c601a44da8e3df36c4e1b78c5,UniswapV2Pair,True,shared_attack_victim_trace;trading_pair;victim_trace,False,candidate_ordering_sensitive_market,trace_derived,False,5,"getReserves();swap(uint256,uint256,address,bytes)",,observed_ordering_target,True,0x022c0d9f,"swap(uint256,uint256,address,bytes)",0,
cisbl7-adeb9ac7570b375e30e71ea4,CISBL7,sandwich,0xda86006036540822e0cd2861dbd2fd7ff9caa0e8,TubeToken,True,shared_attack_victim_trace;victim_trace,False,candidate_exploited_component,trace_derived,False,9,"balanceOf(address);transfer(address,uint256)",,observed_shared_component,False,,,0,
cisbl7-adeb9ac7570b375e30e71ea4,CISBL7,sandwich,0xfefe157c9d0ae025213092ff9a5cb56ab492bab8,Fefe,True,shared_attack_victim_trace;victim_trace,False,candidate_exploited_component,trace_derived,False,7,"balanceOf(address);transfer(address,uint256);transferFrom(address,address,uint256)",,observed_shared_component,False,,,1,
cisbl7-adf7d0d2cb470c126b2889ab,CISBL7,sandwich,0x291c69fdaebd3cbe953843da243f8605a766a268,JamUniswapV2Pair,True,shared_attack_victim_trace;trading_pair;victim_trace,False,candidate_ordering_sensitive_market,trace_derived,False,4,"getReserves();swap(uint256,uint256,address,bytes)",,observed_ordering_target,True,0x022c0d9f,"swap(uint256,uint256,address,bytes)",2,
cisbl7-adf7d0d2cb470c126b2889ab,CISBL7,sandwich,0x467bccd9d29f223bce8043b84e8c8b282827790f,Telcoin,True,shared_attack_victim_trace;victim_trace,False,candidate_exploited_component,trace_derived,False,13,"balanceOf(address);transfer(address,uint256)",,observed_shared_component,False,,,2,
cisbl7-adf7d0d2cb470c126b2889ab,CISBL7,sandwich,0xc02aaa39b223fe8d0a0e5c4f27ead9083c756cc2,WETH9,True,shared_attack_victim_trace;victim_trace,False,candidate_exploited_component,trace_derived,False,24,"allowance(address,address);balanceOf(address);deposit();transfer(address,uint256);transferFrom(address,address,uint256);withdraw(uint256)",,observed_shared_component,False,,,2,
cisbl7-adf7d0d2cb470c126b2889ab,CISBL7,sandwich,0xc7bbec68d12a0d1830360f8ec58fa599ba1b0e9b,UniswapV3Pool,True,shared_attack_victim_trace;trading_pair;victim_trace,False,candidate_ordering_sensitive_market,trace_derived,False,3,"swap(address,bool,int256,uint160,bytes)",,observed_ordering_target,True,0x128acb08,"swap(address,bool,int256,uint160,bytes)",2,
cisbl7-adf7d0d2cb470c126b2889ab,CISBL7,sandwich,0xdac17f958d2ee523a2206206994597c13d831ec7,TetherToken,True,shared_attack_victim_trace;victim_trace,False,candidate_exploited_component,trace_derived,False,16,"approve(address,uint256);balanceOf(address);transfer(address,uint256);transferFrom(address,address,uint256)",,observed_shared_component,False,,,2,
cisbl7-aeaca78b5dbf176d54058a42,CISBL7,sandwich,0x42a79d4ddde00955d15bb18b7983388c16012e61,AGX,True,shared_attack_victim_trace;victim_trace,False,candidate_exploited_component,trace_derived,False,12,"balanceOf(address);transfer(address,uint256)",,observed_shared_component,False,,,2,
cisbl7-aeaca78b5dbf176d54058a42,CISBL7,sandwich,0x43506849d7c04f9138d1a2050bbf3a0c054402dd,FiatTokenV2_2,True,shared_attack_victim_trace;victim_trace,False,candidate_exploited_component,trace_derived,False,21,"approve(address,uint256);balanceOf(address);transfer(address,uint256);transferFrom(address,address,uint256)",,observed_shared_component,False,,,2,
cisbl7-aeaca78b5dbf176d54058a42,CISBL7,sandwich,0x514910771af9ca656af840dff83e8264ecf986ca,LinkToken,True,shared_attack_victim_trace;victim_trace,False,candidate_exploited_component,trace_derived,False,15,"approve(address,uint256);balanceOf(address);transfer(address,uint256);transferFrom(address,address,uint256)",,observed_shared_component,False,,,2,
cisbl7-aeaca78b5dbf176d54058a42,CISBL7,sandwich,0x6fc13eace26590b80cccab1ba5d51890577d83b2,UMB,True,shared_attack_victim_trace;victim_trace,False,candidate_exploited_component,trace_derived,False,8,"balanceOf(address);transfer(address,uint256)",,observed_shared_component,False,,,2,
cisbl7-aeaca78b5dbf176d54058a42,CISBL7,sandwich,0xa0b86991c6218b36c1d19d4a2e9eb0ce3606eb48,FiatTokenProxy,True,shared_attack_victim_trace;victim_trace,False,candidate_exploited_component,trace_derived,False,21,,,observed_shared_component,False,,,2,
cisbl7-aeaca78b5dbf176d54058a42,CISBL7,sandwich,0xb1bbeea2da2905e6b0a30203aef55c399c53d042,UniswapV2Pair,True,shared_attack_victim_trace;trading_pair;victim_trace,False,candidate_ordering_sensitive_market,trace_derived,False,4,"getReserves();swap(uint256,uint256,address,bytes)",,observed_ordering_target,True,0x022c0d9f,"swap(uint256,uint256,address,bytes)",2,
cisbl7-aeaca78b5dbf176d54058a42,CISBL7,sandwich,0xc02aaa39b223fe8d0a0e5c4f27ead9083c756cc2,WETH9,True,shared_attack_victim_trace;victim_trace,False,candidate_exploited_component,trace_derived,False,20,"approve(address,uint256);balanceOf(address);deposit();transfer(address,uint256);transferFrom(address,address,uint256)",,observed_shared_component,False,,,2,
cisbl7-aeaca78b5dbf176d54058a42,CISBL7,sandwich,0xd7f185d0bff9e41b3e454c7fda07b4a4fe1911c5,UniswapV2Pair,True,shared_attack_victim_trace;trading_pair;victim_trace,False,candidate_ordering_sensitive_market,trace_derived,False,4,"getReserves();swap(uint256,uint256,address,bytes)",,observed_ordering_target,True,0x022c0d9f,"swap(uint256,uint256,address,bytes)",2,
cisbl7-aeaca78b5dbf176d54058a42,CISBL7,sandwich,0xfad57d2039c21811c8f2b5d5b65308aa99d31559,UniswapV3Pool,True,shared_attack_victim_trace;trading_pair;victim_trace,False,candidate_ordering_sensitive_market,trace_derived,False,18,"burn(int24,int24,uint128);collect(address,int24,int24,uint128,uint128);fee();liquidity();mint(address,int24,int24,uint128,bytes);positions(bytes32);slot0();swap(address,bool,int256,uint160,bytes);tickBitmap(int16);tickSpacing();ticks(int24)",,observed_ordering_target,True,0x128acb08,"swap(address,bool,int256,uint160,bytes)",2,
cisbl7-b080e327c682f06ccefa5166,CISBL7,sandwich,0x2172009e620ab2fc52b3c52648e1dcc28c16bf7d,UniswapV2Pair,True,shared_attack_victim_trace;trading_pair;victim_trace,False,candidate_ordering_sensitive_market,trace_derived,False,4,"getReserves();swap(uint256,uint256,address,bytes)",,observed_ordering_target,True,0x022c0d9f,"swap(uint256,uint256,address,bytes)",2,
cisbl7-b080e327c682f06ccefa5166,CISBL7,sandwich,0x43506849d7c04f9138d1a2050bbf3a0c054402dd,FiatTokenV2_2,True,shared_attack_victim_trace;victim_trace,False,candidate_exploited_component,trace_derived,False,16,"approve(address,uint256);balanceOf(address);transfer(address,uint256);transferFrom(address,address,uint256)",,observed_shared_component,False,,,2,
cisbl7-b080e327c682f06ccefa5166,CISBL7,sandwich,0x4de8c60541fdadd33404ccb2c8b83907ce617341,UniswapV2Pair,True,shared_attack_victim_trace;trading_pair;victim_trace,False,candidate_ordering_sensitive_market,trace_derived,False,4,"getReserves();swap(uint256,uint256,address,bytes)",,observed_ordering_target,True,0x022c0d9f,"swap(uint256,uint256,address,bytes)",2,
cisbl7-b080e327c682f06ccefa5166,CISBL7,sandwich,0x59e1735013630ba9c65fb4cf57f8e915f960743d,UniswapV3Pool,True,shared_attack_victim_trace;victim_trace,False,candidate_exploited_component,trace_derived,False,3,"swap(address,bool,int256,uint160,bytes)",,observed_shared_component,False,,,2,
cisbl7-b080e327c682f06ccefa5166,CISBL7,sandwich,0x66a1e37c9b0eaddca17d3662d6c05f4decf3e110,TransparentUpgradeableProxy,True,shared_attack_victim_trace;victim_trace,False,candidate_exploited_component,trace_derived,False,14,,,observed_shared_component,False,,,2,
cisbl7-b080e327c682f06ccefa5166,CISBL7,sandwich,0x69fd9281a920717ee54193a1c130b689ef341933,FWOG,True,shared_attack_victim_trace;victim_trace,False,candidate_exploited_component,trace_derived,False,16,"balanceOf(address);transfer(address,uint256);transferFrom(address,address,uint256)",,observed_shared_component,False,,,2,
cisbl7-b080e327c682f06ccefa5166,CISBL7,sandwich,0x8bb9cd887dd51c5aa8d7da9e244c94bec035e47c,UniswapV3Pool,True,shared_attack_victim_trace;trading_pair;victim_trace,False,candidate_ordering_sensitive_market,trace_derived,False,3,"swap(address,bool,int256,uint160,bytes)",,observed_ordering_target,True,0x128acb08,"swap(address,bool,int256,uint160,bytes)",2,
cisbl7-b080e327c682f06ccefa5166,CISBL7,sandwich,0xa0b86991c6218b36c1d19d4a2e9eb0ce3606eb48,FiatTokenProxy,True,shared_attack_victim_trace;victim_trace,False,candidate_exploited_component,trace_derived,False,16,,,observed_shared_component,False,,,2,
cisbl7-b080e327c682f06ccefa5166,CISBL7,sandwich,0xc02aaa39b223fe8d0a0e5c4f27ead9083c756cc2,WETH9,True,shared_attack_victim_trace;victim_trace,False,candidate_exploited_component,trace_derived,False,26,"balanceOf(address);deposit();transfer(address,uint256);transferFrom(address,address,uint256);withdraw(uint256)",,observed_shared_component,False,,,2,
cisbl7-b080e327c682f06ccefa5166,CISBL7,sandwich,0xc575bd129848ce06a460a19466c30e1d0328f52c,REPLOY,True,shared_attack_victim_trace;victim_trace,False,candidate_exploited_component,trace_derived,False,12,"balanceOf(address);transfer(address,uint256)",,observed_shared_component,False,,,2,
cisbl7-b080e327c682f06ccefa5166,CISBL7,sandwich,0xef4c4bcbe105170810b6ef58a286d9ce97a1fabe,SimpleToken,True,shared_attack_victim_trace;victim_trace,False,candidate_exploited_component,trace_derived,False,14,"approve(address,uint256);balanceOf(address);transfer(address,uint256);transferFrom(address,address,uint256)",,observed_shared_component,False,,,2,
cisbl7-b18d3a5ac4c9f9b388b9a2ba,CISBL7,sandwich,0x035a397725d3c9fc5ddd3e56066b7b64c749014e,UniswapV2Pair,True,shared_attack_victim_trace;trading_pair;victim_trace,False,candidate_ordering_sensitive_market,trace_derived,False,6,"getReserves();swap(uint256,uint256,address,bytes)",,observed_ordering_target,True,0x022c0d9f,"swap(uint256,uint256,address,bytes)",2,
cisbl7-b18d3a5ac4c9f9b388b9a2ba,CISBL7,sandwich,0x03ab458634910aad20ef5f1c8ee96f1d6ac54919,Coin,True,shared_attack_victim_trace;victim_trace,False,candidate_exploited_component,trace_derived,False,11,"balanceOf(address);transfer(address,uint256)",,observed_shared_component,False,,,2,
cisbl7-b18d3a5ac4c9f9b388b9a2ba,CISBL7,sandwich,0x0dc9877f6024ccf16a470a74176c9260beb83ab6,UniswapV3Pool,True,shared_attack_victim_trace;trading_pair;victim_trace,False,candidate_ordering_sensitive_market,trace_derived,False,3,"swap(address,bool,int256,uint160,bytes)",,observed_ordering_target,True,0x128acb08,"swap(address,bool,int256,uint160,bytes)",2,
cisbl7-b18d3a5ac4c9f9b388b9a2ba,CISBL7,sandwich,0x2b591e99afe9f32eaa6214f7b7629768c40eeb39,HEX,True,shared_attack_victim_trace;victim_trace,False,candidate_exploited_component,trace_derived,False,22,"balanceOf(address);transfer(address,uint256)",,observed_shared_component,False,,,2,
cisbl7-b18d3a5ac4c9f9b388b9a2ba,CISBL7,sandwich,0x3819f64f282bf135d62168c1e513280daf905e06,Hedron,True,shared_attack_victim_trace;victim_trace,False,candidate_exploited_component,trace_derived,False,16,"balanceOf(address);transfer(address,uint256)",,observed_shared_component,False,,,2,
cisbl7-b18d3a5ac4c9f9b388b9a2ba,CISBL7,sandwich,0x55d5c232d921b9eaa6b37b5845e439acd04b4dba,UniswapV2Pair,True,shared_attack_victim_trace;victim_trace,False,candidate_exploited_component,trace_derived,False,3,"getReserves();swap(uint256,uint256,address,bytes)",,observed_shared_component,False,,,1,
cisbl7-b18d3a5ac4c9f9b388b9a2ba,CISBL7,sandwich,0xc02aaa39b223fe8d0a0e5c4f27ead9083c756cc2,WETH9,True,shared_attack_victim_trace;victim_trace,False,candidate_exploited_component,trace_derived,False,27,"approve(address,uint256);balanceOf(address);deposit();transfer(address,uint256);transferFrom(address,address,uint256)",,observed_shared_component,False,,,2,
cisbl7-b6f55eb2fa25bc4220321209,CISBL7,sandwich,0x43506849d7c04f9138d1a2050bbf3a0c054402dd,FiatTokenV2_2,True,shared_attack_victim_trace;victim_trace,False,candidate_exploited_component,trace_derived,False,14,"balanceOf(address);transfer(address,uint256);transferFrom(address,address,uint256)",,observed_shared_component,False,,,2,
cisbl7-b6f55eb2fa25bc4220321209,CISBL7,sandwich,0x68ad75469db9181a1144e769c16adf47f2f32cae,Max,True,shared_attack_victim_trace;victim_trace,False,candidate_exploited_component,trace_derived,False,14,"balanceOf(address);transfer(address,uint256)",,observed_shared_component,False,,,2,
cisbl7-b6f55eb2fa25bc4220321209,CISBL7,sandwich,0x88e6a0c2ddd26feeb64f039a2c41296fcb3f5640,UniswapV3Pool,True,shared_attack_victim_trace;trading_pair;victim_trace,False,candidate_ordering_sensitive_market,trace_derived,False,6,"burn(int24,int24,uint128);collect(address,int24,int24,uint128,uint128);mint(address,int24,int24,uint128,bytes);swap(address,bool,int256,uint160,bytes)",,observed_ordering_target,True,0x128acb08,"swap(address,bool,int256,uint160,bytes)",2,
cisbl7-b6f55eb2fa25bc4220321209,CISBL7,sandwich,0xa0b86991c6218b36c1d19d4a2e9eb0ce3606eb48,FiatTokenProxy,True,shared_attack_victim_trace;victim_trace,False,candidate_exploited_component,trace_derived,False,14,,,observed_shared_component,False,,,2,
cisbl7-b6f55eb2fa25bc4220321209,CISBL7,sandwich,0xc02aaa39b223fe8d0a0e5c4f27ead9083c756cc2,WETH9,True,shared_attack_victim_trace;victim_trace,False,candidate_exploited_component,trace_derived,False,44,"allowance(address,address);approve(address,uint256);balanceOf(address);decimals();transfer(address,uint256);transferFrom(address,address,uint256)",,observed_shared_component,False,,,2,
cisbl7-b6f55eb2fa25bc4220321209,CISBL7,sandwich,0xf94f040ad12abd0b585eae84876429715bfa82d6,UniswapV2Pair,True,shared_attack_victim_trace;trading_pair;victim_trace,False,candidate_ordering_sensitive_market,trace_derived,False,5,"getReserves();swap(uint256,uint256,address,bytes)",,observed_ordering_target,True,0x022c0d9f,"swap(uint256,uint256,address,bytes)",2,
cisbl7-b7366a806b1e8f9d1503245c,CISBL7,sandwich,0x15abc0a88b462ed37c89fbcd2bc0d6bd8a94f22d,UniswapV2Pair,True,shared_attack_victim_trace;trading_pair;victim_trace,False,candidate_ordering_sensitive_market,trace_derived,False,4,"getReserves();swap(uint256,uint256,address,bytes)",,observed_ordering_target,True,0x022c0d9f,"swap(uint256,uint256,address,bytes)",0,
cisbl7-b7366a806b1e8f9d1503245c,CISBL7,sandwich,0x1f9840a85d5af5bf1d1762f925bdaddc4201f984,Uni,True,shared_attack_victim_trace;victim_trace,False,candidate_exploited_component,trace_derived,False,9,"balanceOf(address);transfer(address,uint256)",,observed_shared_component,False,,,2,
cisbl7-b7366a806b1e8f9d1503245c,CISBL7,sandwich,0x540b9658044acb24a7f32341c6564818176b0f1e,UniswapV2Pair,True,shared_attack_victim_trace;trading_pair;victim_trace,False,candidate_ordering_sensitive_market,trace_derived,False,4,"getReserves();swap(uint256,uint256,address,bytes)",,observed_ordering_target,True,0x022c0d9f,"swap(uint256,uint256,address,bytes)",2,
cisbl7-b7366a806b1e8f9d1503245c,CISBL7,sandwich,0x888c1a341ce9d9ae9c2d2a75a72a7f0d2551a2dc,CSI,True,shared_attack_victim_trace;victim_trace,False,candidate_exploited_component,trace_derived,False,7,"balanceOf(address);transfer(address,uint256);transferFrom(address,address,uint256)",,observed_shared_component,False,,,0,
cisbl7-b7366a806b1e8f9d1503245c,CISBL7,sandwich,0x8fac8031e079f409135766c7d5de29cf22ef897c,TransparentUpgradeableProxy,True,shared_attack_victim_trace;victim_trace,False,candidate_exploited_component,trace_derived,False,10,,,observed_shared_component,False,,,2,
cisbl7-b7366a806b1e8f9d1503245c,CISBL7,sandwich,0xc02aaa39b223fe8d0a0e5c4f27ead9083c756cc2,WETH9,True,shared_attack_victim_trace;victim_trace,False,candidate_exploited_component,trace_derived,False,47,"allowance(address,address);approve(address,uint256);balanceOf(address);deposit();transfer(address,uint256);transferFrom(address,address,uint256);withdraw(uint256)",,observed_shared_component,False,,,2,
cisbl7-b7366a806b1e8f9d1503245c,CISBL7,sandwich,0xe7cbd3f492200a1d9ed105091eb40a62ee86c72d,,False,shared_attack_victim_trace;victim_trace,False,candidate_exploited_component,trace_derived,False,10,,,observed_shared_component,False,,,2,
cisbl7-b7366a806b1e8f9d1503245c,CISBL7,sandwich,0xea59a3da9cad8ece406a353ddede0e7d17604d28,UniswapV2Pair,True,shared_attack_victim_trace;trading_pair;victim_trace,False,candidate_ordering_sensitive_market,trace_derived,False,4,"getReserves();swap(uint256,uint256,address,bytes)",,observed_ordering_target,True,0x022c0d9f,"swap(uint256,uint256,address,bytes)",2,
cisbl7-b7366a806b1e8f9d1503245c,CISBL7,sandwich,0xee7527841a932d2912224e20a405e1a1ff747084,SHx,True,shared_attack_victim_trace;victim_trace,False,candidate_exploited_component,trace_derived,False,16,"balanceOf(address);transfer(address,uint256)",,observed_shared_component,False,,,2,
cisbl7-b7366a806b1e8f9d1503245c,CISBL7,sandwich,0xfaa318479b7755b2dbfdd34dc306cb28b420ad12,UniswapV3Pool,True,shared_attack_victim_trace;trading_pair;victim_trace,False,candidate_ordering_sensitive_market,trace_derived,False,3,"swap(address,bool,int256,uint160,bytes)",,observed_ordering_target,True,0x128acb08,"swap(address,bool,int256,uint160,bytes)",2,
cisbl7-b815c1c617ab3b33aed92586,CISBL7,sandwich,0x2325e3f261cadb1c30cebf66c9f95f6fb016c0d4,UniswapV2Pair,True,shared_attack_victim_trace;trading_pair;victim_trace,False,candidate_ordering_sensitive_market,trace_derived,False,4,"getReserves();swap(uint256,uint256,address,bytes)",,observed_ordering_target,True,0x022c0d9f,"swap(uint256,uint256,address,bytes)",2,
cisbl7-b815c1c617ab3b33aed92586,CISBL7,sandwich,0x607f4c5bb672230e8672085532f7e901544a7375,RLC,True,shared_attack_victim_trace;victim_trace,False,candidate_exploited_component,trace_derived,False,18,"balanceOf(address);transfer(address,uint256)",,observed_shared_component,False,,,2,
cisbl7-b815c1c617ab3b33aed92586,CISBL7,sandwich,0x6d57a53a45343187905aad6ad8ed532d105697c1,UniswapV2Pair,True,shared_attack_victim_trace;trading_pair;victim_trace,False,candidate_ordering_sensitive_market,trace_derived,False,4,"getReserves();swap(uint256,uint256,address,bytes)",,observed_ordering_target,True,0x022c0d9f,"swap(uint256,uint256,address,bytes)",2,
cisbl7-b815c1c617ab3b33aed92586,CISBL7,sandwich,0x75382c52b6f90b3f8014bfcadac2386513f1e3bc,UniswapV2Pair,True,shared_attack_victim_trace;victim_trace,False,candidate_exploited_component,trace_derived,False,3,"getReserves();swap(uint256,uint256,address,bytes)",,observed_shared_component,False,,,1,
cisbl7-b815c1c617ab3b33aed92586,CISBL7,sandwich,0xc02aaa39b223fe8d0a0e5c4f27ead9083c756cc2,WETH9,True,shared_attack_victim_trace;victim_trace,False,candidate_exploited_component,trace_derived,False,33,"allowance(address,address);approve(address,uint256);balanceOf(address);deposit();transfer(address,uint256);transferFrom(address,address,uint256)",,observed_shared_component,False,,,2,
cisbl7-b815c1c617ab3b33aed92586,CISBL7,sandwich,0xcf91b70017eabde82c9671e30e5502d312ea6eb2,puppies,True,shared_attack_victim_trace;victim_trace,False,candidate_exploited_component,trace_derived,False,7,"balanceOf(address);transfer(address,uint256)",,observed_shared_component,False,,,2,
cisbl7-b86b4f85c7cb89b3531b18b1,CISBL7,sandwich,0x43506849d7c04f9138d1a2050bbf3a0c054402dd,FiatTokenV2_2,True,shared_attack_victim_trace;victim_trace,False,candidate_exploited_component,trace_derived,False,7,"allowance(address,address);balanceOf(address);transfer(address,uint256);transferFrom(address,address,uint256)",,observed_shared_component,False,,,0,
cisbl7-b86b4f85c7cb89b3531b18b1,CISBL7,sandwich,0x4955f6641bf9c8c163604c321f4b36e988698f75,Contract,True,shared_attack_victim_trace;victim_trace,False,candidate_exploited_component,trace_derived,False,13,"balanceOf(address);transfer(address,uint256)",,observed_shared_component,False,,,0,
cisbl7-b86b4f85c7cb89b3531b18b1,CISBL7,sandwich,0x6c2b8b3f7a909531c4c55ca6a0a7c3ab65e8d94a,UniswapV2Pair,True,shared_attack_victim_trace;trading_pair;victim_trace,False,candidate_ordering_sensitive_market,trace_derived,False,6,"getReserves();swap(uint256,uint256,address,bytes)",,observed_ordering_target,True,0x022c0d9f,"swap(uint256,uint256,address,bytes)",0,
cisbl7-b86b4f85c7cb89b3531b18b1,CISBL7,sandwich,0x705fbc93b9608047438f9a1c15d95816d34ea82a,AQUA,True,shared_attack_victim_trace;victim_trace,False,candidate_exploited_component,trace_derived,False,9,"balanceOf(address);transfer(address,uint256)",,observed_shared_component,False,,,1,
cisbl7-b86b4f85c7cb89b3531b18b1,CISBL7,sandwich,0x88e6a0c2ddd26feeb64f039a2c41296fcb3f5640,UniswapV3Pool,True,shared_attack_victim_trace;trading_pair;victim_trace,False,candidate_ordering_sensitive_market,trace_derived,False,3,"swap(address,bool,int256,uint160,bytes)",,observed_ordering_target,True,0x128acb08,"swap(address,bool,int256,uint160,bytes)",1,
cisbl7-b86b4f85c7cb89b3531b18b1,CISBL7,sandwich,0xa0b86991c6218b36c1d19d4a2e9eb0ce3606eb48,FiatTokenProxy,True,shared_attack_victim_trace;victim_trace,False,candidate_exploited_component,trace_derived,False,7,,,observed_shared_component,False,,,0,
cisbl7-b86b4f85c7cb89b3531b18b1,CISBL7,sandwich,0xc02aaa39b223fe8d0a0e5c4f27ead9083c756cc2,WETH9,True,shared_attack_victim_trace;victim_trace,False,candidate_exploited_component,trace_derived,False,31,"approve(address,uint256);balanceOf(address);deposit();transfer(address,uint256);transferFrom(address,address,uint256)",,observed_shared_component,False,,,1,
cisbl7-b86b4f85c7cb89b3531b18b1,CISBL7,sandwich,0xd1853218db7e0d3ace181e34e82b848a0248573e,UniswapV2Pair,True,shared_attack_victim_trace;trading_pair;victim_trace,False,candidate_ordering_sensitive_market,trace_derived,False,6,"getReserves();swap(uint256,uint256,address,bytes)",,observed_ordering_target,True,0x022c0d9f,"swap(uint256,uint256,address,bytes)",1,
cisbl7-c2223e1d3c8b973b70e8be10,CISBL7,sandwich,0x11b815efb8f581194ae79006d24e0d814b7697f6,UniswapV3Pool,True,shared_attack_victim_trace;trading_pair;victim_trace,False,candidate_ordering_sensitive_market,trace_derived,False,6,"burn(int24,int24,uint128);collect(address,int24,int24,uint128,uint128);mint(address,int24,int24,uint128,bytes);swap(address,bool,int256,uint160,bytes)",,observed_ordering_target,True,0x128acb08,"swap(address,bool,int256,uint160,bytes)",2,
cisbl7-c2223e1d3c8b973b70e8be10,CISBL7,sandwich,0x21e5c85a5b1f38bddde68307af77e38f747cd530,DOGS,True,shared_attack_victim_trace;victim_trace,False,candidate_exploited_component,trace_derived,False,7,"balanceOf(address);transfer(address,uint256);transferFrom(address,address,uint256)",,observed_shared_component,False,,,2,
cisbl7-c2223e1d3c8b973b70e8be10,CISBL7,sandwich,0x43506849d7c04f9138d1a2050bbf3a0c054402dd,FiatTokenV2_2,True,shared_attack_victim_trace;victim_trace,False,candidate_exploited_component,trace_derived,False,10,"balanceOf(address);decimals();transfer(address,uint256);transferFrom(address,address,uint256)",,observed_shared_component,False,,,1,
cisbl7-c2223e1d3c8b973b70e8be10,CISBL7,sandwich,0x898fcb7b4e3bee37ebb0ca3a3fbd08cefdc8c995,UniswapV2Pair,True,shared_attack_victim_trace;trading_pair;victim_trace,False,candidate_ordering_sensitive_market,trace_derived,False,4,"getReserves();swap(uint256,uint256,address,bytes)",,observed_ordering_target,True,0x022c0d9f,"swap(uint256,uint256,address,bytes)",2,
cisbl7-c2223e1d3c8b973b70e8be10,CISBL7,sandwich,0xa0b86991c6218b36c1d19d4a2e9eb0ce3606eb48,FiatTokenProxy,True,shared_attack_victim_trace;victim_trace,False,candidate_exploited_component,trace_derived,False,10,,,observed_shared_component,False,,,1,
cisbl7-c2223e1d3c8b973b70e8be10,CISBL7,sandwich,0xc02aaa39b223fe8d0a0e5c4f27ead9083c756cc2,WETH9,True,shared_attack_victim_trace;victim_trace,False,candidate_exploited_component,trace_derived,False,32,"allowance(address,address);approve(address,uint256);balanceOf(address);transfer(address,uint256);transferFrom(address,address,uint256)",,observed_shared_component,False,,,2,
cisbl7-c2223e1d3c8b973b70e8be10,CISBL7,sandwich,0xdac17f958d2ee523a2206206994597c13d831ec7,TetherToken,True,shared_attack_victim_trace;victim_trace,False,candidate_exploited_component,trace_derived,False,19,"balanceOf(address);transfer(address,uint256);transferFrom(address,address,uint256)",,observed_shared_component,False,,,2,
cisbl7-c25f2252c548bb7504005cbc,CISBL7,sandwich,0xc02aaa39b223fe8d0a0e5c4f27ead9083c756cc2,WETH9,True,shared_attack_victim_trace;victim_trace,False,candidate_exploited_component,trace_derived,False,16,"balanceOf(address);transfer(address,uint256);transferFrom(address,address,uint256)",,observed_shared_component,False,,,1,
cisbl7-c25f2252c548bb7504005cbc,CISBL7,sandwich,0xc7bbec68d12a0d1830360f8ec58fa599ba1b0e9b,UniswapV3Pool,True,shared_attack_victim_trace;trading_pair;victim_trace,False,candidate_ordering_sensitive_market,trace_derived,False,11,"burn(int24,int24,uint128);collect(address,int24,int24,uint128,uint128);fee();mint(address,int24,int24,uint128,bytes);swap(address,bool,int256,uint160,bytes);token0();token1()",,observed_ordering_target,True,0x128acb08,"swap(address,bool,int256,uint160,bytes)",1,
cisbl7-c25f2252c548bb7504005cbc,CISBL7,sandwich,0xdac17f958d2ee523a2206206994597c13d831ec7,TetherToken,True,shared_attack_victim_trace;victim_trace,False,candidate_exploited_component,trace_derived,False,12,"balanceOf(address);transfer(address,uint256)",,observed_shared_component,False,,,1,
cisbl7-cd513cd4835a5ac4c1a2d52a,CISBL7,sandwich,0x27574fb0948294111492e92d8f7ad93fb065700b,UniswapV2Pair,True,shared_attack_victim_trace;trading_pair;victim_trace,False,candidate_ordering_sensitive_market,trace_derived,False,5,"getReserves();swap(uint256,uint256,address,bytes);token1()",,observed_ordering_target,True,0x022c0d9f,"swap(uint256,uint256,address,bytes)",2,
cisbl7-cd513cd4835a5ac4c1a2d52a,CISBL7,sandwich,0x6d363fbbfa904b9e880d33dd2b4b285cf4e184eb,CZcoin,True,shared_attack_victim_trace;victim_trace,False,candidate_exploited_component,trace_derived,False,10,"balanceOf(address);transfer(address,uint256)",,observed_shared_component,False,,,2,
cisbl7-cd513cd4835a5ac4c1a2d52a,CISBL7,sandwich,0xc02aaa39b223fe8d0a0e5c4f27ead9083c756cc2,WETH9,True,shared_attack_victim_trace;victim_trace,False,candidate_exploited_component,trace_derived,False,32,"balanceOf(address);deposit();transfer(address,uint256);transferFrom(address,address,uint256);withdraw(uint256)",,observed_shared_component,False,,,2,
cisbl7-cd513cd4835a5ac4c1a2d52a,CISBL7,sandwich,0xc7bbec68d12a0d1830360f8ec58fa599ba1b0e9b,UniswapV3Pool,True,shared_attack_victim_trace;trading_pair;victim_trace,False,candidate_ordering_sensitive_market,trace_derived,False,7,"burn(int24,int24,uint128);collect(address,int24,int24,uint128,uint128);mint(address,int24,int24,uint128,bytes);swap(address,bool,int256,uint160,bytes)",,observed_ordering_target,True,0x128acb08,"swap(address,bool,int256,uint160,bytes)",2,
cisbl7-cd513cd4835a5ac4c1a2d52a,CISBL7,sandwich,0xdac17f958d2ee523a2206206994597c13d831ec7,TetherToken,True,shared_attack_victim_trace;victim_trace,False,candidate_exploited_component,trace_derived,False,17,"balanceOf(address);transfer(address,uint256);transferFrom(address,address,uint256)",,observed_shared_component,False,,,2,
cisbl7-cdc7c2d4f828ae7bde448901,CISBL7,sandwich,0x03b59bd1c8b9f6c265ba0c3421923b93f15036fa,FraxswapPair,True,shared_attack_victim_trace;trading_pair;victim_trace,False,candidate_ordering_sensitive_market,trace_derived,False,5,"executeVirtualOrders(uint256);getAmountOut(uint256,address);swap(uint256,uint256,address,bytes)",,observed_ordering_target,True,0x022c0d9f,"swap(uint256,uint256,address,bytes)",0,
cisbl7-cdc7c2d4f828ae7bde448901,CISBL7,sandwich,0x28561b8a2360f463011c16b6cc0b0cbef8dbbcad,token,True,shared_attack_victim_trace;victim_trace,False,candidate_exploited_component,trace_derived,False,14,"balanceOf(address);transfer(address,uint256);transferFrom(address,address,uint256)",,observed_shared_component,False,,,0,
cisbl7-cdc7c2d4f828ae7bde448901,CISBL7,sandwich,0x3432b6a60d23ca0dfca7761b7ab56459d9c964d0,FRAXShares,True,shared_attack_victim_trace;victim_trace,False,candidate_exploited_component,trace_derived,False,6,"balanceOf(address);transfer(address,uint256)",,observed_shared_component,False,,,0,
cisbl7-cdc7c2d4f828ae7bde448901,CISBL7,sandwich,0x470dc172d6502ac930b59322ece5345dd456a03d,UniswapV2Pair,True,shared_attack_victim_trace;trading_pair;victim_trace,False,candidate_ordering_sensitive_market,trace_derived,False,5,"getReserves();swap(uint256,uint256,address,bytes)",,observed_ordering_target,True,0x022c0d9f,"swap(uint256,uint256,address,bytes)",0,
cisbl7-cdc7c2d4f828ae7bde448901,CISBL7,sandwich,0x554fb3b6c1cf4a3cef49779ced321ca51c667d7d,ArataFoundation,True,shared_attack_victim_trace;victim_trace,False,candidate_exploited_component,trace_derived,False,12,"balanceOf(address);transfer(address,uint256)",,observed_shared_component,False,,,2,
cisbl7-cdc7c2d4f828ae7bde448901,CISBL7,sandwich,0x57e114b691db790c35207b2e685d4a43181e6061,ENA,True,shared_attack_victim_trace;victim_trace,False,candidate_exploited_component,trace_derived,False,7,"balanceOf(address);transfer(address,uint256);transferFrom(address,address,uint256)",,observed_shared_component,False,,,2,
cisbl7-cdc7c2d4f828ae7bde448901,CISBL7,sandwich,0x5a254c6dc457f9ccf4b19a3b847dfbe3c85e892f,UniswapV2Pair,True,shared_attack_victim_trace;trading_pair;victim_trace,False,candidate_ordering_sensitive_market,trace_derived,False,4,"getReserves();swap(uint256,uint256,address,bytes)",,observed_ordering_target,True,0x022c0d9f,"swap(uint256,uint256,address,bytes)",2,
cisbl7-cdc7c2d4f828ae7bde448901,CISBL7,sandwich,0x71fc1f555a39e0b698653ab0b475488ec3c34d57,Rainmaker,True,shared_attack_victim_trace;victim_trace,False,candidate_exploited_component,trace_derived,False,7,"balanceOf(address);transfer(address,uint256);transferFrom(address,address,uint256)",,observed_shared_component,False,,,2,
cisbl7-cdc7c2d4f828ae7bde448901,CISBL7,sandwich,0x853d955acef822db058eb8505911ed77f175b99e,FRAXStablecoin,True,shared_attack_victim_trace;victim_trace,False,candidate_exploited_component,trace_derived,False,9,"approve(address,uint256);balanceOf(address);transfer(address,uint256);transferFrom(address,address,uint256)",,observed_shared_component,False,,,0,
cisbl7-cdc7c2d4f828ae7bde448901,CISBL7,sandwich,0xae4045ffeddf61d570e6d1fe2d71ded1a2e85a88,UniswapV3Pool,True,shared_attack_victim_trace;trading_pair;victim_trace,False,candidate_ordering_sensitive_market,trace_derived,False,3,"swap(address,bool,int256,uint160,bytes)",,observed_ordering_target,True,0x128acb08,"swap(address,bool,int256,uint160,bytes)",2,
cisbl7-cdc7c2d4f828ae7bde448901,CISBL7,sandwich,0xc02aaa39b223fe8d0a0e5c4f27ead9083c756cc2,WETH9,True,shared_attack_victim_trace;victim_trace,False,candidate_exploited_component,trace_derived,False,45,"balanceOf(address);deposit();transfer(address,uint256);transferFrom(address,address,uint256);withdraw(uint256)",,observed_shared_component,False,,,2,
cisbl7-cdc7c2d4f828ae7bde448901,CISBL7,sandwich,0xc4a8c243d8cf7891d6282bb293e7a0aa4ef1ae51,UniswapV2Pair,True,shared_attack_victim_trace;trading_pair;victim_trace,False,candidate_ordering_sensitive_market,trace_derived,False,4,"getReserves();swap(uint256,uint256,address,bytes)",,observed_ordering_target,True,0x022c0d9f,"swap(uint256,uint256,address,bytes)",2,
cisbl7-cfb48a68b7cc166252c99926,CISBL7,sandwich,0x01962144d41415cca072900fe87bbe2992a99f10,UniswapV2Pair,True,shared_attack_victim_trace;trading_pair;victim_trace,False,candidate_ordering_sensitive_market,trace_derived,False,4,"getReserves();swap(uint256,uint256,address,bytes)",,observed_ordering_target,True,0x022c0d9f,"swap(uint256,uint256,address,bytes)",2,
cisbl7-cfb48a68b7cc166252c99926,CISBL7,sandwich,0x1f9b4a5ddd586f8471cda36262c52e5872a7d257,UniswapV2Pair,True,shared_attack_victim_trace;trading_pair;victim_trace,False,candidate_ordering_sensitive_market,trace_derived,False,4,"getReserves();swap(uint256,uint256,address,bytes)",,observed_ordering_target,True,0x022c0d9f,"swap(uint256,uint256,address,bytes)",2,
cisbl7-cfb48a68b7cc166252c99926,CISBL7,sandwich,0x3567aa22cd3ab9aef23d7e18ee0d7cf16974d7e6,TransparentUpgradeableProxy,True,shared_attack_victim_trace;victim_trace,False,candidate_exploited_component,trace_derived,False,12,,,observed_shared_component,False,,,2,
cisbl7-cfb48a68b7cc166252c99926,CISBL7,sandwich,0x40fd72257597aa14c7231a7b1aaa29fce868f677,SoraToken,True,shared_attack_victim_trace;victim_trace,False,candidate_exploited_component,trace_derived,False,11,"balanceOf(address);transfer(address,uint256)",,observed_shared_component,False,,,2,
cisbl7-cfb48a68b7cc166252c99926,CISBL7,sandwich,0x43506849d7c04f9138d1a2050bbf3a0c054402dd,FiatTokenV2_2,True,shared_attack_victim_trace;victim_trace,False,candidate_exploited_component,trace_derived,False,12,"allowance(address,address);balanceOf(address);decimals();transfer(address,uint256);transferFrom(address,address,uint256)",,observed_shared_component,False,,,2,
cisbl7-cfb48a68b7cc166252c99926,CISBL7,sandwich,0xa0b86991c6218b36c1d19d4a2e9eb0ce3606eb48,FiatTokenProxy,True,shared_attack_victim_trace;victim_trace,False,candidate_exploited_component,trace_derived,False,12,,,observed_shared_component,False,,,2,
cisbl7-cfb48a68b7cc166252c99926,CISBL7,sandwich,0xc02aaa39b223fe8d0a0e5c4f27ead9083c756cc2,WETH9,True,shared_attack_victim_trace;victim_trace,False,candidate_exploited_component,trace_derived,False,28,"balanceOf(address);deposit();transfer(address,uint256);transferFrom(address,address,uint256)",,observed_shared_component,False,,,2,
cisbl7-cfb48a68b7cc166252c99926,CISBL7,sandwich,0xd6b2f415bbe91255167da2c96b7412b15b18e761,SharpeAI,True,shared_attack_victim_trace;victim_trace,False,candidate_exploited_component,trace_derived,False,12,"balanceOf(address);transfer(address,uint256)",,observed_shared_component,False,,,2,
cisbl7-cfb48a68b7cc166252c99926,CISBL7,sandwich,0xe0554a476a092703abdb3ef35c80e0d76d32939f,UniswapV3Pool,True,shared_attack_victim_trace;trading_pair;victim_trace,False,candidate_ordering_sensitive_market,trace_derived,False,7,"fee();swap(address,bool,int256,uint160,bytes);token0();token1()",,observed_ordering_target,True,0x128acb08,"swap(address,bool,int256,uint160,bytes)",2,
cisbl7-d223468137e41e66556d7cc9,CISBL7,sandwich,0x208f0ff6a50b725c695fa30c95175cce75c77e1f,UniswapV2Pair,True,shared_attack_victim_trace;trading_pair;victim_trace,False,candidate_ordering_sensitive_market,trace_derived,False,4,"getReserves();swap(uint256,uint256,address,bytes)",,observed_ordering_target,True,0x022c0d9f,"swap(uint256,uint256,address,bytes)",2,
cisbl7-d223468137e41e66556d7cc9,CISBL7,sandwich,0x60594a405d53811d3bc4766596efd80fd545a270,UniswapV3Pool,True,shared_attack_victim_trace;trading_pair;victim_trace,False,candidate_ordering_sensitive_market,trace_derived,False,3,"swap(address,bool,int256,uint160,bytes)",,observed_ordering_target,True,0x128acb08,"swap(address,bool,int256,uint160,bytes)",2,
cisbl7-d223468137e41e66556d7cc9,CISBL7,sandwich,0x6b175474e89094c44da98b954eedeac495271d0f,Dai,True,shared_attack_victim_trace;victim_trace,False,candidate_exploited_component,trace_derived,False,23,"allowance(address,address);approve(address,uint256);balanceOf(address);decimals();transfer(address,uint256);transferFrom(address,address,uint256)",,observed_shared_component,False,,,2,
cisbl7-d223468137e41e66556d7cc9,CISBL7,sandwich,0x7c3b1297ac649b36547b913de50919acb45a250c,UniswapV3Pool,True,shared_attack_victim_trace;trading_pair;victim_trace,False,candidate_ordering_sensitive_market,trace_derived,False,3,"swap(address,bool,int256,uint160,bytes)",,observed_ordering_target,True,0x128acb08,"swap(address,bool,int256,uint160,bytes)",2,
cisbl7-d223468137e41e66556d7cc9,CISBL7,sandwich,0x8be303612f380ff7d2394dca36bdac0f83a4411c,MANEKI,True,shared_attack_victim_trace;victim_trace,False,candidate_exploited_component,trace_derived,False,12,"balanceOf(address);transfer(address,uint256)",,observed_shared_component,False,,,2,
cisbl7-d223468137e41e66556d7cc9,CISBL7,sandwich,0x8f693ca8d21b157107184d29d398a8d082b38b76,DATAv2,True,shared_attack_victim_trace;victim_trace,False,candidate_exploited_component,trace_derived,False,10,"balanceOf(address);transfer(address,uint256);transferFrom(address,address,uint256)",,observed_shared_component,False,,,2,
cisbl7-d223468137e41e66556d7cc9,CISBL7,sandwich,0xc02aaa39b223fe8d0a0e5c4f27ead9083c756cc2,WETH9,True,shared_attack_victim_trace;victim_trace,False,candidate_exploited_component,trace_derived,False,50,"allowance(address,address);approve(address,uint256);balanceOf(address);deposit();transfer(address,uint256);transferFrom(address,address,uint256)",,observed_shared_component,False,,,2,
cisbl7-d3310c9d02e7dce3791fab0f,CISBL7,sandwich,0x2260fac5e5542a773aa44fbcfedf7c193bc2c599,WBTC,True,shared_attack_victim_trace;victim_trace,False,candidate_exploited_component,trace_derived,False,36,"allowance(address,address);approve(address,uint256);balanceOf(address);transfer(address,uint256);transferFrom(address,address,uint256)",,observed_shared_component,False,,,1,
cisbl7-d3310c9d02e7dce3791fab0f,CISBL7,sandwich,0x43506849d7c04f9138d1a2050bbf3a0c054402dd,FiatTokenV2_2,True,shared_attack_victim_trace;victim_trace,False,candidate_exploited_component,trace_derived,False,12,"balanceOf(address);transfer(address,uint256)",,observed_shared_component,False,,,1,
cisbl7-d3310c9d02e7dce3791fab0f,CISBL7,sandwich,0x9a772018fbd77fcd2d25657e5c547baff3fd7d16,UniswapV3Pool,True,shared_attack_victim_trace;trading_pair;victim_trace,False,candidate_ordering_sensitive_market,trace_derived,False,6,"burn(int24,int24,uint128);collect(address,int24,int24,uint128,uint128);mint(address,int24,int24,uint128,bytes);swap(address,bool,int256,uint160,bytes)",,observed_ordering_target,True,0x128acb08,"swap(address,bool,int256,uint160,bytes)",1,
cisbl7-d3310c9d02e7dce3791fab0f,CISBL7,sandwich,0xa0b86991c6218b36c1d19d4a2e9eb0ce3606eb48,FiatTokenProxy,True,shared_attack_victim_trace;victim_trace,False,candidate_exploited_component,trace_derived,False,12,,,observed_shared_component,False,,,1,
cisbl7-d3310c9d02e7dce3791fab0f,CISBL7,sandwich,0xb8384eb4a38c216711184209a205edd7d0552ddc,UniswapV2Pair,True,shared_attack_victim_trace;trading_pair;victim_trace,False,candidate_ordering_sensitive_market,trace_derived,False,4,"getReserves();swap(uint256,uint256,address,bytes)",,observed_ordering_target,True,0x022c0d9f,"swap(uint256,uint256,address,bytes)",1,
cisbl7-d3310c9d02e7dce3791fab0f,CISBL7,sandwich,0xc02aaa39b223fe8d0a0e5c4f27ead9083c756cc2,WETH9,True,shared_attack_victim_trace;victim_trace,False,candidate_exploited_component,trace_derived,False,12,"balanceOf(address);deposit();transfer(address,uint256);transferFrom(address,address,uint256)",,observed_shared_component,False,,,1,
cisbl7-d3310c9d02e7dce3791fab0f,CISBL7,sandwich,0xc085e9e994ec8ec0e0cab96d606be75cf2c5c8c4,BITCOINERS,True,shared_attack_victim_trace;victim_trace,False,candidate_exploited_component,trace_derived,False,12,"balanceOf(address);transfer(address,uint256)",,observed_shared_component,False,,,1,
cisbl7-d4b781d6aed564e40b72436c,CISBL7,sandwich,0x2260fac5e5542a773aa44fbcfedf7c193bc2c599,WBTC,True,shared_attack_victim_trace;victim_trace,False,candidate_exploited_component,trace_derived,False,10,"balanceOf(address);transfer(address,uint256)",,observed_shared_component,False,,,2,
cisbl7-d4b781d6aed564e40b72436c,CISBL7,sandwich,0x43506849d7c04f9138d1a2050bbf3a0c054402dd,FiatTokenV2_2,True,shared_attack_victim_trace;victim_trace,False,candidate_exploited_component,trace_derived,False,10,"balanceOf(address);transfer(address,uint256)",,observed_shared_component,False,,,2,
cisbl7-d4b781d6aed564e40b72436c,CISBL7,sandwich,0xa0b86991c6218b36c1d19d4a2e9eb0ce3606eb48,FiatTokenProxy,True,shared_attack_victim_trace;victim_trace,False,candidate_exploited_component,trace_derived,False,10,,,observed_shared_component,False,,,2,
cisbl7-d4b781d6aed564e40b72436c,CISBL7,sandwich,0xc02aaa39b223fe8d0a0e5c4f27ead9083c756cc2,WETH9,True,shared_attack_victim_trace;victim_trace,False,candidate_exploited_component,trace_derived,False,9,"balanceOf(address);transfer(address,uint256);transferFrom(address,address,uint256);withdraw(uint256)",,observed_shared_component,False,,,2,
cisbl7-d4b781d6aed564e40b72436c,CISBL7,sandwich,0xc2a6798447bb70e5abcf1b0d6aeec90bc14fca55,UniswapV3Pool,True,shared_attack_victim_trace;trading_pair;victim_trace,False,candidate_ordering_sensitive_market,trace_derived,False,6,"fee();swap(address,bool,int256,uint160,bytes);token0();token1()",,observed_ordering_target,True,0x128acb08,"swap(address,bool,int256,uint160,bytes)",2,
cisbl7-d4b781d6aed564e40b72436c,CISBL7,sandwich,0xe6ff8b9a37b0fab776134636d9981aa778c4e718,UniswapV3Pool,True,shared_attack_victim_trace;trading_pair;victim_trace,False,candidate_ordering_sensitive_market,trace_derived,False,3,"swap(address,bool,int256,uint160,bytes)",,observed_ordering_target,True,0x128acb08,"swap(address,bool,int256,uint160,bytes)",2,
cisbl7-d4b781d6aed564e40b72436c,CISBL7,sandwich,0xf1c9acdc66974dfb6decb12aa385b9cd01190e38,OsToken,True,shared_attack_victim_trace;victim_trace,False,candidate_exploited_component,trace_derived,False,13,"approve(address,uint256);balanceOf(address);transfer(address,uint256);transferFrom(address,address,uint256)",,observed_shared_component,False,,,2,
cisbl7-d53ace785019fb83663d7ccc,CISBL7,sandwich,0x2cc7a972ebc1865b346085655f929abfa74cd4dc,Shifu,True,shared_attack_victim_trace;victim_trace,False,candidate_exploited_component,trace_derived,False,8,"balanceOf(address);transfer(address,uint256)",,observed_shared_component,False,,,2,
cisbl7-d53ace785019fb83663d7ccc,CISBL7,sandwich,0x4ef42fb7e42cf950b8170e65a68dff41bc3fa742,WOO,True,shared_attack_victim_trace;victim_trace,False,candidate_exploited_component,trace_derived,False,8,"balanceOf(address);transfer(address,uint256)",,observed_shared_component,False,,,2,
cisbl7-d53ace785019fb83663d7ccc,CISBL7,sandwich,0x66c4285223e5949d154783dd14f73844ccbf85cf,UniswapV2Pair,True,shared_attack_victim_trace;trading_pair;victim_trace,False,candidate_ordering_sensitive_market,trace_derived,False,4,"getReserves();swap(uint256,uint256,address,bytes)",,observed_ordering_target,True,0x022c0d9f,"swap(uint256,uint256,address,bytes)",2,
cisbl7-d53ace785019fb83663d7ccc,CISBL7,sandwich,0xc02aaa39b223fe8d0a0e5c4f27ead9083c756cc2,WETH9,True,shared_attack_victim_trace;victim_trace,False,candidate_exploited_component,trace_derived,False,26,"balanceOf(address);deposit();transfer(address,uint256);transferFrom(address,address,uint256)",,observed_shared_component,False,,,2,
cisbl7-d53ace785019fb83663d7ccc,CISBL7,sandwich,0xc4d0900cb1bac79fd7c106fae3eedd0f9554f1e4,UniswapV2Pair,True,shared_attack_victim_trace;trading_pair;victim_trace,False,candidate_ordering_sensitive_market,trace_derived,False,4,"getReserves();swap(uint256,uint256,address,bytes)",,observed_ordering_target,True,0x022c0d9f,"swap(uint256,uint256,address,bytes)",2,
cisbl7-d53ace785019fb83663d7ccc,CISBL7,sandwich,0xd9fcd98c322942075a5c3860693e9f4f03aae07b,Eul,True,shared_attack_victim_trace;victim_trace,False,candidate_exploited_component,trace_derived,False,9,"balanceOf(address);transfer(address,uint256)",,observed_shared_component,False,,,2,
cisbl7-d53ace785019fb83663d7ccc,CISBL7,sandwich,0xe96c108da71dbdb2aa1056bc55c3a073061a2fa1,UniswapV2Pair,True,shared_attack_victim_trace;trading_pair;victim_trace,False,candidate_ordering_sensitive_market,trace_derived,False,4,"getReserves();swap(uint256,uint256,address,bytes)",,observed_ordering_target,True,0x022c0d9f,"swap(uint256,uint256,address,bytes)",2,
cisbl7-db84c348f855f232c25b7dda,CISBL7,sandwich,0x00000000000007c8612ba63df8ddefd9e6077c97,Token,True,shared_attack_victim_trace;victim_trace,False,candidate_exploited_component,trace_derived,False,5,"balanceOf(address);transfer(address,uint256)",,observed_shared_component,False,,,1,
cisbl7-db84c348f855f232c25b7dda,CISBL7,sandwich,0x58cf91c080f7052f6da209bf605d6cf1cefd65f3,UniswapV3Pool,True,shared_attack_victim_trace;trading_pair;victim_trace,False,candidate_ordering_sensitive_market,trace_derived,False,3,"swap(address,bool,int256,uint160,bytes)",,observed_ordering_target,True,0x128acb08,"swap(address,bool,int256,uint160,bytes)",1,
cisbl7-db84c348f855f232c25b7dda,CISBL7,sandwich,0x69e15ab0fd240de689d09e4851181a6667968008,ElSapoPepe,True,shared_attack_victim_trace;victim_trace,False,candidate_exploited_component,trace_derived,False,7,"balanceOf(address);transfer(address,uint256);transferFrom(address,address,uint256)",,observed_shared_component,False,,,1,
cisbl7-db84c348f855f232c25b7dda,CISBL7,sandwich,0x6cb687c64678c6de7d37d70985191faf11e9fc9d,UniswapV2Pair,True,shared_attack_victim_trace;trading_pair;victim_trace,False,candidate_ordering_sensitive_market,trace_derived,False,4,"getReserves();swap(uint256,uint256,address,bytes)",,observed_ordering_target,True,0x022c0d9f,"swap(uint256,uint256,address,bytes)",1,
cisbl7-db84c348f855f232c25b7dda,CISBL7,sandwich,0xc02aaa39b223fe8d0a0e5c4f27ead9083c756cc2,WETH9,True,shared_attack_victim_trace;victim_trace,False,candidate_exploited_component,trace_derived,False,20,"balanceOf(address);transfer(address,uint256);transferFrom(address,address,uint256);withdraw(uint256)",,observed_shared_component,False,,,1,
cisbl7-dfad8d4769800076bf20b8e7,CISBL7,sandwich,0x29c830864930c897efa2b9e9851342187b82010e,UniswapV2Pair,True,shared_attack_victim_trace;trading_pair;victim_trace,False,candidate_ordering_sensitive_market,trace_derived,False,4,"getReserves();swap(uint256,uint256,address,bytes)",,observed_ordering_target,True,0x022c0d9f,"swap(uint256,uint256,address,bytes)",1,
cisbl7-dfad8d4769800076bf20b8e7,CISBL7,sandwich,0x32b86b99441480a7e5bd3a26c124ec2373e3f015,BADIdeaAI,True,shared_attack_victim_trace;victim_trace,False,candidate_exploited_component,trace_derived,False,9,"balanceOf(address);transfer(address,uint256);transferFrom(address,address,uint256)",,observed_shared_component,False,,,1,
cisbl7-dfad8d4769800076bf20b8e7,CISBL7,sandwich,0xc02aaa39b223fe8d0a0e5c4f27ead9083c756cc2,WETH9,True,shared_attack_victim_trace;victim_trace,False,candidate_exploited_component,trace_derived,False,17,"balanceOf(address);transfer(address,uint256);transferFrom(address,address,uint256)",,observed_shared_component,False,,,1,
cisbl7-dfad8d4769800076bf20b8e7,CISBL7,sandwich,0xc7bbec68d12a0d1830360f8ec58fa599ba1b0e9b,UniswapV3Pool,True,shared_attack_victim_trace;trading_pair;victim_trace,False,candidate_ordering_sensitive_market,trace_derived,False,3,"swap(address,bool,int256,uint160,bytes)",,observed_ordering_target,True,0x128acb08,"swap(address,bool,int256,uint160,bytes)",1,
cisbl7-dfad8d4769800076bf20b8e7,CISBL7,sandwich,0xdac17f958d2ee523a2206206994597c13d831ec7,TetherToken,True,shared_attack_victim_trace;victim_trace,False,candidate_exploited_component,trace_derived,False,16,"approve(address,uint256);balanceOf(address);transfer(address,uint256);transferFrom(address,address,uint256)",,observed_shared_component,False,,,1,
cisbl7-e170e359411bf222b640f04b,CISBL7,sandwich,0x0c4a68cf6857cc76fe946d04fe85fac5fae9625e,UniswapV2Pair,True,shared_attack_victim_trace;trading_pair;victim_trace,False,candidate_ordering_sensitive_market,trace_derived,False,4,"getReserves();swap(uint256,uint256,address,bytes)",,observed_ordering_target,True,0x022c0d9f,"swap(uint256,uint256,address,bytes)",2,
cisbl7-e170e359411bf222b640f04b,CISBL7,sandwich,0x24ee2c6b9597f035088cda8575e9d5e15a84b9df,UniswapV3Pool,True,shared_attack_victim_trace;victim_trace,False,candidate_exploited_component,trace_derived,False,5,"burn(int24,int24,uint128);collect(address,int24,int24,uint128,uint128);mint(address,int24,int24,uint128,bytes);swap(address,bool,int256,uint160,bytes)",,observed_shared_component,False,,,2,
cisbl7-e170e359411bf222b640f04b,CISBL7,sandwich,0x2a3bff78b79a009976eea096a51a948a3dc00e34,AdminUpgradeabilityProxy,True,shared_attack_victim_trace;victim_trace,False,candidate_exploited_component,trace_derived,False,12,,,observed_shared_component,False,,,2,
cisbl7-e170e359411bf222b640f04b,CISBL7,sandwich,0x43506849d7c04f9138d1a2050bbf3a0c054402dd,FiatTokenV2_2,True,shared_attack_victim_trace;victim_trace,False,candidate_exploited_component,trace_derived,False,7,"balanceOf(address);transferFrom(address,address,uint256)",,observed_shared_component,False,,,1,
cisbl7-e170e359411bf222b640f04b,CISBL7,sandwich,0x467bccd9d29f223bce8043b84e8c8b282827790f,Telcoin,True,shared_attack_victim_trace;victim_trace,False,candidate_exploited_component,trace_derived,False,7,"balanceOf(address);transfer(address,uint256)",,observed_shared_component,False,,,2,
cisbl7-e170e359411bf222b640f04b,CISBL7,sandwich,0x4a220e6096b25eadb88358cb44068a3248254675,StandardToken,True,shared_attack_victim_trace;victim_trace,False,candidate_exploited_component,trace_derived,False,14,"balanceOf(address);transfer(address,uint256)",,observed_shared_component,False,,,2,
cisbl7-e170e359411bf222b640f04b,CISBL7,sandwich,0x67aac030b59d266e754b0b24af9cc77ec2534a37,ZeroDAOToken,True,shared_attack_victim_trace;victim_trace,False,candidate_exploited_component,trace_derived,False,12,"balanceOf(address);transfer(address,uint256)",,observed_shared_component,False,,,2,
cisbl7-e170e359411bf222b640f04b,CISBL7,sandwich,0xa0b86991c6218b36c1d19d4a2e9eb0ce3606eb48,FiatTokenProxy,True,shared_attack_victim_trace;victim_trace,False,candidate_exploited_component,trace_derived,False,7,,,observed_shared_component,False,,,1,
cisbl7-e170e359411bf222b640f04b,CISBL7,sandwich,0xc02aaa39b223fe8d0a0e5c4f27ead9083c756cc2,WETH9,True,shared_attack_victim_trace;victim_trace,False,candidate_exploited_component,trace_derived,False,44,"balanceOf(address);deposit();transfer(address,uint256);transferFrom(address,address,uint256);withdraw(uint256)",,observed_shared_component,False,,,2,
cisbl7-e170e359411bf222b640f04b,CISBL7,sandwich,0xcaa004418eb42cdf00cb057b7c9e28f0ffd840a5,JamUniswapV2Pair,True,shared_attack_victim_trace;trading_pair;victim_trace,False,candidate_ordering_sensitive_market,trace_derived,False,4,"getReserves();swap(uint256,uint256,address,bytes)",,observed_ordering_target,True,0x022c0d9f,"swap(uint256,uint256,address,bytes)",2,
cisbl7-e170e359411bf222b640f04b,CISBL7,sandwich,0xcc6f7439147338e0401a76db978d7d0ca6e5bfee,UniswapV2Pair,True,shared_attack_victim_trace;trading_pair;victim_trace,False,candidate_ordering_sensitive_market,trace_derived,False,5,"getReserves();swap(uint256,uint256,address,bytes)",,observed_ordering_target,True,0x022c0d9f,"swap(uint256,uint256,address,bytes)",2,
cisbl7-e170e359411bf222b640f04b,CISBL7,sandwich,0xd6203889c22d9fe5e938a9200f50fdffe9dd8e02,STRATEGICBITCOINRESERVE,True,shared_attack_victim_trace;victim_trace,False,candidate_exploited_component,trace_derived,False,11,"approve(address,uint256);balanceOf(address);transfer(address,uint256);transferFrom(address,address,uint256)",,observed_shared_component,False,,,2,
cisbl7-e170e359411bf222b640f04b,CISBL7,sandwich,0xf359492d26764481002ed88bd2acae83ca50b5c9,UniswapV3Pool,True,shared_attack_victim_trace;trading_pair;victim_trace,False,candidate_ordering_sensitive_market,trace_derived,False,3,"swap(address,bool,int256,uint160,bytes)",,observed_ordering_target,True,0x128acb08,"swap(address,bool,int256,uint160,bytes)",2,
cisbl7-e44a4af740df4513c5f1e833,CISBL7,sandwich,0x046eee2cc3188071c02bfc1745a6b17c656e3f3d,TransparentUpgradeableProxy,True,shared_attack_victim_trace;victim_trace,False,candidate_exploited_component,trace_derived,False,10,,,observed_shared_component,False,,,2,
cisbl7-e44a4af740df4513c5f1e833,CISBL7,sandwich,0x0d9bdd2d61a37bc074e59b2801f32deee01307e5,,False,shared_attack_victim_trace;victim_trace,False,candidate_exploited_component,trace_derived,False,10,,,observed_shared_component,False,,,2,
cisbl7-e44a4af740df4513c5f1e833,CISBL7,sandwich,0x27fd0857f0ef224097001e87e61026e39e1b04d1,UniswapV2Pair,True,shared_attack_victim_trace;trading_pair;victim_trace,False,candidate_ordering_sensitive_market,trace_derived,False,7,"getReserves();swap(uint256,uint256,address,bytes);token0()",,observed_ordering_target,True,0x022c0d9f,"swap(uint256,uint256,address,bytes)",2,
cisbl7-e44a4af740df4513c5f1e833,CISBL7,sandwich,0x29c830864930c897efa2b9e9851342187b82010e,UniswapV2Pair,True,shared_attack_victim_trace;trading_pair;victim_trace,False,candidate_ordering_sensitive_market,trace_derived,False,5,"getReserves();swap(uint256,uint256,address,bytes)",,observed_ordering_target,True,0x022c0d9f,"swap(uint256,uint256,address,bytes)",2,
cisbl7-e44a4af740df4513c5f1e833,CISBL7,sandwich,0x32b86b99441480a7e5bd3a26c124ec2373e3f015,BADIdeaAI,True,shared_attack_victim_trace;victim_trace,False,candidate_exploited_component,trace_derived,False,15,"balanceOf(address);transfer(address,uint256)",,observed_shared_component,False,,,2,
cisbl7-e44a4af740df4513c5f1e833,CISBL7,sandwich,0x43506849d7c04f9138d1a2050bbf3a0c054402dd,FiatTokenV2_2,True,shared_attack_victim_trace;victim_trace,False,candidate_exploited_component,trace_derived,False,10,"balanceOf(address);transfer(address,uint256);transferFrom(address,address,uint256)",,observed_shared_component,False,,,1,
cisbl7-e44a4af740df4513c5f1e833,CISBL7,sandwich,0x510100d5143e011db24e2aa38abe85d73d5b2177,UniswapV3Pool,True,shared_attack_victim_trace;trading_pair;victim_trace,False,candidate_ordering_sensitive_market,trace_derived,False,6,"burn(int24,int24,uint128);collect(address,int24,int24,uint128,uint128);mint(address,int24,int24,uint128,bytes);swap(address,bool,int256,uint160,bytes)",,observed_ordering_target,True,0x128acb08,"swap(address,bool,int256,uint160,bytes)",2,
cisbl7-e44a4af740df4513c5f1e833,CISBL7,sandwich,0x60af8cf92e5aa9ead4a592d657cd6debecfbc616,UniswapV2Pair,True,shared_attack_victim_trace;trading_pair;victim_trace,False,candidate_ordering_sensitive_market,trace_derived,False,4,"getReserves();swap(uint256,uint256,address,bytes)",,observed_ordering_target,True,0x022c0d9f,"swap(uint256,uint256,address,bytes)",2,
cisbl7-e44a4af740df4513c5f1e833,CISBL7,sandwich,0x7abc8a5768e6be61a6c693a6e4eacb5b60602c4d,CovalentXToken,True,shared_attack_victim_trace;victim_trace,False,candidate_exploited_component,trace_derived,False,10,"balanceOf(address);transfer(address,uint256)",,observed_shared_component,False,,,2,
cisbl7-e44a4af740df4513c5f1e833,CISBL7,sandwich,0xa0b86991c6218b36c1d19d4a2e9eb0ce3606eb48,FiatTokenProxy,True,shared_attack_victim_trace;victim_trace,False,candidate_exploited_component,trace_derived,False,10,,,observed_shared_component,False,,,1,
cisbl7-e44a4af740df4513c5f1e833,CISBL7,sandwich,0xc02aaa39b223fe8d0a0e5c4f27ead9083c756cc2,WETH9,True,shared_attack_victim_trace;victim_trace,False,candidate_exploited_component,trace_derived,False,56,"balanceOf(address);deposit();transfer(address,uint256);transferFrom(address,address,uint256)",,observed_shared_component,False,,,2,
cisbl7-e44a4af740df4513c5f1e833,CISBL7,sandwich,0xc783d210c483d76d158fd502af6b48439ffed9c5,UniswapV2Pair,True,shared_attack_victim_trace;trading_pair;victim_trace,False,candidate_ordering_sensitive_market,trace_derived,False,4,"getReserves();swap(uint256,uint256,address,bytes)",,observed_ordering_target,True,0x022c0d9f,"swap(uint256,uint256,address,bytes)",2,
cisbl7-e44a4af740df4513c5f1e833,CISBL7,sandwich,0xd1f2586790a5bd6da1e443441df53af6ec213d83,Ledger,True,shared_attack_victim_trace;victim_trace,False,candidate_exploited_component,trace_derived,False,12,"balanceOf(address);transfer(address,uint256)",,observed_shared_component,False,,,2,
cisbl7-e44a4af740df4513c5f1e833,CISBL7,sandwich,0xe0554a476a092703abdb3ef35c80e0d76d32939f,UniswapV3Pool,True,shared_attack_victim_trace;victim_trace,False,candidate_exploited_component,trace_derived,False,2,"swap(address,bool,int256,uint160,bytes)",,observed_shared_component,False,,,1,
cisbl7-e44a4af740df4513c5f1e833,CISBL7,sandwich,0xf1f955016ecbcd7321c7266bccfb96c68ea5e49b,RallyToken,True,shared_attack_victim_trace;victim_trace,False,candidate_exploited_component,trace_derived,False,17,"balanceOf(address);transfer(address,uint256);transferFrom(address,address,uint256)",,observed_shared_component,False,,,2,
cisbl7-e4fac594bbdda452aef984cc,CISBL7,sandwich,0x43506849d7c04f9138d1a2050bbf3a0c054402dd,FiatTokenV2_2,True,shared_attack_victim_trace;victim_trace,False,candidate_exploited_component,trace_derived,False,15,"approve(address,uint256);balanceOf(address);transfer(address,uint256);transferFrom(address,address,uint256)",,observed_shared_component,False,,,2,
cisbl7-e4fac594bbdda452aef984cc,CISBL7,sandwich,0x60594a405d53811d3bc4766596efd80fd545a270,UniswapV3Pool,True,shared_attack_victim_trace;trading_pair;victim_trace,False,candidate_ordering_sensitive_market,trace_derived,False,3,"swap(address,bool,int256,uint160,bytes)",,observed_ordering_target,True,0x128acb08,"swap(address,bool,int256,uint160,bytes)",2,
cisbl7-e4fac594bbdda452aef984cc,CISBL7,sandwich,0x6b175474e89094c44da98b954eedeac495271d0f,Dai,True,shared_attack_victim_trace;victim_trace,False,candidate_exploited_component,trace_derived,False,9,"balanceOf(address);transfer(address,uint256)",,observed_shared_component,False,,,2,
cisbl7-e4fac594bbdda452aef984cc,CISBL7,sandwich,0xa0b86991c6218b36c1d19d4a2e9eb0ce3606eb48,FiatTokenProxy,True,shared_attack_victim_trace;victim_trace,False,candidate_exploited_component,trace_derived,False,15,,,observed_shared_component,False,,,2,
cisbl7-e4fac594bbdda452aef984cc,CISBL7,sandwich,0xc02aaa39b223fe8d0a0e5c4f27ead9083c756cc2,WETH9,True,shared_attack_victim_trace;victim_trace,False,candidate_exploited_component,trace_derived,False,25,"approve(address,uint256);balanceOf(address);deposit();transfer(address,uint256);transferFrom(address,address,uint256);withdraw(uint256)",,observed_shared_component,False,,,2,
cisbl7-e4fac594bbdda452aef984cc,CISBL7,sandwich,0xe0554a476a092703abdb3ef35c80e0d76d32939f,UniswapV3Pool,True,shared_attack_victim_trace;trading_pair;victim_trace,False,candidate_ordering_sensitive_market,trace_derived,False,8,"fee();swap(address,bool,int256,uint160,bytes);token0();token1()",,observed_ordering_target,True,0x128acb08,"swap(address,bool,int256,uint160,bytes)",2,
cisbl7-e69c669e1f2b9b2e35496e9a,CISBL7,sandwich,0xb0ac2b5a73da0e67a8e5489ba922b3f8d582e058,ShiroToken,True,shared_attack_victim_trace;victim_trace,False,candidate_exploited_component,trace_derived,False,48,"balanceOf(address);transfer(address,uint256)",,observed_shared_component,False,,,2,
cisbl7-e69c669e1f2b9b2e35496e9a,CISBL7,sandwich,0xc02aaa39b223fe8d0a0e5c4f27ead9083c756cc2,WETH9,True,shared_attack_victim_trace;victim_trace,False,candidate_exploited_component,trace_derived,False,34,"balanceOf(address);deposit();transfer(address,uint256);transferFrom(address,address,uint256)",,observed_shared_component,False,,,2,
cisbl7-e69c669e1f2b9b2e35496e9a,CISBL7,sandwich,0xd293d05e83035a757d510e2a5ebfe705c4f05b1f,UniswapV2Pair,True,shared_attack_victim_trace;trading_pair;victim_trace,False,candidate_ordering_sensitive_market,trace_derived,False,18,"getReserves();swap(uint256,uint256,address,bytes)",,observed_ordering_target,True,0x022c0d9f,"swap(uint256,uint256,address,bytes)",2,
cisbl7-e80ecaa50c752dabca096ecf,CISBL7,sandwich,0x3bcc972c0c80a990d22c2d17f47c8641a63a3240,,False,shared_attack_victim_trace;victim_trace,False,candidate_exploited_component,trace_derived,False,3,,,observed_shared_component,False,,,2,
cisbl7-e80ecaa50c752dabca096ecf,CISBL7,sandwich,0x4691937a7508860f876c9c0a2a617e7d9e945d4b,WootradeNetwork,True,shared_attack_victim_trace;victim_trace,False,candidate_exploited_component,trace_derived,False,21,"balanceOf(address);transfer(address,uint256)",,observed_shared_component,False,,,2,
cisbl7-e80ecaa50c752dabca096ecf,CISBL7,sandwich,0x554fb3b6c1cf4a3cef49779ced321ca51c667d7d,ArataFoundation,True,shared_attack_victim_trace;victim_trace,False,candidate_exploited_component,trace_derived,False,12,"balanceOf(address);transfer(address,uint256)",,observed_shared_component,False,,,2,
cisbl7-e80ecaa50c752dabca096ecf,CISBL7,sandwich,0x556b9306565093c855aea9ae92a594704c2cd59e,MasterChefV3,True,shared_attack_victim_trace;victim_trace,False,candidate_exploited_component,trace_derived,False,2,getLatestPeriodInfo(address),,observed_shared_component,False,,,1,
cisbl7-e80ecaa50c752dabca096ecf,CISBL7,sandwich,0x5a254c6dc457f9ccf4b19a3b847dfbe3c85e892f,UniswapV2Pair,True,shared_attack_victim_trace;trading_pair;victim_trace,False,candidate_ordering_sensitive_market,trace_derived,False,4,"getReserves();swap(uint256,uint256,address,bytes)",,observed_ordering_target,True,0x022c0d9f,"swap(uint256,uint256,address,bytes)",2,
cisbl7-e80ecaa50c752dabca096ecf,CISBL7,sandwich,0x6ada49aeccf6e556bb7a35ef0119cc8ca795294a,UniswapV2Pair,True,shared_attack_victim_trace;trading_pair;victim_trace,False,candidate_ordering_sensitive_market,trace_derived,False,4,"getReserves();swap(uint256,uint256,address,bytes)",,observed_ordering_target,True,0x022c0d9f,"swap(uint256,uint256,address,bytes)",2,
cisbl7-e80ecaa50c752dabca096ecf,CISBL7,sandwich,0xc02aaa39b223fe8d0a0e5c4f27ead9083c756cc2,WETH9,True,shared_attack_victim_trace;victim_trace,False,candidate_exploited_component,trace_derived,False,30,"balanceOf(address);deposit();transfer(address,uint256);transferFrom(address,address,uint256)",,observed_shared_component,False,,,2,
cisbl7-e80ecaa50c752dabca096ecf,CISBL7,sandwich,0xea9b2d7ff9ae446ec067e50df7c09f1dd055bb71,PancakeV3Pool,True,shared_attack_victim_trace;victim_trace,False,candidate_exploited_component,trace_derived,False,6,"burn(int24,int24,uint128);collect(address,int24,int24,uint128,uint128);mint(address,int24,int24,uint128,bytes);swap(address,bool,int256,uint160,bytes)",,observed_shared_component,False,,,2,
cisbl7-e9c4c62e44280c5749063366,CISBL7,sandwich,0x43506849d7c04f9138d1a2050bbf3a0c054402dd,FiatTokenV2_2,True,shared_attack_victim_trace;victim_trace,False,candidate_exploited_component,trace_derived,False,5,"balanceOf(address);transfer(address,uint256)",,observed_shared_component,False,,,2,
cisbl7-e9c4c62e44280c5749063366,CISBL7,sandwich,0x9f185d15d1c14982ffb5e21e1073faa1373987d1,AIPAD,True,shared_attack_victim_trace;victim_trace,False,candidate_exploited_component,trace_derived,False,8,"balanceOf(address);transfer(address,uint256)",,observed_shared_component,False,,,2,
cisbl7-e9c4c62e44280c5749063366,CISBL7,sandwich,0xa0b86991c6218b36c1d19d4a2e9eb0ce3606eb48,FiatTokenProxy,True,shared_attack_victim_trace;victim_trace,False,candidate_exploited_component,trace_derived,False,5,,,observed_shared_component,False,,,2,
cisbl7-e9c4c62e44280c5749063366,CISBL7,sandwich,0xc02aaa39b223fe8d0a0e5c4f27ead9083c756cc2,WETH9,True,shared_attack_victim_trace;victim_trace,False,candidate_exploited_component,trace_derived,False,17,"allowance(address,address);balanceOf(address);deposit();transfer(address,uint256);transferFrom(address,address,uint256);withdraw(uint256)",,observed_shared_component,False,,,2,
cisbl7-e9c4c62e44280c5749063366,CISBL7,sandwich,0xc1f4ecd6398ffc97d81cb3015aa6ef7b19773a08,JamUniswapV2Pair,True,shared_attack_victim_trace;trading_pair;victim_trace,False,candidate_ordering_sensitive_market,trace_derived,False,4,"getReserves();swap(uint256,uint256,address,bytes)",,observed_ordering_target,True,0x022c0d9f,"swap(uint256,uint256,address,bytes)",2,
cisbl7-e9c4c62e44280c5749063366,CISBL7,sandwich,0xe0554a476a092703abdb3ef35c80e0d76d32939f,UniswapV3Pool,True,shared_attack_victim_trace;trading_pair;victim_trace,False,candidate_ordering_sensitive_market,trace_derived,False,3,"swap(address,bool,int256,uint160,bytes)",,observed_ordering_target,True,0x128acb08,"swap(address,bool,int256,uint160,bytes)",2,
cisbl7-e9c4c62e44280c5749063366,CISBL7,sandwich,0xe55d97a97ae6a17706ee281486e98a84095d8aaf,TransparentUpgradeableProxy,True,shared_attack_victim_trace;victim_trace,False,candidate_exploited_component,trace_derived,False,8,,,observed_shared_component,False,,,2,
cisbl7-ee21b6e066d7caf0eda4b3c3,CISBL7,sandwich,0x19062190b1925b5b6689d7073fdfc8c2976ef8cb,Token,True,shared_attack_victim_trace;victim_trace,False,candidate_exploited_component,trace_derived,False,5,"balanceOf(address);transfer(address,uint256)",,observed_shared_component,False,,,0,
cisbl7-ee21b6e066d7caf0eda4b3c3,CISBL7,sandwich,0x23e182724f1b00a3c5a2c76502096625b5fe87cd,UniswapV3Pool,True,shared_attack_victim_trace;trading_pair;victim_trace,False,candidate_ordering_sensitive_market,trace_derived,False,3,"swap(address,bool,int256,uint160,bytes)",,observed_ordering_target,True,0x128acb08,"swap(address,bool,int256,uint160,bytes)",1,
cisbl7-ee21b6e066d7caf0eda4b3c3,CISBL7,sandwich,0x2a92525fda8d3ab481f8e2a913b64b64bd1c9fdd,ERC20FixedSupply,True,shared_attack_victim_trace;victim_trace,False,candidate_exploited_component,trace_derived,False,7,"balanceOf(address);transfer(address,uint256)",,observed_shared_component,False,,,1,
cisbl7-ee21b6e066d7caf0eda4b3c3,CISBL7,sandwich,0x3bf1b837ccc1f62114a3e74ced4fcfb121d7e52a,UniswapV2Pair,True,shared_attack_victim_trace;trading_pair;victim_trace,False,candidate_ordering_sensitive_market,trace_derived,False,4,"getReserves();swap(uint256,uint256,address,bytes)",,observed_ordering_target,True,0x022c0d9f,"swap(uint256,uint256,address,bytes)",1,
cisbl7-ee21b6e066d7caf0eda4b3c3,CISBL7,sandwich,0x3d658390460295fb963f54dc0899cfb1c30776df,AdminUpgradeabilityProxy,True,shared_attack_victim_trace;victim_trace,False,candidate_exploited_component,trace_derived,False,14,,,observed_shared_component,False,,,1,
cisbl7-ee21b6e066d7caf0eda4b3c3,CISBL7,sandwich,0x5696c2c2fcb7e304a5b9faaec9cd37d369c9d067,UniswapV3Pool,True,shared_attack_victim_trace;trading_pair;victim_trace,False,candidate_ordering_sensitive_market,trace_derived,False,4,"slot0();swap(address,bool,int256,uint160,bytes)",,observed_ordering_target,True,0x128acb08,"swap(address,bool,int256,uint160,bytes)",0,
cisbl7-ee21b6e066d7caf0eda4b3c3,CISBL7,sandwich,0x614a48c41be6ba6762b63a92cc33cfb5e8149332,Dusty,True,shared_attack_victim_trace;victim_trace,False,candidate_exploited_component,trace_derived,False,6,"balanceOf(address);transfer(address,uint256);transferFrom(address,address,uint256)",,observed_shared_component,False,,,1,
cisbl7-ee21b6e066d7caf0eda4b3c3,CISBL7,sandwich,0x65086e9928d297ebae6a7d24d8c3aea6f8f6b5d7,Toki,True,shared_attack_victim_trace;victim_trace,False,candidate_exploited_component,trace_derived,False,7,"balanceOf(address);transfer(address,uint256);transferFrom(address,address,uint256)",,observed_shared_component,False,,,1,
cisbl7-ee21b6e066d7caf0eda4b3c3,CISBL7,sandwich,0xa6a21fce6220f9c4c4e4f5e5e2653bfe73470c76,UniswapV2Pair,True,shared_attack_victim_trace;trading_pair;victim_trace,False,candidate_ordering_sensitive_market,trace_derived,False,4,"getReserves();swap(uint256,uint256,address,bytes)",,observed_ordering_target,True,0x022c0d9f,"swap(uint256,uint256,address,bytes)",1,
cisbl7-ee21b6e066d7caf0eda4b3c3,CISBL7,sandwich,0xc02aaa39b223fe8d0a0e5c4f27ead9083c756cc2,WETH9,True,shared_attack_victim_trace;victim_trace,False,candidate_exploited_component,trace_derived,False,45,"allowance(address,address);balanceOf(address);deposit();transfer(address,uint256);transferFrom(address,address,uint256);withdraw(uint256)",,observed_shared_component,False,,,1,
cisbl7-ee21b6e066d7caf0eda4b3c3,CISBL7,sandwich,0xf0768df35693f5ef9194a0397f73d68175059e29,CircuitsOfValue,True,shared_attack_victim_trace;victim_trace,False,candidate_exploited_component,trace_derived,False,14,"balanceOf(address);transfer(address,uint256)",,observed_shared_component,False,,,1,
cisbl7-ee21b6e066d7caf0eda4b3c3,CISBL7,sandwich,0xfa4ccc99ce5ff5071e87eb7abc0afda3877ca4d9,UniswapV2Pair,True,shared_attack_victim_trace;trading_pair;victim_trace,False,candidate_ordering_sensitive_market,trace_derived,False,4,"getReserves();swap(uint256,uint256,address,bytes)",,observed_ordering_target,True,0x022c0d9f,"swap(uint256,uint256,address,bytes)",1,
cisbl7-ee72d9b63bffc1829523eb3e,CISBL7,sandwich,0x2b591e99afe9f32eaa6214f7b7629768c40eeb39,HEX,True,shared_attack_victim_trace;victim_trace,False,candidate_exploited_component,trace_derived,False,8,"balanceOf(address);transfer(address,uint256)",,observed_shared_component,False,,,0,
cisbl7-ee72d9b63bffc1829523eb3e,CISBL7,sandwich,0x2feba6992aaa7b2397e5b212ae060c76857cf9bb,NineInchPair,True,shared_attack_victim_trace;trading_pair;victim_trace,False,candidate_ordering_sensitive_market,trace_derived,False,5,"getReserves();swap(uint256,uint256,address,bytes)",,observed_ordering_target,True,0x022c0d9f,"swap(uint256,uint256,address,bytes)",0,
cisbl7-ee72d9b63bffc1829523eb3e,CISBL7,sandwich,0xb0ac2b5a73da0e67a8e5489ba922b3f8d582e058,ShiroToken,True,shared_attack_victim_trace;victim_trace,False,candidate_exploited_component,trace_derived,False,7,"balanceOf(address);transfer(address,uint256);transferFrom(address,address,uint256)",,observed_shared_component,False,,,2,
cisbl7-ee72d9b63bffc1829523eb3e,CISBL7,sandwich,0xc02aaa39b223fe8d0a0e5c4f27ead9083c756cc2,WETH9,True,shared_attack_victim_trace;victim_trace,False,candidate_exploited_component,trace_derived,False,20,"balanceOf(address);deposit();transfer(address,uint256);transferFrom(address,address,uint256)",,observed_shared_component,False,,,2,
cisbl7-ee72d9b63bffc1829523eb3e,CISBL7,sandwich,0xd293d05e83035a757d510e2a5ebfe705c4f05b1f,UniswapV2Pair,True,shared_attack_victim_trace;trading_pair;victim_trace,False,candidate_ordering_sensitive_market,trace_derived,False,6,"getReserves();swap(uint256,uint256,address,bytes);token0();token1()",,observed_ordering_target,True,0x022c0d9f,"swap(uint256,uint256,address,bytes)",2,
cisbl7-f33bc86412233d5d210ffdf1,CISBL7,sandwich,0xb0ac2b5a73da0e67a8e5489ba922b3f8d582e058,ShiroToken,True,shared_attack_victim_trace;victim_trace,False,candidate_exploited_component,trace_derived,False,59,"balanceOf(address);transfer(address,uint256)",,observed_shared_component,False,,,2,
cisbl7-f33bc86412233d5d210ffdf1,CISBL7,sandwich,0xc02aaa39b223fe8d0a0e5c4f27ead9083c756cc2,WETH9,True,shared_attack_victim_trace;victim_trace,False,candidate_exploited_component,trace_derived,False,43,"balanceOf(address);deposit();transfer(address,uint256);transferFrom(address,address,uint256)",,observed_shared_component,False,,,2,
cisbl7-f33bc86412233d5d210ffdf1,CISBL7,sandwich,0xd293d05e83035a757d510e2a5ebfe705c4f05b1f,UniswapV2Pair,True,shared_attack_victim_trace;trading_pair;victim_trace,False,candidate_ordering_sensitive_market,trace_derived,False,22,"getReserves();swap(uint256,uint256,address,bytes)",,observed_ordering_target,True,0x022c0d9f,"swap(uint256,uint256,address,bytes)",2,
cisbl7-f49f278ed1db8cca812af287,CISBL7,sandwich,0x04f121600c8c47a754636fc9d75661a9525e05d5,Token,True,shared_attack_victim_trace;victim_trace,False,candidate_exploited_component,trace_derived,False,11,"balanceOf(address);transfer(address,uint256)",,observed_shared_component,False,,,2,
cisbl7-f49f278ed1db8cca812af287,CISBL7,sandwich,0x173a77805b59613a52d921234878aad9ac8fafe1,UniswapV3Pool,True,shared_attack_victim_trace;trading_pair;victim_trace,False,candidate_ordering_sensitive_market,trace_derived,False,3,"swap(address,bool,int256,uint160,bytes)",,observed_ordering_target,True,0x128acb08,"swap(address,bool,int256,uint160,bytes)",2,
cisbl7-f49f278ed1db8cca812af287,CISBL7,sandwich,0x66761fa41377003622aee3c7675fc7b5c1c2fac5,CPOOL,True,shared_attack_victim_trace;victim_trace,False,candidate_exploited_component,trace_derived,False,8,"balanceOf(address);transfer(address,uint256)",,observed_shared_component,False,,,2,
cisbl7-f49f278ed1db8cca812af287,CISBL7,sandwich,0x99920e0ba2b8aead4d10de769b28ecc29693c011,UniswapV2Pair,True,shared_attack_victim_trace;trading_pair;victim_trace,False,candidate_ordering_sensitive_market,trace_derived,False,4,"getReserves();swap(uint256,uint256,address,bytes)",,observed_ordering_target,True,0x022c0d9f,"swap(uint256,uint256,address,bytes)",2,
cisbl7-f49f278ed1db8cca812af287,CISBL7,sandwich,0xc02aaa39b223fe8d0a0e5c4f27ead9083c756cc2,WETH9,True,shared_attack_victim_trace;victim_trace,False,candidate_exploited_component,trace_derived,False,18,"allowance(address,address);balanceOf(address);deposit();transfer(address,uint256);transferFrom(address,address,uint256)",,observed_shared_component,False,,,2,
cisbl7-f73311f9d1719391d5f626a0,CISBL7,sandwich,0x05767d9ef41dc40689678ffca0608878fb3de906,UniswapV2Pair,True,shared_attack_victim_trace;trading_pair;victim_trace,False,candidate_ordering_sensitive_market,trace_derived,False,7,"getReserves();swap(uint256,uint256,address,bytes)",,observed_ordering_target,True,0x022c0d9f,"swap(uint256,uint256,address,bytes)",2,
cisbl7-f73311f9d1719391d5f626a0,CISBL7,sandwich,0x2e4784446a0a06df3d1a040b03e1680ee266c35a,UniswapV3Pool,True,shared_attack_victim_trace;trading_pair;victim_trace,False,candidate_ordering_sensitive_market,trace_derived,False,6,"burn(int24,int24,uint128);collect(address,int24,int24,uint128,uint128);mint(address,int24,int24,uint128,bytes);swap(address,bool,int256,uint160,bytes)",,observed_ordering_target,True,0x128acb08,"swap(address,bool,int256,uint160,bytes)",0,
cisbl7-f73311f9d1719391d5f626a0,CISBL7,sandwich,0x4e3fbd56cd56c3e72c1403e103b45db9da5b9d2b,ConvexToken,True,shared_attack_victim_trace;victim_trace,False,candidate_exploited_component,trace_derived,False,20,"balanceOf(address);transfer(address,uint256)",,observed_shared_component,False,,,2,
cisbl7-f73311f9d1719391d5f626a0,CISBL7,sandwich,0xc02aaa39b223fe8d0a0e5c4f27ead9083c756cc2,WETH9,True,shared_attack_victim_trace;victim_trace,False,candidate_exploited_component,trace_derived,False,24,"approve(address,uint256);balanceOf(address);transfer(address,uint256);transferFrom(address,address,uint256)",,observed_shared_component,False,,,2,
cisbl7-f8cd9018dac65e663cc3ca96,CISBL7,sandwich,0x1aff94bb420361109097916970b8bfb7ab5ac3a6,UniswapV3Pool,True,shared_attack_victim_trace;trading_pair;victim_trace,False,candidate_ordering_sensitive_market,trace_derived,False,6,"fee();swap(address,bool,int256,uint160,bytes);token0();token1()",,observed_ordering_target,True,0x128acb08,"swap(address,bool,int256,uint160,bytes)",2,
cisbl7-f8cd9018dac65e663cc3ca96,CISBL7,sandwich,0x3ebec0a1b4055c8d1180fce64db2a8c068170880,UniswapV3Pool,True,shared_attack_victim_trace;trading_pair;victim_trace,False,candidate_ordering_sensitive_market,trace_derived,False,3,"swap(address,bool,int256,uint160,bytes)",,observed_ordering_target,True,0x128acb08,"swap(address,bool,int256,uint160,bytes)",2,
cisbl7-f8cd9018dac65e663cc3ca96,CISBL7,sandwich,0x43506849d7c04f9138d1a2050bbf3a0c054402dd,FiatTokenV2_2,True,shared_attack_victim_trace;victim_trace,False,candidate_exploited_component,trace_derived,False,8,"balanceOf(address);transfer(address,uint256)",,observed_shared_component,False,,,2,
cisbl7-f8cd9018dac65e663cc3ca96,CISBL7,sandwich,0x960692640ac4986ffce41620b7e3aa03cf1a0e8f,MeTeorite,True,shared_attack_victim_trace;victim_trace,False,candidate_exploited_component,trace_derived,False,7,"balanceOf(address);transfer(address,uint256)",,observed_shared_component,False,,,2,
cisbl7-f8cd9018dac65e663cc3ca96,CISBL7,sandwich,0xa0b86991c6218b36c1d19d4a2e9eb0ce3606eb48,FiatTokenProxy,True,shared_attack_victim_trace;victim_trace,False,candidate_exploited_component,trace_derived,False,8,,,observed_shared_component,False,,,2,
cisbl7-f8cd9018dac65e663cc3ca96,CISBL7,sandwich,0xadd39272e83895e7d3f244f696b7a25635f34234,Token,True,shared_attack_victim_trace;victim_trace,False,candidate_exploited_component,trace_derived,False,7,"balanceOf(address);transfer(address,uint256);transferFrom(address,address,uint256)",,observed_shared_component,False,,,2,
cisbl7-f8cd9018dac65e663cc3ca96,CISBL7,sandwich,0xb112f9b950695c71a7e3dedd00472df07f4393bb,UniswapV2Pair,True,shared_attack_victim_trace;trading_pair;victim_trace,False,candidate_ordering_sensitive_market,trace_derived,False,4,"getReserves();swap(uint256,uint256,address,bytes)",,observed_ordering_target,True,0x022c0d9f,"swap(uint256,uint256,address,bytes)",2,
cisbl7-f8cd9018dac65e663cc3ca96,CISBL7,sandwich,0xc02aaa39b223fe8d0a0e5c4f27ead9083c756cc2,WETH9,True,shared_attack_victim_trace;victim_trace,False,candidate_exploited_component,trace_derived,False,27,"balanceOf(address);deposit();transfer(address,uint256);transferFrom(address,address,uint256);withdraw(uint256)",,observed_shared_component,False,,,2,
cisbl7-f8cd9018dac65e663cc3ca96,CISBL7,sandwich,0xe0554a476a092703abdb3ef35c80e0d76d32939f,UniswapV3Pool,True,shared_attack_victim_trace;trading_pair;victim_trace,False,candidate_ordering_sensitive_market,trace_derived,False,7,"fee();swap(address,bool,int256,uint160,bytes);token0();token1()",,observed_ordering_target,True,0x128acb08,"swap(address,bool,int256,uint160,bytes)",2,
cisbl7-f8cd9018dac65e663cc3ca96,CISBL7,sandwich,0xe79031b5aaeb3ee8d0145e3d75b81b36bffe341d,Boppy,True,shared_attack_victim_trace;victim_trace,False,candidate_exploited_component,trace_derived,False,8,"balanceOf(address);transfer(address,uint256)",,observed_shared_component,False,,,2,
cisbl7-faffe8571f2432e9ba6b5c0f,CISBL7,sandwich,0x0606bd6ba099881ca1022a2e4e8c1a6748502429,UniswapV2Pair,True,shared_attack_victim_trace;trading_pair;victim_trace,False,candidate_ordering_sensitive_market,trace_derived,False,4,"getReserves();swap(uint256,uint256,address,bytes)",,observed_ordering_target,True,0x022c0d9f,"swap(uint256,uint256,address,bytes)",2,
cisbl7-faffe8571f2432e9ba6b5c0f,CISBL7,sandwich,0x435664008f38b0650fbc1c9fc971d0a3bc2f1e47,UniswapV3Pool,True,shared_attack_victim_trace;trading_pair;victim_trace,False,candidate_ordering_sensitive_market,trace_derived,False,6,"burn(int24,int24,uint128);collect(address,int24,int24,uint128,uint128);mint(address,int24,int24,uint128,bytes);swap(address,bool,int256,uint160,bytes)",,observed_ordering_target,True,0x128acb08,"swap(address,bool,int256,uint160,bytes)",2,
cisbl7-faffe8571f2432e9ba6b5c0f,CISBL7,sandwich,0x4c9edd5852cd905f086c759e8383e09bff1e68b3,USDe,True,shared_attack_victim_trace;victim_trace,False,candidate_exploited_component,trace_derived,False,20,"allowance(address,address);balanceOf(address);transfer(address,uint256);transferFrom(address,address,uint256)",,observed_shared_component,False,,,2,
cisbl7-faffe8571f2432e9ba6b5c0f,CISBL7,sandwich,0xa0ef786bf476fe0810408caba05e536ac800ff86,MyriaToken,True,shared_attack_victim_trace;victim_trace,False,candidate_exploited_component,trace_derived,False,7,"balanceOf(address);transfer(address,uint256)",,observed_shared_component,False,,,2,
cisbl7-faffe8571f2432e9ba6b5c0f,CISBL7,sandwich,0xbf85f94d3233ee588f0907a9147fbb59d7246b54,UniswapV3Pool,True,shared_attack_victim_trace;trading_pair;victim_trace,False,candidate_ordering_sensitive_market,trace_derived,False,3,"swap(address,bool,int256,uint160,bytes)",,observed_ordering_target,True,0x128acb08,"swap(address,bool,int256,uint160,bytes)",2,
cisbl7-faffe8571f2432e9ba6b5c0f,CISBL7,sandwich,0xc02aaa39b223fe8d0a0e5c4f27ead9083c756cc2,WETH9,True,shared_attack_victim_trace;victim_trace,False,candidate_exploited_component,trace_derived,False,19,"balanceOf(address);deposit();transfer(address,uint256);transferFrom(address,address,uint256)",,observed_shared_component,False,,,2,
cisbl7-faffe8571f2432e9ba6b5c0f,CISBL7,sandwich,0xdac17f958d2ee523a2206206994597c13d831ec7,TetherToken,True,shared_attack_victim_trace;victim_trace,False,candidate_exploited_component,trace_derived,False,14,"balanceOf(address);transfer(address,uint256)",,observed_shared_component,False,,,2,
cisbl7-faffe8571f2432e9ba6b5c0f,CISBL7,sandwich,0xf4c652156f353ef9ad762bf7bd109bffdf05eeaa,BITDEXEGEN,True,shared_attack_victim_trace;victim_trace,False,candidate_exploited_component,trace_derived,False,8,"balanceOf(address);transfer(address,uint256)",,observed_shared_component,False,,,2,
cisbl7-fe2e2606c1a83416ada97280,CISBL7,sandwich,0x43506849d7c04f9138d1a2050bbf3a0c054402dd,FiatTokenV2_2,True,shared_attack_victim_trace;victim_trace,False,candidate_exploited_component,trace_derived,False,9,"approve(address,uint256);balanceOf(address);transfer(address,uint256);transferFrom(address,address,uint256)",,observed_shared_component,False,,,2,
cisbl7-fe2e2606c1a83416ada97280,CISBL7,sandwich,0x5f4ec3df9cbd43714fe2740f5e3616155c5b8419,EACAggregatorProxy,True,shared_attack_victim_trace;victim_trace,False,candidate_exploited_component,trace_derived,False,22,latestRoundData(),,observed_shared_component,False,,,2,
cisbl7-fe2e2606c1a83416ada97280,CISBL7,sandwich,0x66761fa41377003622aee3c7675fc7b5c1c2fac5,CPOOL,True,shared_attack_victim_trace;victim_trace,False,candidate_exploited_component,trace_derived,False,6,"balanceOf(address);transfer(address,uint256);transferFrom(address,address,uint256)",,observed_shared_component,False,,,2,
cisbl7-fe2e2606c1a83416ada97280,CISBL7,sandwich,0x7d4e742018fb52e48b08be73d041c18b21de6fb5,AccessControlledOCR2Aggregator,True,shared_attack_victim_trace;victim_trace,False,candidate_exploited_component,trace_derived,False,22,latestRoundData(),,observed_shared_component,False,,,2,
cisbl7-fe2e2606c1a83416ada97280,CISBL7,sandwich,0x98e72c67e1d0b694049a03ecefcca2a31bdab99c,LTC,True,shared_attack_victim_trace;victim_trace,False,candidate_exploited_component,trace_derived,False,8,"balanceOf(address);transfer(address,uint256)",,observed_shared_component,False,,,2,
cisbl7-fe2e2606c1a83416ada97280,CISBL7,sandwich,0x9a27cb5ae0b2cee0bb71f9a85c0d60f3920757b4,EtherVistaFactory,True,shared_attack_victim_trace;victim_trace,False,candidate_exploited_component,trace_derived,False,13,router(),,observed_shared_component,False,,,2,
cisbl7-fe2e2606c1a83416ada97280,CISBL7,sandwich,0xa0b86991c6218b36c1d19d4a2e9eb0ce3606eb48,FiatTokenProxy,True,shared_attack_victim_trace;victim_trace,False,candidate_exploited_component,trace_derived,False,9,,,observed_shared_component,False,,,2,
cisbl7-fe2e2606c1a83416ada97280,CISBL7,sandwich,0xa1db2fc9b2ceaf3cdf41fd11ffcb38404eae3906,UniswapV2Pair,True,shared_attack_victim_trace;trading_pair;victim_trace,False,candidate_ordering_sensitive_market,trace_derived,False,4,"getReserves();swap(uint256,uint256,address,bytes)",,observed_ordering_target,True,0x022c0d9f,"swap(uint256,uint256,address,bytes)",2,
cisbl7-fe2e2606c1a83416ada97280,CISBL7,sandwich,0xb5fa7edfd5e3c27480763a066c2fa6b12fce24e8,UniswapV2Pair,True,shared_attack_victim_trace;trading_pair;victim_trace,False,candidate_ordering_sensitive_market,trace_derived,False,4,"getReserves();swap(uint256,uint256,address,bytes)",,observed_ordering_target,True,0x022c0d9f,"swap(uint256,uint256,address,bytes)",2,
cisbl7-fe2e2606c1a83416ada97280,CISBL7,sandwich,0xc02aaa39b223fe8d0a0e5c4f27ead9083c756cc2,WETH9,True,shared_attack_victim_trace;victim_trace,False,candidate_exploited_component,trace_derived,False,37,"approve(address,uint256);balanceOf(address);deposit();transfer(address,uint256);transferFrom(address,address,uint256);withdraw(uint256)",,observed_shared_component,False,,,2,
cisbl7-fe2e2606c1a83416ada97280,CISBL7,sandwich,0xc3c35c886736b9e7b87864479d8ba3f5c7ce108a,xrp,True,shared_attack_victim_trace;victim_trace,False,candidate_exploited_component,trace_derived,False,12,"balanceOf(address);transfer(address,uint256)",,observed_shared_component,False,,,0,
cisbl7-fe2e2606c1a83416ada97280,CISBL7,sandwich,0xc9bca88b04581699fab5aa276ccaff7df957cbbf,Ethervista,True,shared_attack_victim_trace;victim_trace,False,candidate_exploited_component,trace_derived,False,15,"approve(address,uint256);balanceOf(address);transfer(address,uint256);transferFrom(address,address,uint256)",,observed_shared_component,False,,,2,
cisbl7-fe2e2606c1a83416ada97280,CISBL7,sandwich,0xca90d843288e35beeadfce14e5f906e3f1afc7cb,,False,shared_attack_victim_trace;victim_trace,False,candidate_exploited_component,trace_derived,False,4,,,observed_shared_component,False,,,0,
cisbl7-fe2e2606c1a83416ada97280,CISBL7,sandwich,0xe17a0c382c8332a889ec9d026d6948e26c7f617d,,False,shared_attack_victim_trace;victim_trace,False,candidate_exploited_component,trace_derived,False,4,,,observed_shared_component,False,,,0,
cisbl7-fe2e2606c1a83416ada97280,CISBL7,sandwich,0xfdd05552f1377aa488afed744c8024358af02041,EtherVistaPair,True,shared_attack_victim_trace;trading_pair;victim_trace,False,candidate_ordering_sensitive_market,trace_derived,False,30,"buyLpFee();buyProtocolFee();buyTotalFee();getReserves();payableProtocol();sellLpFee();sellProtocolFee();sellTotalFee();swap(uint256,uint256,address,bytes)",,observed_ordering_target,True,0x022c0d9f,"swap(uint256,uint256,address,bytes)",2,
cisbl7-fe2e2606c1a83416ada97280,CISBL7,sandwich,0xff4fe8cae039024db963b2eba22d76c121af8e88,UniswapV2Pair,True,shared_attack_victim_trace;trading_pair;victim_trace,False,candidate_ordering_sensitive_market,trace_derived,False,4,"getReserves();swap(uint256,uint256,address,bytes)",,observed_ordering_target,True,0x022c0d9f,"swap(uint256,uint256,address,bytes)",0,
cisbl7-ff87e478e92a548039231e76,CISBL7,sandwich,0x3125200e155c9e7f71fdfef558b8f172c93fe72f,UniswapV2Pair,True,shared_attack_victim_trace;trading_pair;victim_trace,False,candidate_ordering_sensitive_market,trace_derived,False,4,"getReserves();swap(uint256,uint256,address,bytes)",,observed_ordering_target,True,0x022c0d9f,"swap(uint256,uint256,address,bytes)",2,
cisbl7-ff87e478e92a548039231e76,CISBL7,sandwich,0x69fc10dca22091af7b4859193068fc450ce1b628,KERMIT,True,shared_attack_victim_trace;victim_trace,False,candidate_exploited_component,trace_derived,False,12,"balanceOf(address);transfer(address,uint256)",,observed_shared_component,False,,,2,
cisbl7-ff87e478e92a548039231e76,CISBL7,sandwich,0xc02aaa39b223fe8d0a0e5c4f27ead9083c756cc2,WETH9,True,shared_attack_victim_trace;victim_trace,False,candidate_exploited_component,trace_derived,False,18,"balanceOf(address);deposit();transfer(address,uint256);transferFrom(address,address,uint256);withdraw(uint256)",,observed_shared_component,False,,,2,
cisbl7-ff87e478e92a548039231e76,CISBL7,sandwich,0xc7bbec68d12a0d1830360f8ec58fa599ba1b0e9b,UniswapV3Pool,True,shared_attack_victim_trace;trading_pair;victim_trace,False,candidate_ordering_sensitive_market,trace_derived,False,3,"swap(address,bool,int256,uint160,bytes)",,observed_ordering_target,True,0x128acb08,"swap(address,bool,int256,uint160,bytes)",0,
cisbl7-ff87e478e92a548039231e76,CISBL7,sandwich,0xdac17f958d2ee523a2206206994597c13d831ec7,TetherToken,True,shared_attack_victim_trace;victim_trace,False,candidate_exploited_component,trace_derived,False,8,"balanceOf(address);transfer(address,uint256)",,observed_shared_component,False,,,0,
defihacklabs-0a99d2f851ebc76eba7a7120,DeFiHackLabs,front_running,0x31a4f372aa891b46ba44dc64be1d8947c889e9c6,Shoco,True,trace_callee,False,reported_vulnerable_contract,source_reported,False,48,"balanceOf(address);deliver(uint256);transfer(address,uint256)",deliver(uint256),not_applicable,False,,,0,DeFiHackLabs PoC header explicitly names the contract; the PoC calls deliver(uint256).
defihacklabs-347466eb67f3eefd6058583b,DeFiHackLabs,sandwich,0x786b374b5eef874279f4b7b4de16940e57301a58,,False,trace_callee;trace_caller,False,reported_vulnerable_contract,source_reported,False,1,,execute(),not_applicable,False,,,0,DeFiHackLabs PoC header explicitly names CurveBurner; execute() performs the operation without effective slippage protection.
defihacklabs-46d0386024f3ca556663fed3,DeFiHackLabs,front_running,0xe68c1d72340aeefe5be76eda63ae2f4bc7514110,DeFiPlaza,True,trace_callee;trace_caller,False,candidate_exploited_component,trace_and_poc_derived,False,25,"addMultiple(address[],uint256[]);removeLiquidity(uint256,address,uint256);swap(address,address,uint256,uint256)","swap(address,address,uint256,uint256);addMultiple(address[],uint256[]);removeLiquidity(uint256,address,uint256)",not_applicable,False,,,0,"The PoC drives the DeFiPlaza contract through these entry points and reports loss of precision, but its header does not explicitly name a vulnerable contract."
defihacklabs-5bf79818ee9a4c7120709e6c,DeFiHackLabs,front_running,0xf3f84ce038442ae4c4dcb6a8ca8bacd7f28c9bde,SilicaPools,True,trace_callee;trace_caller,False,reported_vulnerable_contract,source_reported,False,6,"collateralizedMint((uint128,uint128,address,uint48,uint48,address),bytes32,uint256,address,address);endPool((uint128,uint128,address,uint48,uint48,address));redeemShort((uint128,uint128,address,uint48,uint48,address));safeTransferFrom(address,address,uint256,uint256,bytes);startPool((uint128,uint128,address,uint48,uint48,address))","collateralizedMint((uint128,uint128,address,uint48,uint48,address),bytes32,uint256,address,address);startPool((uint128,uint128,address,uint48,uint48,address));endPool((uint128,uint128,address,uint48,uint48,address));redeemShort((uint128,uint128,address,uint48,uint48,address))",not_applicable,False,,,0,DeFiHackLabs PoC header explicitly names the SilicaPools contract and triggers an unsafe uint128 cast through collateralizedMint.
defihacklabs-94c86eb20aa96b8aa737b17c,DeFiHackLabs,front_running,0xe39fd820b58f83205db1d9225f28105971c3d309,EFLeverVault,True,trace_callee;trace_caller,False,reported_vulnerable_contract,source_reported,False,13,"deposit(uint256);receiveFlashLoan(address[],uint256[],uint256[],bytes);withdraw(uint256)",deposit(uint256);withdraw(uint256),not_applicable,False,,,0,DeFiHackLabs PoC header explicitly names EFLeverVault and demonstrates an unverified flash-loan callback before withdrawal.
defihacklabs-9cad24a9670df38f8443b6ba,DeFiHackLabs,front_running,0x32e616f4f17d43f9a5cd9be0e294727187064cb3,,False,trace_callee;trace_caller,False,reported_vulnerable_contract,source_reported,False,8,,"add_liquidity(uint256[],uint256,address);exchange(int128,int128,uint256,uint256)",not_applicable,False,,,0,The PoC header explicitly lists the DUSD/USDC pool as vulnerable; verified Solidity source is unavailable in the analyzer input group.
defihacklabs-9cad24a9670df38f8443b6ba,DeFiHackLabs,front_running,0x6b006870c83b1cd49e766ac9209f8d68763df721,BeaconProxy,True,trace_callee;trace_caller,False,reported_vulnerable_contract,source_reported,False,12,,,not_applicable,False,,,0,The PoC header explicitly lists Machine as a vulnerable contract; the exact implementation-level affected function needs proxy-aware manual review.
defihacklabs-9cad24a9670df38f8443b6ba,DeFiHackLabs,front_running,0xd1a1c248b253f1fc60eacd90777b9a63f8c8c1bc,BeaconProxy,True,trace_callee;trace_caller,False,reported_vulnerable_contract,source_reported,False,8,,"accountForPosition((uint256,bool,uint256,uint8,address[],bytes32[],bytes[],uint128,bytes32[]))",not_applicable,False,,,0,The PoC header explicitly lists Caliber as vulnerable and calls accountForPosition after manipulating pool prices.
defihacklabs-dfe0688df1f75d55838e78b7,DeFiHackLabs,sandwich,0x4d4d05e1205e3a412ae1469c99e0d954113aa76f,Burner,True,trace_callee;trace_caller,False,candidate_exploited_component,trace_and_poc_derived,False,1,convertAndBurn(address[]),convertAndBurn(address[]),not_applicable,False,,,0,"The PoC sandwiches Burner.convertAndBurn, but does not explicitly distinguish a code vulnerability from an economically exploitable public conversion design."
defihacklabs-e112f1a5cf58cf7a35ae301e,DeFiHackLabs,sandwich,0x369cbc5c6f139b1132d3b91b87241b37fc5b971f,ConicPoolV2,True,trace_callee;trace_caller,False,reported_vulnerable_contract,source_reported,False,8,"deposit(uint256,uint256,bool);withdraw(uint256,uint256)","deposit(uint256,uint256,bool);withdraw(uint256,uint256)",not_applicable,False,,,0,DeFiHackLabs PoC header explicitly names ConicPoolV2 and uses deposit/withdraw around manipulated crvUSD pool prices.
