key,network,chain_id,address,status,backend,http_status,artifact_path,contract_name,compiler_version,language,source_count,match,is_proxy,sample_count,roles,symbols,fork_blocks,error,fetched_at
1:0x00000000000007c8612ba63df8ddefd9e6077c97,mainnet,1,0x00000000000007c8612ba63df8ddefd9e6077c97,source_found,sourcify-v2,200,contracts/Token-mainnet-0x00000000000007c8612ba63df8ddefd9e6077c97,Token,0.8.27+commit.40a35a09,Solidity,1,match,False,1,shared_attack_victim_trace;victim_trace,,21482599,,2026-08-24T10:02:22.129842+00:00
1:0x0000000000001ff3684f28c67538d4d072c22734,mainnet,1,0x0000000000001ff3684f28c67538d4d072c22734,source_found,sourcify-v2,200,contracts/AllowanceHolder-mainnet-0x0000000000001ff3684f28c67538d4d072c22734,AllowanceHolder,0.8.25+commit.b61c2a91,Solidity,12,match,False,32,victim_top_level;victim_trace,,21300863;21308869;21311832;21313675;21317106;21317119;21317122;21317124;21317129;21320028;21323348;21332257;21342331;21357582;21360349;21363436;21381665;21392828;21398236;21420182;21422808;21434016;21447928;21473060;21475088;21475529;21495693;21496595;21500255;21504557;21508635;21842016,,2026-08-24T10:02:21.872809+00:00
1:0x0000000000002bdbf1bf3279983603ec279cc6df,mainnet,1,0x0000000000002bdbf1bf3279983603ec279cc6df,source_found,sourcify-v2,200,contracts/Multicaller-mainnet-0x0000000000002bdbf1bf3279983603ec279cc6df,Multicaller,0.8.18+commit.87f61d96,Solidity,1,exact_match,False,2,victim_trace,,21420609;21500255,,2026-08-24T10:02:23.728154+00:00
1:0x000000000022d473030f116ddee9f6b43ac78ba3,mainnet,1,0x000000000022d473030f116ddee9f6b43ac78ba3,source_found,sourcify-v2,200,contracts/Permit2-mainnet-0x000000000022d473030f116ddee9f6b43ac78ba3,Permit2,0.8.17+commit.8df45f5f,Solidity,30,match,False,41,shared_attack_victim_trace;victim_trace,,21307539;21311832;21320466;21323348;21330552;21332257;21332614;21333683;21342275;21342331;21348336;21352108;21355730;21361252;21361459;21363588;21376810;21378116;21379211;21380283;21381654;21381665;21396987;21420609;21421410;21422852;21429278;21434016;21439930;21454032;21454349;21460192;21460992;21462778;21481165;21482599;21495693;21495915;21502376;21842016;21842172,,2026-08-24T10:02:23.530295+00:00
1:0x00000000003390f89025ae80e376116ebfa0cf6b,mainnet,1,0x00000000003390f89025ae80e376116ebfa0cf6b,source_found,sourcify-v2,200,contracts/NSFW-mainnet-0x00000000003390f89025ae80e376116ebfa0cf6b,NSFW,0.8.28+commit.7893614a,Solidity,1,match,False,1,victim_top_level;victim_trace,,21482599,,2026-08-24T10:02:23.265754+00:00
1:0x00000000005bbb0ef59571e58418f9a4357b68a0,mainnet,1,0x00000000005bbb0ef59571e58418f9a4357b68a0,source_found,sourcify-v2,200,contracts/PendleRouterV3-mainnet-0x00000000005bbb0ef59571e58418f9a4357b68a0,PendleRouterV3,0.8.23+commit.f704f362,Solidity,28,exact_match,False,1,victim_trace,,21325864,,2026-08-24T10:02:25.869883+00:00
1:0x00000000009726632680fb29d3f7a9734e3010e2,mainnet,1,0x00000000009726632680fb29d3f7a9734e3010e2,source_found,sourcify-v2,200,contracts/RainbowRouter-mainnet-0x00000000009726632680fb29d3f7a9734e3010e2,RainbowRouter,0.8.11+commit.d7f03943,Solidity,11,exact_match,False,1,victim_top_level;victim_trace,,21462778,,2026-08-24T10:02:25.228917+00:00
1:0x0000000000c5dc95539589fbd24be07c6c14eca4,mainnet,1,0x0000000000c5dc95539589fbd24be07c6c14eca4,source_found,sourcify-v2,200,contracts/Cult-mainnet-0x0000000000c5dc95539589fbd24be07c6c14eca4,Cult,0.8.25+commit.b61c2a91,Solidity,6,exact_match,False,3,shared_attack_victim_trace;victim_trace,,21361252;21363436;21363588,,2026-08-24T10:02:26.425844+00:00
1:0x0000000011420846a00c2d14a548b81c1709d162,mainnet,1,0x0000000011420846a00c2d14a548b81c1709d162,source_found,sourcify-v2,200,contracts/BT404MirrorOG-mainnet-0x0000000011420846a00c2d14a548b81c1709d162,BT404MirrorOG,0.8.26+commit.8a97fa7a,Solidity,8,exact_match,False,1,victim_trace,,21308869,,2026-08-24T10:02:26.631925+00:00
1:0x0000000022d53366457f9d5e68ec105046fc4383,mainnet,1,0x0000000022d53366457f9d5e68ec105046fc4383,source_found,sourcify-v2,200,contracts/CurveRegistryAddressProvider-mainnet-0x0000000022d53366457f9d5e68ec105046fc4383,CurveRegistryAddressProvider,0.2.7+commit.0b3f3b3,Vyper,2,match,False,1,victim_trace,,21304987,,2026-08-24T10:02:24.572588+00:00
1:0x0000000047c33cf8b5531d6b38d762763e47cf65,mainnet,1,0x0000000047c33cf8b5531d6b38d762763e47cf65,not_in_sourcify,sourcify-v2,404,,,,,0,,,1,shared_attack_victim_trace;victim_trace,,21308869,,2026-08-24T10:02:25.935511+00:00
1:0x0000000071727de22e5e9d8baf0edac6f37da032,mainnet,1,0x0000000071727de22e5e9d8baf0edac6f37da032,source_found,sourcify-v2,200,contracts/EntryPoint-mainnet-0x0000000071727de22e5e9d8baf0edac6f37da032,EntryPoint,0.8.23+commit.f704f362,Solidity,18,exact_match,False,1,victim_top_level;victim_trace,,21413153,,2026-08-24T10:02:26.691296+00:00
1:0x000000009f9bace6d482f69df63380672b5b74e0,mainnet,1,0x000000009f9bace6d482f69df63380672b5b74e0,not_in_sourcify,sourcify-v2,404,,,,,0,,,1,victim_trace,,21308869,,2026-08-24T10:02:26.198236+00:00
1:0x00000000ecbb8edc9c6871c36df6ff577a248d4a,mainnet,1,0x00000000ecbb8edc9c6871c36df6ff577a248d4a,source_found,sourcify-v2,200,contracts/BT404OG-mainnet-0x00000000ecbb8edc9c6871c36df6ff577a248d4a,BT404OG,0.8.26+commit.8a97fa7a,Solidity,10,exact_match,False,1,shared_attack_victim_trace;victim_trace,,21308869,,2026-08-24T10:02:29.499103+00:00
1:0x00000000ede6d8d217c60f93191c060747324bca,mainnet,1,0x00000000ede6d8d217c60f93191c060747324bca,source_found,sourcify-v2,200,contracts/UniV3Automan-mainnet-0x00000000ede6d8d217c60f93191c060747324bca,UniV3Automan,0.8.20+commit.a1b79de6,Solidity,49,match,False,1,victim_top_level;victim_trace,,21396987,,2026-08-24T10:02:30.620089+00:00
1:0x00000011f84b9aa48e5f8aa8b9897600006289be,mainnet,1,0x00000011f84b9aa48e5f8aa8b9897600006289be,source_found,sourcify-v2,200,contracts/V2DutchOrderReactor-mainnet-0x00000011f84b9aa48e5f8aa8b9897600006289be,V2DutchOrderReactor,0.8.24+commit.e11b9ed9,Solidity,27,exact_match,False,1,victim_trace,,21502376,,2026-08-24T10:02:29.685196+00:00
1:0x00000047bb99ea4d791bb749d970de71ee0b1a34,mainnet,1,0x00000047bb99ea4d791bb749d970de71ee0b1a34,source_found,sourcify-v2,200,contracts/TransitSwapRouterV5-mainnet-0x00000047bb99ea4d791bb749d970de71ee0b1a34,TransitSwapRouterV5,0.8.18+commit.87f61d96,Solidity,15,exact_match,False,5,victim_top_level;victim_trace,,21311832;21320028;21342331;21379211;21429278,,2026-08-24T10:02:30.506122+00:00
1:0x00000070ee937917c1d9bd91729ce1dd9a77d8e3,mainnet,1,0x00000070ee937917c1d9bd91729ce1dd9a77d8e3,source_found,sourcify-v2,200,contracts/UniV3Automan-mainnet-0x00000070ee937917c1d9bd91729ce1dd9a77d8e3,UniV3Automan,0.8.26+commit.8a97fa7a,Solidity,66,match,False,1,victim_top_level;victim_trace,,21410267,,2026-08-24T10:02:32.437382+00:00
1:0x000010036c0190e009a000d0fc3541100a07380a,mainnet,1,0x000010036c0190e009a000d0fc3541100a07380a,not_in_sourcify,sourcify-v2,404,,,,,0,,,2,victim_trace,,21414148;21428934,,2026-08-24T10:02:28.628204+00:00
1:0x0000206329b97db379d5e1bf586bbdb969c63274,mainnet,1,0x0000206329b97db379d5e1bf586bbdb969c63274,source_found,sourcify-v2,200,contracts/TransparentUpgradeableProxy-mainnet-0x0000206329b97db379d5e1bf586bbdb969c63274,TransparentUpgradeableProxy,0.8.17+commit.8df45f5f,Solidity,15,exact_match,True,1,victim_trace,,21325864,,2026-08-24T10:02:30.359650+00:00
1:0x000066320a467de62b1548f46465abbb82662331,mainnet,1,0x000066320a467de62b1548f46465abbb82662331,source_found,sourcify-v2,200,contracts/Admin-mainnet-0x000066320a467de62b1548f46465abbb82662331,Admin,0.8.19+commit.7dd6d404,Solidity,10,exact_match,False,1,victim_trace,,21454032,,2026-08-24T10:02:42.650291+00:00
1:0x0022228a2cc5e7ef0274a7baa600d44da5ab5776,mainnet,1,0x0022228a2cc5e7ef0274a7baa600d44da5ab5776,source_found,sourcify-v2,200,contracts/TransparentUpgradeableProxy-mainnet-0x0022228a2cc5e7ef0274a7baa600d44da5ab5776,TransparentUpgradeableProxy,0.8.19+commit.7dd6d404,Solidity,8,exact_match,True,1,victim_trace,,21325864,,2026-08-24T10:02:43.206511+00:00
1:0x0028b8a43140501699f14b90dbed8652467e19e5,mainnet,1,0x0028b8a43140501699f14b90dbed8652467e19e5,source_found,sourcify-v2,200,contracts/GnosisSafeProxy-mainnet-0x0028b8a43140501699f14b90dbed8652467e19e5,GnosisSafeProxy,0.7.6+commit.7338295f,Solidity,1,match,True,1,victim_trace,,21322552,,2026-08-24T10:02:43.422058+00:00
1:0x00700052c0608f670705380a4900e0a8080010cc,mainnet,1,0x00700052c0608f670705380a4900e0a8080010cc,source_found,sourcify-v2,200,contracts/AugustusFeeVault-mainnet-0x00700052c0608f670705380a4900e0a8080010cc,AugustusFeeVault,0.8.22+commit.4fc1097e,Solidity,7,match,False,2,victim_trace,,21307275;21317119,,2026-08-24T10:02:44.197056+00:00
1:0x00907f9921424583e7ffbfedf84f92b7b2be4977,mainnet,1,0x00907f9921424583e7ffbfedf84f92b7b2be4977,source_found,sourcify-v2,200,contracts/InitializableImmutableAdminUpgradeabilityProxy-mainnet-0x00907f9921424583e7ffbfedf84f92b7b2be4977,InitializableImmutableAdminUpgradeabilityProxy,0.8.10+commit.fc410830,Solidity,6,exact_match,True,1,victim_trace,,21333683,,2026-08-24T10:02:43.576514+00:00
1:0x00c600b30fb0400701010f4b080409018b9006e0,mainnet,1,0x00c600b30fb0400701010f4b080409018b9006e0,not_in_sourcify,sourcify-v2,404,,,,,0,,,6,victim_trace,,21300863;21307275;21309126;21373643;21460192;21494726,,2026-08-24T10:02:43.750672+00:00
1:0x00f116ac0c304c570daaa68fa6c30a86a04b5c5f,mainnet,1,0x00f116ac0c304c570daaa68fa6c30a86a04b5c5f,source_found,sourcify-v2,200,contracts/Inferno-mainnet-0x00f116ac0c304c570daaa68fa6c30a86a04b5c5f,Inferno,0.8.26+commit.8a97fa7a,Solidity,44,exact_match,False,1,shared_attack_victim_trace;victim_trace,,21378116,,2026-08-24T10:02:45.015843+00:00
1:0x00f7c4474eddab20d56283969b3bf43fc0f0f984,mainnet,1,0x00f7c4474eddab20d56283969b3bf43fc0f0f984,not_in_sourcify,sourcify-v2,404,,,,,0,,,1,victim_trace,,21415913,,2026-08-24T10:02:44.257990+00:00
1:0x01164a8c25fd69627b8981caa656fa487bbdc348,mainnet,1,0x01164a8c25fd69627b8981caa656fa487bbdc348,source_found,sourcify-v2,200,contracts/UniswapV2Pair-mainnet-0x01164a8c25fd69627b8981caa656fa487bbdc348,UniswapV2Pair,0.5.16+commit.9c3226ce,Solidity,1,match,False,1,victim_trace,,21396987,,2026-08-24T10:02:44.743831+00:00
1:0x018008bfb33d285247a21d44e50697654f754e63,mainnet,1,0x018008bfb33d285247a21d44e50697654f754e63,source_found,sourcify-v2,200,contracts/InitializableImmutableAdminUpgradeabilityProxy-mainnet-0x018008bfb33d285247a21d44e50697654f754e63,InitializableImmutableAdminUpgradeabilityProxy,0.8.10+commit.fc410830,Solidity,6,exact_match,True,1,victim_trace,,21373643,,2026-08-24T10:02:46.521380+00:00
1:0x01962144d41415cca072900fe87bbe2992a99f10,mainnet,1,0x01962144d41415cca072900fe87bbe2992a99f10,source_found,sourcify-v2,200,contracts/UniswapV2Pair-mainnet-0x01962144d41415cca072900fe87bbe2992a99f10,UniswapV2Pair,0.5.16+commit.9c3226ce,Solidity,1,match,False,1,shared_attack_victim_trace;trading_pair;victim_trace,,21475529,,2026-08-24T10:02:45.259703+00:00
1:0x01c7c1c41dea58b043e700efb23dc077f12a125e,mainnet,1,0x01c7c1c41dea58b043e700efb23dc077f12a125e,source_found,sourcify-v2,200,contracts/FluidVaultT1-mainnet-0x01c7c1c41dea58b043e700efb23dc077f12a125e,FluidVaultT1,0.8.21+commit.d9974bed,Solidity,25,exact_match,False,1,victim_trace,,21335212,,2026-08-24T10:02:47.191753+00:00
1:0x0211f125513271f757a25fd5aecfb60638ba0b35,mainnet,1,0x0211f125513271f757a25fd5aecfb60638ba0b35,source_found,sourcify-v2,200,contracts/DestinationVaultMainRewarder-mainnet-0x0211f125513271f757a25fd5aecfb60638ba0b35,DestinationVaultMainRewarder,0.8.17+commit.8df45f5f,Solidity,60,exact_match,False,1,victim_trace,,21447928,,2026-08-24T10:02:47.846377+00:00
1:0x0219667b72a2b46e1cbd5a920b6d0784ac61b942,mainnet,1,0x0219667b72a2b46e1cbd5a920b6d0784ac61b942,not_in_sourcify,sourcify-v2,404,,,,,0,,,1,victim_trace,,21342331,,2026-08-24T10:02:46.454375+00:00
1:0x025106374196586e8bc91ee8818dd7b0efd2b78b,mainnet,1,0x025106374196586e8bc91ee8818dd7b0efd2b78b,source_found,sourcify-v2,200,contracts/MorphoChainlinkOracleV2-mainnet-0x025106374196586e8bc91ee8818dd7b0efd2b78b,MorphoChainlinkOracleV2,0.8.21+commit.d9974bed,Solidity,9,exact_match,False,1,victim_trace,,21325864,,2026-08-24T10:02:47.315323+00:00
1:0x026a5b6114431d8f3ef2fa0e1b2edddcca9c540e,mainnet,1,0x026a5b6114431d8f3ef2fa0e1b2edddcca9c540e,source_found,sourcify-v2,200,contracts/StableDebtToken-mainnet-0x026a5b6114431d8f3ef2fa0e1b2edddcca9c540e,StableDebtToken,0.8.10+commit.fc410830,Solidity,20,exact_match,False,1,victim_trace,,21322552,,2026-08-24T10:02:49.081796+00:00
1:0x027a3359b803885261b140415873845f72238833,mainnet,1,0x027a3359b803885261b140415873845f72238833,source_found,sourcify-v2,200,contracts/SystemSecurityL1-mainnet-0x027a3359b803885261b140415873845f72238833,SystemSecurityL1,0.8.17+commit.8df45f5f,Solidity,59,exact_match,False,2,victim_trace,,21447928;21504557,,2026-08-24T10:02:48.766103+00:00
1:0x028171bca77440897b824ca71d1c56cac55b68a3,mainnet,1,0x028171bca77440897b824ca71d1c56cac55b68a3,source_found,sourcify-v2,200,contracts/InitializableImmutableAdminUpgradeabilityProxy-mainnet-0x028171bca77440897b824ca71d1c56cac55b68a3,InitializableImmutableAdminUpgradeabilityProxy,0.6.12+commit.27d51765,Solidity,6,exact_match,True,1,victim_trace,,21439930,,2026-08-24T10:02:48.364472+00:00
1:0x02867114b27d686f3565e2060424e985a1e565f5,mainnet,1,0x02867114b27d686f3565e2060424e985a1e565f5,not_in_sourcify,sourcify-v2,404,,,,,0,,,1,victim_trace,,21454713,,2026-08-24T10:02:47.124300+00:00
1:0x028e1f0db25daf4ce8c895215deafbce7a873b24,mainnet,1,0x028e1f0db25daf4ce8c895215deafbce7a873b24,source_found,sourcify-v2,200,contracts/AgTokenNameable-mainnet-0x028e1f0db25daf4ce8c895215deafbce7a873b24,AgTokenNameable,0.8.17+commit.8df45f5f,Solidity,18,exact_match,False,1,proxy_implementation;victim_trace,AgTokenNameable,21325864,,2026-08-24T10:02:49.193153+00:00
1:0x02950460e2b9529d0e00284a5fa2d7bdf3fa4d72,mainnet,1,0x02950460e2b9529d0e00284a5fa2d7bdf3fa4d72,source_found,sourcify-v2,200,contracts/CurveStableSwapNG-mainnet-0x02950460e2b9529d0e00284a5fa2d7bdf3fa4d72,CurveStableSwapNG,0.3.10+commit.91361694,Vyper,1,match,False,1,victim_trace,,21508635,,2026-08-24T10:02:49.128204+00:00
1:0x02c3ea4e34c0cbd694d2adfa2c690eecbc1793ee,mainnet,1,0x02c3ea4e34c0cbd694d2adfa2c690eecbc1793ee,source_found,sourcify-v2,200,contracts/PoolAddressesProvider-mainnet-0x02c3ea4e34c0cbd694d2adfa2c690eecbc1793ee,PoolAddressesProvider,0.8.10+commit.fc410830,Solidity,10,exact_match,False,1,victim_trace,,21322552,,2026-08-24T10:02:49.865380+00:00
1:0x02d84abd89ee9db409572f19b6e1596c301f3c81,mainnet,1,0x02d84abd89ee9db409572f19b6e1596c301f3c81,source_found,sourcify-v2,200,contracts/LendingPool-mainnet-0x02d84abd89ee9db409572f19b6e1596c301f3c81,LendingPool,0.6.12+commit.27d51765,Solidity,28,match,False,2,victim_trace,,21357447;21439930,,2026-08-24T10:02:49.944982+00:00
1:0x02e7f808990638e9e67e1f00313037ede2362361,mainnet,1,0x02e7f808990638e9e67e1f00313037ede2362361,source_found,sourcify-v2,200,contracts/KiboShib-mainnet-0x02e7f808990638e9e67e1f00313037ede2362361,KiboShib,0.8.7+commit.e28d00a7,Solidity,1,match,False,2,shared_attack_victim_trace;victim_trace,,21415780;21434016,,2026-08-24T10:02:49.812869+00:00
1:0x02edd21f1db8eb146be60998e9801691e725f119,mainnet,1,0x02edd21f1db8eb146be60998e9801691e725f119,source_found,sourcify-v2,200,contracts/UniswapV3Pool-mainnet-0x02edd21f1db8eb146be60998e9801691e725f119,UniswapV3Pool,0.7.6+commit.7338295f,Solidity,96,match,False,1,victim_trace,,21447928,,2026-08-24T10:02:52.016674+00:00
1:0x030ba81f1c18d280636f32af80b9aad02cf0854e,mainnet,1,0x030ba81f1c18d280636f32af80b9aad02cf0854e,source_found,sourcify-v2,200,contracts/InitializableImmutableAdminUpgradeabilityProxy-mainnet-0x030ba81f1c18d280636f32af80b9aad02cf0854e,InitializableImmutableAdminUpgradeabilityProxy,0.6.12+commit.27d51765,Solidity,6,exact_match,True,2,victim_trace,,21357447;21439930,,2026-08-24T10:02:51.484577+00:00
1:0x031a4f6342175c6b1207c98575258be3b55407eb,mainnet,1,0x031a4f6342175c6b1207c98575258be3b55407eb,source_found,sourcify-v2,200,contracts/MergedAdapterWithRoundsWeethethV1-mainnet-0x031a4f6342175c6b1207c98575258be3b55407eb,MergedAdapterWithRoundsWeethethV1,0.8.17+commit.8df45f5f,Solidity,26,exact_match,False,2,victim_trace,,21447928;21504557,,2026-08-24T10:02:52.216316+00:00
1:0x031f1ad10547b8deb43a36e5491c06a93812023a,mainnet,1,0x031f1ad10547b8deb43a36e5491c06a93812023a,not_in_sourcify,sourcify-v2,404,,,,,0,,,3,victim_trace,,21475088;21842016;21842172,,2026-08-24T10:02:50.438614+00:00
1:0x0326bead817430e1576063999e63b7fe21b21f92,mainnet,1,0x0326bead817430e1576063999e63b7fe21b21f92,source_found,sourcify-v2,200,contracts/OneInchProxyFacet-mainnet-0x0326bead817430e1576063999e63b7fe21b21f92,OneInchProxyFacet,0.8.23+commit.f704f362,Solidity,10,exact_match,False,7,victim_trace,,21309126;21317124;21363251;21381665;21429278;21433713;21447928,,2026-08-24T10:02:50.566685+00:00
1:0x034d26f63abf6e78e434554b5d4e95f75b1a9728,mainnet,1,0x034d26f63abf6e78e434554b5d4e95f75b1a9728,source_found,sourcify-v2,200,contracts/DSProxy-mainnet-0x034d26f63abf6e78e434554b5d4e95f75b1a9728,DSProxy,0.4.23+commit.124ca40d,Solidity,1,match,False,1,victim_top_level;victim_trace,,21371100,,2026-08-24T10:02:51.625406+00:00
1:0x035a397725d3c9fc5ddd3e56066b7b64c749014e,mainnet,1,0x035a397725d3c9fc5ddd3e56066b7b64c749014e,source_found,sourcify-v2,200,contracts/UniswapV2Pair-mainnet-0x035a397725d3c9fc5ddd3e56066b7b64c749014e,UniswapV2Pair,0.5.16+commit.9c3226ce,Solidity,1,match,False,1,shared_attack_victim_trace;trading_pair;victim_trace,,21496595,,2026-08-24T10:02:51.515668+00:00
1:0x037e2bda7b1f03411ba5e96acb7f36a7d19c3d83,mainnet,1,0x037e2bda7b1f03411ba5e96acb7f36a7d19c3d83,source_found,sourcify-v2,200,contracts/TWAP-mainnet-0x037e2bda7b1f03411ba5e96acb7f36a7d19c3d83,TWAP,0.8.16+commit.07a7930e,Solidity,13,exact_match,False,1,victim_trace,,21454032,,2026-08-24T10:02:53.528895+00:00
1:0x038516cb9bbc0572c2d55896ce75f31fab90fac1,mainnet,1,0x038516cb9bbc0572c2d55896ce75f31fab90fac1,source_found,sourcify-v2,200,contracts/RethLSTCalculator-mainnet-0x038516cb9bbc0572c2d55896ce75f31fab90fac1,RethLSTCalculator,0.8.17+commit.8df45f5f,Solidity,64,exact_match,False,1,victim_trace,,21447928,,2026-08-24T10:02:55.177237+00:00
1:0x0391d2021f89dc339f60fff84546ea23e337750f,mainnet,1,0x0391d2021f89dc339f60fff84546ea23e337750f,source_found,sourcify-v2,200,contracts/BarnBridgeToken-mainnet-0x0391d2021f89dc339f60fff84546ea23e337750f,BarnBridgeToken,0.6.12+commit.27d51765,Solidity,8,exact_match,False,1,shared_attack_victim_trace;victim_trace,,21414148,,2026-08-24T10:02:52.113230+00:00
1:0x03ab458634910aad20ef5f1c8ee96f1d6ac54919,mainnet,1,0x03ab458634910aad20ef5f1c8ee96f1d6ac54919,source_found,sourcify-v2,200,contracts/Coin-mainnet-0x03ab458634910aad20ef5f1c8ee96f1d6ac54919,Coin,0.6.7+commit.b8d736ae,Solidity,1,match,False,1,shared_attack_victim_trace;victim_trace,,21496595,,2026-08-24T10:02:54.185976+00:00
1:0x03b59bd1c8b9f6c265ba0c3421923b93f15036fa,mainnet,1,0x03b59bd1c8b9f6c265ba0c3421923b93f15036fa,source_found,sourcify-v2,200,contracts/FraxswapPair-mainnet-0x03b59bd1c8b9f6c265ba0c3421923b93f15036fa,FraxswapPair,0.8.15+commit.e14f2714,Solidity,1,match,False,1,shared_attack_victim_trace;trading_pair;victim_trace,,21342331,,2026-08-24T10:02:54.787921+00:00
1:0x03f58dc7e2195a0c6f501bc4819066fd9dfe307f,mainnet,1,0x03f58dc7e2195a0c6f501bc4819066fd9dfe307f,source_found,sourcify-v2,200,contracts/SquidFacet-mainnet-0x03f58dc7e2195a0c6f501bc4819066fd9dfe307f,SquidFacet,0.8.29+commit.ab55807c,Solidity,18,exact_match,False,4,proxy_implementation,SquidFacet,,,2026-08-24T10:15:40.245800+00:00
1:0x03f7724180aa6b939894b5ca4314783b0b36b329,mainnet,1,0x03f7724180aa6b939894b5ca4314783b0b36b329,source_found,sourcify-v2,200,contracts/UniswapV2Router02-mainnet-0x03f7724180aa6b939894b5ca4314783b0b36b329,UniswapV2Router02,0.6.12+commit.27d51765,Solidity,10,match,False,2,victim_top_level;victim_trace,,21360349;21485224,,2026-08-24T10:02:53.895778+00:00
1:0x03f7f3b8da875881206655d8099b9dacf721f1ef,mainnet,1,0x03f7f3b8da875881206655d8099b9dacf721f1ef,source_found,sourcify-v2,200,contracts/ComptrollerLib-mainnet-0x03f7f3b8da875881206655d8099b9dacf721f1ef,ComptrollerLib,0.6.12+commit.27d51765,Solidity,28,exact_match,False,4,victim_trace,,21313675;21332614;21381403;21493359,,2026-08-24T10:02:55.314129+00:00
1:0x03f911aedc25c770e701b8f563e8102cfacd62c0,mainnet,1,0x03f911aedc25c770e701b8f563e8102cfacd62c0,not_in_sourcify,sourcify-v2,404,,,,,0,,,4,victim_trace,,21362910;21467447;21475088;21500255,,2026-08-24T10:02:54.074709+00:00
1:0x03fc94d98d2a3fd1034dbab9bac65dba00e65add,mainnet,1,0x03fc94d98d2a3fd1034dbab9bac65dba00e65add,not_in_sourcify,sourcify-v2,404,,,,,0,,,1,victim_trace,,21317106,,2026-08-24T10:02:53.429514+00:00
1:0x0404d05f3992347d2f0dc3a97bdd147d77c85c1c,mainnet,1,0x0404d05f3992347d2f0dc3a97bdd147d77c85c1c,source_found,sourcify-v2,200,contracts/BaseRewardPool-mainnet-0x0404d05f3992347d2f0dc3a97bdd147d77c85c1c,BaseRewardPool,0.6.12+commit.27d51765,Solidity,1,match,False,1,victim_trace,,21304987,,2026-08-24T10:02:55.803832+00:00
1:0x0439e60f02a8900a951603950d8d4527f400c3f1,mainnet,1,0x0439e60f02a8900a951603950d8d4527f400c3f1,source_found,sourcify-v2,200,contracts/MetaBridge-mainnet-0x0439e60f02a8900a951603950d8d4527f400c3f1,MetaBridge,0.8.1+commit.df193b15,Solidity,16,exact_match,False,1,victim_top_level;victim_trace,,21475088,,2026-08-24T10:02:56.942781+00:00
1:0x044d1610e600d041229407fb6e514d259276e3b3,mainnet,1,0x044d1610e600d041229407fb6e514d259276e3b3,source_found,sourcify-v2,200,contracts/UniswapV3Pool-mainnet-0x044d1610e600d041229407fb6e514d259276e3b3,UniswapV3Pool,0.7.6+commit.7338295f,Solidity,96,match,False,2,shared_attack_victim_trace;trading_pair;victim_trace,,21363436;21363588,,2026-08-24T10:02:56.852723+00:00
1:0x046eee2cc3188071c02bfc1745a6b17c656e3f3d,mainnet,1,0x046eee2cc3188071c02bfc1745a6b17c656e3f3d,source_found,sourcify-v2,200,contracts/TransparentUpgradeableProxy-mainnet-0x046eee2cc3188071c02bfc1745a6b17c656e3f3d,TransparentUpgradeableProxy,0.8.9+commit.e5eed63a,Solidity,14,exact_match,True,1,shared_attack_victim_trace;victim_trace,,21842016,,2026-08-24T10:02:56.402599+00:00
1:0x0492560fa7cfd6a85e50d8be3f77318994f8f429,mainnet,1,0x0492560fa7cfd6a85e50d8be3f77318994f8f429,source_found,sourcify-v2,200,contracts/FewWrappedToken-mainnet-0x0492560fa7cfd6a85e50d8be3f77318994f8f429,FewWrappedToken,0.6.6+commit.6c089d02,Solidity,9,exact_match,False,1,victim_trace,,21460192,,2026-08-24T10:02:55.835242+00:00
1:0x04c154b66cb340f3ae24111cc767e0184ed00cc6,mainnet,1,0x04c154b66cb340f3ae24111cc767e0184ed00cc6,source_found,sourcify-v2,200,contracts/PxEth-mainnet-0x04c154b66cb340f3ae24111cc767e0184ed00cc6,PxEth,0.8.19+commit.7dd6d404,Solidity,16,match,False,1,victim_trace,,21447928,,2026-08-24T10:02:58.216406+00:00
1:0x04c8577958ccc170eb3d2cca76f9d51bc6e42d8f,mainnet,1,0x04c8577958ccc170eb3d2cca76f9d51bc6e42d8f,source_found,sourcify-v2,200,contracts/PancakeV3Pool-mainnet-0x04c8577958ccc170eb3d2cca76f9d51bc6e42d8f,PancakeV3Pool,0.7.6+commit.7338295f,Solidity,46,match,False,1,victim_trace,,21311832,,2026-08-24T10:02:58.117791+00:00
1:0x04e051d8e3627a79785f8e210b1d61a877aa737a,mainnet,1,0x04e051d8e3627a79785f8e210b1d61a877aa737a,source_found,sourcify-v2,200,contracts/LayerSwapFacet-mainnet-0x04e051d8e3627a79785f8e210b1d61a877aa737a,LayerSwapFacet,0.8.29+commit.ab55807c,Solidity,16,exact_match,False,4,proxy_implementation,LayerSwapFacet,,,2026-08-24T10:15:40.713948+00:00
1:0x04f121600c8c47a754636fc9d75661a9525e05d5,mainnet,1,0x04f121600c8c47a754636fc9d75661a9525e05d5,source_found,sourcify-v2,200,contracts/Token-mainnet-0x04f121600c8c47a754636fc9d75661a9525e05d5,Token,0.8.9+commit.e5eed63a,Solidity,1,exact_match,False,2,shared_attack_victim_trace;victim_trace,,21495693;21515974,,2026-08-24T10:02:56.863517+00:00
1:0x050b1a40fbcac0beccd9520d7363a33827283030,mainnet,1,0x050b1a40fbcac0beccd9520d7363a33827283030,source_found,sourcify-v2,200,contracts/GenericCrossChainFacet-mainnet-0x050b1a40fbcac0beccd9520d7363a33827283030,GenericCrossChainFacet,0.8.17+commit.8df45f5f,Solidity,31,exact_match,False,1,proxy_implementation,GenericCrossChainFacet,,,2026-08-24T10:15:42.140620+00:00
1:0x053df3e4d0ced9a3bf0494f97e83ce1f13bdc0e2,mainnet,1,0x053df3e4d0ced9a3bf0494f97e83ce1f13bdc0e2,source_found,sourcify-v2,200,contracts/LiquidityGaugeV6-mainnet-0x053df3e4d0ced9a3bf0494f97e83ce1f13bdc0e2,LiquidityGaugeV6,0.3.10+commit.91361694,Vyper,1,match,False,1,victim_trace,,21504557,,2026-08-24T10:02:57.323561+00:00
1:0x055269d23b3c3b322c79df8552673d790d2b40f0,mainnet,1,0x055269d23b3c3b322c79df8552673d790d2b40f0,not_in_sourcify,sourcify-v2,404,,,,,0,,,1,victim_trace,,21342331,,2026-08-24T10:02:57.122126+00:00
1:0x05767d9ef41dc40689678ffca0608878fb3de906,mainnet,1,0x05767d9ef41dc40689678ffca0608878fb3de906,source_found,sourcify-v2,200,contracts/UniswapV2Pair-mainnet-0x05767d9ef41dc40689678ffca0608878fb3de906,UniswapV2Pair,0.6.12+commit.27d51765,Solidity,1,match,False,1,shared_attack_victim_trace;trading_pair;victim_trace,,21304307,,2026-08-24T10:02:57.439821+00:00
1:0x05a9cbe762b36632b3594da4f082340e0e5343e8,mainnet,1,0x05a9cbe762b36632b3594da4f082340e0e5343e8,source_found,sourcify-v2,200,contracts/TokenState-mainnet-0x05a9cbe762b36632b3594da4f082340e0e5343e8,TokenState,0.4.24+commit.e67f0147,Solidity,1,match,False,1,shared_attack_victim_trace;victim_trace,,21464031,,2026-08-24T10:02:58.551323+00:00
1:0x05aa0579c709b832e7d385f945290219eb592bcb,mainnet,1,0x05aa0579c709b832e7d385f945290219eb592bcb,not_in_sourcify,sourcify-v2,404,,,,,0,,,2,victim_trace,,21302391;21302398,,2026-08-24T10:02:57.791879+00:00
1:0x05c024b441d2c288c2729b484bd4bcef3596aa51,mainnet,1,0x05c024b441d2c288c2729b484bd4bcef3596aa51,source_found,sourcify-v2,200,contracts/UniswapV2Pair-mainnet-0x05c024b441d2c288c2729b484bd4bcef3596aa51,UniswapV2Pair,0.5.16+commit.9c3226ce,Solidity,1,match,False,1,victim_trace,,21361459,,2026-08-24T10:02:58.738842+00:00
1:0x05d229f85affd6e935e89d7c8eca7412e31732a1,mainnet,1,0x05d229f85affd6e935e89d7c8eca7412e31732a1,source_found,sourcify-v2,200,contracts/IRMLinearKink-mainnet-0x05d229f85affd6e935e89d7c8eca7412e31732a1,IRMLinearKink,0.8.24+commit.e11b9ed9,Solidity,2,match,False,1,victim_trace,,21481165,,2026-08-24T10:02:58.511136+00:00
1:0x05ff47afada98a98982113758878f9a8b9fdda0a,mainnet,1,0x05ff47afada98a98982113758878f9a8b9fdda0a,source_found,sourcify-v2,200,contracts/ComposableStablePool-mainnet-0x05ff47afada98a98982113758878f9a8b9fdda0a,ComposableStablePool,0.7.1+commit.f4a555be,Solidity,52,exact_match,False,1,victim_trace,,21447928,,2026-08-24T10:03:02.062867+00:00
1:0x0606bd6ba099881ca1022a2e4e8c1a6748502429,mainnet,1,0x0606bd6ba099881ca1022a2e4e8c1a6748502429,source_found,sourcify-v2,200,contracts/UniswapV2Pair-mainnet-0x0606bd6ba099881ca1022a2e4e8c1a6748502429,UniswapV2Pair,0.5.16+commit.9c3226ce,Solidity,1,match,False,1,shared_attack_victim_trace;trading_pair;victim_trace,,21510296,,2026-08-24T10:03:00.288001+00:00
1:0x0654874eb7f59c6f5b39931fc45dc45337c967c3,mainnet,1,0x0654874eb7f59c6f5b39931fc45dc45337c967c3,source_found,sourcify-v2,200,contracts/MayanForwarder-mainnet-0x0654874eb7f59c6f5b39931fc45dc45337c967c3,MayanForwarder,0.8.4+commit.c7e474f2,Solidity,6,exact_match,False,1,victim_top_level;victim_trace,,21475529,,2026-08-24T10:03:01.478231+00:00
1:0x0655977feb2f289a4ab78af67bab0d17aab84367,mainnet,1,0x0655977feb2f289a4ab78af67bab0d17aab84367,not_in_sourcify,sourcify-v2,404,,,,,0,,,1,victim_trace,,21510296,,2026-08-24T10:02:59.310819+00:00
1:0x067cb94576abbdb3527055f3c8caaac9668364ad,mainnet,1,0x067cb94576abbdb3527055f3c8caaac9668364ad,source_found,sourcify-v2,200,contracts/FlashBorrowerSolver-mainnet-0x067cb94576abbdb3527055f3c8caaac9668364ad,FlashBorrowerSolver,0.8.17+commit.8df45f5f,Solidity,21,exact_match,False,1,victim_top_level;victim_trace,,21504557,,2026-08-24T10:03:01.342578+00:00
1:0x068a340bdfe5b445d74d28dcfc58f1a84252014f,mainnet,1,0x068a340bdfe5b445d74d28dcfc58f1a84252014f,not_in_sourcify,sourcify-v2,404,,,,,0,,,1,victim_trace,,21300863,,2026-08-24T10:02:59.791136+00:00
1:0x06b964d96f5dcf7eae9d7c559b09edce244d4b8e,mainnet,1,0x06b964d96f5dcf7eae9d7c559b09edce244d4b8e,source_found,sourcify-v2,200,contracts/TransparentUpgradeableProxy-mainnet-0x06b964d96f5dcf7eae9d7c559b09edce244d4b8e,TransparentUpgradeableProxy,0.8.20+commit.a1b79de6,Solidity,11,match,True,1,shared_attack_victim_trace;victim_trace,,21467447,,2026-08-24T10:03:00.908942+00:00
1:0x06d538690af257da524f25d0cd52fd85b1c2173e,mainnet,1,0x06d538690af257da524f25d0cd52fd85b1c2173e,source_found,sourcify-v2,200,contracts/Factory-mainnet-0x06d538690af257da524f25d0cd52fd85b1c2173e,Factory,0.7.6+commit.7338295f,Solidity,8,exact_match,False,1,victim_trace,,21338761,,2026-08-24T10:03:01.968269+00:00
1:0x06da0fd433c1a5d7a4faa01111c044910a184553,mainnet,1,0x06da0fd433c1a5d7a4faa01111c044910a184553,source_found,sourcify-v2,200,contracts/UniswapV2Pair-mainnet-0x06da0fd433c1a5d7a4faa01111c044910a184553,UniswapV2Pair,0.6.12+commit.27d51765,Solidity,1,match,False,2,victim_trace,,21420182;21515974,,2026-08-24T10:03:01.255561+00:00
1:0x0701855a2ca80b45c3dde8b1b33510610ca2f370,mainnet,1,0x0701855a2ca80b45c3dde8b1b33510610ca2f370,source_found,sourcify-v2,200,contracts/DSGuard-mainnet-0x0701855a2ca80b45c3dde8b1b33510610ca2f370,DSGuard,0.4.25+commit.59dbf8f1,Solidity,1,match,False,1,victim_trace,,21494726,,2026-08-24T10:03:01.016540+00:00
1:0x0711127d1c61e60922cac23bced997796606573a,mainnet,1,0x0711127d1c61e60922cac23bced997796606573a,source_found,sourcify-v2,200,contracts/GnosisSafeProxy-mainnet-0x0711127d1c61e60922cac23bced997796606573a,GnosisSafeProxy,0.7.6+commit.7338295f,Solidity,1,match,True,1,victim_top_level;victim_trace,,21410530,,2026-08-24T10:03:01.843359+00:00
1:0x07a28a8482e4c6f00520d571b8114c69ad44e71b,mainnet,1,0x07a28a8482e4c6f00520d571b8114c69ad44e71b,source_found,sourcify-v2,200,contracts/GnosisSafeProxy-mainnet-0x07a28a8482e4c6f00520d571b8114c69ad44e71b,GnosisSafeProxy,0.7.6+commit.7338295f,Solidity,1,match,True,1,victim_top_level;victim_trace,,21510296,,2026-08-24T10:03:02.810444+00:00
1:0x07a319a023859bbd49cc9c38ee891c3ea9283cc5,mainnet,1,0x07a319a023859bbd49cc9c38ee891c3ea9283cc5,source_found,sourcify-v2,200,contracts/BaseRewardPool4626-mainnet-0x07a319a023859bbd49cc9c38ee891c3ea9283cc5,BaseRewardPool4626,0.6.12+commit.27d51765,Solidity,34,exact_match,False,1,victim_trace,,21447928,,2026-08-24T10:03:04.683177+00:00
1:0x07b1c12be0d62fe548a2b4b025ab7a5ca8def21e,mainnet,1,0x07b1c12be0d62fe548a2b4b025ab7a5ca8def21e,source_found,sourcify-v2,200,contracts/UniswapV3Pool-mainnet-0x07b1c12be0d62fe548a2b4b025ab7a5ca8def21e,UniswapV3Pool,0.7.6+commit.7338295f,Solidity,96,match,False,1,shared_attack_victim_trace;trading_pair;victim_trace,,21415780,,2026-08-24T10:03:05.188318+00:00
1:0x082b9e93fb2087f56d632d57a16060da98816786,mainnet,1,0x082b9e93fb2087f56d632d57a16060da98816786,source_found,sourcify-v2,200,contracts/UniswapV2Pair-mainnet-0x082b9e93fb2087f56d632d57a16060da98816786,UniswapV2Pair,0.5.16+commit.9c3226ce,Solidity,1,match,False,1,shared_attack_victim_trace;trading_pair;victim_trace,,21307539,,2026-08-24T10:03:03.272886+00:00
1:0x08638ef1a205be6762a8b935f5da9b700cf7322c,mainnet,1,0x08638ef1a205be6762a8b935f5da9b700cf7322c,source_found,sourcify-v2,200,contracts/GemJoin-mainnet-0x08638ef1a205be6762a8b935f5da9b700cf7322c,GemJoin,0.5.12+commit.7709ece9,Solidity,1,match,False,2,victim_trace,,21313468;21352108,,2026-08-24T10:03:04.399538+00:00
1:0x08650bb9dc722c9c8c62e79c2bafa2d3fc5b3293,mainnet,1,0x08650bb9dc722c9c8c62e79c2bafa2d3fc5b3293,source_found,sourcify-v2,200,contracts/JamUniswapV2Pair-mainnet-0x08650bb9dc722c9c8c62e79c2bafa2d3fc5b3293,JamUniswapV2Pair,0.5.16+commit.9c3226ce,Solidity,1,match,False,2,shared_attack_victim_trace;trading_pair;victim_trace,,21502376;21510296,,2026-08-24T10:03:03.625070+00:00
1:0x08669c836f41aead03e3ef81a59f3b8e72ec417a,mainnet,1,0x08669c836f41aead03e3ef81a59f3b8e72ec417a,source_found,sourcify-v2,200,contracts/Chronicle_LIDO_LST_2DAYS_1-mainnet-0x08669c836f41aead03e3ef81a59f3b8e72ec417a,Chronicle_LIDO_LST_2DAYS_1,0.8.16+commit.07a7930e,Solidity,14,exact_match,False,1,victim_trace,,21322552,,2026-08-24T10:03:06.274730+00:00
1:0x08b48722792cb5d7dd81d687d922acfe4fbaf6ab,mainnet,1,0x08b48722792cb5d7dd81d687d922acfe4fbaf6ab,source_found,sourcify-v2,200,contracts/UniswapV3Pool-mainnet-0x08b48722792cb5d7dd81d687d922acfe4fbaf6ab,UniswapV3Pool,0.7.6+commit.7338295f,Solidity,96,match,False,1,shared_attack_victim_trace;trading_pair;victim_trace,,21421410,,2026-08-24T10:03:05.906441+00:00
1:0x08d59467e8fbee7575ed0905bba03903654cfbfd,mainnet,1,0x08d59467e8fbee7575ed0905bba03903654cfbfd,source_found,sourcify-v2,200,contracts/MATTER2-mainnet-0x08d59467e8fbee7575ed0905bba03903654cfbfd,MATTER2,0.6.12+commit.27d51765,Solidity,2,match,False,1,shared_attack_victim_trace;victim_trace,,21307539,,2026-08-24T10:03:06.062076+00:00
1:0x08f03724af0e0b7e51a3353ac452225314530a30,mainnet,1,0x08f03724af0e0b7e51a3353ac452225314530a30,source_found,sourcify-v2,200,contracts/DexRouter-mainnet-0x08f03724af0e0b7e51a3353ac452225314530a30,DexRouter,0.8.17+commit.8df45f5f,Solidity,34,exact_match,False,2,victim_trace,,21467447;21500255,,2026-08-24T10:03:06.345380+00:00
1:0x09023c0da49aaf8fc3fa3adf34c6a7016d38d5e3,mainnet,1,0x09023c0da49aaf8fc3fa3adf34c6a7016d38d5e3,source_found,sourcify-v2,200,contracts/EACAggregatorProxy-mainnet-0x09023c0da49aaf8fc3fa3adf34c6a7016d38d5e3,EACAggregatorProxy,0.6.6+commit.6c089d02,Solidity,1,match,False,1,victim_trace,,21471722,,2026-08-24T10:03:05.198377+00:00
1:0x09551a4e11e69203aac06a72da29099f2ff398f1,mainnet,1,0x09551a4e11e69203aac06a72da29099f2ff398f1,source_found,sourcify-v2,200,contracts/ERC1967Proxy-mainnet-0x09551a4e11e69203aac06a72da29099f2ff398f1,ERC1967Proxy,0.8.18+commit.87f61d96,Solidity,8,exact_match,True,1,victim_top_level;victim_trace,,21355730,,2026-08-24T10:03:06.412292+00:00
1:0x09bba67c316e59840699124a8dc0bbda6a2a9d59,mainnet,1,0x09bba67c316e59840699124a8dc0bbda6a2a9d59,source_found,sourcify-v2,200,contracts/MellowVaultCompat-mainnet-0x09bba67c316e59840699124a8dc0bbda6a2a9d59,MellowVaultCompat,0.8.25+commit.b61c2a91,Solidity,46,exact_match,False,1,proxy_implementation,MellowVaultCompat,,,2026-08-24T10:16:01.804189+00:00
1:0x0a4c430a7fe26f77333b45bad24c138cd698a093,mainnet,1,0x0a4c430a7fe26f77333b45bad24c138cd698a093,source_found,sourcify-v2,200,contracts/DSProxy-mainnet-0x0a4c430a7fe26f77333b45bad24c138cd698a093,DSProxy,0.4.23+commit.124ca40d,Solidity,1,match,False,1,victim_trace,,21307275,,2026-08-24T10:03:06.433685+00:00
1:0x0a6e7ba5042b38349e437ec6db6214aec7b35676,mainnet,1,0x0a6e7ba5042b38349e437ec6db6214aec7b35676,source_found,sourcify-v2,200,contracts/SwellToken-mainnet-0x0a6e7ba5042b38349e437ec6db6214aec7b35676,SwellToken,0.8.23+commit.f704f362,Solidity,5,exact_match,False,1,shared_attack_victim_trace;victim_trace,,21302296,,2026-08-24T10:03:06.346935+00:00
1:0x0a6fc72967d2b559507d2e03c631ccafb8bcb872,mainnet,1,0x0a6fc72967d2b559507d2e03c631ccafb8bcb872,source_found,sourcify-v2,200,contracts/UniswapV3Pool-mainnet-0x0a6fc72967d2b559507d2e03c631ccafb8bcb872,UniswapV3Pool,0.7.6+commit.7338295f,Solidity,96,match,False,1,shared_attack_victim_trace;trading_pair;victim_trace,,21464031,,2026-08-24T10:03:08.684787+00:00
1:0x0a992d191deec32afe36203ad87d7d289a738f81,mainnet,1,0x0a992d191deec32afe36203ad87d7d289a738f81,source_found,sourcify-v2,200,contracts/MessageTransmitter-mainnet-0x0a992d191deec32afe36203ad87d7d289a738f81,MessageTransmitter,0.7.6+commit.7338295f,Solidity,1,match,False,1,victim_trace,,21502174,,2026-08-24T10:03:08.084101+00:00
1:0x0b07188b12e3bba6a680e553e23c4079e98a034b,mainnet,1,0x0b07188b12e3bba6a680e553e23c4079e98a034b,source_found,sourcify-v2,200,contracts/UniswapV2Pair-mainnet-0x0b07188b12e3bba6a680e553e23c4079e98a034b,UniswapV2Pair,0.5.16+commit.9c3226ce,Solidity,1,match,False,1,shared_attack_victim_trace;trading_pair;victim_trace,,21414148,,2026-08-24T10:03:07.588967+00:00
1:0x0b24e264659b3c903c818170498e093916ed66aa,mainnet,1,0x0b24e264659b3c903c818170498e093916ed66aa,source_found,sourcify-v2,200,contracts/DexManagerFacet-mainnet-0x0b24e264659b3c903c818170498e093916ed66aa,DexManagerFacet,0.8.17+commit.8df45f5f,Solidity,27,exact_match,False,1,proxy_implementation,DexManagerFacet,,,2026-08-24T10:15:47.116627+00:00
1:0x0b480f79d77524588e29fbdbb3454f66279b16a4,mainnet,1,0x0b480f79d77524588e29fbdbb3454f66279b16a4,source_found,sourcify-v2,200,contracts/SafeProxy-mainnet-0x0b480f79d77524588e29fbdbb3454f66279b16a4,SafeProxy,0.7.6+commit.7338295f,Solidity,1,exact_match,True,1,victim_trace,,21842172,,2026-08-24T10:03:07.765955+00:00
1:0x0b925ed163218f6662a35e0f0371ac234f9e9371,mainnet,1,0x0b925ed163218f6662a35e0f0371ac234f9e9371,source_found,sourcify-v2,200,contracts/InitializableImmutableAdminUpgradeabilityProxy-mainnet-0x0b925ed163218f6662a35e0f0371ac234f9e9371,InitializableImmutableAdminUpgradeabilityProxy,0.8.10+commit.fc410830,Solidity,6,exact_match,True,4,victim_trace,,21300107;21357582;21410530;21414148,,2026-08-24T10:03:07.771863+00:00
1:0x0c0e5f2ff0ff18a3be9b835635039256dc4b4963,mainnet,1,0x0c0e5f2ff0ff18a3be9b835635039256dc4b4963,source_found,sourcify-v2,200,contracts/CurveTricryptoFactory-mainnet-0x0c0e5f2ff0ff18a3be9b835635039256dc4b4963,CurveTricryptoFactory,0.3.9+commit.66b96705,Vyper,1,match,False,1,victim_trace,,21504557,,2026-08-24T10:03:08.104336+00:00
1:0x0c42191a5571839266dcbd8d54e2174e37e5ac11,mainnet,1,0x0c42191a5571839266dcbd8d54e2174e37e5ac11,source_found,sourcify-v2,200,contracts/ERC1967Proxy-mainnet-0x0c42191a5571839266dcbd8d54e2174e37e5ac11,ERC1967Proxy,0.8.10+commit.fc410830,Solidity,16,exact_match,True,1,victim_trace,,21452745,,2026-08-24T10:03:08.687485+00:00
1:0x0c4a68cf6857cc76fe946d04fe85fac5fae9625e,mainnet,1,0x0c4a68cf6857cc76fe946d04fe85fac5fae9625e,source_found,sourcify-v2,200,contracts/UniswapV2Pair-mainnet-0x0c4a68cf6857cc76fe946d04fe85fac5fae9625e,UniswapV2Pair,0.5.16+commit.9c3226ce,Solidity,1,match,False,1,shared_attack_victim_trace;trading_pair;victim_trace,,21323348,,2026-08-24T10:03:09.781781+00:00
1:0x0c9a3dd6b8f28529d72d7f9ce918d493519ee383,mainnet,1,0x0c9a3dd6b8f28529d72d7f9ce918d493519ee383,source_found,sourcify-v2,200,contracts/EthereumVaultConnector-mainnet-0x0c9a3dd6b8f28529d72d7f9ce918d493519ee383,EthereumVaultConnector,0.8.24+commit.e11b9ed9,Solidity,9,exact_match,False,1,victim_top_level;victim_trace,,21481165,,2026-08-24T10:03:11.251143+00:00
1:0x0d0e364aa7852291883c162b22d6d81f6355428f,mainnet,1,0x0d0e364aa7852291883c162b22d6d81f6355428f,source_found,sourcify-v2,200,contracts/MainnetSettler-mainnet-0x0d0e364aa7852291883c162b22d6d81f6355428f,MainnetSettler,0.8.25+commit.b61c2a91,Solidity,1,match,False,2,victim_top_level;victim_trace,,21842016;21842172,,2026-08-24T10:03:10.997730+00:00
1:0x0d4a11d5eeaac28ec3f61d100daf4d40471f1852,mainnet,1,0x0d4a11d5eeaac28ec3f61d100daf4d40471f1852,source_found,sourcify-v2,200,contracts/UniswapV2Pair-mainnet-0x0d4a11d5eeaac28ec3f61d100daf4d40471f1852,UniswapV2Pair,0.5.16+commit.9c3226ce,Solidity,1,match,False,4,victim_trace,,21304654;21333683;21356992;21373643,,2026-08-24T10:03:09.575050+00:00
1:0x0d5f4aadf3fde31bbb55db5f42c080f18ad54df5,mainnet,1,0x0d5f4aadf3fde31bbb55db5f42c080f18ad54df5,source_found,sourcify-v2,200,contracts/AccessControlledOCR2Aggregator-mainnet-0x0d5f4aadf3fde31bbb55db5f42c080f18ad54df5,AccessControlledOCR2Aggregator,0.8.19+commit.7dd6d404,Solidity,18,exact_match,False,7,victim_trace,,21300863;21357582;21373643;21410530;21432613;21442669;21471722,,2026-08-24T10:03:11.363883+00:00
1:0x0d86883faf4ffd7aeb116390af37746f45b6f378,mainnet,1,0x0d86883faf4ffd7aeb116390af37746f45b6f378,source_found,sourcify-v2,200,contracts/ERC1967Proxy-mainnet-0x0d86883faf4ffd7aeb116390af37746f45b6f378,ERC1967Proxy,0.8.19+commit.7dd6d404,Solidity,7,exact_match,True,1,victim_trace,,21471722,,2026-08-24T10:03:11.772707+00:00
1:0x0d9bdd2d61a37bc074e59b2801f32deee01307e5,mainnet,1,0x0d9bdd2d61a37bc074e59b2801f32deee01307e5,not_in_sourcify,sourcify-v2,404,,,,,0,,,1,shared_attack_victim_trace;victim_trace,,21842016,,2026-08-24T10:03:09.657107+00:00
1:0x0dc9877f6024ccf16a470a74176c9260beb83ab6,mainnet,1,0x0dc9877f6024ccf16a470a74176c9260beb83ab6,source_found,sourcify-v2,200,contracts/UniswapV3Pool-mainnet-0x0dc9877f6024ccf16a470a74176c9260beb83ab6,UniswapV3Pool,0.7.6+commit.7338295f,Solidity,96,match,False,1,shared_attack_victim_trace;trading_pair;victim_trace,,21496595,,2026-08-24T10:03:12.811156+00:00
1:0x0e0e65e9da8fecfc62775f957a5d5762b2175d9c,mainnet,1,0x0e0e65e9da8fecfc62775f957a5d5762b2175d9c,not_in_sourcify,sourcify-v2,404,,,,,0,,,1,victim_trace,,21471722,,2026-08-24T10:03:10.739074+00:00
1:0x0e2c4be9f3408e5b1ff631576d946eb8c224b5ed,mainnet,1,0x0e2c4be9f3408e5b1ff631576d946eb8c224b5ed,source_found,sourcify-v2,200,contracts/UniswapV3Pool-mainnet-0x0e2c4be9f3408e5b1ff631576d946eb8c224b5ed,UniswapV3Pool,0.7.6+commit.7338295f,Solidity,96,match,False,1,victim_trace,,21499181,,2026-08-24T10:03:13.186762+00:00
1:0x0e313c7615d8ea52b662153e42a4bf6baad132a1,mainnet,1,0x0e313c7615d8ea52b662153e42a4bf6baad132a1,not_in_sourcify,sourcify-v2,404,,,,,0,,,1,victim_trace,,21335212,,2026-08-24T10:03:11.586392+00:00
1:0x0e49a0fa1ae7b7a16fa66a5d5a7057e96285029a,mainnet,1,0x0e49a0fa1ae7b7a16fa66a5d5a7057e96285029a,source_found,sourcify-v2,200,contracts/NFTXLPStaking-mainnet-0x0e49a0fa1ae7b7a16fa66a5d5a7057e96285029a,NFTXLPStaking,0.8.4+commit.c7e474f2,Solidity,20,exact_match,False,1,victim_trace,,21320028,,2026-08-24T10:03:12.876393+00:00
1:0x0e992c001e375785846eeb9cd69411b53f30f24b,mainnet,1,0x0e992c001e375785846eeb9cd69411b53f30f24b,source_found,sourcify-v2,200,contracts/UniswapV3Feature-mainnet-0x0e992c001e375785846eeb9cd69411b53f30f24b,UniswapV3Feature,0.6.12+commit.27d51765,Solidity,17,exact_match,False,3,victim_trace,,21361252;21473060;21501469,,2026-08-24T10:03:27.443159+00:00
1:0x0ee554f6a1f7a4cb4f82d4c124ddc2ad3e37fde1,mainnet,1,0x0ee554f6a1f7a4cb4f82d4c124ddc2ad3e37fde1,source_found,sourcify-v2,200,contracts/RewardsController-mainnet-0x0ee554f6a1f7a4cb4f82d4c124ddc2ad3e37fde1,RewardsController,0.8.10+commit.fc410830,Solidity,12,exact_match,False,1,victim_trace,,21322552,,2026-08-24T10:03:13.229118+00:00
1:0x0ef372b6a2f8bb030760261b858b6c50e92d1680,mainnet,1,0x0ef372b6a2f8bb030760261b858b6c50e92d1680,source_found,sourcify-v2,200,contracts/NFTXSimpleFeeDistributor-mainnet-0x0ef372b6a2f8bb030760261b858b6c50e92d1680,NFTXSimpleFeeDistributor,0.8.4+commit.c7e474f2,Solidity,1,match,False,1,victim_trace,,21320028,,2026-08-24T10:03:24.295807+00:00
1:0x0f388ecdbc128083bfe317b00de2c25fbe9f24d5,mainnet,1,0x0f388ecdbc128083bfe317b00de2c25fbe9f24d5,source_found,sourcify-v2,200,contracts/UniswapV2Pair-mainnet-0x0f388ecdbc128083bfe317b00de2c25fbe9f24d5,UniswapV2Pair,0.5.16+commit.9c3226ce,Solidity,1,match,False,1,shared_attack_victim_trace;trading_pair;victim_trace,,21348336,,2026-08-24T10:03:27.144569+00:00
1:0x0f4a1d7fdf4890be35e71f3e0bbc4a0ec377eca3,mainnet,1,0x0f4a1d7fdf4890be35e71f3e0bbc4a0ec377eca3,not_in_sourcify,sourcify-v2,404,,,,,0,,,1,victim_trace,,21313675,,2026-08-24T10:03:22.332384+00:00
1:0x0f5d9c23d365c114d3febae6cb2edbb06b65acad,mainnet,1,0x0f5d9c23d365c114d3febae6cb2edbb06b65acad,not_in_sourcify,sourcify-v2,404,,,,,0,,,1,victim_trace,,21447928,,2026-08-24T10:03:24.900038+00:00
1:0x0fa0fd98727c443dd5275774c44d27cff9d279ed,mainnet,1,0x0fa0fd98727c443dd5275774c44d27cff9d279ed,source_found,sourcify-v2,200,contracts/NFTXVaultUpgradeable-mainnet-0x0fa0fd98727c443dd5275774c44d27cff9d279ed,NFTXVaultUpgradeable,0.8.4+commit.c7e474f2,Solidity,29,exact_match,False,1,shared_attack_victim_trace;victim_trace,,21320028,,2026-08-24T10:03:23.350413+00:00
1:0x0fc584529a2aefa997697fafacba5831fac0c22d,mainnet,1,0x0fc584529a2aefa997697fafacba5831fac0c22d,source_found,sourcify-v2,200,contracts/NFTXMarketplaceZap-mainnet-0x0fc584529a2aefa997697fafacba5831fac0c22d,NFTXMarketplaceZap,0.8.4+commit.c7e474f2,Solidity,1,match,False,1,victim_top_level;victim_trace,,21320028,,2026-08-24T10:03:27.133177+00:00
1:0x0fd04a68d3c3a692d6fa30384d1a87ef93554ee6,mainnet,1,0x0fd04a68d3c3a692d6fa30384d1a87ef93554ee6,source_found,sourcify-v2,200,contracts/TokenImplementation-mainnet-0x0fd04a68d3c3a692d6fa30384d1a87ef93554ee6,TokenImplementation,0.8.4+commit.c7e474f2,Solidity,1,match,False,1,victim_trace,,21313675,,2026-08-24T10:03:26.396804+00:00
1:0x0fe08d911246566fdfd4afe0181a21ab810ee1c2,mainnet,1,0x0fe08d911246566fdfd4afe0181a21ab810ee1c2,source_found,sourcify-v2,200,contracts/TransparentUpgradeableProxy-mainnet-0x0fe08d911246566fdfd4afe0181a21ab810ee1c2,TransparentUpgradeableProxy,0.8.2+commit.661d1103,Solidity,15,exact_match,True,1,victim_top_level;victim_trace,,21377018,,2026-08-24T10:03:23.723622+00:00
1:0x0fe58fe1caa69951dc924a8c222be19013b89476,mainnet,1,0x0fe58fe1caa69951dc924a8c222be19013b89476,source_found,sourcify-v2,200,contracts/StakedAaveV3-mainnet-0x0fe58fe1caa69951dc924a8c222be19013b89476,StakedAaveV3,0.8.21+commit.d9974bed,Solidity,35,exact_match,False,1,victim_trace,,21333683,,2026-08-24T10:03:26.544859+00:00
1:0x101816545f6bd2b1076434b54383a1e633390a2e,mainnet,1,0x101816545f6bd2b1076434b54383a1e633390a2e,source_found,sourcify-v2,200,contracts/Pool-mainnet-0x101816545f6bd2b1076434b54383a1e633390a2e,Pool,0.7.6+commit.7338295f,Solidity,7,exact_match,False,1,victim_trace,,21338761,,2026-08-24T10:03:25.833713+00:00
1:0x108388a5b0eb47629138250b6361924813a2acd6,mainnet,1,0x108388a5b0eb47629138250b6361924813a2acd6,source_found,sourcify-v2,200,contracts/AkropolisToken-mainnet-0x108388a5b0eb47629138250b6361924813a2acd6,AkropolisToken,0.4.24+commit.e67f0147,Solidity,1,match,False,1,victim_trace,,21363251,,2026-08-24T10:03:27.997173+00:00
1:0x1084a95c69bdc3325c1c42f86676b6eb66dce053,mainnet,1,0x1084a95c69bdc3325c1c42f86676b6eb66dce053,source_found,sourcify-v2,200,contracts/UniswapV2Pair-mainnet-0x1084a95c69bdc3325c1c42f86676b6eb66dce053,UniswapV2Pair,0.5.16+commit.9c3226ce,Solidity,1,match,False,1,shared_attack_victim_trace;trading_pair;victim_trace,,21504557,,2026-08-24T10:03:28.143031+00:00
1:0x108b0c3f20f266469fd2e98750926811ad632589,mainnet,1,0x108b0c3f20f266469fd2e98750926811ad632589,source_found,sourcify-v2,200,contracts/DeBridgeDlnFacet-mainnet-0x108b0c3f20f266469fd2e98750926811ad632589,DeBridgeDlnFacet,0.8.29+commit.ab55807c,Solidity,16,exact_match,False,4,proxy_implementation,DeBridgeDlnFacet,,,2026-08-24T10:15:54.742349+00:00
1:0x109830a1aaad605bbf02a9dfa7b0b92ec2fb7daa,mainnet,1,0x109830a1aaad605bbf02a9dfa7b0b92ec2fb7daa,source_found,sourcify-v2,200,contracts/UniswapV3Pool-mainnet-0x109830a1aaad605bbf02a9dfa7b0b92ec2fb7daa,UniswapV3Pool,0.7.6+commit.7338295f,Solidity,96,match,False,8,victim_trace,,21300107;21313675;21357582;21363251;21410530;21414148;21454349;21460192,,2026-08-24T10:03:31.010739+00:00
1:0x10a5f7d9d65bcc2734763444d4940a31b109275f,mainnet,1,0x10a5f7d9d65bcc2734763444d4940a31b109275f,source_found,sourcify-v2,200,contracts/MultiCollateralSynth-mainnet-0x10a5f7d9d65bcc2734763444d4940a31b109275f,MultiCollateralSynth,0.5.16+commit.9c3226ce,Solidity,1,match,False,1,shared_attack_victim_trace;victim_trace,,21464031,,2026-08-24T10:03:28.205792+00:00
1:0x10ac93971cdb1f5c778144084242374473c350da,mainnet,1,0x10ac93971cdb1f5c778144084242374473c350da,source_found,sourcify-v2,200,contracts/InitializableImmutableAdminUpgradeabilityProxy-mainnet-0x10ac93971cdb1f5c778144084242374473c350da,InitializableImmutableAdminUpgradeabilityProxy,0.8.19+commit.7dd6d404,Solidity,12,match,True,1,victim_trace,,21373643,,2026-08-24T10:03:29.773369+00:00
1:0x10cd5fbe1b404b7e19ef964b63939907bdaf42e2,mainnet,1,0x10cd5fbe1b404b7e19ef964b63939907bdaf42e2,source_found,sourcify-v2,200,contracts/GemJoin-mainnet-0x10cd5fbe1b404b7e19ef964b63939907bdaf42e2,GemJoin,0.5.12+commit.7709ece9,Solidity,1,match,False,1,victim_trace,,21363251,,2026-08-24T10:03:29.042855+00:00
1:0x111111125421ca6dc452d289314280a0f8842a65,mainnet,1,0x111111125421ca6dc452d289314280a0f8842a65,source_found,sourcify-v2,200,contracts/AggregationRouterV6-mainnet-0x111111125421ca6dc452d289314280a0f8842a65,AggregationRouterV6,0.8.23+commit.f704f362,Solidity,1,exact_match,False,24,victim_top_level;victim_trace,,21309126;21313468;21317106;21317119;21317122;21317124;21317129;21322741;21327219;21363251;21381665;21392828;21398236;21422808;21429278;21432613;21432830;21433713;21442669;21447928;21462778;21481165;21502174;21515974,,2026-08-24T10:03:32.217658+00:00
1:0x1111111254eeb25477b68fb85ed929f73a960582,mainnet,1,0x1111111254eeb25477b68fb85ed929f73a960582,source_found,sourcify-v2,200,contracts/AggregationRouterV5-mainnet-0x1111111254eeb25477b68fb85ed929f73a960582,AggregationRouterV5,0.8.17+commit.8df45f5f,Solidity,1,match,False,38,victim_top_level;victim_trace,,21301621;21302391;21313468;21317106;21317122;21322552;21322741;21332257;21338761;21342275;21349927;21356992;21373643;21376810;21377018;21381654;21396987;21401763;21415780;21415913;21420609;21442409;21449019;21452745;21454032;21454713;21464031;21471722;21481165;21485224;21485274;21493359;21494726;21495693;21501469;21502376;21504557;21510296,,2026-08-24T10:03:31.696408+00:00
1:0x1111111254fb6c44bac0bed2854e76f90643097d,mainnet,1,0x1111111254fb6c44bac0bed2854e76f90643097d,source_found,sourcify-v2,200,contracts/AggregationRouterV4-mainnet-0x1111111254fb6c44bac0bed2854e76f90643097d,AggregationRouterV4,0.7.6+commit.7338295f,Solidity,1,match,False,3,victim_top_level;victim_trace,,21323348;21371100;21422852,,2026-08-24T10:03:31.564676+00:00
1:0x1121acc14c63f3c872bfca497d10926a6098aac5,mainnet,1,0x1121acc14c63f3c872bfca497d10926a6098aac5,source_found,sourcify-v2,200,contracts/Contract-mainnet-0x1121acc14c63f3c872bfca497d10926a6098aac5,Contract,0.8.17+commit.8df45f5f,Solidity,1,match,False,3,shared_attack_victim_trace;victim_trace,,21342275;21392828;21442669,,2026-08-24T10:03:31.745372+00:00
1:0x112b08621e27e10773ec95d250604a041f36c582,mainnet,1,0x112b08621e27e10773ec95d250604a041f36c582,source_found,sourcify-v2,200,contracts/ChaingeWrappedToken-mainnet-0x112b08621e27e10773ec95d250604a041f36c582,ChaingeWrappedToken,0.6.6+commit.6c089d02,Solidity,1,match,False,1,shared_attack_victim_trace;victim_trace,,21342275,,2026-08-24T10:03:30.844188+00:00
1:0x11335d5909f3181b77cc942efb9e9f432d617a2b,mainnet,1,0x11335d5909f3181b77cc942efb9e9f432d617a2b,source_found,sourcify-v2,200,contracts/UniswapV2Pair-mainnet-0x11335d5909f3181b77cc942efb9e9f432d617a2b,UniswapV2Pair,0.5.16+commit.9c3226ce,Solidity,1,match,False,1,shared_attack_victim_trace;trading_pair;victim_trace,,21398236,,2026-08-24T10:03:30.234603+00:00
1:0x116ac0e31a6764a4333f55642832fc81f3f1a3c9,mainnet,1,0x116ac0e31a6764a4333f55642832fc81f3f1a3c9,source_found,sourcify-v2,200,contracts/DToken-mainnet-0x116ac0e31a6764a4333f55642832fc81f3f1a3c9,DToken,0.8.24+commit.e11b9ed9,Solidity,5,exact_match,False,1,victim_trace,,21481165,,2026-08-24T10:03:31.378788+00:00
1:0x11a001dc777f5bf8a5d63f246664d3bb67be496c,mainnet,1,0x11a001dc777f5bf8a5d63f246664d3bb67be496c,source_found,sourcify-v2,200,contracts/OGGIE-mainnet-0x11a001dc777f5bf8a5d63f246664d3bb67be496c,OGGIE,0.8.23+commit.f704f362,Solidity,1,exact_match,False,1,shared_attack_victim_trace;victim_trace,,21454032,,2026-08-24T10:03:32.492838+00:00
1:0x11b815efb8f581194ae79006d24e0d814b7697f6,mainnet,1,0x11b815efb8f581194ae79006d24e0d814b7697f6,source_found,sourcify-v2,200,contracts/UniswapV3Pool-mainnet-0x11b815efb8f581194ae79006d24e0d814b7697f6,UniswapV3Pool,0.7.6+commit.7338295f,Solidity,96,match,False,15,shared_attack_victim_trace;trading_pair;victim_trace,,21304307;21307275;21330552;21342507;21357447;21373643;21379211;21380283;21428934;21433713;21442669;21452745;21460192;21462778;21842016,,2026-08-24T10:03:36.461554+00:00
1:0x11e048f19844b7baa6d9ea4a20ed4facf7b757b2,mainnet,1,0x11e048f19844b7baa6d9ea4a20ed4facf7b757b2,source_found,sourcify-v2,200,contracts/ZeroxWrapper-mainnet-0x11e048f19844b7baa6d9ea4a20ed4facf7b757b2,ZeroxWrapper,0.8.10+commit.fc410830,Solidity,1,match,False,1,victim_trace,,21337846,,2026-08-24T10:03:32.316970+00:00
1:0x11f851639dd46a07f178e81ee1b234e91fd89c97,mainnet,1,0x11f851639dd46a07f178e81ee1b234e91fd89c97,source_found,sourcify-v2,200,contracts/UniswapV3Pool-mainnet-0x11f851639dd46a07f178e81ee1b234e91fd89c97,UniswapV3Pool,0.7.6+commit.7338295f,Solidity,96,match,False,1,victim_trace,,21311832,,2026-08-24T10:03:37.906517+00:00
1:0x1231deb6f5749ef6ce6943a275a1d3e7486f4eae,mainnet,1,0x1231deb6f5749ef6ce6943a275a1d3e7486f4eae,source_found,sourcify-v2,200,contracts/LiFiDiamond-mainnet-0x1231deb6f5749ef6ce6943a275a1d3e7486f4eae,LiFiDiamond,0.8.17+commit.8df45f5f,Solidity,6,exact_match,True,4,victim_trace,,21392828;21432613;21442409;21475088,,2026-08-24T10:03:33.593205+00:00
1:0x124aa9169e6c0851a4a54d0ebb9158f2313d9dd8,mainnet,1,0x124aa9169e6c0851a4a54d0ebb9158f2313d9dd8,source_found,sourcify-v2,200,contracts/MayanFacet-mainnet-0x124aa9169e6c0851a4a54d0ebb9158f2313d9dd8,MayanFacet,0.8.17+commit.8df45f5f,Solidity,18,exact_match,False,4,proxy_implementation,MayanFacet,,,2026-08-24T10:15:53.944071+00:00
1:0x1265c279cbb0df619808b82cb1f47dc46a10e7e9,mainnet,1,0x1265c279cbb0df619808b82cb1f47dc46a10e7e9,source_found,sourcify-v2,200,contracts/OwnershipFacet-mainnet-0x1265c279cbb0df619808b82cb1f47dc46a10e7e9,OwnershipFacet,0.8.17+commit.8df45f5f,Solidity,25,exact_match,False,1,proxy_implementation,OwnershipFacet,,,2026-08-24T10:15:53.280141+00:00
1:0x127452f3f9cdc0389b0bf59ce6131aa3bd763598,mainnet,1,0x127452f3f9cdc0389b0bf59ce6131aa3bd763598,source_found,sourcify-v2,200,contracts/UniswapV3Pool-mainnet-0x127452f3f9cdc0389b0bf59ce6131aa3bd763598,UniswapV3Pool,0.7.6+commit.7338295f,Solidity,96,match,False,1,victim_trace,,21313675,,2026-08-24T10:03:37.420571+00:00
1:0x127db66e7f0b16470bec194d0f496f9fa065d0a9,mainnet,1,0x127db66e7f0b16470bec194d0f496f9fa065d0a9,source_found,sourcify-v2,200,contracts/Vyper_contract-mainnet-0x127db66e7f0b16470bec194d0f496f9fa065d0a9,Vyper_contract,0.3.4+commit.f31f0ec4,Vyper,1,match,False,1,victim_trace,,21504557,,2026-08-24T10:03:33.416270+00:00
1:0x129e6b5dbc0ecc12f9e486c5bc9cdf1a6a80bc6a,mainnet,1,0x129e6b5dbc0ecc12f9e486c5bc9cdf1a6a80bc6a,source_found,sourcify-v2,200,contracts/PendleYieldToken-mainnet-0x129e6b5dbc0ecc12f9e486c5bc9cdf1a6a80bc6a,PendleYieldToken,0.8.23+commit.f704f362,Solidity,37,match,False,1,victim_trace,,21325864,,2026-08-24T10:03:37.145392+00:00
1:0x12d07dec54565839e0c4c33f6b94e5ad5be00e23,mainnet,1,0x12d07dec54565839e0c4c33f6b94e5ad5be00e23,source_found,sourcify-v2,200,contracts/FluidWallet-mainnet-0x12d07dec54565839e0c4c33f6b94e5ad5be00e23,FluidWallet,0.8.21+commit.d9974bed,Solidity,1,match,False,1,victim_trace,,21335212,,2026-08-24T10:03:34.126358+00:00
1:0x131c220c18874e32abbe945eb8aa998b84f63625,mainnet,1,0x131c220c18874e32abbe945eb8aa998b84f63625,source_found,sourcify-v2,200,contracts/GasRelayPaymasterLib-mainnet-0x131c220c18874e32abbe945eb8aa998b84f63625,GasRelayPaymasterLib,0.6.12+commit.27d51765,Solidity,38,match,False,4,victim_trace,,21313675;21332614;21381403;21493359,,2026-08-24T10:03:34.927233+00:00
1:0x135896de8421be2ec868e0b811006171d9df802a,mainnet,1,0x135896de8421be2ec868e0b811006171d9df802a,source_found,sourcify-v2,200,contracts/ParaSwapLiquiditySwapAdapter-mainnet-0x135896de8421be2ec868e0b811006171d9df802a,ParaSwapLiquiditySwapAdapter,0.6.12+commit.27d51765,Solidity,1,exact_match,False,1,victim_top_level;victim_trace,,21357447,,2026-08-24T10:03:34.779722+00:00
1:0x135cd19cb3c15f7eb10fc21ff79e1259a65fc958,mainnet,1,0x135cd19cb3c15f7eb10fc21ff79e1259a65fc958,source_found,sourcify-v2,200,contracts/PancakeV3Pool-mainnet-0x135cd19cb3c15f7eb10fc21ff79e1259a65fc958,PancakeV3Pool,0.7.6+commit.7338295f,Solidity,46,match,False,1,victim_trace,,21381403,,2026-08-24T10:03:38.281057+00:00
1:0x1385fc1fe0418ea0b4fcf7adc61fc7535ab7f80d,mainnet,1,0x1385fc1fe0418ea0b4fcf7adc61fc7535ab7f80d,source_found,sourcify-v2,200,contracts/UniswapV3Pool-mainnet-0x1385fc1fe0418ea0b4fcf7adc61fc7535ab7f80d,UniswapV3Pool,0.7.6+commit.7338295f,Solidity,96,match,False,2,shared_attack_victim_trace;trading_pair;victim_trace,,21379211;21501847,,2026-08-24T10:03:37.453118+00:00
1:0x14154c15fc0fd3f91de557a1b6fdd2059972cd0b,mainnet,1,0x14154c15fc0fd3f91de557a1b6fdd2059972cd0b,source_found,sourcify-v2,200,contracts/UniswapV3Pool-mainnet-0x14154c15fc0fd3f91de557a1b6fdd2059972cd0b,UniswapV3Pool,0.7.6+commit.7338295f,Solidity,96,match,False,3,shared_attack_victim_trace;trading_pair;victim_trace,,21432830;21433713;21467447,,2026-08-24T10:03:38.020782+00:00
1:0x1472cb8c6aa4f62d98c4fbdffbc9620bcbc7cb35,mainnet,1,0x1472cb8c6aa4f62d98c4fbdffbc9620bcbc7cb35,source_found,sourcify-v2,200,contracts/GnosisSafeProxy-mainnet-0x1472cb8c6aa4f62d98c4fbdffbc9620bcbc7cb35,GnosisSafeProxy,0.7.6+commit.7338295f,Solidity,1,match,True,1,victim_top_level;victim_trace,,21352108,,2026-08-24T10:03:36.263249+00:00
1:0x1493e7b8d4dfade0a178dad9335470337a3a219a,mainnet,1,0x1493e7b8d4dfade0a178dad9335470337a3a219a,source_found,sourcify-v2,200,contracts/ReceiverStargateV2-mainnet-0x1493e7b8d4dfade0a178dad9335470337a3a219a,ReceiverStargateV2,0.8.17+commit.8df45f5f,Solidity,16,exact_match,False,1,victim_trace,,21342507,,2026-08-24T10:03:39.226875+00:00
1:0x1495bc9e44af1f8bcb62278d2bec4540cf0c05ea,mainnet,1,0x1495bc9e44af1f8bcb62278d2bec4540cf0c05ea,source_found,sourcify-v2,200,contracts/TransparentUpgradeableProxy-mainnet-0x1495bc9e44af1f8bcb62278d2bec4540cf0c05ea,TransparentUpgradeableProxy,0.8.9+commit.e5eed63a,Solidity,14,exact_match,True,2,shared_attack_victim_trace;victim_trace,,21379211;21501847,,2026-08-24T10:03:38.886546+00:00
1:0x14ca6867d06e3d352779a7879d9670e203975f37,mainnet,1,0x14ca6867d06e3d352779a7879d9670e203975f37,source_found,sourcify-v2,200,contracts/GnosisSafeProxy-mainnet-0x14ca6867d06e3d352779a7879d9670e203975f37,GnosisSafeProxy,0.7.6+commit.7338295f,Solidity,1,match,True,1,victim_top_level;victim_trace,,21363251,,2026-08-24T10:03:38.194325+00:00
1:0x14e7bca1ea652a5201dfbbeb4b74233984a58dd0,mainnet,1,0x14e7bca1ea652a5201dfbbeb4b74233984a58dd0,source_found,sourcify-v2,200,contracts/VirtualBalanceRewardPool-mainnet-0x14e7bca1ea652a5201dfbbeb4b74233984a58dd0,VirtualBalanceRewardPool,0.6.12+commit.27d51765,Solidity,1,match,False,1,victim_trace,,21504557,,2026-08-24T10:03:38.743545+00:00
1:0x15a8e38942f9e353bec8812763fb3c104c89ecf4,mainnet,1,0x15a8e38942f9e353bec8812763fb3c104c89ecf4,source_found,sourcify-v2,200,contracts/UniswapV2Pair-mainnet-0x15a8e38942f9e353bec8812763fb3c104c89ecf4,UniswapV2Pair,0.6.12+commit.27d51765,Solidity,1,match,False,1,shared_attack_victim_trace;trading_pair;victim_trace,,21320028,,2026-08-24T10:03:38.870950+00:00
1:0x15aa01580ae866f9ff4dbe45e06e307941d90c7b,mainnet,1,0x15aa01580ae866f9ff4dbe45e06e307941d90c7b,source_found,sourcify-v2,200,contracts/UniswapV3Pool-mainnet-0x15aa01580ae866f9ff4dbe45e06e307941d90c7b,UniswapV3Pool,0.7.6+commit.7338295f,Solidity,96,match,False,1,shared_attack_victim_trace;trading_pair;victim_trace,,21357582,,2026-08-24T10:03:42.523285+00:00
1:0x15abc0a88b462ed37c89fbcd2bc0d6bd8a94f22d,mainnet,1,0x15abc0a88b462ed37c89fbcd2bc0d6bd8a94f22d,source_found,sourcify-v2,200,contracts/UniswapV2Pair-mainnet-0x15abc0a88b462ed37c89fbcd2bc0d6bd8a94f22d,UniswapV2Pair,0.5.16+commit.9c3226ce,Solidity,1,match,False,1,shared_attack_victim_trace;trading_pair;victim_trace,,21332257,,2026-08-24T10:03:40.548833+00:00
1:0x15e86e6f65ef7ea1dbb72a5e51a07926fb1c82e3,mainnet,1,0x15e86e6f65ef7ea1dbb72a5e51a07926fb1c82e3,source_found,sourcify-v2,200,contracts/UniswapV2Pair-mainnet-0x15e86e6f65ef7ea1dbb72a5e51a07926fb1c82e3,UniswapV2Pair,0.6.12+commit.27d51765,Solidity,1,match,False,1,victim_trace,,21510296,,2026-08-24T10:03:41.003029+00:00
1:0x1612fc28ee0ab882ec99842cde0fc77ff0691e90,mainnet,1,0x1612fc28ee0ab882ec99842cde0fc77ff0691e90,source_found,sourcify-v2,200,contracts/SubStorage-mainnet-0x1612fc28ee0ab882ec99842cde0fc77ff0691e90,SubStorage,0.8.10+commit.fc410830,Solidity,1,match,False,3,victim_trace,,21322552;21337846;21352108,,2026-08-24T10:03:41.008138+00:00
1:0x167478921b907422f8e88b43c4af2b8bea278d3a,mainnet,1,0x167478921b907422f8e88b43c4af2b8bea278d3a,source_found,sourcify-v2,200,contracts/CurveStableSwapNG-mainnet-0x167478921b907422f8e88b43c4af2b8bea278d3a,CurveStableSwapNG,0.3.10+commit.91361694,Vyper,1,match,False,1,victim_trace,,21510296,,2026-08-24T10:03:42.593941+00:00
1:0x167a871142494b86007761d12735017ceb227ed8,mainnet,1,0x167a871142494b86007761d12735017ceb227ed8,source_found,sourcify-v2,200,contracts/Depositor-mainnet-0x167a871142494b86007761d12735017ceb227ed8,Depositor,0.8.17+commit.8df45f5f,Solidity,153,exact_match,False,3,victim_trace,,21313468;21323348;21363251,,2026-08-24T10:03:44.900339+00:00
1:0x1681eb21026104fa63121fd517e065cec21a4b4c,mainnet,1,0x1681eb21026104fa63121fd517e065cec21a4b4c,source_found,sourcify-v2,200,contracts/EdenBuyAndBurn-mainnet-0x1681eb21026104fa63121fd517e065cec21a4b4c,EdenBuyAndBurn,0.8.27+commit.40a35a09,Solidity,69,match,False,1,victim_top_level;victim_trace,,21330552,,2026-08-24T10:03:42.884376+00:00
1:0x16c22a91c705ec3c2d5945dbe2aca37924f1d2ed,mainnet,1,0x16c22a91c705ec3c2d5945dbe2aca37924f1d2ed,source_found,sourcify-v2,200,contracts/ERIC-mainnet-0x16c22a91c705ec3c2d5945dbe2aca37924f1d2ed,ERIC,0.8.23+commit.f704f362,Solidity,1,match,False,1,shared_attack_victim_trace;victim_trace,,21462778,,2026-08-24T10:03:41.008768+00:00
1:0x16c6521dff6bab339122a0fe25a9116693265353,mainnet,1,0x16c6521dff6bab339122a0fe25a9116693265353,source_found,sourcify-v2,200,contracts/CurveRouterv1.1-mainnet-0x16c6521dff6bab339122a0fe25a9116693265353,CurveRouterv1.1,0.3.10+commit.91361694,Vyper,1,match,False,1,victim_trace,,21360349,,2026-08-24T10:03:42.093939+00:00
1:0x17144556fd3424edc8fc8a4c940b2d04936d17eb,mainnet,1,0x17144556fd3424edc8fc8a4c940b2d04936d17eb,source_found,sourcify-v2,200,contracts/Lido-mainnet-0x17144556fd3424edc8fc8a4c940b2d04936d17eb,Lido,0.4.24+commit.e67f0147,Solidity,37,exact_match,False,8,victim_trace,,21300107;21357582;21363588;21410530;21414148;21439930;21454349;21493359,,2026-08-24T10:03:44.477532+00:00
1:0x173272739bd7aa6e4e214714048a9fe699453059,mainnet,1,0x173272739bd7aa6e4e214714048a9fe699453059,source_found,sourcify-v2,200,contracts/OptimizedTransparentUpgradeableProxy-mainnet-0x173272739bd7aa6e4e214714048a9fe699453059,OptimizedTransparentUpgradeableProxy,0.8.10+commit.fc410830,Solidity,16,exact_match,True,1,victim_top_level;victim_trace,,21342507,,2026-08-24T10:03:42.799363+00:00
1:0x173a77805b59613a52d921234878aad9ac8fafe1,mainnet,1,0x173a77805b59613a52d921234878aad9ac8fafe1,source_found,sourcify-v2,200,contracts/UniswapV3Pool-mainnet-0x173a77805b59613a52d921234878aad9ac8fafe1,UniswapV3Pool,0.7.6+commit.7338295f,Solidity,96,match,False,2,shared_attack_victim_trace;trading_pair;victim_trace,,21495693;21515974,,2026-08-24T10:03:45.186102+00:00
1:0x179dc3fb0f2230094894317f307241a52cdb38aa,mainnet,1,0x179dc3fb0f2230094894317f307241a52cdb38aa,source_found,sourcify-v2,200,contracts/SwapFacade-mainnet-0x179dc3fb0f2230094894317f307241a52cdb38aa,SwapFacade,0.8.15+commit.e14f2714,Solidity,16,exact_match,False,1,victim_trace,,21362910,,2026-08-24T10:03:44.669659+00:00
1:0x17a16747d03006c9754548ac0d0aff48783a4a45,mainnet,1,0x17a16747d03006c9754548ac0d0aff48783a4a45,source_found,sourcify-v2,200,contracts/LiquidityPool-mainnet-0x17a16747d03006c9754548ac0d0aff48783a4a45,LiquidityPool,0.8.27+commit.40a35a09,Solidity,50,match,False,4,proxy_implementation,LiquidityPool,,,2026-08-24T10:16:02.538456+00:00
1:0x17a332dc7b40ae701485023b219e9d6f493a2514,mainnet,1,0x17a332dc7b40ae701485023b219e9d6f493a2514,source_found,sourcify-v2,200,contracts/SuperRegistry-mainnet-0x17a332dc7b40ae701485023b219e9d6f493a2514,SuperRegistry,0.8.23+commit.f704f362,Solidity,7,exact_match,False,1,victim_trace,,21392828,,2026-08-24T10:03:45.779929+00:00
1:0x17ff5ca239ab6e2a6c6411ae5f25416d02d21cbc,mainnet,1,0x17ff5ca239ab6e2a6c6411ae5f25416d02d21cbc,source_found,sourcify-v2,200,contracts/UniswapV3Pool-mainnet-0x17ff5ca239ab6e2a6c6411ae5f25416d02d21cbc,UniswapV3Pool,0.7.6+commit.7338295f,Solidity,96,match,False,1,shared_attack_victim_trace;trading_pair;victim_trace,,21495915,,2026-08-24T10:03:46.573728+00:00
1:0x1820a4b7618bde71dce8cdc73aab6c95905fad24,mainnet,1,0x1820a4b7618bde71dce8cdc73aab6c95905fad24,source_found,sourcify-v2,200,contracts/ERC1820Registry-mainnet-0x1820a4b7618bde71dce8cdc73aab6c95905fad24,ERC1820Registry,0.5.3+commit.10d17f24,Solidity,1,match,False,3,shared_attack_victim_trace;victim_trace,,21420182;21502376;21510296,,2026-08-24T10:03:44.281041+00:00
1:0x1857c26f896c95dfa192c3d9c1bcd87683ff3006,mainnet,1,0x1857c26f896c95dfa192c3d9c1bcd87683ff3006,not_in_sourcify,sourcify-v2,404,,,,,0,,,1,victim_trace,,21349927,,2026-08-24T10:03:44.875066+00:00
1:0x189d3191a55b160a2a7be16ba2d614c4908dfc76,mainnet,1,0x189d3191a55b160a2a7be16ba2d614c4908dfc76,source_found,sourcify-v2,200,contracts/TransparentUpgradeableProxy-mainnet-0x189d3191a55b160a2a7be16ba2d614c4908dfc76,TransparentUpgradeableProxy,0.8.10+commit.fc410830,Solidity,16,exact_match,True,1,victim_top_level;victim_trace,,21325864,,2026-08-24T10:03:46.609734+00:00
1:0x18b19edb120300ea1b05964c785692bca89a4bfc,mainnet,1,0x18b19edb120300ea1b05964c785692bca89a4bfc,source_found,sourcify-v2,200,contracts/ClipperExecutor-mainnet-0x18b19edb120300ea1b05964c785692bca89a4bfc,ClipperExecutor,0.8.20+commit.a1b79de6,Solidity,14,exact_match,False,1,victim_top_level;victim_trace,,21502376,,2026-08-24T10:03:47.265590+00:00
1:0x18cd890f4e23422dc4aa8c2d6e0bd3f3bd8873d8,mainnet,1,0x18cd890f4e23422dc4aa8c2d6e0bd3f3bd8873d8,source_found,sourcify-v2,200,contracts/UniswapV2Pair-mainnet-0x18cd890f4e23422dc4aa8c2d6e0bd3f3bd8873d8,UniswapV2Pair,0.6.12+commit.27d51765,Solidity,1,match,False,1,shared_attack_victim_trace;trading_pair;victim_trace,,21420182,,2026-08-24T10:03:46.871527+00:00
1:0x19062190b1925b5b6689d7073fdfc8c2976ef8cb,mainnet,1,0x19062190b1925b5b6689d7073fdfc8c2976ef8cb,source_found,sourcify-v2,200,contracts/Token-mainnet-0x19062190b1925b5b6689d7073fdfc8c2976ef8cb,Token,0.5.0+commit.1d4f565a,Solidity,1,match,False,1,shared_attack_victim_trace;victim_trace,,21452745,,2026-08-24T10:03:47.130552+00:00
1:0x1918b6ce6e7b1e536de210f43382b958dafdc3b9,mainnet,1,0x1918b6ce6e7b1e536de210f43382b958dafdc3b9,source_found,sourcify-v2,200,contracts/DiamondLoupeFacet-mainnet-0x1918b6ce6e7b1e536de210f43382b958dafdc3b9,DiamondLoupeFacet,0.8.17+commit.8df45f5f,Solidity,8,exact_match,True,1,proxy_implementation,DiamondLoupeFacet,,,2026-08-24T10:15:55.675654+00:00
1:0x19219bc90f48dee4d5cf202e09c438faacfd8bea,mainnet,1,0x19219bc90f48dee4d5cf202e09c438faacfd8bea,source_found,sourcify-v2,200,contracts/TransparentUpgradeableProxy-mainnet-0x19219bc90f48dee4d5cf202e09c438faacfd8bea,TransparentUpgradeableProxy,0.8.9+commit.e5eed63a,Solidity,14,exact_match,True,1,victim_trace,,21447928,,2026-08-24T10:03:47.611759+00:00
1:0x1923dfee706a8e78157416c29cbccfde7cdf4102,mainnet,1,0x1923dfee706a8e78157416c29cbccfde7cdf4102,source_found,sourcify-v2,200,contracts/Usds-mainnet-0x1923dfee706a8e78157416c29cbccfde7cdf4102,Usds,0.8.21+commit.d9974bed,Solidity,8,match,False,1,victim_trace,,21494726,,2026-08-24T10:03:46.913792+00:00
1:0x1924f75497e7ac4da6ab2407f530da257b9b786b,mainnet,1,0x1924f75497e7ac4da6ab2407f530da257b9b786b,not_in_sourcify,sourcify-v2,404,,,,,0,,,1,victim_trace,,21320466,,2026-08-24T10:03:46.939163+00:00
1:0x197e90f9fad81970ba7976f33cbd77088e5d7cf7,mainnet,1,0x197e90f9fad81970ba7976f33cbd77088e5d7cf7,source_found,sourcify-v2,200,contracts/Pot-mainnet-0x197e90f9fad81970ba7976f33cbd77088e5d7cf7,Pot,0.5.12+commit.7709ece9,Solidity,1,match,False,4,victim_trace,,21322552;21325864;21471722;21510296,,2026-08-24T10:03:48.512640+00:00
1:0x1982b2f5814301d4e9a8b0201555376e62f82428,mainnet,1,0x1982b2f5814301d4e9a8b0201555376e62f82428,source_found,sourcify-v2,200,contracts/InitializableImmutableAdminUpgradeabilityProxy-mainnet-0x1982b2f5814301d4e9a8b0201555376e62f82428,InitializableImmutableAdminUpgradeabilityProxy,0.6.12+commit.27d51765,Solidity,6,exact_match,True,1,victim_trace,,21439930,,2026-08-24T10:03:47.931858+00:00
1:0x19835e5817a6fdc944100e86da2fce86327457b8,mainnet,1,0x19835e5817a6fdc944100e86da2fce86327457b8,source_found,sourcify-v2,200,contracts/ERC1967Proxy-mainnet-0x19835e5817a6fdc944100e86da2fce86327457b8,ERC1967Proxy,0.8.19+commit.7dd6d404,Solidity,7,exact_match,True,1,victim_trace,,21471722,,2026-08-24T10:03:48.369507+00:00
1:0x19c0976f590d67707e62397c87829d896dc0f1f1,mainnet,1,0x19c0976f590d67707e62397c87829d896dc0f1f1,source_found,sourcify-v2,200,contracts/Jug-mainnet-0x19c0976f590d67707e62397c87829d896dc0f1f1,Jug,0.5.12+commit.7709ece9,Solidity,1,match,False,4,victim_trace,,21313468;21363251;21371100;21422852,,2026-08-24T10:03:48.413327+00:00
1:0x1a44076050125825900e736c501f859c50fe728c,mainnet,1,0x1a44076050125825900e736c501f859c50fe728c,source_found,sourcify-v2,200,contracts/EndpointV2-mainnet-0x1a44076050125825900e736c501f859c50fe728c,EndpointV2,0.8.22+commit.4fc1097e,Solidity,27,match,False,1,victim_trace,,21342507,,2026-08-24T10:03:51.887015+00:00
1:0x1a4b46696b2bb4794eb3d4c26f1c55f9170fa4c5,mainnet,1,0x1a4b46696b2bb4794eb3d4c26f1c55f9170fa4c5,source_found,sourcify-v2,200,contracts/BitDAO-mainnet-0x1a4b46696b2bb4794eb3d4c26f1c55f9170fa4c5,BitDAO,0.7.6+commit.7338295f,Solidity,1,match,False,1,victim_trace,,21420182,,2026-08-24T10:03:50.167090+00:00
1:0x1a6fcc85557bc4fb7b534ed835a03ef056552d52,mainnet,1,0x1a6fcc85557bc4fb7b534ed835a03ef056552d52,source_found,sourcify-v2,200,contracts/PendleMarketFactoryV3-mainnet-0x1a6fcc85557bc4fb7b534ed835a03ef056552d52,PendleMarketFactoryV3,0.8.23+commit.f704f362,Solidity,26,exact_match,False,1,victim_trace,,21325864,,2026-08-24T10:03:49.901469+00:00
1:0x1a8f81c256aee9c640e14bb0453ce247ea0dfe6f,mainnet,1,0x1a8f81c256aee9c640e14bb0453ce247ea0dfe6f,source_found,sourcify-v2,200,contracts/RocketBalancerRETHRateProvider-mainnet-0x1a8f81c256aee9c640e14bb0453ce247ea0dfe6f,RocketBalancerRETHRateProvider,0.7.6+commit.7338295f,Solidity,1,match,False,1,victim_trace,,21447928,,2026-08-24T10:03:49.800006+00:00
1:0x1ac1a8feaaea1900c4166deeed0c11cc10669d36,mainnet,1,0x1ac1a8feaaea1900c4166deeed0c11cc10669d36,source_found,sourcify-v2,200,contracts/PancakeV3Pool-mainnet-0x1ac1a8feaaea1900c4166deeed0c11cc10669d36,PancakeV3Pool,0.7.6+commit.7338295f,Solidity,46,match,False,2,victim_trace,,21373643;21502376,,2026-08-24T10:03:53.559394+00:00
1:0x1aff94bb420361109097916970b8bfb7ab5ac3a6,mainnet,1,0x1aff94bb420361109097916970b8bfb7ab5ac3a6,source_found,sourcify-v2,200,contracts/UniswapV3Pool-mainnet-0x1aff94bb420361109097916970b8bfb7ab5ac3a6,UniswapV3Pool,0.7.6+commit.7338295f,Solidity,96,match,False,1,shared_attack_victim_trace;trading_pair;victim_trace,,21401763,,2026-08-24T10:03:56.050702+00:00
1:0x1b293dc39f94157fa0d1d36d7e0090c8b8b8c13f,mainnet,1,0x1b293dc39f94157fa0d1d36d7e0090c8b8b8c13f,source_found,sourcify-v2,200,contracts/AccountantWithRateProviders-mainnet-0x1b293dc39f94157fa0d1d36d7e0090c8b8b8c13f,AccountantWithRateProviders,0.8.21+commit.d9974bed,Solidity,16,exact_match,False,1,victim_trace,,21362910,,2026-08-24T10:03:52.158669+00:00
1:0x1b47a665364bc15c28b05f449b53354d0ceff72f,mainnet,1,0x1b47a665364bc15c28b05f449b53354d0ceff72f,source_found,sourcify-v2,200,contracts/EETH-mainnet-0x1b47a665364bc15c28b05f449b53354d0ceff72f,EETH,0.8.13+commit.abaa5c0e,Solidity,20,exact_match,False,4,shared_attack_victim_trace;victim_trace,,21325864;21447928;21500255;21504557,,2026-08-24T10:03:51.800970+00:00
1:0x1b5c543cfe993ec1c89ad399e5433562a8cf4e05,mainnet,1,0x1b5c543cfe993ec1c89ad399e5433562a8cf4e05,source_found,sourcify-v2,200,contracts/LiFiIntentEscrowFacetV2-mainnet-0x1b5c543cfe993ec1c89ad399e5433562a8cf4e05,LiFiIntentEscrowFacetV2,0.8.29+commit.ab55807c,Solidity,16,match,False,4,proxy_implementation,LiFiIntentEscrowFacetV2,,,2026-08-24T10:15:57.462145+00:00
1:0x1b81d678ffb9c0263b24a97847620c99d213eb14,mainnet,1,0x1b81d678ffb9c0263b24a97847620c99d213eb14,source_found,sourcify-v2,200,contracts/SwapRouter-mainnet-0x1b81d678ffb9c0263b24a97847620c99d213eb14,SwapRouter,0.7.6+commit.7338295f,Solidity,45,match,False,3,victim_trace,,21373643;21381403;21460192,,2026-08-24T10:03:53.099515+00:00
1:0x1c396bf42f5169f13d1a6e3a6f66aa44c9e0ab24,mainnet,1,0x1c396bf42f5169f13d1a6e3a6f66aa44c9e0ab24,source_found,sourcify-v2,200,contracts/DSProxy-mainnet-0x1c396bf42f5169f13d1a6e3a6f66aa44c9e0ab24,DSProxy,0.4.23+commit.124ca40d,Solidity,1,match,False,1,victim_top_level;victim_trace,,21348336,,2026-08-24T10:03:52.040611+00:00
1:0x1c9a13c8509c58c24ac74a5e81840376ee41ea86,mainnet,1,0x1c9a13c8509c58c24ac74a5e81840376ee41ea86,not_in_sourcify,sourcify-v2,404,,,,,0,,,3,victim_trace,,21302296;21302391;21302398,,2026-08-24T10:03:51.716955+00:00
1:0x1d2ccacff65250da10071322270646d9bc30bd4c,mainnet,1,0x1d2ccacff65250da10071322270646d9bc30bd4c,not_in_sourcify,sourcify-v2,404,,,,,0,,,1,victim_trace,,21304987,,2026-08-24T10:03:52.412106+00:00
1:0x1d42064fc4beb5f8aaf85f4617ae8b3b5b8bd801,mainnet,1,0x1d42064fc4beb5f8aaf85f4617ae8b3b5b8bd801,source_found,sourcify-v2,200,contracts/UniswapV3Pool-mainnet-0x1d42064fc4beb5f8aaf85f4617ae8b3b5b8bd801,UniswapV3Pool,0.7.6+commit.7338295f,Solidity,96,match,False,1,victim_trace,,21313675,,2026-08-24T10:03:56.769805+00:00
1:0x1d8f8f00cfa6758d7be78336684788fb0ee0fa46,mainnet,1,0x1d8f8f00cfa6758d7be78336684788fb0ee0fa46,source_found,sourcify-v2,200,contracts/RocketStorage-mainnet-0x1d8f8f00cfa6758d7be78336684788fb0ee0fa46,RocketStorage,0.7.6+commit.7338295f,Solidity,3,match,False,3,shared_attack_victim_trace;victim_trace,,21332614;21357582;21447928,,2026-08-24T10:03:55.876607+00:00
1:0x1d94bedcb3641ba060091ed090d28bbdccdb7f1d,mainnet,1,0x1d94bedcb3641ba060091ed090d28bbdccdb7f1d,not_in_sourcify,sourcify-v2,404,,,,,0,,,1,victim_trace,,21376810,,2026-08-24T10:03:53.787593+00:00
1:0x1db06f5cb1053cde0be1590195e9d5c9c00ed444,mainnet,1,0x1db06f5cb1053cde0be1590195e9d5c9c00ed444,source_found,sourcify-v2,200,contracts/OORT-mainnet-0x1db06f5cb1053cde0be1590195e9d5c9c00ed444,OORT,0.8.21+commit.d9974bed,Solidity,30,exact_match,False,1,shared_attack_victim_trace;victim_trace,,21357447,,2026-08-24T10:03:55.843252+00:00
1:0x1dc89c28e59d142688d65bd7b22c4fd40c2cc06d,mainnet,1,0x1dc89c28e59d142688d65bd7b22c4fd40c2cc06d,source_found,sourcify-v2,200,contracts/ChainlinkOracle-mainnet-0x1dc89c28e59d142688d65bd7b22c4fd40c2cc06d,ChainlinkOracle,0.8.25+commit.b61c2a91,Solidity,8,exact_match,False,1,victim_trace,,21508635,,2026-08-24T10:03:55.152992+00:00
1:0x1e1d1ed64e4f5119f60bf38b322da7ea5a395429,mainnet,1,0x1e1d1ed64e4f5119f60bf38b322da7ea5a395429,source_found,sourcify-v2,200,contracts/DefaultBondTvlModule-mainnet-0x1e1d1ed64e4f5119f60bf38b322da7ea5a395429,DefaultBondTvlModule,0.8.25+commit.b61c2a91,Solidity,28,exact_match,False,1,victim_trace,,21508635,,2026-08-24T10:03:56.155303+00:00
1:0x1e3187d89e79b5c411d710e0fdf2709517852600,mainnet,1,0x1e3187d89e79b5c411d710e0fdf2709517852600,source_found,sourcify-v2,200,contracts/SparkWithdraw-mainnet-0x1e3187d89e79b5c411d710e0fdf2709517852600,SparkWithdraw,0.8.10+commit.fc410830,Solidity,1,match,False,1,victim_trace,,21322552,,2026-08-24T10:03:56.555372+00:00
1:0x1e9348b71ecbaaa14eff7b4b6186b78d1a9b9b70,mainnet,1,0x1e9348b71ecbaaa14eff7b4b6186b78d1a9b9b70,source_found,sourcify-v2,200,contracts/UniswapV2Pair-mainnet-0x1e9348b71ecbaaa14eff7b4b6186b78d1a9b9b70,UniswapV2Pair,0.5.16+commit.9c3226ce,Solidity,1,match,False,1,shared_attack_victim_trace;trading_pair;victim_trace,,21307275,,2026-08-24T10:03:55.016825+00:00
1:0x1eb0e946d7d757d7b085b779a146427e40abbcf8,mainnet,1,0x1eb0e946d7d757d7b085b779a146427e40abbcf8,source_found,sourcify-v2,200,contracts/ERC20TvlModule-mainnet-0x1eb0e946d7d757d7b085b779a146427e40abbcf8,ERC20TvlModule,0.8.25+commit.b61c2a91,Solidity,24,exact_match,False,1,victim_trace,,21508635,,2026-08-24T10:03:56.456143+00:00
1:0x1ee9c46c745f06e9e4bf9630ab138fe3fbf12f6d,mainnet,1,0x1ee9c46c745f06e9e4bf9630ab138fe3fbf12f6d,source_found,sourcify-v2,200,contracts/UniswapV3Pool-mainnet-0x1ee9c46c745f06e9e4bf9630ab138fe3fbf12f6d,UniswapV3Pool,0.7.6+commit.7338295f,Solidity,96,match,False,1,shared_attack_victim_trace;victim_trace,,21495915,,2026-08-24T10:03:58.465597+00:00
1:0x1f57cc62113c3a6346882dcf3ed49120411ac2d2,mainnet,1,0x1f57cc62113c3a6346882dcf3ed49120411ac2d2,source_found,sourcify-v2,200,contracts/VariableDebtToken-mainnet-0x1f57cc62113c3a6346882dcf3ed49120411ac2d2,VariableDebtToken,0.6.12+commit.27d51765,Solidity,18,exact_match,False,1,victim_trace,,21357447,,2026-08-24T10:03:57.911263+00:00
1:0x1f61250b3efb747c7c0a9df4851935c95ce387cc,mainnet,1,0x1f61250b3efb747c7c0a9df4851935c95ce387cc,source_found,sourcify-v2,200,contracts/SparkRatioTrigger-mainnet-0x1f61250b3efb747c7c0a9df4851935c95ce387cc,SparkRatioTrigger,0.8.10+commit.fc410830,Solidity,1,match,False,1,victim_trace,,21322552,,2026-08-24T10:03:57.564816+00:00
1:0x1f776f7113e1d839fcd866b88f57d2c9217d6e94,mainnet,1,0x1f776f7113e1d839fcd866b88f57d2c9217d6e94,source_found,sourcify-v2,200,contracts/BeaconProxy-mainnet-0x1f776f7113e1d839fcd866b88f57d2c9217d6e94,BeaconProxy,0.6.12+commit.27d51765,Solidity,2,match,False,1,victim_trace,,21332614,,2026-08-24T10:03:58.210455+00:00
1:0x1f9840a85d5af5bf1d1762f925bdaddc4201f984,mainnet,1,0x1f9840a85d5af5bf1d1762f925bdaddc4201f984,source_found,sourcify-v2,200,contracts/Uni-mainnet-0x1f9840a85d5af5bf1d1762f925bdaddc4201f984,Uni,0.5.16+commit.9c3226ce,Solidity,1,match,False,3,shared_attack_victim_trace;victim_trace,,21313675;21332257;21462778,,2026-08-24T10:03:59.100454+00:00
1:0x1f9b4a5ddd586f8471cda36262c52e5872a7d257,mainnet,1,0x1f9b4a5ddd586f8471cda36262c52e5872a7d257,source_found,sourcify-v2,200,contracts/UniswapV2Pair-mainnet-0x1f9b4a5ddd586f8471cda36262c52e5872a7d257,UniswapV2Pair,0.5.16+commit.9c3226ce,Solidity,1,match,False,1,shared_attack_victim_trace;trading_pair;victim_trace,,21475529,,2026-08-24T10:03:59.468235+00:00
1:0x1fac00ccee478eced6a120a50ed2ab28ee7fe32b,mainnet,1,0x1fac00ccee478eced6a120a50ed2ab28ee7fe32b,source_found,sourcify-v2,200,contracts/BituneAi-mainnet-0x1fac00ccee478eced6a120a50ed2ab28ee7fe32b,BituneAi,0.8.20+commit.a1b79de6,Solidity,2,match,False,1,victim_trace,,21307539,,2026-08-24T10:03:59.958998+00:00
1:0x201263cea08e8f1d6e2fdd1fd2ca44bf6145e2af,mainnet,1,0x201263cea08e8f1d6e2fdd1fd2ca44bf6145e2af,source_found,sourcify-v2,200,contracts/OpenOceanExchange-mainnet-0x201263cea08e8f1d6e2fdd1fd2ca44bf6145e2af,OpenOceanExchange,0.8.9+commit.e5eed63a,Solidity,1,match,False,1,victim_trace,,21317106,,2026-08-24T10:04:01.895508+00:00
1:0x202a6012894ae5c288ea824cbc8a9bfb26a49b93,mainnet,1,0x202a6012894ae5c288ea824cbc8a9bfb26a49b93,source_found,sourcify-v2,200,contracts/UniswapV3Pool-mainnet-0x202a6012894ae5c288ea824cbc8a9bfb26a49b93,UniswapV3Pool,0.7.6+commit.7338295f,Solidity,96,match,False,2,shared_attack_victim_trace;trading_pair;victim_trace,,21447928;21504557,,2026-08-24T10:04:02.962518+00:00
1:0x203cb9b58a5ad9e3c5eda27277ef906bdff0395c,mainnet,1,0x203cb9b58a5ad9e3c5eda27277ef906bdff0395c,source_found,sourcify-v2,200,contracts/UniswapV3Pool-mainnet-0x203cb9b58a5ad9e3c5eda27277ef906bdff0395c,UniswapV3Pool,0.7.6+commit.7338295f,Solidity,96,match,False,1,shared_attack_victim_trace;trading_pair;victim_trace,,21311832,,2026-08-24T10:04:03.082760+00:00
1:0x2049df3435bdbb36d22f98fcd2e5027049a1f3ce,mainnet,1,0x2049df3435bdbb36d22f98fcd2e5027049a1f3ce,source_found,sourcify-v2,200,contracts/UniswapV2Pair-mainnet-0x2049df3435bdbb36d22f98fcd2e5027049a1f3ce,UniswapV2Pair,0.5.16+commit.9c3226ce,Solidity,1,match,False,1,victim_trace,,21460992,,2026-08-24T10:04:00.328081+00:00
1:0x20562241933074b96862394f0bd196cd06f2830d,mainnet,1,0x20562241933074b96862394f0bd196cd06f2830d,source_found,sourcify-v2,200,contracts/UniswapV2Pair-mainnet-0x20562241933074b96862394f0bd196cd06f2830d,UniswapV2Pair,0.5.16+commit.9c3226ce,Solidity,1,match,False,1,shared_attack_victim_trace;trading_pair;victim_trace,,21490278,,2026-08-24T10:04:00.054067+00:00
1:0x205eca9671aa698aa7c0d0af1cf6a2633b53b0c7,mainnet,1,0x205eca9671aa698aa7c0d0af1cf6a2633b53b0c7,source_found,sourcify-v2,200,contracts/UniswapV2Pair-mainnet-0x205eca9671aa698aa7c0d0af1cf6a2633b53b0c7,UniswapV2Pair,0.5.16+commit.9c3226ce,Solidity,1,match,False,1,shared_attack_victim_trace;trading_pair;victim_trace,,21495693,,2026-08-24T10:04:01.368983+00:00
1:0x208f0ff6a50b725c695fa30c95175cce75c77e1f,mainnet,1,0x208f0ff6a50b725c695fa30c95175cce75c77e1f,source_found,sourcify-v2,200,contracts/UniswapV2Pair-mainnet-0x208f0ff6a50b725c695fa30c95175cce75c77e1f,UniswapV2Pair,0.5.16+commit.9c3226ce,Solidity,1,match,False,1,shared_attack_victim_trace;trading_pair;victim_trace,,21322552,,2026-08-24T10:04:01.776148+00:00
1:0x2097892ad844caa3fb2dff0b3013fdb63b917753,mainnet,1,0x2097892ad844caa3fb2dff0b3013fdb63b917753,source_found,sourcify-v2,200,contracts/UniswapV3Pool-mainnet-0x2097892ad844caa3fb2dff0b3013fdb63b917753,UniswapV3Pool,0.7.6+commit.7338295f,Solidity,96,match,False,1,victim_trace,,21307539,,2026-08-24T10:04:05.310119+00:00
1:0x20a7d7fe56be8cf271783561afa3dc7d98641e5a,mainnet,1,0x20a7d7fe56be8cf271783561afa3dc7d98641e5a,source_found,sourcify-v2,200,contracts/UniswapV2Pair-mainnet-0x20a7d7fe56be8cf271783561afa3dc7d98641e5a,UniswapV2Pair,0.5.16+commit.9c3226ce,Solidity,1,match,False,1,victim_trace,,21433713,,2026-08-24T10:04:03.594029+00:00
1:0x20c54cc697329333fe00ded49c7dca8c83dce65b,mainnet,1,0x20c54cc697329333fe00ded49c7dca8c83dce65b,source_found,blockscout-v2-fallback,200,contracts/BridgeV2-mainnet-0x20c54cc697329333fe00ded49c7dca8c83dce65b,BridgeV2,v0.8.19+commit.7dd6d404,solidity,15,blockscout_verified,False,1,proxy_implementation,,,,2026-08-24T10:15:56.462899+00:00
1:0x20cb2f303ede313e2cc44549ad8653a5e8c0050e,mainnet,1,0x20cb2f303ede313e2cc44549ad8653a5e8c0050e,source_found,sourcify-v2,200,contracts/GhoVariableDebtToken-mainnet-0x20cb2f303ede313e2cc44549ad8653a5e8c0050e,GhoVariableDebtToken,0.8.10+commit.fc410830,Solidity,25,exact_match,False,2,victim_trace,,21333683;21414148,,2026-08-24T10:04:03.807829+00:00
1:0x2120ad7b4ee1795c8b027c1592ecb918faab163a,mainnet,1,0x2120ad7b4ee1795c8b027c1592ecb918faab163a,source_found,sourcify-v2,200,contracts/ToggleSub-mainnet-0x2120ad7b4ee1795c8b027c1592ecb918faab163a,ToggleSub,0.8.24+commit.e11b9ed9,Solidity,1,match,False,2,victim_trace,,21337846;21352108,,2026-08-24T10:04:05.698344+00:00
1:0x2135122bbcab112ba98791af7c4231ac5aaf54e9,mainnet,1,0x2135122bbcab112ba98791af7c4231ac5aaf54e9,not_in_sourcify,sourcify-v2,404,,,,,0,,,1,victim_trace,,21429278,,2026-08-24T10:04:02.466606+00:00
1:0x216b4b4ba9f3e719726886d34a177484278bfcae,mainnet,1,0x216b4b4ba9f3e719726886d34a177484278bfcae,source_found,sourcify-v2,200,contracts/TokenTransferProxy-mainnet-0x216b4b4ba9f3e719726886d34a177484278bfcae,TokenTransferProxy,0.7.5+commit.eb77ed08,Solidity,1,match,False,6,victim_trace,,21304654;21320466;21322552;21381403;21413153;21471722,,2026-08-24T10:04:03.260779+00:00
1:0x2172009e620ab2fc52b3c52648e1dcc28c16bf7d,mainnet,1,0x2172009e620ab2fc52b3c52648e1dcc28c16bf7d,source_found,sourcify-v2,200,contracts/UniswapV2Pair-mainnet-0x2172009e620ab2fc52b3c52648e1dcc28c16bf7d,UniswapV2Pair,0.5.16+commit.9c3226ce,Solidity,1,match,False,1,shared_attack_victim_trace;trading_pair;victim_trace,,21481165,,2026-08-24T10:04:04.548966+00:00
1:0x21998a2e576b62152d64ecfce9de2daaecda75d6,mainnet,1,0x21998a2e576b62152d64ecfce9de2daaecda75d6,source_found,sourcify-v2,200,contracts/XYFacet-mainnet-0x21998a2e576b62152d64ecfce9de2daaecda75d6,XYFacet,0.8.17+commit.8df45f5f,Solidity,22,exact_match,False,1,proxy_implementation,XYFacet,,,2026-08-24T10:15:59.852534+00:00
1:0x21a8cdf902e74fcaebff7868d6f815c0ccbc8799,mainnet,1,0x21a8cdf902e74fcaebff7868d6f815c0ccbc8799,not_in_sourcify,sourcify-v2,404,,,,,0,,,1,victim_trace,,21454032,,2026-08-24T10:04:03.660102+00:00
1:0x21e5c85a5b1f38bddde68307af77e38f747cd530,mainnet,1,0x21e5c85a5b1f38bddde68307af77e38f747cd530,source_found,sourcify-v2,200,contracts/DOGS-mainnet-0x21e5c85a5b1f38bddde68307af77e38f747cd530,DOGS,0.8.23+commit.f704f362,Solidity,1,match,False,1,shared_attack_victim_trace;victim_trace,,21460192,,2026-08-24T10:04:04.512611+00:00
1:0x2218f90a98b0c070676f249ef44834686daa4285,mainnet,1,0x2218f90a98b0c070676f249ef44834686daa4285,source_found,sourcify-v2,200,contracts/SystemRegistry-mainnet-0x2218f90a98b0c070676f249ef44834686daa4285,SystemRegistry,0.8.17+commit.8df45f5f,Solidity,60,exact_match,False,2,victim_trace,,21447928;21504557,,2026-08-24T10:04:08.481707+00:00
1:0x222222fd79264bbe280b4986f6fefbc3524d0137,mainnet,1,0x222222fd79264bbe280b4986f6fefbc3524d0137,source_found,sourcify-v2,200,contracts/DiamondProxy-mainnet-0x222222fd79264bbe280b4986f6fefbc3524d0137,DiamondProxy,0.8.19+commit.7dd6d404,Solidity,13,exact_match,True,1,victim_trace,,21325864,,2026-08-24T10:04:05.213949+00:00
1:0x223c6ade533851df03219f6e3d8b763bd47f84cf,mainnet,1,0x223c6ade533851df03219f6e3d8b763bd47f84cf,source_found,sourcify-v2,200,contracts/BundleStorage-mainnet-0x223c6ade533851df03219f6e3d8b763bd47f84cf,BundleStorage,0.8.10+commit.fc410830,Solidity,1,match,False,1,victim_trace,,21322552,,2026-08-24T10:04:06.184847+00:00
1:0x2260fac5e5542a773aa44fbcfedf7c193bc2c599,mainnet,1,0x2260fac5e5542a773aa44fbcfedf7c193bc2c599,source_found,sourcify-v2,200,contracts/WBTC-mainnet-0x2260fac5e5542a773aa44fbcfedf7c193bc2c599,WBTC,0.4.24+commit.e67f0147,Solidity,1,match,False,18,shared_attack_victim_trace;victim_trace,,21300863;21301621;21313675;21322741;21330552;21333683;21335212;21337846;21348336;21357447;21362910;21373643;21401763;21414148;21432830;21460192;21475529;21499181,,2026-08-24T10:15:59.011174+00:00
1:0x227c7df69d3ed1ae7574a1a7685fded90292eb48,mainnet,1,0x227c7df69d3ed1ae7574a1a7685fded90292eb48,source_found,sourcify-v2,200,contracts/BeaconProxy-mainnet-0x227c7df69d3ed1ae7574a1a7685fded90292eb48,BeaconProxy,0.8.4+commit.c7e474f2,Solidity,1,match,True,1,shared_attack_victim_trace;victim_trace,,21320028,,2026-08-24T10:16:00.420431+00:00
1:0x229f19942612a8dbdec3643cb23f88685ccd56a5,mainnet,1,0x229f19942612a8dbdec3643cb23f88685ccd56a5,source_found,sourcify-v2,200,contracts/TransparentUpgradeableProxy-mainnet-0x229f19942612a8dbdec3643cb23f88685ccd56a5,TransparentUpgradeableProxy,0.8.10+commit.fc410830,Solidity,16,exact_match,True,1,victim_trace,,21304987,,2026-08-24T10:04:06.547070+00:00
1:0x22f9dcf4647084d6c31b2765f6910cd85c178c18,mainnet,1,0x22f9dcf4647084d6c31b2765f6910cd85c178c18,source_found,sourcify-v2,200,contracts/FlashWallet-mainnet-0x22f9dcf4647084d6c31b2765f6910cd85c178c18,FlashWallet,0.6.10+commit.00c0fcaf,Solidity,89,exact_match,False,11,victim_trace,,21302398;21313675;21320028;21333683;21337846;21338761;21357447;21380283;21452745;21495915;21515974,,2026-08-24T10:16:03.294436+00:00
1:0x230e0321cf38f09e247e50afc7801ea2351fe56f,mainnet,1,0x230e0321cf38f09e247e50afc7801ea2351fe56f,source_found,sourcify-v2,200,contracts/CLSynchronicityPriceAdapterPegToBase-mainnet-0x230e0321cf38f09e247e50afc7801ea2351fe56f,CLSynchronicityPriceAdapterPegToBase,0.8.17+commit.8df45f5f,Solidity,3,exact_match,False,5,victim_trace,,21300863;21333683;21357582;21373643;21414148,,2026-08-24T10:16:01.420812+00:00
1:0x2325e3f261cadb1c30cebf66c9f95f6fb016c0d4,mainnet,1,0x2325e3f261cadb1c30cebf66c9f95f6fb016c0d4,source_found,sourcify-v2,200,contracts/UniswapV2Pair-mainnet-0x2325e3f261cadb1c30cebf66c9f95f6fb016c0d4,UniswapV2Pair,0.5.16+commit.9c3226ce,Solidity,1,match,False,2,shared_attack_victim_trace;trading_pair;victim_trace,,21309126;21432613,,2026-08-24T10:16:02.859456+00:00
1:0x236ce5ed9e077ae63460148f860ed39d1b8808e9,mainnet,1,0x236ce5ed9e077ae63460148f860ed39d1b8808e9,source_found,sourcify-v2,200,contracts/UsualX-mainnet-0x236ce5ed9e077ae63460148f860ed39d1b8808e9,UsualX,0.8.20+commit.a1b79de6,Solidity,33,match,False,1,proxy_implementation,UsualX,,,2026-08-24T10:16:05.486055+00:00
1:0x23878914efe38d27c4d67ab83ed1b93a74d4086a,mainnet,1,0x23878914efe38d27c4d67ab83ed1b93a74d4086a,source_found,sourcify-v2,200,contracts/InitializableImmutableAdminUpgradeabilityProxy-mainnet-0x23878914efe38d27c4d67ab83ed1b93a74d4086a,InitializableImmutableAdminUpgradeabilityProxy,0.8.10+commit.fc410830,Solidity,6,exact_match,True,4,victim_trace,,21337846;21373643;21410530;21442669,,2026-08-24T10:16:04.038304+00:00
1:0x23c1e54ef229966f2ac159f6f441d0780e8717ac,mainnet,1,0x23c1e54ef229966f2ac159f6f441d0780e8717ac,source_found,sourcify-v2,200,contracts/UniswapV3Pool-mainnet-0x23c1e54ef229966f2ac159f6f441d0780e8717ac,UniswapV3Pool,0.7.6+commit.7338295f,Solidity,96,match,False,1,shared_attack_victim_trace;trading_pair;victim_trace,,21330552,,2026-08-24T10:16:06.654149+00:00
1:0x23d3285bfe4fd42965a821f3aecf084f5bd40ef4,mainnet,1,0x23d3285bfe4fd42965a821f3aecf084f5bd40ef4,source_found,sourcify-v2,200,contracts/VaultProxy-mainnet-0x23d3285bfe4fd42965a821f3aecf084f5bd40ef4,VaultProxy,0.6.12+commit.27d51765,Solidity,138,exact_match,True,1,victim_trace,,21381403,,2026-08-24T10:16:06.484416+00:00
1:0x23e182724f1b00a3c5a2c76502096625b5fe87cd,mainnet,1,0x23e182724f1b00a3c5a2c76502096625b5fe87cd,source_found,sourcify-v2,200,contracts/UniswapV3Pool-mainnet-0x23e182724f1b00a3c5a2c76502096625b5fe87cd,UniswapV3Pool,0.7.6+commit.7338295f,Solidity,96,match,False,2,shared_attack_victim_trace;trading_pair;victim_trace,,21452745;21464031,,2026-08-24T10:04:25.685223+00:00
1:0x240cd7b53d364a208ed41f8ced4965d11f571b7a,mainnet,1,0x240cd7b53d364a208ed41f8ced4965d11f571b7a,source_found,sourcify-v2,200,contracts/DOGGO-mainnet-0x240cd7b53d364a208ed41f8ced4965d11f571b7a,DOGGO,0.8.25+commit.b61c2a91,Solidity,1,match,False,1,victim_trace,,21462778,,2026-08-24T10:04:23.091713+00:00
1:0x243b6d94d967c79c00af6208dc4597b2a069373a,mainnet,1,0x243b6d94d967c79c00af6208dc4597b2a069373a,source_found,sourcify-v2,200,contracts/Token-mainnet-0x243b6d94d967c79c00af6208dc4597b2a069373a,Token,0.8.26+commit.8a97fa7a,Solidity,1,match,False,1,shared_attack_victim_trace;victim_trace,,21342275,,2026-08-24T10:04:25.695294+00:00
1:0x247b4d9bcaef5d2a630a16b981017796eb87c1db,mainnet,1,0x247b4d9bcaef5d2a630a16b981017796eb87c1db,source_found,sourcify-v2,200,contracts/PriceReturn-mainnet-0x247b4d9bcaef5d2a630a16b981017796eb87c1db,PriceReturn,0.8.17+commit.8df45f5f,Solidity,7,match,False,2,victim_trace,,21447928;21504557,,2026-08-24T10:04:24.838306+00:00
1:0x2486ff197be4553775daf666a815deac482bb6b0,mainnet,1,0x2486ff197be4553775daf666a815deac482bb6b0,source_found,sourcify-v2,200,contracts/PancakeV3LmPool-mainnet-0x2486ff197be4553775daf666a815deac482bb6b0,PancakeV3LmPool,0.7.6+commit.7338295f,Solidity,19,exact_match,False,5,victim_trace,,21338761;21361459;21373643;21429278;21460192,,2026-08-24T10:04:24.768113+00:00
1:0x24938e7764361f0cafe7d76041f445a38887adc3,mainnet,1,0x24938e7764361f0cafe7d76041f445a38887adc3,not_in_sourcify,sourcify-v2,404,,,,,0,,,1,shared_attack_victim_trace;victim_trace,,21421410,,2026-08-24T10:04:24.704564+00:00
1:0x24a4b37f9c40fb0e80ec436df2e9989fbafa8bb7,mainnet,1,0x24a4b37f9c40fb0e80ec436df2e9989fbafa8bb7,source_found,sourcify-v2,200,contracts/MainP1-mainnet-0x24a4b37f9c40fb0e80ec436df2e9989fbafa8bb7,MainP1,0.8.19+commit.7dd6d404,Solidity,47,exact_match,False,1,victim_trace,,21471722,,2026-08-24T10:04:27.064238+00:00
1:0x24e3c657c27dfc7ea6f9f58e86387d846b3baa59,mainnet,1,0x24e3c657c27dfc7ea6f9f58e86387d846b3baa59,source_found,sourcify-v2,200,contracts/AccessControlledOCR2Aggregator-mainnet-0x24e3c657c27dfc7ea6f9f58e86387d846b3baa59,AccessControlledOCR2Aggregator,0.8.19+commit.7dd6d404,Solidity,18,exact_match,False,1,victim_trace,,21471722,,2026-08-24T10:04:23.452341+00:00
1:0x24ee2c6b9597f035088cda8575e9d5e15a84b9df,mainnet,1,0x24ee2c6b9597f035088cda8575e9d5e15a84b9df,source_found,sourcify-v2,200,contracts/UniswapV3Pool-mainnet-0x24ee2c6b9597f035088cda8575e9d5e15a84b9df,UniswapV3Pool,0.7.6+commit.7338295f,Solidity,96,match,False,2,shared_attack_victim_trace;victim_trace,,21323348;21377018,,2026-08-24T10:04:30.260668+00:00
1:0x2541a36be4cd39286ed61a3e6afc2307602489d6,mainnet,1,0x2541a36be4cd39286ed61a3e6afc2307602489d6,source_found,sourcify-v2,200,contracts/Token-mainnet-0x2541a36be4cd39286ed61a3e6afc2307602489d6,Token,0.8.9+commit.e5eed63a,Solidity,1,exact_match,False,1,shared_attack_victim_trace;victim_trace,,21508635,,2026-08-24T10:04:26.421542+00:00
1:0x258ce833cf9ad19208372763a00aa1565dd40b3c,mainnet,1,0x258ce833cf9ad19208372763a00aa1565dd40b3c,source_found,blockscout-v2-fallback,200,contracts/RTokenP1-mainnet-0x258ce833cf9ad19208372763a00aa1565dd40b3c,RTokenP1,v0.8.28+commit.7893614a,solidity,73,blockscout_verified,False,1,proxy_implementation,,,,2026-08-24T10:16:05.477573+00:00
1:0x25b96761e765b9ac20db18fa57fa91e3b617ec6f,mainnet,1,0x25b96761e765b9ac20db18fa57fa91e3b617ec6f,source_found,sourcify-v2,200,contracts/UniswapV3Pool-mainnet-0x25b96761e765b9ac20db18fa57fa91e3b617ec6f,UniswapV3Pool,0.7.6+commit.7338295f,Solidity,96,match,False,1,victim_trace,,21500255,,2026-08-24T10:04:29.860690+00:00
1:0x25d22c5191c67d63aab70a37fae06e1c1e1a830f,mainnet,1,0x25d22c5191c67d63aab70a37fae06e1c1e1a830f,source_found,sourcify-v2,200,contracts/VirtualBalanceRewardPool-mainnet-0x25d22c5191c67d63aab70a37fae06e1c1e1a830f,VirtualBalanceRewardPool,0.6.12+commit.27d51765,Solidity,34,exact_match,False,1,victim_trace,,21447928,,2026-08-24T10:04:26.979032+00:00
1:0x25d79b33f52696b1dcd30d2c90bb90a12ed86cc5,mainnet,1,0x25d79b33f52696b1dcd30d2c90bb90a12ed86cc5,source_found,sourcify-v2,200,contracts/DSProxy-mainnet-0x25d79b33f52696b1dcd30d2c90bb90a12ed86cc5,DSProxy,0.4.23+commit.124ca40d,Solidity,1,match,False,1,victim_trace,,21494726,,2026-08-24T10:04:26.084441+00:00
1:0x2691638fa19357773c186ba34924e194b4ab6cda,mainnet,1,0x2691638fa19357773c186ba34924e194b4ab6cda,source_found,sourcify-v2,200,contracts/DstSwapper-mainnet-0x2691638fa19357773c186ba34924e194b4ab6cda,DstSwapper,0.8.23+commit.f704f362,Solidity,18,exact_match,False,1,victim_top_level;victim_trace,,21392828,,2026-08-24T10:04:28.922157+00:00
1:0x26b17fc034b82a20563dbb02ec9e78b1d65d7a58,mainnet,1,0x26b17fc034b82a20563dbb02ec9e78b1d65d7a58,source_found,sourcify-v2,200,contracts/PenguToken-mainnet-0x26b17fc034b82a20563dbb02ec9e78b1d65d7a58,PenguToken,0.8.0+commit.c7dfd78e,Solidity,1,exact_match,False,1,shared_attack_victim_trace;victim_trace,,21485224,,2026-08-24T10:04:27.420521+00:00
1:0x26ced4fc889d52210bd14af3bda90f7e36d10725,mainnet,1,0x26ced4fc889d52210bd14af3bda90f7e36d10725,not_in_sourcify,sourcify-v2,404,,,,,0,,,1,victim_trace,,21413153,,2026-08-24T10:04:28.146836+00:00
1:0x27574fb0948294111492e92d8f7ad93fb065700b,mainnet,1,0x27574fb0948294111492e92d8f7ad93fb065700b,source_found,sourcify-v2,200,contracts/UniswapV2Pair-mainnet-0x27574fb0948294111492e92d8f7ad93fb065700b,UniswapV2Pair,0.5.16+commit.9c3226ce,Solidity,1,match,False,1,shared_attack_victim_trace;trading_pair;victim_trace,,21842172,,2026-08-24T10:04:28.961178+00:00
1:0x276e0893a095422e25b0b1f2f6c7c899351f48ab,mainnet,1,0x276e0893a095422e25b0b1f2f6c7c899351f48ab,source_found,sourcify-v2,200,contracts/ShibaswapV2Pool-mainnet-0x276e0893a095422e25b0b1f2f6c7c899351f48ab,ShibaswapV2Pool,0.7.6+commit.7338295f,Solidity,31,exact_match,False,1,shared_attack_victim_trace;trading_pair;victim_trace,,21487605,,2026-08-24T10:04:29.244206+00:00
1:0x27a688d1f6d2794d0580f04dfc0fcafd0a40c59d,mainnet,1,0x27a688d1f6d2794d0580f04dfc0fcafd0a40c59d,source_found,sourcify-v2,200,contracts/MetaTransactionsFeatureV2-mainnet-0x27a688d1f6d2794d0580f04dfc0fcafd0a40c59d,MetaTransactionsFeatureV2,0.6.12+commit.27d51765,Solidity,34,exact_match,False,1,victim_trace,,21501469,,2026-08-24T10:04:30.766466+00:00
1:0x27c70cd1946795b66be9d954418546998b546634,mainnet,1,0x27c70cd1946795b66be9d954418546998b546634,source_found,sourcify-v2,200,contracts/UFragments-mainnet-0x27c70cd1946795b66be9d954418546998b546634,UFragments,0.4.24+commit.e67f0147,Solidity,1,match,False,1,shared_attack_victim_trace;victim_trace,,21332614,,2026-08-24T10:04:28.831123+00:00
1:0x27f2f159fe990ba83d57f39fd69661764bebf37a,mainnet,1,0x27f2f159fe990ba83d57f39fd69661764bebf37a,source_found,sourcify-v2,200,contracts/CusdcV3Wrapper-mainnet-0x27f2f159fe990ba83d57f39fd69661764bebf37a,CusdcV3Wrapper,0.8.19+commit.7dd6d404,Solidity,15,exact_match,False,1,victim_trace,,21471722,,2026-08-24T10:04:31.111348+00:00
1:0x27fd0857f0ef224097001e87e61026e39e1b04d1,mainnet,1,0x27fd0857f0ef224097001e87e61026e39e1b04d1,source_found,sourcify-v2,200,contracts/UniswapV2Pair-mainnet-0x27fd0857f0ef224097001e87e61026e39e1b04d1,UniswapV2Pair,0.5.16+commit.9c3226ce,Solidity,1,match,False,1,shared_attack_victim_trace;trading_pair;victim_trace,,21842016,,2026-08-24T10:04:30.303812+00:00
1:0x285617313887d43256f852cae0ee4de4b68d45b0,mainnet,1,0x285617313887d43256f852cae0ee4de4b68d45b0,source_found,sourcify-v2,200,contracts/CometExt-mainnet-0x285617313887d43256f852cae0ee4de4b68d45b0,CometExt,0.8.15+commit.e14f2714,Solidity,7,exact_match,False,1,victim_trace,,21471722,,2026-08-24T10:04:31.283560+00:00
1:0x28561b8a2360f463011c16b6cc0b0cbef8dbbcad,mainnet,1,0x28561b8a2360f463011c16b6cc0b0cbef8dbbcad,source_found,sourcify-v2,200,contracts/token-mainnet-0x28561b8a2360f463011c16b6cc0b0cbef8dbbcad,token,0.8.23+commit.f704f362,Solidity,1,match,False,2,shared_attack_victim_trace;victim_trace,,21342331;21429278,,2026-08-24T10:04:30.677384+00:00
1:0x287778f121f134c66212fb16c9b53ec991d32f5b,mainnet,1,0x287778f121f134c66212fb16c9b53ec991d32f5b,source_found,sourcify-v2,200,contracts/DFSRegistry-mainnet-0x287778f121f134c66212fb16c9b53ec991d32f5b,DFSRegistry,0.8.10+commit.fc410830,Solidity,1,match,False,10,victim_trace,,21307275;21313468;21322552;21337846;21348336;21352108;21363251;21410530;21432613;21494726,,2026-08-24T10:04:32.695764+00:00
1:0x289ff00235d2b98b0145ff5d4435d3e92f9540a6,mainnet,1,0x289ff00235d2b98b0145ff5d4435d3e92f9540a6,source_found,sourcify-v2,200,contracts/BookOfEth-mainnet-0x289ff00235d2b98b0145ff5d4435d3e92f9540a6,BookOfEth,0.8.19+commit.7dd6d404,Solidity,3,exact_match,False,1,shared_attack_victim_trace;victim_trace,,21371100,,2026-08-24T10:04:31.982586+00:00
1:0x28b9089b5f2724c1898e7dbb04a96c8c177fe46d,mainnet,1,0x28b9089b5f2724c1898e7dbb04a96c8c177fe46d,source_found,sourcify-v2,200,contracts/FeeCollector-mainnet-0x28b9089b5f2724c1898e7dbb04a96c8c177fe46d,FeeCollector,0.8.9+commit.e5eed63a,Solidity,6,exact_match,False,1,victim_trace,,21356992,,2026-08-24T10:04:32.218138+00:00
1:0x291c69fdaebd3cbe953843da243f8605a766a268,mainnet,1,0x291c69fdaebd3cbe953843da243f8605a766a268,source_found,sourcify-v2,200,contracts/JamUniswapV2Pair-mainnet-0x291c69fdaebd3cbe953843da243f8605a766a268,JamUniswapV2Pair,0.5.16+commit.9c3226ce,Solidity,1,match,False,1,shared_attack_victim_trace;trading_pair;victim_trace,,21338761,,2026-08-24T10:04:32.884873+00:00
1:0x295685c8fe08d8192981d21ea1fe856a07443920,mainnet,1,0x295685c8fe08d8192981d21ea1fe856a07443920,source_found,sourcify-v2,200,contracts/UniswapV2Pair-mainnet-0x295685c8fe08d8192981d21ea1fe856a07443920,UniswapV2Pair,0.6.12+commit.27d51765,Solidity,1,match,False,1,shared_attack_victim_trace;trading_pair;victim_trace,,21356992,,2026-08-24T10:04:33.310139+00:00
1:0x296f55f8fb28e498b858d0bcda06d955b2cb3f97,mainnet,1,0x296f55f8fb28e498b858d0bcda06d955b2cb3f97,source_found,sourcify-v2,200,contracts/Bridge-mainnet-0x296f55f8fb28e498b858d0bcda06d955b2cb3f97,Bridge,0.7.6+commit.7338295f,Solidity,16,exact_match,False,1,victim_trace,,21338761,,2026-08-24T10:04:34.041859+00:00
1:0x29a56a1b8214d9cf7c5561811750d5cbdb45cc8e,mainnet,1,0x29a56a1b8214d9cf7c5561811750d5cbdb45cc8e,source_found,sourcify-v2,200,contracts/GenericFactory-mainnet-0x29a56a1b8214d9cf7c5561811750d5cbdb45cc8e,GenericFactory,0.8.24+commit.e11b9ed9,Solidity,3,exact_match,False,1,victim_trace,,21481165,,2026-08-24T10:04:33.491143+00:00
1:0x29c699485f9f45bf164960927f8136b6a8720ad5,mainnet,1,0x29c699485f9f45bf164960927f8136b6a8720ad5,source_found,sourcify-v2,200,contracts/UniswapV2Pair-mainnet-0x29c699485f9f45bf164960927f8136b6a8720ad5,UniswapV2Pair,0.5.16+commit.9c3226ce,Solidity,1,match,False,1,shared_attack_victim_trace;trading_pair;victim_trace,,21301621,,2026-08-24T10:04:34.017270+00:00
1:0x29c830864930c897efa2b9e9851342187b82010e,mainnet,1,0x29c830864930c897efa2b9e9851342187b82010e,source_found,sourcify-v2,200,contracts/UniswapV2Pair-mainnet-0x29c830864930c897efa2b9e9851342187b82010e,UniswapV2Pair,0.5.16+commit.9c3226ce,Solidity,1,match,False,2,shared_attack_victim_trace;trading_pair;victim_trace,,21410530;21842016,,2026-08-24T10:04:34.252212+00:00
1:0x2a1fbcb52ed4d9b23dad17e1e8aed4bb0e6079b8,mainnet,1,0x2a1fbcb52ed4d9b23dad17e1e8aed4bb0e6079b8,source_found,sourcify-v2,200,contracts/InitializableImmutableAdminUpgradeabilityProxy-mainnet-0x2a1fbcb52ed4d9b23dad17e1e8aed4bb0e6079b8,InitializableImmutableAdminUpgradeabilityProxy,0.8.19+commit.7dd6d404,Solidity,12,match,True,1,victim_trace,,21454349,,2026-08-24T10:04:34.446843+00:00
1:0x2a2b85eb1054d6f0c6c2e37da05ed3e5fea684ef,mainnet,1,0x2a2b85eb1054d6f0c6c2e37da05ed3e5fea684ef,source_found,sourcify-v2,200,contracts/Identity-mainnet-0x2a2b85eb1054d6f0c6c2e37da05ed3e5fea684ef,Identity,0.8.7+commit.e28d00a7,Solidity,1,match,False,1,victim_trace,,21322741,,2026-08-24T10:04:33.859913+00:00
1:0x2a3bff78b79a009976eea096a51a948a3dc00e34,mainnet,1,0x2a3bff78b79a009976eea096a51a948a3dc00e34,source_found,sourcify-v2,200,contracts/AdminUpgradeabilityProxy-mainnet-0x2a3bff78b79a009976eea096a51a948a3dc00e34,AdminUpgradeabilityProxy,0.6.8+commit.0bbfe453,Solidity,4,exact_match,True,2,shared_attack_victim_trace;victim_trace,,21323348;21392828,,2026-08-24T10:04:34.043159+00:00
1:0x2a48dbf6347ea5cdc906b4bb6a2ed27969241cde,mainnet,1,0x2a48dbf6347ea5cdc906b4bb6a2ed27969241cde,source_found,sourcify-v2,200,contracts/UniswapV3Pool-mainnet-0x2a48dbf6347ea5cdc906b4bb6a2ed27969241cde,UniswapV3Pool,0.7.6+commit.7338295f,Solidity,96,match,False,1,shared_attack_victim_trace;trading_pair;victim_trace,,21449019,,2026-08-24T10:04:36.589874+00:00
1:0x2a49eae5cca3f050ebec729cf90cc910fadaf7a2,mainnet,1,0x2a49eae5cca3f050ebec729cf90cc910fadaf7a2,source_found,sourcify-v2,200,contracts/MultiplyProxyActions-mainnet-0x2a49eae5cca3f050ebec729cf90cc910fadaf7a2,MultiplyProxyActions,0.7.6+commit.7338295f,Solidity,14,exact_match,False,2,victim_trace,,21371100;21422852,,2026-08-24T10:04:36.158140+00:00
1:0x2a92525fda8d3ab481f8e2a913b64b64bd1c9fdd,mainnet,1,0x2a92525fda8d3ab481f8e2a913b64b64bd1c9fdd,source_found,sourcify-v2,200,contracts/ERC20FixedSupply-mainnet-0x2a92525fda8d3ab481f8e2a913b64b64bd1c9fdd,ERC20FixedSupply,0.8.19+commit.7dd6d404,Solidity,14,exact_match,False,2,shared_attack_victim_trace;victim_trace,,21452745;21464031,,2026-08-24T10:04:36.235738+00:00
1:0x2a9d8ef8d8244b1b1d5dce181361fce81e409b07,mainnet,1,0x2a9d8ef8d8244b1b1d5dce181361fce81e409b07,source_found,sourcify-v2,200,contracts/PotRateSource-mainnet-0x2a9d8ef8d8244b1b1d5dce181361fce81e409b07,PotRateSource,0.8.20+commit.a1b79de6,Solidity,2,exact_match,False,1,victim_trace,,21322552,,2026-08-24T10:04:34.990077+00:00
1:0x2b1d36f5b61addaf7da7ebbd11b35fd8cfb0de31,mainnet,1,0x2b1d36f5b61addaf7da7ebbd11b35fd8cfb0de31,source_found,sourcify-v2,200,contracts/InterportToken-mainnet-0x2b1d36f5b61addaf7da7ebbd11b35fd8cfb0de31,InterportToken,0.8.17+commit.8df45f5f,Solidity,1,match,False,1,shared_attack_victim_trace;victim_trace,,21502174,,2026-08-24T10:04:35.365666+00:00
1:0x2b22e425c1322fba0dbf17bb1da25d71811ee7ba,mainnet,1,0x2b22e425c1322fba0dbf17bb1da25d71811ee7ba,source_found,sourcify-v2,200,contracts/SupplyLogic-mainnet-0x2b22e425c1322fba0dbf17bb1da25d71811ee7ba,SupplyLogic,0.8.20+commit.a1b79de6,Solidity,33,match,False,10,victim_trace,,21300107;21300863;21337846;21357582;21373643;21410530;21414148;21442669;21454349;21494726,,2026-08-24T10:04:36.515303+00:00
1:0x2b33cf282f867a7ff693a66e11b0fcc5552e4425,mainnet,1,0x2b33cf282f867a7ff693a66e11b0fcc5552e4425,source_found,sourcify-v2,200,contracts/Kernel-mainnet-0x2b33cf282f867a7ff693a66e11b0fcc5552e4425,Kernel,0.4.24+commit.e67f0147,Solidity,27,match,False,10,victim_trace,,21300107;21313675;21322741;21357582;21363588;21410530;21414148;21439930;21454349;21493359,,2026-08-24T10:04:38.799269+00:00
1:0x2b426a0ac391490e88d15b304436e7a84df78611,mainnet,1,0x2b426a0ac391490e88d15b304436e7a84df78611,source_found,sourcify-v2,200,contracts/DlnSource-mainnet-0x2b426a0ac391490e88d15b304436e7a84df78611,DlnSource,0.8.28+commit.7893614a,Solidity,96,exact_match,False,1,proxy_implementation,DlnSource,,,2026-08-24T10:16:13.562418+00:00
1:0x2b43fe4f41d871fbc75af6e0ce85bce38ff1edc7,mainnet,1,0x2b43fe4f41d871fbc75af6e0ce85bce38ff1edc7,source_found,sourcify-v2,200,contracts/UniswapV3Pool-mainnet-0x2b43fe4f41d871fbc75af6e0ce85bce38ff1edc7,UniswapV3Pool,0.7.6+commit.7338295f,Solidity,96,match,False,1,victim_trace,,21452745,,2026-08-24T10:04:39.784263+00:00
1:0x2b54b23b845c261669dd2c0424963e2407f70495,mainnet,1,0x2b54b23b845c261669dd2c0424963e2407f70495,source_found,sourcify-v2,200,contracts/Time-mainnet-0x2b54b23b845c261669dd2c0424963e2407f70495,Time,0.8.27+commit.40a35a09,Solidity,1,match,False,1,victim_trace,,21378116,,2026-08-24T10:04:37.084128+00:00
1:0x2b591e99afe9f32eaa6214f7b7629768c40eeb39,mainnet,1,0x2b591e99afe9f32eaa6214f7b7629768c40eeb39,source_found,sourcify-v2,200,contracts/HEX-mainnet-0x2b591e99afe9f32eaa6214f7b7629768c40eeb39,HEX,0.5.13+commit.5b0b510c,Solidity,1,match,False,2,shared_attack_victim_trace;victim_trace,,21403029;21496595,,2026-08-24T10:04:37.872804+00:00
1:0x2b65f9d2e4b84a2df6ff0525741b75d1276a9c2f,mainnet,1,0x2b65f9d2e4b84a2df6ff0525741b75d1276a9c2f,source_found,sourcify-v2,200,contracts/Usual-mainnet-0x2b65f9d2e4b84a2df6ff0525741b75d1276a9c2f,Usual,0.8.20+commit.a1b79de6,Solidity,31,exact_match,False,3,shared_attack_victim_trace;victim_trace,,21432830;21433713;21467447,,2026-08-24T10:04:38.303985+00:00
1:0x2b7d2c78bd801cc06ddcf91dee2e8fae22814f7e,mainnet,1,0x2b7d2c78bd801cc06ddcf91dee2e8fae22814f7e,source_found,sourcify-v2,200,contracts/GenericSwapFacet-mainnet-0x2b7d2c78bd801cc06ddcf91dee2e8fae22814f7e,GenericSwapFacet,0.8.17+commit.8df45f5f,Solidity,17,exact_match,False,1,victim_trace,,21392828,,2026-08-24T10:04:37.585637+00:00
1:0x2bba09866b6f1025258542478c39720a09b728bf,mainnet,1,0x2bba09866b6f1025258542478c39720a09b728bf,source_found,sourcify-v2,200,contracts/Swapper-mainnet-0x2bba09866b6f1025258542478c39720a09b728bf,Swapper,0.8.24+commit.e11b9ed9,Solidity,15,exact_match,False,1,victim_trace,,21481165,,2026-08-24T10:04:39.292551+00:00
1:0x2bbf5243e49e8f0025988754dac6620ab0d3e162,mainnet,1,0x2bbf5243e49e8f0025988754dac6620ab0d3e162,source_found,sourcify-v2,200,contracts/UniswapV2Pair-mainnet-0x2bbf5243e49e8f0025988754dac6620ab0d3e162,UniswapV2Pair,0.5.16+commit.9c3226ce,Solidity,1,match,False,1,shared_attack_victim_trace;trading_pair;victim_trace,,21376810,,2026-08-24T10:04:38.320934+00:00
1:0x2beef67989a236e9ca97e8f731050bf7e8039e90,mainnet,1,0x2beef67989a236e9ca97e8f731050bf7e8039e90,source_found,sourcify-v2,200,contracts/AcrossV4SwapFacet-mainnet-0x2beef67989a236e9ca97e8f731050bf7e8039e90,AcrossV4SwapFacet,0.8.17+commit.8df45f5f,Solidity,19,exact_match,False,4,proxy_implementation,AcrossV4SwapFacet,,,2026-08-24T10:16:09.656422+00:00
1:0x2c11a5a75048d0d1e1598aec4b67a11f1e851293,mainnet,1,0x2c11a5a75048d0d1e1598aec4b67a11f1e851293,source_found,sourcify-v2,200,contracts/ConveyorMulticall-mainnet-0x2c11a5a75048d0d1e1598aec4b67a11f1e851293,ConveyorMulticall,0.8.21+commit.d9974bed,Solidity,23,match,False,1,victim_trace,,21433713,,2026-08-24T10:04:38.731649+00:00
1:0x2c28bd22ab59341892e85ad76d159d127c4b03fa,mainnet,1,0x2c28bd22ab59341892e85ad76d159d127c4b03fa,source_found,sourcify-v2,200,contracts/SavingsNameable-mainnet-0x2c28bd22ab59341892e85ad76d159d127c4b03fa,SavingsNameable,0.8.23+commit.f704f362,Solidity,28,exact_match,False,1,victim_trace,,21325864,,2026-08-24T10:04:41.205292+00:00
1:0x2c4c28ddbdac9c5e7055b4c863b72ea0149d8afe,mainnet,1,0x2c4c28ddbdac9c5e7055b4c863b72ea0149d8afe,source_found,sourcify-v2,200,contracts/EIP173Proxy-mainnet-0x2c4c28ddbdac9c5e7055b4c863b72ea0149d8afe,EIP173Proxy,0.7.6+commit.7338295f,Solidity,3,match,True,1,victim_trace,,21376810,,2026-08-24T10:04:40.035687+00:00
1:0x2cbe315056605722d9c2c422110fa24e2f222d57,mainnet,1,0x2cbe315056605722d9c2c422110fa24e2f222d57,source_found,sourcify-v2,200,contracts/UniswapV2Pair-mainnet-0x2cbe315056605722d9c2c422110fa24e2f222d57,UniswapV2Pair,0.5.16+commit.9c3226ce,Solidity,1,match,False,1,shared_attack_victim_trace;trading_pair;victim_trace,,21413153,,2026-08-24T10:04:40.724266+00:00
1:0x2cc7a972ebc1865b346085655f929abfa74cd4dc,mainnet,1,0x2cc7a972ebc1865b346085655f929abfa74cd4dc,source_found,sourcify-v2,200,contracts/Shifu-mainnet-0x2cc7a972ebc1865b346085655f929abfa74cd4dc,Shifu,0.8.28+commit.7893614a,Solidity,22,exact_match,False,3,shared_attack_victim_trace;victim_trace,,21449019;21487605;21501469,,2026-08-24T10:04:41.395410+00:00
1:0x2cc8ffdb98e828785d5d7e394ec2c73bd25b1d32,mainnet,1,0x2cc8ffdb98e828785d5d7e394ec2c73bd25b1d32,source_found,sourcify-v2,200,contracts/IntentManager-mainnet-0x2cc8ffdb98e828785d5d7e394ec2c73bd25b1d32,IntentManager,0.8.19+commit.7dd6d404,Solidity,24,exact_match,False,1,victim_trace,,21452745,,2026-08-24T10:04:41.601444+00:00
1:0x2d015db69f4b10cdebb3e66da3d55af9c3d42af8,mainnet,1,0x2d015db69f4b10cdebb3e66da3d55af9c3d42af8,not_in_sourcify,sourcify-v2,404,,,,,0,,,1,victim_trace,,21508635,,2026-08-24T10:04:40.173449+00:00
1:0x2d5304836e29242399479e44ff916bc1ba2a1999,mainnet,1,0x2d5304836e29242399479e44ff916bc1ba2a1999,source_found,sourcify-v2,200,contracts/StakeManager-mainnet-0x2d5304836e29242399479e44ff916bc1ba2a1999,StakeManager,0.7.6+commit.7338295f,Solidity,40,exact_match,False,1,victim_trace,,21332614,,2026-08-24T10:04:41.887755+00:00
1:0x2d5d7d31f671f86c782533cc367f14109a082712,mainnet,1,0x2d5d7d31f671f86c782533cc367f14109a082712,source_found,sourcify-v2,200,contracts/AxelarGasServiceProxy-mainnet-0x2d5d7d31f671f86c782533cc367f14109a082712,AxelarGasServiceProxy,0.8.9+commit.e5eed63a,Solidity,1,match,True,1,victim_trace,,21460992,,2026-08-24T10:04:40.768403+00:00
1:0x2df5d9ef6d48a456ba5edc444dd5de7ad7ab0981,mainnet,1,0x2df5d9ef6d48a456ba5edc444dd5de7ad7ab0981,not_in_sourcify,sourcify-v2,404,,,,,0,,,1,victim_trace,,21447928,,2026-08-24T10:04:41.554403+00:00
1:0x2dfadab8266483bed9fd9a292ce56596a2d1378d,mainnet,1,0x2dfadab8266483bed9fd9a292ce56596a2d1378d,source_found,sourcify-v2,200,contracts/Executor-mainnet-0x2dfadab8266483bed9fd9a292ce56596a2d1378d,Executor,0.8.17+commit.8df45f5f,Solidity,20,exact_match,False,1,victim_trace,,21342507,,2026-08-24T10:04:42.483568+00:00
1:0x2e4784446a0a06df3d1a040b03e1680ee266c35a,mainnet,1,0x2e4784446a0a06df3d1a040b03e1680ee266c35a,source_found,sourcify-v2,200,contracts/UniswapV3Pool-mainnet-0x2e4784446a0a06df3d1a040b03e1680ee266c35a,UniswapV3Pool,0.7.6+commit.7338295f,Solidity,96,match,False,1,shared_attack_victim_trace;trading_pair;victim_trace,,21304307,,2026-08-24T10:04:43.676753+00:00
1:0x2e5eb6d5cce37ebe5b8b998df867998c2733dd10,mainnet,1,0x2e5eb6d5cce37ebe5b8b998df867998c2733dd10,source_found,sourcify-v2,200,contracts/V3Automation-mainnet-0x2e5eb6d5cce37ebe5b8b998df867998c2733dd10,V3Automation,0.8.15+commit.e14f2714,Solidity,30,exact_match,False,1,victim_top_level;victim_trace,,21467447,,2026-08-24T10:04:44.271918+00:00
1:0x2e7576042566f8d6990e07a1b61ad1efd86ae70d,mainnet,1,0x2e7576042566f8d6990e07a1b61ad1efd86ae70d,source_found,sourcify-v2,200,contracts/InitializableImmutableAdminUpgradeabilityProxy-mainnet-0x2e7576042566f8d6990e07a1b61ad1efd86ae70d,InitializableImmutableAdminUpgradeabilityProxy,0.8.10+commit.fc410830,Solidity,6,exact_match,True,1,victim_trace,,21322552,,2026-08-24T10:04:42.465944+00:00
1:0x2e9d63788249371f1dfc918a52f8d799f4a38c94,mainnet,1,0x2e9d63788249371f1dfc918a52f8d799f4a38c94,source_found,sourcify-v2,200,contracts/Toke-mainnet-0x2e9d63788249371f1dfc918a52f8d799f4a38c94,Toke,0.6.11+commit.5ef660b1,Solidity,8,exact_match,False,1,victim_trace,,21420182,,2026-08-24T10:04:42.871238+00:00
1:0x2ecb528e3d250c38e6429fecbd4d9f26d36852d3,mainnet,1,0x2ecb528e3d250c38e6429fecbd4d9f26d36852d3,not_in_sourcify,sourcify-v2,404,,,,,0,,,1,victim_trace,,21348336,,2026-08-24T10:04:42.399102+00:00
1:0x2ee96cf53ae5fbd5309284704f978d0ca66cb963,mainnet,1,0x2ee96cf53ae5fbd5309284704f978d0ca66cb963,source_found,sourcify-v2,200,contracts/RecipeExecutor-mainnet-0x2ee96cf53ae5fbd5309284704f978d0ca66cb963,RecipeExecutor,0.8.24+commit.e11b9ed9,Solidity,1,match,False,8,victim_trace,,21307275;21313468;21337846;21352108;21363251;21410530;21432613;21494726,,2026-08-24T10:04:43.763612+00:00
1:0x2f0b23f53734252bda2277357e97e1517d6b042a,mainnet,1,0x2f0b23f53734252bda2277357e97e1517d6b042a,source_found,sourcify-v2,200,contracts/GemJoin-mainnet-0x2f0b23f53734252bda2277357e97e1517d6b042a,GemJoin,0.5.12+commit.7709ece9,Solidity,1,match,False,1,victim_trace,,21371100,,2026-08-24T10:04:43.232123+00:00
1:0x2f2dd99235cb728fc79af575f1325eaa270f0c99,mainnet,1,0x2f2dd99235cb728fc79af575f1325eaa270f0c99,source_found,sourcify-v2,200,contracts/BKSwap-mainnet-0x2f2dd99235cb728fc79af575f1325eaa270f0c99,BKSwap,0.8.17+commit.8df45f5f,Solidity,12,exact_match,False,1,victim_trace,,21308869,,2026-08-24T10:04:43.971212+00:00
1:0x2f2fb0f729eba71f5e741297b3044a09c61581eb,mainnet,1,0x2f2fb0f729eba71f5e741297b3044a09c61581eb,not_in_sourcify,sourcify-v2,404,,,,,0,,,1,victim_trace,,21413153,,2026-08-24T10:04:44.693833+00:00
1:0x2f32a274e02fa356423ce5e97a8e3155c1ac396b,mainnet,1,0x2f32a274e02fa356423ce5e97a8e3155c1ac396b,source_found,sourcify-v2,200,contracts/GhoAToken-mainnet-0x2f32a274e02fa356423ce5e97a8e3155c1ac396b,GhoAToken,0.8.10+commit.fc410830,Solidity,35,match,False,1,victim_trace,,21333683,,2026-08-24T10:04:46.919586+00:00
1:0x2f39d218133afab8f2b819b1066c7e434ad94e9e,mainnet,1,0x2f39d218133afab8f2b819b1066c7e434ad94e9e,source_found,sourcify-v2,200,contracts/PoolAddressesProvider-mainnet-0x2f39d218133afab8f2b819b1066c7e434ad94e9e,PoolAddressesProvider,0.8.10+commit.fc410830,Solidity,10,exact_match,False,10,victim_trace,,21300107;21300863;21333683;21337846;21357582;21373643;21410530;21414148;21442669;21494726,,2026-08-24T10:04:46.402241+00:00
1:0x2f42b7d686ca3effc69778b6ed8493a7787b4d6e,mainnet,1,0x2f42b7d686ca3effc69778b6ed8493a7787b4d6e,source_found,sourcify-v2,200,contracts/TestERC20-mainnet-0x2f42b7d686ca3effc69778b6ed8493a7787b4d6e,TestERC20,0.8.24+commit.e11b9ed9,Solidity,8,match,False,1,shared_attack_victim_trace;victim_trace,,21311832,,2026-08-24T10:04:44.763466+00:00
1:0x2f50d538606fa9edd2b11e2446beb18c9d5846bb,mainnet,1,0x2f50d538606fa9edd2b11e2446beb18c9d5846bb,source_found,sourcify-v2,200,contracts/Vyper_contract-mainnet-0x2f50d538606fa9edd2b11e2446beb18c9d5846bb,Vyper_contract,0.2.4+commit.7949850,Vyper,1,match,False,1,victim_trace,,21504557,,2026-08-24T10:04:46.744837+00:00
1:0x2f573070e6090b3264fe707e2c9f201716f123c7,mainnet,1,0x2f573070e6090b3264fe707e2c9f201716f123c7,source_found,sourcify-v2,200,contracts/Mumu-mainnet-0x2f573070e6090b3264fe707e2c9f201716f123c7,Mumu,0.8.19+commit.7dd6d404,Solidity,1,match,False,1,victim_trace,,21380283,,2026-08-24T10:04:45.461074+00:00
1:0x2f7ef2ea5e8c97b8687ca703a0e50aa5a49b7eb2,mainnet,1,0x2f7ef2ea5e8c97b8687ca703a0e50aa5a49b7eb2,source_found,sourcify-v2,200,contracts/TransientStorage-mainnet-0x2f7ef2ea5e8c97b8687ca703a0e50aa5a49b7eb2,TransientStorage,0.8.10+commit.fc410830,Solidity,1,match,False,1,victim_trace,,21322552,,2026-08-24T10:04:45.040490+00:00
1:0x2f87f76336a560bbb0d18d357d10646bb96e8802,mainnet,1,0x2f87f76336a560bbb0d18d357d10646bb96e8802,not_in_sourcify,sourcify-v2,404,,,,,0,,,1,victim_trace,,21442409,,2026-08-24T10:04:45.977720+00:00
1:0x2fba77a9dd1cca8c3b54ce20191057eaa08402d6,mainnet,1,0x2fba77a9dd1cca8c3b54ce20191057eaa08402d6,source_found,sourcify-v2,200,contracts/ValidationLogic-mainnet-0x2fba77a9dd1cca8c3b54ce20191057eaa08402d6,ValidationLogic,0.6.12+commit.27d51765,Solidity,21,exact_match,False,2,victim_trace,,21357447;21439930,,2026-08-24T10:04:46.378511+00:00
1:0x2fd08c1f9fc8406c1d7e3a799a13883a7e7949f0,mainnet,1,0x2fd08c1f9fc8406c1d7e3a799a13883a7e7949f0,source_found,sourcify-v2,200,contracts/FillQuoteTransformer-mainnet-0x2fd08c1f9fc8406c1d7e3a799a13883a7e7949f0,FillQuoteTransformer,0.6.12+commit.27d51765,Solidity,46,exact_match,False,11,victim_trace,,21302398;21313675;21320028;21333683;21337846;21338761;21357447;21380283;21452745;21495915;21515974,,2026-08-24T10:04:47.038951+00:00
1:0x2feba6992aaa7b2397e5b212ae060c76857cf9bb,mainnet,1,0x2feba6992aaa7b2397e5b212ae060c76857cf9bb,source_found,sourcify-v2,200,contracts/NineInchPair-mainnet-0x2feba6992aaa7b2397e5b212ae060c76857cf9bb,NineInchPair,0.8.19+commit.7dd6d404,Solidity,10,exact_match,False,1,shared_attack_victim_trace;trading_pair;victim_trace,,21403029,,2026-08-24T10:04:47.531197+00:00
1:0x3041cbd36888becc7bbcbc0045e3b1f144466f5f,mainnet,1,0x3041cbd36888becc7bbcbc0045e3b1f144466f5f,source_found,sourcify-v2,200,contracts/UniswapV2Pair-mainnet-0x3041cbd36888becc7bbcbc0045e3b1f144466f5f,UniswapV2Pair,0.5.16+commit.9c3226ce,Solidity,1,match,False,1,victim_trace,,21307539,,2026-08-24T10:04:46.940481+00:00
1:0x308861a430be4cce5502d0a12724771fc6daf216,mainnet,1,0x308861a430be4cce5502d0a12724771fc6daf216,source_found,sourcify-v2,200,contracts/UUPSProxy-mainnet-0x308861a430be4cce5502d0a12724771fc6daf216,UUPSProxy,0.8.13+commit.abaa5c0e,Solidity,8,exact_match,True,4,shared_attack_victim_trace;victim_trace,,21325864;21447928;21500255;21504557,,2026-08-24T10:04:47.875854+00:00
1:0x308c6fbd6a14881af333649f17f2fde9cd75e2a6,mainnet,1,0x308c6fbd6a14881af333649f17f2fde9cd75e2a6,source_found,sourcify-v2,200,contracts/UniswapV2Pair-mainnet-0x308c6fbd6a14881af333649f17f2fde9cd75e2a6,UniswapV2Pair,0.5.16+commit.9c3226ce,Solidity,1,match,False,3,shared_attack_victim_trace;trading_pair;victim_trace,,21342275;21392828;21442669,,2026-08-24T10:04:47.713190+00:00
1:0x30bcb08e253647189a2971a3990057cdce639f10,mainnet,1,0x30bcb08e253647189a2971a3990057cdce639f10,source_found,sourcify-v2,200,contracts/TransparentUpgradeableProxy-mainnet-0x30bcb08e253647189a2971a3990057cdce639f10,TransparentUpgradeableProxy,0.8.10+commit.fc410830,Solidity,16,exact_match,True,1,victim_trace,,21325864,,2026-08-24T10:04:49.501336+00:00
1:0x30d20208d987713f46dfd34ef128bb16c404d10f,mainnet,1,0x30d20208d987713f46dfd34ef128bb16c404d10f,source_found,sourcify-v2,200,contracts/Stader-mainnet-0x30d20208d987713f46dfd34ef128bb16c404d10f,Stader,0.8.9+commit.e5eed63a,Solidity,15,exact_match,False,2,shared_attack_victim_trace;victim_trace,,21307539;21433713,,2026-08-24T10:04:49.526300+00:00
1:0x3125200e155c9e7f71fdfef558b8f172c93fe72f,mainnet,1,0x3125200e155c9e7f71fdfef558b8f172c93fe72f,source_found,sourcify-v2,200,contracts/UniswapV2Pair-mainnet-0x3125200e155c9e7f71fdfef558b8f172c93fe72f,UniswapV2Pair,0.5.16+commit.9c3226ce,Solidity,1,match,False,1,shared_attack_victim_trace;trading_pair;victim_trace,,21493359,,2026-08-24T10:04:49.436604+00:00
1:0x31329024f1a3e4a4b3336e0b1dfa74cc3fec633e,mainnet,1,0x31329024f1a3e4a4b3336e0b1dfa74cc3fec633e,source_found,sourcify-v2,200,contracts/IntegrationManager-mainnet-0x31329024f1a3e4a4b3336e0b1dfa74cc3fec633e,IntegrationManager,0.6.12+commit.27d51765,Solidity,23,exact_match,False,4,victim_trace,,21313675;21332614;21381403;21493359,,2026-08-24T10:04:49.074605+00:00
1:0x31373595f40ea48a7aab6cbcb0d377c6066e2dca,mainnet,1,0x31373595f40ea48a7aab6cbcb0d377c6066e2dca,not_in_sourcify,sourcify-v2,404,,,,,0,,,4,victim_trace,,21307275;21373643;21471722;21493359,,2026-08-24T10:04:48.282892+00:00
1:0x31503dcb60119a812fee820bb7042752019f2355,mainnet,1,0x31503dcb60119a812fee820bb7042752019f2355,source_found,sourcify-v2,200,contracts/UniswapV2Pair-mainnet-0x31503dcb60119a812fee820bb7042752019f2355,UniswapV2Pair,0.6.12+commit.27d51765,Solidity,1,match,False,1,victim_trace,,21420182,,2026-08-24T10:04:50.165382+00:00
1:0x317129fdb800647681c91eec5419998fef6c04ec,mainnet,1,0x317129fdb800647681c91eec5419998fef6c04ec,source_found,blockscout-v2-fallback,200,contracts/GenericEqualSpenderAndHandlerAdapter-mainnet-0x317129fdb800647681c91eec5419998fef6c04ec,GenericEqualSpenderAndHandlerAdapter,v0.8.16+commit.07a7930e,solidity,3,blockscout_verified,False,1,victim_trace,,21313675,,2026-08-24T10:04:48.860140+00:00
1:0x31724ca0c982a31fbb5c57f4217ab585271fc9a5,mainnet,1,0x31724ca0c982a31fbb5c57f4217ab585271fc9a5,source_found,sourcify-v2,200,contracts/StakedTokenV1-mainnet-0x31724ca0c982a31fbb5c57f4217ab585271fc9a5,StakedTokenV1,0.6.12+commit.27d51765,Solidity,20,exact_match,False,1,victim_trace,,21357582,,2026-08-24T10:04:50.586428+00:00
1:0x3175df0976dfa876431c2e9ee6bc45b65d3473cc,mainnet,1,0x3175df0976dfa876431c2e9ee6bc45b65d3473cc,source_found,sourcify-v2,200,contracts/Vyper_contract-mainnet-0x3175df0976dfa876431c2e9ee6bc45b65d3473cc,Vyper_contract,0.2.16+commit.59e1bdd,Vyper,1,match,False,1,victim_trace,,21304987,,2026-08-24T10:04:50.449621+00:00
1:0x317d089bbe46aae816b27eeb1ac26cfb7ab1850d,mainnet,1,0x317d089bbe46aae816b27eeb1ac26cfb7ab1850d,source_found,sourcify-v2,200,contracts/AllBridgeFacet-mainnet-0x317d089bbe46aae816b27eeb1ac26cfb7ab1850d,AllBridgeFacet,0.8.29+commit.ab55807c,Solidity,16,exact_match,False,4,proxy_implementation,AllBridgeFacet,,,2026-08-24T10:16:09.786069+00:00
1:0x318ba85ca49a3b12d3cf9c72cc72b29316971802,mainnet,1,0x318ba85ca49a3b12d3cf9c72cc72b29316971802,source_found,sourcify-v2,200,contracts/UniswapV2Pair-mainnet-0x318ba85ca49a3b12d3cf9c72cc72b29316971802,UniswapV2Pair,0.5.16+commit.9c3226ce,Solidity,1,match,False,1,shared_attack_victim_trace;trading_pair;victim_trace,,21428934,,2026-08-24T10:04:50.283764+00:00
1:0x319ae539b5ba554b09a46791cdb88b10e4d8f627,mainnet,1,0x319ae539b5ba554b09a46791cdb88b10e4d8f627,source_found,blockscout-v2-fallback,200,contracts/PriceFeed-mainnet-0x319ae539b5ba554b09a46791cdb88b10e4d8f627,PriceFeed,v0.8.22+commit.4fc1097e,solidity,17,blockscout_verified,False,2,victim_trace,,21338761;21454713,,2026-08-24T10:04:49.812444+00:00
1:0x31a9b1835864706af10103b31ea2b79bdb995f5f,mainnet,1,0x31a9b1835864706af10103b31ea2b79bdb995f5f,source_found,sourcify-v2,200,contracts/GenericSwapFacetV3-mainnet-0x31a9b1835864706af10103b31ea2b79bdb995f5f,GenericSwapFacetV3,0.8.17+commit.8df45f5f,Solidity,21,exact_match,False,2,victim_trace,,21432613;21442409,,2026-08-24T10:04:51.605633+00:00
1:0x31b2c59d760058cfe57e59472e7542f776d987fb,mainnet,1,0x31b2c59d760058cfe57e59472e7542f776d987fb,source_found,sourcify-v2,200,contracts/Eden-mainnet-0x31b2c59d760058cfe57e59472e7542f776d987fb,Eden,0.8.27+commit.40a35a09,Solidity,69,match,False,1,shared_attack_victim_trace;victim_trace,,21330552,,2026-08-24T10:04:53.498167+00:00
1:0x3225737a9bbb6473cb4a45b7244aca2befdb276a,mainnet,1,0x3225737a9bbb6473cb4a45b7244aca2befdb276a,source_found,sourcify-v2,200,contracts/DaiUsds-mainnet-0x3225737a9bbb6473cb4a45b7244aca2befdb276a,DaiUsds,0.8.21+commit.d9974bed,Solidity,1,match,False,1,victim_trace,,21494726,,2026-08-24T10:04:50.796229+00:00
1:0x324c5dc1fc42c7a4d43d92df1eba58a54d13bf2d,mainnet,1,0x324c5dc1fc42c7a4d43d92df1eba58a54d13bf2d,source_found,sourcify-v2,200,contracts/FluidVaultFactory-mainnet-0x324c5dc1fc42c7a4d43d92df1eba58a54d13bf2d,FluidVaultFactory,0.8.21+commit.d9974bed,Solidity,6,exact_match,False,1,victim_top_level;victim_trace,,21335212,,2026-08-24T10:04:52.927621+00:00
1:0x325365ed8275f6a74cac98917b7f6face8da533b,mainnet,1,0x325365ed8275f6a74cac98917b7f6face8da533b,source_found,sourcify-v2,200,contracts/UniswapV3Pool-mainnet-0x325365ed8275f6a74cac98917b7f6face8da533b,UniswapV3Pool,0.7.6+commit.7338295f,Solidity,96,match,False,1,victim_trace,,21462778,,2026-08-24T10:04:53.620694+00:00
1:0x325dff89825e03f52b96a5fda94b6d8b6921d40e,mainnet,1,0x325dff89825e03f52b96a5fda94b6d8b6921d40e,not_in_sourcify,sourcify-v2,404,,,,,0,,,1,victim_trace,,21304987,,2026-08-24T10:04:51.346027+00:00
1:0x3298c6652bed903d3dfb6466a2c272ede8ff741d,mainnet,1,0x3298c6652bed903d3dfb6466a2c272ede8ff741d,source_found,sourcify-v2,200,contracts/UnwrapEth-mainnet-0x3298c6652bed903d3dfb6466a2c272ede8ff741d,UnwrapEth,0.8.10+commit.fc410830,Solidity,1,match,False,1,victim_trace,,21352108,,2026-08-24T10:04:52.906787+00:00
1:0x32a6268f9ba3642dda7892add74f1d34469a4259,mainnet,1,0x32a6268f9ba3642dda7892add74f1d34469a4259,source_found,sourcify-v2,200,contracts/InitializableImmutableAdminUpgradeabilityProxy-mainnet-0x32a6268f9ba3642dda7892add74f1d34469a4259,InitializableImmutableAdminUpgradeabilityProxy,0.8.19+commit.7dd6d404,Solidity,12,match,True,2,victim_trace,,21333683;21494726,,2026-08-24T10:04:52.309300+00:00
1:0x32b86b99441480a7e5bd3a26c124ec2373e3f015,mainnet,1,0x32b86b99441480a7e5bd3a26c124ec2373e3f015,source_found,sourcify-v2,200,contracts/BADIdeaAI-mainnet-0x32b86b99441480a7e5bd3a26c124ec2373e3f015,BADIdeaAI,0.8.13+commit.abaa5c0e,Solidity,6,exact_match,False,2,shared_attack_victim_trace;victim_trace,,21410530;21842016,,2026-08-24T10:04:52.473297+00:00
1:0x32f3a6134590fc2d9440663d35a2f0a6265f04c4,mainnet,1,0x32f3a6134590fc2d9440663d35a2f0a6265f04c4,source_found,sourcify-v2,200,contracts/DefaultReserveInterestRateStrategy-mainnet-0x32f3a6134590fc2d9440663d35a2f0a6265f04c4,DefaultReserveInterestRateStrategy,0.6.12+commit.27d51765,Solidity,8,exact_match,False,1,victim_trace,,21357447,,2026-08-24T10:04:54.690715+00:00
1:0x3330bfb7332ca23cd071631837dc289b09c33333,mainnet,1,0x3330bfb7332ca23cd071631837dc289b09c33333,source_found,sourcify-v2,200,contracts/RubicToken-mainnet-0x3330bfb7332ca23cd071631837dc289b09c33333,RubicToken,0.8.15+commit.e14f2714,Solidity,8,match,False,1,shared_attack_victim_trace;victim_trace,,21415913,,2026-08-24T10:04:53.310488+00:00
1:0x33356a9d8bc8207c6ea152f2f3a648dd6f8028a1,mainnet,1,0x33356a9d8bc8207c6ea152f2f3a648dd6f8028a1,source_found,sourcify-v2,200,contracts/SwapperAdapter-mainnet-0x33356a9d8bc8207c6ea152f2f3a648dd6f8028a1,SwapperAdapter,0.8.17+commit.8df45f5f,Solidity,2,exact_match,False,2,victim_trace,,21447928;21504557,,2026-08-24T10:04:54.564096+00:00
1:0x3335733c454805df6a77f825f266e136fb4a3333,mainnet,1,0x3335733c454805df6a77f825f266e136fb4a3333,source_found,sourcify-v2,200,contracts/ERC20Proxy-mainnet-0x3335733c454805df6a77f825f266e136fb4a3333,ERC20Proxy,0.8.17+commit.8df45f5f,Solidity,21,exact_match,False,1,victim_top_level;victim_trace,,21381665,,2026-08-24T10:04:55.032958+00:00
1:0x3358cf80fd5a6163374854050f936ba66421d6a6,mainnet,1,0x3358cf80fd5a6163374854050f936ba66421d6a6,source_found,sourcify-v2,200,contracts/DMD-mainnet-0x3358cf80fd5a6163374854050f936ba66421d6a6,DMD,0.8.23+commit.f704f362,Solidity,1,match,False,1,shared_attack_victim_trace;victim_trace,,21307539,,2026-08-24T10:04:54.355245+00:00
1:0x335ac99bb3e51bdbf22025f092ebc1cf2c5cc619,mainnet,1,0x335ac99bb3e51bdbf22025f092ebc1cf2c5cc619,source_found,sourcify-v2,200,contracts/DODOApproveProxy-mainnet-0x335ac99bb3e51bdbf22025f092ebc1cf2c5cc619,DODOApproveProxy,0.6.9+commit.3e3065ac,Solidity,1,match,False,1,victim_trace,,21379211,,2026-08-24T10:04:54.117791+00:00
1:0x33652e48e4b74d18520f11bfe58edd2ed2cec5a2,mainnet,1,0x33652e48e4b74d18520f11bfe58edd2ed2cec5a2,source_found,sourcify-v2,200,contracts/InitializableImmutableAdminUpgradeabilityProxy-mainnet-0x33652e48e4b74d18520f11bfe58edd2ed2cec5a2,InitializableImmutableAdminUpgradeabilityProxy,0.8.10+commit.fc410830,Solidity,6,exact_match,True,1,victim_trace,,21357582,,2026-08-24T10:04:54.691081+00:00
1:0x33676385160f9d8f03a0db2821029882f7c79e93,mainnet,1,0x33676385160f9d8f03a0db2821029882f7c79e93,source_found,sourcify-v2,200,contracts/UniswapV3Pool-mainnet-0x33676385160f9d8f03a0db2821029882f7c79e93,UniswapV3Pool,0.7.6+commit.7338295f,Solidity,96,match,False,1,victim_trace,,21842016,,2026-08-24T10:04:57.727596+00:00
1:0x33906431e44553411b8668543ffc20aaa24f75f9,mainnet,1,0x33906431e44553411b8668543ffc20aaa24f75f9,source_found,sourcify-v2,200,contracts/UniswapV2Pair-mainnet-0x33906431e44553411b8668543ffc20aaa24f75f9,UniswapV2Pair,0.5.16+commit.9c3226ce,Solidity,1,match,False,1,shared_attack_victim_trace;trading_pair;victim_trace,,21302391,,2026-08-24T10:04:56.018313+00:00
1:0x33b99ccbc84e8a87e10ec86386a7eb5ad434fb7e,mainnet,1,0x33b99ccbc84e8a87e10ec86386a7eb5ad434fb7e,source_found,sourcify-v2,200,contracts/GnosisSafeProxy-mainnet-0x33b99ccbc84e8a87e10ec86386a7eb5ad434fb7e,GnosisSafeProxy,0.7.6+commit.7338295f,Solidity,1,match,True,1,victim_trace,,21308869,,2026-08-24T10:04:55.921821+00:00
1:0x33ba1bc07b0fafb4bbc1520b330081b91ca6bdf0,mainnet,1,0x33ba1bc07b0fafb4bbc1520b330081b91ca6bdf0,source_found,sourcify-v2,200,contracts/CTokenV3Collateral-mainnet-0x33ba1bc07b0fafb4bbc1520b330081b91ca6bdf0,CTokenV3Collateral,0.8.19+commit.7dd6d404,Solidity,41,exact_match,False,1,victim_trace,,21471722,,2026-08-24T10:04:57.335828+00:00
1:0x33bb0e62d5e8c688e645dd46dfb48cd613250067,mainnet,1,0x33bb0e62d5e8c688e645dd46dfb48cd613250067,source_found,sourcify-v2,200,contracts/Vyper_contract-mainnet-0x33bb0e62d5e8c688e645dd46dfb48cd613250067,Vyper_contract,0.3.1,Vyper,1,match,False,1,victim_trace,,21304987,,2026-08-24T10:04:56.381584+00:00
1:0x33c5252f240f02123090cff1d8e3b80fcec31e54,mainnet,1,0x33c5252f240f02123090cff1d8e3b80fcec31e54,not_in_sourcify,sourcify-v2,404,,,,,0,,,1,victim_trace,,21504557,,2026-08-24T10:04:56.037992+00:00
1:0x3416cf6c708da44db2624d63ea0aaef7113527c6,mainnet,1,0x3416cf6c708da44db2624d63ea0aaef7113527c6,source_found,sourcify-v2,200,contracts/UniswapV3Pool-mainnet-0x3416cf6c708da44db2624d63ea0aaef7113527c6,UniswapV3Pool,0.7.6+commit.7338295f,Solidity,96,match,False,7,shared_attack_victim_trace;trading_pair;victim_trace,,21307539;21313468;21313675;21337846;21348336;21415780;21471722,,2026-08-24T10:04:59.642244+00:00
1:0x3432b6a60d23ca0dfca7761b7ab56459d9c964d0,mainnet,1,0x3432b6a60d23ca0dfca7761b7ab56459d9c964d0,source_found,sourcify-v2,200,contracts/FRAXShares-mainnet-0x3432b6a60d23ca0dfca7761b7ab56459d9c964d0,FRAXShares,0.6.11+commit.5ef660b1,Solidity,71,match,False,2,shared_attack_victim_trace;victim_trace,,21304987;21342331,,2026-08-24T10:04:58.325862+00:00
1:0x3451b6b219478037a1ac572706627fc2bda1e812,mainnet,1,0x3451b6b219478037a1ac572706627fc2bda1e812,not_in_sourcify,sourcify-v2,404,,,,,0,,,28,victim_trace,,21301621;21302391;21313468;21322552;21323348;21327219;21332257;21338761;21342275;21349927;21363251;21371100;21373643;21377018;21396987;21401763;21415913;21420609;21429278;21432830;21433713;21442409;21447928;21452745;21454032;21454713;21464031;21471722,,2026-08-24T10:04:57.124542+00:00
1:0x349ee001d80f896f24571616932f54cbd66b18c9,mainnet,1,0x349ee001d80f896f24571616932f54cbd66b18c9,source_found,sourcify-v2,200,contracts/UniswapV3Pool-mainnet-0x349ee001d80f896f24571616932f54cbd66b18c9,UniswapV3Pool,0.7.6+commit.7338295f,Solidity,96,match,False,1,shared_attack_victim_trace;trading_pair;victim_trace,,21429278,,2026-08-24T10:04:59.543916+00:00
1:0x3506424f91fd33084466f402d5d97f05f8e3b4af,mainnet,1,0x3506424f91fd33084466f402d5d97f05f8e3b4af,source_found,sourcify-v2,200,contracts/chiliZ-mainnet-0x3506424f91fd33084466f402d5d97f05f8e3b4af,chiliZ,0.4.24+commit.e67f0147,Solidity,1,match,False,1,shared_attack_victim_trace;victim_trace,,21462778,,2026-08-24T10:16:08.756855+00:00
1:0x3512ef267aaf735d235ce8a802b50c32cfd8f60a,mainnet,1,0x3512ef267aaf735d235ce8a802b50c32cfd8f60a,source_found,sourcify-v2,200,contracts/AlienX-mainnet-0x3512ef267aaf735d235ce8a802b50c32cfd8f60a,AlienX,0.8.27+commit.40a35a09,Solidity,37,match,False,1,shared_attack_victim_trace;victim_trace,,21378116,,2026-08-24T10:16:11.346272+00:00
1:0x352423e2fa5d5c99343d371c9e3bc56c87723cc7,mainnet,1,0x352423e2fa5d5c99343d371c9e3bc56c87723cc7,source_found,sourcify-v2,200,contracts/InstaFluidFlashAggregatorProxy-mainnet-0x352423e2fa5d5c99343d371c9e3bc56c87723cc7,InstaFluidFlashAggregatorProxy,0.8.18+commit.87f61d96,Solidity,10,exact_match,True,1,victim_trace,,21335212,,2026-08-24T10:16:12.137628+00:00
1:0x3536d419f27eccf257570eada6698cab1ce4c1ba,mainnet,1,0x3536d419f27eccf257570eada6698cab1ce4c1ba,source_found,sourcify-v2,200,contracts/ConvexForFrax-mainnet-0x3536d419f27eccf257570eada6698cab1ce4c1ba,ConvexForFrax,0.8.9+commit.e5eed63a,Solidity,27,exact_match,False,1,victim_trace,,21304987,,2026-08-24T10:16:13.448489+00:00
1:0x3567aa22cd3ab9aef23d7e18ee0d7cf16974d7e6,mainnet,1,0x3567aa22cd3ab9aef23d7e18ee0d7cf16974d7e6,source_found,sourcify-v2,200,contracts/TransparentUpgradeableProxy-mainnet-0x3567aa22cd3ab9aef23d7e18ee0d7cf16974d7e6,TransparentUpgradeableProxy,0.8.20+commit.a1b79de6,Solidity,112,exact_match,True,1,shared_attack_victim_trace;victim_trace,,21475529,,2026-08-24T10:16:15.146193+00:00
1:0x3593d125a4f7849a1b059e64f4517a86dd60c95d,mainnet,1,0x3593d125a4f7849a1b059e64f4517a86dd60c95d,source_found,sourcify-v2,200,contracts/OMTokenV2-mainnet-0x3593d125a4f7849a1b059e64f4517a86dd60c95d,OMTokenV2,0.6.12+commit.27d51765,Solidity,8,exact_match,False,1,victim_trace,,21410267,,2026-08-24T10:16:13.712654+00:00
1:0x35b88354c51613fe8857e02668c68e8c52161ba2,mainnet,1,0x35b88354c51613fe8857e02668c68e8c52161ba2,source_found,sourcify-v2,200,contracts/UniswapV3Pool-mainnet-0x35b88354c51613fe8857e02668c68e8c52161ba2,UniswapV3Pool,0.7.6+commit.7338295f,Solidity,96,match,False,1,shared_attack_victim_trace;trading_pair;victim_trace,,21302296,,2026-08-24T10:16:18.956775+00:00
1:0x35bb522b102326ea3f1141661df4626c87000e3e,mainnet,1,0x35bb522b102326ea3f1141661df4626c87000e3e,source_found,sourcify-v2,200,contracts/ParaSwapRepayAdapter-mainnet-0x35bb522b102326ea3f1141661df4626c87000e3e,ParaSwapRepayAdapter,0.8.19+commit.7dd6d404,Solidity,22,match,False,1,victim_top_level;victim_trace,,21442669,,2026-08-24T10:16:15.900831+00:00
1:0x35d1b3f3d7966a1dfe207aa4514c12a259a0492b,mainnet,1,0x35d1b3f3d7966a1dfe207aa4514c12a259a0492b,source_found,sourcify-v2,200,contracts/Vat-mainnet-0x35d1b3f3d7966a1dfe207aa4514c12a259a0492b,Vat,0.5.12+commit.7709ece9,Solidity,1,match,False,9,victim_trace,,21313468;21325864;21352108;21363251;21371100;21422852;21471722;21494726;21510296,,2026-08-24T10:16:16.488222+00:00
1:0x35fa164735182de50811e8e2e824cfb9b6118ac2,mainnet,1,0x35fa164735182de50811e8e2e824cfb9b6118ac2,source_found,sourcify-v2,200,contracts/UUPSProxy-mainnet-0x35fa164735182de50811e8e2e824cfb9b6118ac2,UUPSProxy,0.8.13+commit.abaa5c0e,Solidity,8,exact_match,True,4,shared_attack_victim_trace;victim_trace,,21325864;21447928;21500255;21504557,,2026-08-24T10:16:16.733594+00:00
1:0x362bc847a3a9637d3af6624eec853618a43ed7d2,mainnet,1,0x362bc847a3a9637d3af6624eec853618a43ed7d2,source_found,sourcify-v2,200,contracts/ParsiqToken-mainnet-0x362bc847a3a9637d3af6624eec853618a43ed7d2,ParsiqToken,0.6.12+commit.27d51765,Solidity,1,match,False,1,shared_attack_victim_trace;victim_trace,,21495915,,2026-08-24T10:16:18.879582+00:00
1:0x3669c421b77340b2979d1a00a792cc2ee0fce737,mainnet,1,0x3669c421b77340b2979d1a00a792cc2ee0fce737,source_found,sourcify-v2,200,contracts/Vyper_contract-mainnet-0x3669c421b77340b2979d1a00a792cc2ee0fce737,Vyper_contract,0.3.1,Vyper,1,match,False,1,victim_trace,,21304987,,2026-08-24T10:05:25.519242+00:00
1:0x36756db0feb879f2f9ade7df3006df5c2dbaf5de,mainnet,1,0x36756db0feb879f2f9ade7df3006df5c2dbaf5de,source_found,sourcify-v2,200,contracts/GnosisSafeProxy-mainnet-0x36756db0feb879f2f9ade7df3006df5c2dbaf5de,GnosisSafeProxy,0.7.6+commit.7338295f,Solidity,1,match,True,1,victim_top_level;victim_trace,,21313675,,2026-08-24T10:05:23.017794+00:00
1:0x36a0448c46aae145dd5bc320d5153426a2a586f5,mainnet,1,0x36a0448c46aae145dd5bc320d5153426a2a586f5,source_found,sourcify-v2,200,contracts/AccessControlledOCR2Aggregator-mainnet-0x36a0448c46aae145dd5bc320d5153426a2a586f5,AccessControlledOCR2Aggregator,0.8.19+commit.7dd6d404,Solidity,18,exact_match,False,1,victim_trace,,21357582,,2026-08-24T10:05:25.947769+00:00
1:0x36c7188d64c44301272db3293899507eabb8ed43,mainnet,1,0x36c7188d64c44301272db3293899507eabb8ed43,source_found,sourcify-v2,200,contracts/SWAG-mainnet-0x36c7188d64c44301272db3293899507eabb8ed43,SWAG,0.8.26+commit.8a97fa7a,Solidity,1,exact_match,False,1,shared_attack_victim_trace;victim_trace,,21348336,,2026-08-24T10:05:25.301247+00:00
1:0x3721b0e122768ceddfb3dec810e64c361177f826,mainnet,1,0x3721b0e122768ceddfb3dec810e64c361177f826,source_found,sourcify-v2,200,contracts/CoreStateRegistry-mainnet-0x3721b0e122768ceddfb3dec810e64c361177f826,CoreStateRegistry,0.8.23+commit.f704f362,Solidity,30,exact_match,False,1,victim_trace,,21392828,,2026-08-24T10:05:29.154472+00:00
1:0x373dba2055ad40cb4815148bc47cd1dc16e92e44,mainnet,1,0x373dba2055ad40cb4815148bc47cd1dc16e92e44,source_found,sourcify-v2,200,contracts/ActionMiscV3-mainnet-0x373dba2055ad40cb4815148bc47cd1dc16e92e44,ActionMiscV3,0.8.28+commit.7893614a,Solidity,31,exact_match,False,1,victim_trace,,21510296,,2026-08-24T10:05:27.092832+00:00
1:0x3773e1e9deb273fcdf9f80bc88bb387b1e6ce34d,mainnet,1,0x3773e1e9deb273fcdf9f80bc88bb387b1e6ce34d,source_found,sourcify-v2,200,contracts/TreasuryV2-mainnet-0x3773e1e9deb273fcdf9f80bc88bb387b1e6ce34d,TreasuryV2,0.7.6+commit.7338295f,Solidity,6,exact_match,False,2,victim_trace,,21338761;21454713,,2026-08-24T10:05:22.675419+00:00
1:0x37767cbff88cb623e9404e959560984f7d742df6,mainnet,1,0x37767cbff88cb623e9404e959560984f7d742df6,source_found,sourcify-v2,200,contracts/AccessController-mainnet-0x37767cbff88cb623e9404e959560984f7d742df6,AccessController,0.8.17+commit.8df45f5f,Solidity,62,exact_match,False,2,victim_trace,,21447928;21504557,,2026-08-24T10:05:25.095679+00:00
1:0x37c9b7fc138a7489c307a7bc6bc1124e3d06296a,mainnet,1,0x37c9b7fc138a7489c307a7bc6bc1124e3d06296a,source_found,sourcify-v2,200,contracts/PxEthLSTCalculator-mainnet-0x37c9b7fc138a7489c307a7bc6bc1124e3d06296a,PxEthLSTCalculator,0.8.17+commit.8df45f5f,Solidity,63,exact_match,False,1,victim_trace,,21447928,,2026-08-24T10:05:28.021789+00:00
1:0x37d7f26405103c9bc9d8f9352cf32c5b655cbe02,mainnet,1,0x37d7f26405103c9bc9d8f9352cf32c5b655cbe02,source_found,sourcify-v2,200,contracts/UniswapV2Router02-mainnet-0x37d7f26405103c9bc9d8f9352cf32c5b655cbe02,UniswapV2Router02,0.6.6+commit.6c089d02,Solidity,10,match,False,3,victim_top_level;victim_trace,,21307539;21360349;21454713,,2026-08-24T10:05:25.954172+00:00
1:0x3815659423d640184e3ae85bcfe1ba56a5f173dc,mainnet,1,0x3815659423d640184e3ae85bcfe1ba56a5f173dc,not_in_sourcify,sourcify-v2,404,,,,,0,,,1,victim_trace,,21381665,,2026-08-24T10:05:25.994052+00:00
1:0x381752f5458282d317d12c30d2bd4d6e1fd8841e,mainnet,1,0x381752f5458282d317d12c30d2bd4d6e1fd8841e,source_found,sourcify-v2,200,contracts/BridgeImplementation-mainnet-0x381752f5458282d317d12c30d2bd4d6e1fd8841e,BridgeImplementation,0.8.4+commit.c7e474f2,Solidity,26,match,False,1,victim_trace,,21313675,,2026-08-24T10:05:28.676525+00:00
1:0x3819f64f282bf135d62168c1e513280daf905e06,mainnet,1,0x3819f64f282bf135d62168c1e513280daf905e06,source_found,sourcify-v2,200,contracts/Hedron-mainnet-0x3819f64f282bf135d62168c1e513280daf905e06,Hedron,0.8.9+commit.e5eed63a,Solidity,1,match,False,1,shared_attack_victim_trace;victim_trace,,21496595,,2026-08-24T10:05:29.584580+00:00
1:0x382ffce2287252f930e1c8dc9328dac5bf282ba1,mainnet,1,0x382ffce2287252f930e1c8dc9328dac5bf282ba1,not_in_sourcify,sourcify-v2,404,,,,,0,,,15,victim_trace,,21302391;21332257;21360349;21373643;21381665;21396987;21420182;21420609;21452745;21464031;21471722;21485224;21485274;21495693;21504557,,2026-08-24T10:05:27.144362+00:00
1:0x3867be9cc9425e8ed809f314c3df0c1a8be76c6c,mainnet,1,0x3867be9cc9425e8ed809f314c3df0c1a8be76c6c,source_found,sourcify-v2,200,contracts/CurveAdapter-mainnet-0x3867be9cc9425e8ed809f314c3df0c1a8be76c6c,CurveAdapter,0.8.17+commit.8df45f5f,Solidity,4,exact_match,False,1,victim_trace,,21504557,,2026-08-24T10:05:27.280489+00:00
1:0x38850b8fa1c3c6b8ff981e4420724a4ad6cd08d4,mainnet,1,0x38850b8fa1c3c6b8ff981e4420724a4ad6cd08d4,not_in_sourcify,sourcify-v2,404,,,,,0,,,1,victim_trace,,21376810,,2026-08-24T10:05:28.395031+00:00
1:0x38c5412464a03efdc3820d227b24316c11729e0a,mainnet,1,0x38c5412464a03efdc3820d227b24316c11729e0a,source_found,sourcify-v2,200,contracts/OnchainGateway-mainnet-0x38c5412464a03efdc3820d227b24316c11729e0a,OnchainGateway,0.8.7+commit.e28d00a7,Solidity,4,exact_match,False,1,victim_trace,,21401763,,2026-08-24T10:05:28.032278+00:00
1:0x38d9fdc88f304d9e271679447ff07126f54cdff9,mainnet,1,0x38d9fdc88f304d9e271679447ff07126f54cdff9,source_found,sourcify-v2,200,contracts/SparkRatioCheck-mainnet-0x38d9fdc88f304d9e271679447ff07126f54cdff9,SparkRatioCheck,0.8.10+commit.fc410830,Solidity,1,match,False,1,victim_trace,,21322552,,2026-08-24T10:05:28.510041+00:00
1:0x38e382f74dfb84608f3c1f10187f6bef5951de93,mainnet,1,0x38e382f74dfb84608f3c1f10187f6bef5951de93,source_found,sourcify-v2,200,contracts/BRC20-mainnet-0x38e382f74dfb84608f3c1f10187f6bef5951de93,BRC20,0.8.12+commit.f00d7308,Solidity,2,exact_match,False,1,shared_attack_victim_trace;victim_trace,,21410267,,2026-08-24T10:05:29.473181+00:00
1:0x390421d1fe8e238ffd9ef86563cbf76f348cdd92,mainnet,1,0x390421d1fe8e238ffd9ef86563cbf76f348cdd92,source_found,sourcify-v2,200,contracts/FallbackCLRSOracle-mainnet-0x390421d1fe8e238ffd9ef86563cbf76f348cdd92,FallbackCLRSOracle,0.8.21+commit.d9974bed,Solidity,12,exact_match,False,1,victim_trace,,21335212,,2026-08-24T10:05:29.393921+00:00
1:0x391e8501b626c623d39474afca6f9e46c2686649,mainnet,1,0x391e8501b626c623d39474afca6f9e46c2686649,source_found,sourcify-v2,200,contracts/UniswapV3Pool-mainnet-0x391e8501b626c623d39474afca6f9e46c2686649,UniswapV3Pool,0.7.6+commit.7338295f,Solidity,96,match,False,1,victim_trace,,21460192,,2026-08-24T10:05:32.217206+00:00
1:0x397ff1542f962076d0bfe58ea045ffa2d347aca0,mainnet,1,0x397ff1542f962076d0bfe58ea045ffa2d347aca0,source_found,sourcify-v2,200,contracts/UniswapV2Pair-mainnet-0x397ff1542f962076d0bfe58ea045ffa2d347aca0,UniswapV2Pair,0.6.12+commit.27d51765,Solidity,1,match,False,3,victim_trace,,21320028;21415913;21494726,,2026-08-24T10:05:29.961493+00:00
1:0x39c4a92dc506300c3ea4c67ca4ca611102ee6f2a,mainnet,1,0x39c4a92dc506300c3ea4c67ca4ca611102ee6f2a,source_found,sourcify-v2,200,contracts/FeeRecipient-mainnet-0x39c4a92dc506300c3ea4c67ca4ca611102ee6f2a,FeeRecipient,0.7.5+commit.eb77ed08,Solidity,1,match,False,9,victim_trace,,21307275;21313468;21322552;21337846;21352108;21363251;21410530;21432613;21494726,,2026-08-24T10:05:29.875005+00:00
1:0x39d1d8fcc5e6eeaf567bce4e29b94fec956d3519,mainnet,1,0x39d1d8fcc5e6eeaf567bce4e29b94fec956d3519,source_found,sourcify-v2,200,contracts/SwapV2Router-mainnet-0x39d1d8fcc5e6eeaf567bce4e29b94fec956d3519,SwapV2Router,0.6.6+commit.6c089d02,Solidity,14,exact_match,False,1,victim_trace,,21460192,,2026-08-24T10:05:31.667302+00:00
1:0x39d5313c3750140e5042887413ba8aa6145a9bd2,mainnet,1,0x39d5313c3750140e5042887413ba8aa6145a9bd2,source_found,sourcify-v2,200,contracts/TransparentUpgradeableProxy-mainnet-0x39d5313c3750140e5042887413ba8aa6145a9bd2,TransparentUpgradeableProxy,0.8.20+commit.a1b79de6,Solidity,11,exact_match,True,1,shared_attack_victim_trace;victim_trace,,21376810,,2026-08-24T10:05:30.665368+00:00
1:0x39e31761911b9aabaef5fb81b18fd1c24a60e884,mainnet,1,0x39e31761911b9aabaef5fb81b18fd1c24a60e884,source_found,sourcify-v2,200,contracts/AccessControlledOCR2Aggregator-mainnet-0x39e31761911b9aabaef5fb81b18fd1c24a60e884,AccessControlledOCR2Aggregator,0.8.19+commit.7dd6d404,Solidity,18,exact_match,False,1,victim_trace,,21471722,,2026-08-24T10:05:31.660432+00:00
1:0x3a0f7ca5ccf15af19147f71de5fc84dc195f149f,mainnet,1,0x3a0f7ca5ccf15af19147f71de5fc84dc195f149f,source_found,sourcify-v2,200,contracts/SparkPayback-mainnet-0x3a0f7ca5ccf15af19147f71de5fc84dc195f149f,SparkPayback,0.8.10+commit.fc410830,Solidity,1,match,False,1,victim_trace,,21322552,,2026-08-24T10:05:31.343365+00:00
1:0x3a23f943181408eac424116af7b7790c94cb97a5,mainnet,1,0x3a23f943181408eac424116af7b7790c94cb97a5,source_found,sourcify-v2,200,contracts/SocketGateway-mainnet-0x3a23f943181408eac424116af7b7790c94cb97a5,SocketGateway,0.8.7+commit.e28d00a7,Solidity,50,match,False,1,victim_top_level;victim_trace,,21434016,,2026-08-24T10:05:45.696218+00:00
1:0x3a283d9c08e8b55966afb64c515f5143cf907611,mainnet,1,0x3a283d9c08e8b55966afb64c515f5143cf907611,source_found,sourcify-v2,200,contracts/Vyper_contract-mainnet-0x3a283d9c08e8b55966afb64c515f5143cf907611,Vyper_contract,0.3.1,Vyper,1,match,False,1,victim_trace,,21304987,,2026-08-24T10:05:32.010018+00:00
1:0x3a77bc2b4208afed4bb9610588b005e90908655f,mainnet,1,0x3a77bc2b4208afed4bb9610588b005e90908655f,not_in_sourcify,sourcify-v2,404,,,,,0,,,2,victim_trace,,21410267;21500255,,2026-08-24T10:05:31.716506+00:00
1:0x3a8992754e2ef51d8f90620d2766278af5c59b90,mainnet,1,0x3a8992754e2ef51d8f90620d2766278af5c59b90,source_found,sourcify-v2,200,contracts/BeaconProxy-mainnet-0x3a8992754e2ef51d8f90620d2766278af5c59b90,BeaconProxy,0.8.24+commit.e11b9ed9,Solidity,1,exact_match,True,1,victim_trace,,21481165,,2026-08-24T10:05:31.996683+00:00
1:0x3ae5156e4a42331569a4739f4cc76824af0b6521,mainnet,1,0x3ae5156e4a42331569a4739f4cc76824af0b6521,not_in_sourcify,sourcify-v2,404,,,,,0,,,1,victim_trace,,21355730,,2026-08-24T10:05:34.023482+00:00
1:0x3afdc9bca9213a35503b077a6072f3d0d5ab0840,mainnet,1,0x3afdc9bca9213a35503b077a6072f3d0d5ab0840,source_found,sourcify-v2,200,contracts/TransparentUpgradeableProxy-mainnet-0x3afdc9bca9213a35503b077a6072f3d0d5ab0840,TransparentUpgradeableProxy,0.8.15+commit.e14f2714,Solidity,8,exact_match,True,1,victim_trace,,21432613,,2026-08-24T10:05:37.964863+00:00
1:0x3b1ac1f427e81e738d8ee6697e3944d8256ead79,mainnet,1,0x3b1ac1f427e81e738d8ee6697e3944d8256ead79,not_in_sourcify,sourcify-v2,404,,,,,0,,,1,victim_trace,,21485274,,2026-08-24T10:05:33.901589+00:00
1:0x3b3ae790df4f312e745d270119c6052904fb6790,mainnet,1,0x3b3ae790df4f312e745d270119c6052904fb6790,source_found,sourcify-v2,200,contracts/TransparentUpgradeableProxy-mainnet-0x3b3ae790df4f312e745d270119c6052904fb6790,TransparentUpgradeableProxy,0.8.2+commit.661d1103,Solidity,15,exact_match,True,2,victim_trace,,21467447;21500255,,2026-08-24T10:05:38.192054+00:00
1:0x3b96f11ea950502cfc953a71ba81a1c156e9adfa,mainnet,1,0x3b96f11ea950502cfc953a71ba81a1c156e9adfa,source_found,sourcify-v2,200,contracts/TransparentUpgradeableProxy-mainnet-0x3b96f11ea950502cfc953a71ba81a1c156e9adfa,TransparentUpgradeableProxy,0.8.10+commit.fc410830,Solidity,16,exact_match,True,1,victim_trace,,21325864,,2026-08-24T10:05:40.051856+00:00
1:0x3bcc972c0c80a990d22c2d17f47c8641a63a3240,mainnet,1,0x3bcc972c0c80a990d22c2d17f47c8641a63a3240,not_in_sourcify,sourcify-v2,404,,,,,0,,,1,shared_attack_victim_trace;victim_trace,,21349927,,2026-08-24T10:05:35.056350+00:00
1:0x3bf1b837ccc1f62114a3e74ced4fcfb121d7e52a,mainnet,1,0x3bf1b837ccc1f62114a3e74ced4fcfb121d7e52a,source_found,sourcify-v2,200,contracts/UniswapV2Pair-mainnet-0x3bf1b837ccc1f62114a3e74ced4fcfb121d7e52a,UniswapV2Pair,0.5.16+commit.9c3226ce,Solidity,1,match,False,1,shared_attack_victim_trace;trading_pair;victim_trace,,21452745,,2026-08-24T10:05:40.171748+00:00
1:0x3c0f895007ca717aa01c8693e59df1e8c3777feb,mainnet,1,0x3c0f895007ca717aa01c8693e59df1e8c3777feb,source_found,sourcify-v2,200,contracts/UsdsJoin-mainnet-0x3c0f895007ca717aa01c8693e59df1e8c3777feb,UsdsJoin,0.8.21+commit.d9974bed,Solidity,1,match,False,1,victim_trace,,21494726,,2026-08-24T10:05:39.819859+00:00
1:0x3c11f6265ddec22f4d049dde480615735f451646,mainnet,1,0x3c11f6265ddec22f4d049dde480615735f451646,source_found,sourcify-v2,200,contracts/Swapper-mainnet-0x3c11f6265ddec22f4d049dde480615735f451646,Swapper,0.8.17+commit.8df45f5f,Solidity,50,exact_match,False,1,victim_top_level;victim_trace,,21332257,,2026-08-24T10:05:43.540509+00:00
1:0x3c35c20cd5c03dcbca1d0527164205288ca70b93,mainnet,1,0x3c35c20cd5c03dcbca1d0527164205288ca70b93,not_in_sourcify,sourcify-v2,404,,,,,0,,,1,victim_trace,,21413153,,2026-08-24T10:05:38.979295+00:00
1:0x3c3d457f1522d3540ab3325aa5f1864e34cba9d0,mainnet,1,0x3c3d457f1522d3540ab3325aa5f1864e34cba9d0,source_found,sourcify-v2,200,contracts/Implementation-mainnet-0x3c3d457f1522d3540ab3325aa5f1864e34cba9d0,Implementation,0.8.4+commit.c7e474f2,Solidity,13,match,False,1,victim_trace,,21475529,,2026-08-24T10:05:42.584564+00:00
1:0x3c6b93d38ffa15ea995d1bc950d5d0fa6b22bd05,mainnet,1,0x3c6b93d38ffa15ea995d1bc950d5d0fa6b22bd05,source_found,sourcify-v2,200,contracts/InitializableImmutableAdminUpgradeabilityProxy-mainnet-0x3c6b93d38ffa15ea995d1bc950d5d0fa6b22bd05,InitializableImmutableAdminUpgradeabilityProxy,0.8.10+commit.fc410830,Solidity,6,exact_match,True,1,victim_trace,,21322552,,2026-08-24T10:05:40.581361+00:00
1:0x3cc52170fdea5c485db6d412b78ea40f27ffc629,mainnet,1,0x3cc52170fdea5c485db6d412b78ea40f27ffc629,source_found,sourcify-v2,200,contracts/PxETHEthOracle-mainnet-0x3cc52170fdea5c485db6d412b78ea40f27ffc629,PxETHEthOracle,0.8.17+commit.8df45f5f,Solidity,58,exact_match,False,1,victim_trace,,21447928,,2026-08-24T10:05:43.039092+00:00
1:0x3ce1f6bd6b0aa7520a14018dcc2261b1371d7c1a,mainnet,1,0x3ce1f6bd6b0aa7520a14018dcc2261b1371d7c1a,source_found,sourcify-v2,200,contracts/CORN-mainnet-0x3ce1f6bd6b0aa7520a14018dcc2261b1371d7c1a,CORN,0.8.26+commit.8a97fa7a,Solidity,1,match,False,3,shared_attack_victim_trace;victim_trace,,21302296;21302391;21302398,,2026-08-24T10:05:43.384980+00:00
1:0x3d1d55c23dfc759c5ae48500ca88ddf477b3c9e5,mainnet,1,0x3d1d55c23dfc759c5ae48500ca88ddf477b3c9e5,not_in_sourcify,sourcify-v2,404,,,,,0,,,3,victim_trace,,21304654;21317106;21473060,,2026-08-24T10:05:40.949964+00:00
1:0x3d3f13f2529ec3c84b2940155effbf9b39a8f3ec,mainnet,1,0x3d3f13f2529ec3c84b2940155effbf9b39a8f3ec,source_found,sourcify-v2,200,contracts/UniswapV2Pair-mainnet-0x3d3f13f2529ec3c84b2940155effbf9b39a8f3ec,UniswapV2Pair,0.6.12+commit.27d51765,Solidity,1,match,False,1,victim_trace,,21420182,,2026-08-24T10:05:42.900497+00:00
1:0x3d658390460295fb963f54dc0899cfb1c30776df,mainnet,1,0x3d658390460295fb963f54dc0899cfb1c30776df,source_found,sourcify-v2,200,contracts/AdminUpgradeabilityProxy-mainnet-0x3d658390460295fb963f54dc0899cfb1c30776df,AdminUpgradeabilityProxy,0.5.3+commit.10d17f24,Solidity,1,match,True,1,shared_attack_victim_trace;victim_trace,,21452745,,2026-08-24T10:05:43.451813+00:00
1:0x3d7ae7e594f2f2091ad8798313450130d0aba3a0,mainnet,1,0x3d7ae7e594f2f2091ad8798313450130d0aba3a0,source_found,sourcify-v2,200,contracts/EACAggregatorProxy-mainnet-0x3d7ae7e594f2f2091ad8798313450130d0aba3a0,EACAggregatorProxy,0.6.6+commit.6c089d02,Solidity,1,match,False,1,victim_trace,,21357582,,2026-08-24T10:05:42.681221+00:00
1:0x3d806324b6df5af3c1a81acba14a8a62fe6d643f,mainnet,1,0x3d806324b6df5af3c1a81acba14a8a62fe6d643f,source_found,sourcify-v2,200,contracts/BarbieCrashBandicootRFK888Inu-mainnet-0x3d806324b6df5af3c1a81acba14a8a62fe6d643f,BarbieCrashBandicootRFK888Inu,0.8.0+commit.c7dfd78e,Solidity,1,match,False,1,victim_trace,,21357582,,2026-08-24T10:05:43.955164+00:00
1:0x3dd2f184953a72ea00011d854c371639b95169d0,mainnet,1,0x3dd2f184953a72ea00011d854c371639b95169d0,not_in_sourcify,sourcify-v2,404,,,,,0,,,1,proxy_implementation,,,,2026-08-24T10:16:17.581387+00:00
1:0x3e135c3e981fae3383a5ae0d323860a34cfab893,mainnet,1,0x3e135c3e981fae3383a5ae0d323860a34cfab893,source_found,sourcify-v2,200,contracts/TransparentUpgradeableProxy-mainnet-0x3e135c3e981fae3383a5ae0d323860a34cfab893,TransparentUpgradeableProxy,0.8.2+commit.661d1103,Solidity,15,exact_match,True,1,victim_trace,,21320028,,2026-08-24T10:05:44.237417+00:00
1:0x3e59212c34588a63350142efad594a20c88c2ced,mainnet,1,0x3e59212c34588a63350142efad594a20c88c2ced,source_found,sourcify-v2,200,contracts/VariableDebtTokenInstance-mainnet-0x3e59212c34588a63350142efad594a20c88c2ced,VariableDebtTokenInstance,0.8.19+commit.7dd6d404,Solidity,23,match,False,1,victim_trace,,21454349,,2026-08-24T10:05:45.726047+00:00
1:0x3e5c63644e683549055b9be8653de26e0b4cd36e,mainnet,1,0x3e5c63644e683549055b9be8653de26e0b4cd36e,source_found,sourcify-v2,200,contracts/GnosisSafeL2-mainnet-0x3e5c63644e683549055b9be8653de26e0b4cd36e,GnosisSafeL2,0.7.6+commit.7338295f,Solidity,43,exact_match,False,1,victim_trace,,21464031,,2026-08-24T10:05:48.214988+00:00
1:0x3e7d1eab13ad0104d2750b8863b489d65364e32d,mainnet,1,0x3e7d1eab13ad0104d2750b8863b489d65364e32d,source_found,sourcify-v2,200,contracts/EACAggregatorProxy-mainnet-0x3e7d1eab13ad0104d2750b8863b489d65364e32d,EACAggregatorProxy,0.6.6+commit.6c089d02,Solidity,1,match,False,7,victim_trace,,21300863;21357582;21373643;21410530;21432613;21442669;21471722,,2026-08-24T10:05:45.735095+00:00
1:0x3e88c9b0e3be6817973a6e629211e702d12c577f,mainnet,1,0x3e88c9b0e3be6817973a6e629211e702d12c577f,source_found,sourcify-v2,200,contracts/SmartVault-mainnet-0x3e88c9b0e3be6817973a6e629211e702d12c577f,SmartVault,0.8.3+commit.8d00100c,Solidity,42,exact_match,False,1,victim_trace,,21332257,,2026-08-24T10:05:47.885384+00:00
1:0x3ebec0a1b4055c8d1180fce64db2a8c068170880,mainnet,1,0x3ebec0a1b4055c8d1180fce64db2a8c068170880,source_found,sourcify-v2,200,contracts/UniswapV3Pool-mainnet-0x3ebec0a1b4055c8d1180fce64db2a8c068170880,UniswapV3Pool,0.7.6+commit.7338295f,Solidity,96,match,False,7,shared_attack_victim_trace;trading_pair;victim_trace,,21380283;21381665;21398236;21401763;21422808;21422852;21473060,,2026-08-24T10:05:49.045464+00:00
1:0x3ee18b2214aff97000d974cf647e7c347e8fa585,mainnet,1,0x3ee18b2214aff97000d974cf647e7c347e8fa585,source_found,sourcify-v2,200,contracts/TokenBridge-mainnet-0x3ee18b2214aff97000d974cf647e7c347e8fa585,TokenBridge,0.8.4+commit.c7e474f2,Solidity,7,exact_match,True,1,victim_trace,,21313675,,2026-08-24T10:05:46.415877+00:00
1:0x3ee841f47947fefbe510366e4bbb49e145484195,mainnet,1,0x3ee841f47947fefbe510366e4bbb49e145484195,source_found,sourcify-v2,200,contracts/CurveStableSwapNG-mainnet-0x3ee841f47947fefbe510366e4bbb49e145484195,CurveStableSwapNG,0.3.10+commit.91361694,Vyper,1,match,False,1,victim_trace,,21481165,,2026-08-24T10:05:47.306811+00:00
1:0x3eea8d627ab6983fffc7027ee623fd7699343fc1,mainnet,1,0x3eea8d627ab6983fffc7027ee623fd7699343fc1,not_in_sourcify,sourcify-v2,404,,,,,0,,,1,victim_trace,,21454713,,2026-08-24T10:05:46.933098+00:00
1:0x3f184eb2378949c2aa45dc5fa12a8a4cb27b8431,mainnet,1,0x3f184eb2378949c2aa45dc5fa12a8a4cb27b8431,source_found,sourcify-v2,200,contracts/SwapX-mainnet-0x3f184eb2378949c2aa45dc5fa12a8a4cb27b8431,SwapX,0.8.20+commit.a1b79de6,Solidity,22,exact_match,False,2,victim_trace,,21300107;21398236,,2026-08-24T10:05:48.168907+00:00
1:0x3f1a36b6c946e406f4295a89ff06a5c7d62f2fe2,mainnet,1,0x3f1a36b6c946e406f4295a89ff06a5c7d62f2fe2,source_found,sourcify-v2,200,contracts/UniswapV3Pool-mainnet-0x3f1a36b6c946e406f4295a89ff06a5c7d62f2fe2,UniswapV3Pool,0.7.6+commit.7338295f,Solidity,96,match,False,1,shared_attack_victim_trace;victim_trace,,21330552,,2026-08-24T10:05:50.221854+00:00
1:0x3f1aba670a0234109be0222a805f3207117c2531,mainnet,1,0x3f1aba670a0234109be0222a805f3207117c2531,not_in_sourcify,sourcify-v2,404,,,,,0,,,2,victim_trace,,21464031;21510296,,2026-08-24T10:05:47.963623+00:00
1:0x3f353d76ae89dc2c89dcd0426e7fa9c96a332273,mainnet,1,0x3f353d76ae89dc2c89dcd0426e7fa9c96a332273,source_found,sourcify-v2,200,contracts/DepositToken-mainnet-0x3f353d76ae89dc2c89dcd0426e7fa9c96a332273,DepositToken,0.6.12+commit.27d51765,Solidity,8,match,False,1,victim_trace,,21504557,,2026-08-24T10:05:49.104717+00:00
1:0x3f87b818f94f3cc21e47fd3bf015e8d8183a3e08,mainnet,1,0x3f87b818f94f3cc21e47fd3bf015e8d8183a3e08,source_found,sourcify-v2,200,contracts/VariableDebtToken-mainnet-0x3f87b818f94f3cc21e47fd3bf015e8d8183a3e08,VariableDebtToken,0.6.12+commit.27d51765,Solidity,18,exact_match,False,1,victim_trace,,21439930,,2026-08-24T10:05:49.150492+00:00
1:0x3fc2853a17818c4924ae89ae69779d18369d0d1c,mainnet,1,0x3fc2853a17818c4924ae89ae69779d18369d0d1c,source_found,sourcify-v2,200,contracts/ManagedValidator-mainnet-0x3fc2853a17818c4924ae89ae69779d18369d0d1c,ManagedValidator,0.8.25+commit.b61c2a91,Solidity,13,exact_match,False,1,victim_trace,,21508635,,2026-08-24T10:05:51.018889+00:00
1:0x3fc7afe83f794bc87cad51bbad8eb974b560135e,mainnet,1,0x3fc7afe83f794bc87cad51bbad8eb974b560135e,not_in_sourcify,sourcify-v2,404,,,,,0,,,12,victim_trace,,21313675;21335212;21348336;21352108;21398236;21410267;21410530;21442669;21471722;21500255;21501847;21508635,,2026-08-24T10:05:49.742209+00:00
1:0x3fc91a3afd70395cd496c647d5a6cc9d4b2b7fad,mainnet,1,0x3fc91a3afd70395cd496c647d5a6cc9d4b2b7fad,source_found,sourcify-v2,200,contracts/UniversalRouter-mainnet-0x3fc91a3afd70395cd496c647d5a6cc9d4b2b7fad,UniversalRouter,0.8.17+commit.8df45f5f,Solidity,46,exact_match,False,63,victim_top_level;victim_trace,,21304654;21307275;21307539;21308869;21311832;21317119;21317122;21317124;21317129;21320466;21322552;21323348;21330552;21332257;21332614;21333683;21337846;21342275;21342331;21342507;21348336;21349927;21352108;21355730;21361252;21361459;21363588;21376810;21378116;21379211;21380283;21381403;21381654;21381665;21396987;21398236;21415780;21421410;21422808;21422852;21424564;21429278;21434016;21439930;21449019;21454032;21454349;21454713;21460992;21462778;21467447;21471722;21475529;21481165;21482599;21485224;21487605;21493359;21495693;21495915;21502174;21502376;21508635,,2026-08-24T10:05:51.266852+00:00
1:0x3fe5e39c6109dc5cf339e47ccf49bdb808d37c7d,mainnet,1,0x3fe5e39c6109dc5cf339e47ccf49bdb808d37c7d,not_in_sourcify,sourcify-v2,404,,,,,0,,,1,victim_trace,,21311832,,2026-08-24T10:05:50.728646+00:00
1:0x3ffeea07a27fab7ad1df5297fa75e77a43cb5790,mainnet,1,0x3ffeea07a27fab7ad1df5297fa75e77a43cb5790,source_found,sourcify-v2,200,contracts/Token-mainnet-0x3ffeea07a27fab7ad1df5297fa75e77a43cb5790,Token,0.8.20+commit.a1b79de6,Solidity,1,match,False,1,shared_attack_victim_trace;victim_trace,,21381654,,2026-08-24T10:05:50.871952+00:00
1:0x40219bbda953ca811d2d0168dc806a96b84791d9,mainnet,1,0x40219bbda953ca811d2d0168dc806a96b84791d9,not_in_sourcify,sourcify-v2,404,,,,,0,,,1,victim_trace,,21447928,,2026-08-24T10:05:50.653769+00:00
1:0x402e8e0d61f1bae8b4b76c561df3bed0fb49cb9f,mainnet,1,0x402e8e0d61f1bae8b4b76c561df3bed0fb49cb9f,not_in_sourcify,sourcify-v2,404,,,,,0,,,1,victim_trace,,21447928,,2026-08-24T10:05:50.691182+00:00
1:0x408e41876cccdc0f92210600ef50372656052a38,mainnet,1,0x408e41876cccdc0f92210600ef50372656052a38,source_found,sourcify-v2,200,contracts/RepublicToken-mainnet-0x408e41876cccdc0f92210600ef50372656052a38,RepublicToken,0.4.19+commit.c4cbbb05,Solidity,1,match,False,1,shared_attack_victim_trace;victim_trace,,21333683,,2026-08-24T10:05:51.705594+00:00
1:0x40a2accbd92bca938b02010e17a5b8929b49130d,mainnet,1,0x40a2accbd92bca938b02010e17a5b8929b49130d,source_found,sourcify-v2,200,contracts/MultiSendCallOnly-mainnet-0x40a2accbd92bca938b02010e17a5b8929b49130d,MultiSendCallOnly,0.7.6+commit.7338295f,Solidity,43,exact_match,False,1,victim_trace,,21415780,,2026-08-24T10:05:52.472080+00:00
1:0x40aa958dd87fc8305b97f2ba922cddca374bcd7f,mainnet,1,0x40aa958dd87fc8305b97f2ba922cddca374bcd7f,source_found,sourcify-v2,200,contracts/TokenApprove-mainnet-0x40aa958dd87fc8305b97f2ba922cddca374bcd7f,TokenApprove,0.8.6+commit.11564f7e,Solidity,1,match,False,16,victim_trace,,21300863;21311832;21356992;21362910;21379211;21403029;21414148;21421410;21429278;21462778;21467447;21475088;21475529;21490278;21500255;21842016,,2026-08-24T10:05:51.853357+00:00
1:0x40aabef1aa8f0eec637e0e7d92fbffb2f26a8b7b,mainnet,1,0x40aabef1aa8f0eec637e0e7d92fbffb2f26a8b7b,source_found,sourcify-v2,200,contracts/InitializableImmutableAdminUpgradeabilityProxy-mainnet-0x40aabef1aa8f0eec637e0e7d92fbffb2f26a8b7b,InitializableImmutableAdminUpgradeabilityProxy,0.8.10+commit.fc410830,Solidity,6,exact_match,True,4,victim_trace,,21300863;21333683;21337846;21414148,,2026-08-24T10:05:52.850719+00:00
1:0x40d16fc0246ad3160ccc09b8d0d3a2cd28ae6c2f,mainnet,1,0x40d16fc0246ad3160ccc09b8d0d3a2cd28ae6c2f,source_found,sourcify-v2,200,contracts/GhoToken-mainnet-0x40d16fc0246ad3160ccc09b8d0d3a2cd28ae6c2f,GhoToken,0.8.10+commit.fc410830,Solidity,12,match,False,1,shared_attack_victim_trace;victim_trace,,21333683,,2026-08-24T10:05:53.530844+00:00
1:0x40fd72257597aa14c7231a7b1aaa29fce868f677,mainnet,1,0x40fd72257597aa14c7231a7b1aaa29fce868f677,source_found,sourcify-v2,200,contracts/SoraToken-mainnet-0x40fd72257597aa14c7231a7b1aaa29fce868f677,SoraToken,0.5.9+commit.e560f70d,Solidity,21,match,False,1,shared_attack_victim_trace;victim_trace,,21475529,,2026-08-24T10:05:54.553832+00:00
1:0x410b72ccfeacbb20a31785edaa358d25a07e143d,mainnet,1,0x410b72ccfeacbb20a31785edaa358d25a07e143d,source_found,sourcify-v2,200,contracts/V3Utils-mainnet-0x410b72ccfeacbb20a31785edaa358d25a07e143d,V3Utils,0.8.15+commit.e14f2714,Solidity,28,exact_match,False,2,victim_top_level;victim_trace,,21432830;21499181,,2026-08-24T10:05:54.372546+00:00
1:0x410f724847c92bc3cdacbcd4922f1d7833ec280a,mainnet,1,0x410f724847c92bc3cdacbcd4922f1d7833ec280a,source_found,sourcify-v2,200,contracts/SwitchEvent-mainnet-0x410f724847c92bc3cdacbcd4922f1d7833ec280a,SwitchEvent,0.8.9+commit.e5eed63a,Solidity,12,exact_match,False,1,victim_trace,,21356992,,2026-08-24T10:05:53.493297+00:00
1:0x411de17f12d1a34ecc7f45f49844626267c75e81,mainnet,1,0x411de17f12d1a34ecc7f45f49844626267c75e81,source_found,sourcify-v2,200,contracts/ARMProxy-mainnet-0x411de17f12d1a34ecc7f45f49844626267c75e81,ARMProxy,0.8.19+commit.7dd6d404,Solidity,11,match,False,1,victim_trace,,21502174,,2026-08-24T10:05:53.949453+00:00
1:0x41393e5e337606dc3821075af65aee84d7688cbd,mainnet,1,0x41393e5e337606dc3821075af65aee84d7688cbd,source_found,sourcify-v2,200,contracts/AaveProtocolDataProvider-mainnet-0x41393e5e337606dc3821075af65aee84d7688cbd,AaveProtocolDataProvider,0.8.20+commit.a1b79de6,Solidity,15,exact_match,False,2,victim_trace,,21337846;21494726,,2026-08-24T10:05:54.332983+00:00
1:0x4140ab4afc36b93270a9659bd8387660cc6509b5,mainnet,1,0x4140ab4afc36b93270a9659bd8387660cc6509b5,source_found,sourcify-v2,200,contracts/FeeCollector-mainnet-0x4140ab4afc36b93270a9659bd8387660cc6509b5,FeeCollector,0.8.10+commit.fc410830,Solidity,11,exact_match,False,1,victim_top_level;victim_trace,,21363588,,2026-08-24T10:05:54.075238+00:00
1:0x41675c099f32341bf84bfc5382af534df5c7461a,mainnet,1,0x41675c099f32341bf84bfc5382af534df5c7461a,source_found,sourcify-v2,200,contracts/Safe-mainnet-0x41675c099f32341bf84bfc5382af534df5c7461a,Safe,0.7.6+commit.7338295f,Solidity,16,exact_match,False,2,victim_trace,,21327219;21842172,,2026-08-24T10:05:55.692156+00:00
1:0x416f359564e32bfe9b755f7d829bd89db15fab40,mainnet,1,0x416f359564e32bfe9b755f7d829bd89db15fab40,source_found,sourcify-v2,200,contracts/UniswapV2Pair-mainnet-0x416f359564e32bfe9b755f7d829bd89db15fab40,UniswapV2Pair,0.5.16+commit.9c3226ce,Solidity,1,match,False,2,shared_attack_victim_trace;trading_pair;victim_trace,,21434016;21452745,,2026-08-24T10:05:55.659156+00:00
1:0x4177d19e4125213bdd8d82dbc1ca775799d18218,mainnet,1,0x4177d19e4125213bdd8d82dbc1ca775799d18218,source_found,sourcify-v2,200,contracts/UniswapV2Pair-mainnet-0x4177d19e4125213bdd8d82dbc1ca775799d18218,UniswapV2Pair,0.5.16+commit.9c3226ce,Solidity,1,match,False,2,shared_attack_victim_trace;trading_pair;victim_trace,,21307539;21433713,,2026-08-24T10:05:55.149506+00:00
1:0x41f50f520f5095fc8403df083285232b822611c3,mainnet,1,0x41f50f520f5095fc8403df083285232b822611c3,source_found,sourcify-v2,200,contracts/UniswapV2Pair-mainnet-0x41f50f520f5095fc8403df083285232b822611c3,UniswapV2Pair,0.5.16+commit.9c3226ce,Solidity,1,match,False,1,victim_trace,,21357582,,2026-08-24T10:05:55.458684+00:00
1:0x420110d74c4c3ea14043a09e81fad53e1932f54c,mainnet,1,0x420110d74c4c3ea14043a09e81fad53e1932f54c,source_found,sourcify-v2,200,contracts/GROGGO-mainnet-0x420110d74c4c3ea14043a09e81fad53e1932f54c,GROGGO,0.8.26+commit.8a97fa7a,Solidity,1,match,False,1,shared_attack_victim_trace;victim_trace,,21376810,,2026-08-24T10:05:55.842002+00:00
1:0x42069026eac8eee0fd9b5f7adfa4f6e6d69a2b39,mainnet,1,0x42069026eac8eee0fd9b5f7adfa4f6e6d69a2b39,source_found,sourcify-v2,200,contracts/MSTR2100-mainnet-0x42069026eac8eee0fd9b5f7adfa4f6e6d69a2b39,MSTR2100,0.8.23+commit.f704f362,Solidity,1,match,False,1,shared_attack_victim_trace;victim_trace,,21428934,,2026-08-24T10:05:55.909568+00:00
1:0x4206931337dc273a630d328da6441786bfad668f,mainnet,1,0x4206931337dc273a630d328da6441786bfad668f,source_found,sourcify-v2,200,contracts/Dogecoin-mainnet-0x4206931337dc273a630d328da6441786bfad668f,Dogecoin,0.8.0+commit.c7dfd78e,Solidity,8,match,False,1,shared_attack_victim_trace;victim_trace,,21356992,,2026-08-24T10:05:57.014057+00:00
1:0x42069a6229b5956b4f4c4eebc7a129d5e394bf69,mainnet,1,0x42069a6229b5956b4f4c4eebc7a129d5e394bf69,source_found,sourcify-v2,200,contracts/MBS-mainnet-0x42069a6229b5956b4f4c4eebc7a129d5e394bf69,MBS,0.8.23+commit.f704f362,Solidity,1,match,False,1,shared_attack_victim_trace;victim_trace,,21311832,,2026-08-24T10:05:56.434651+00:00
1:0x421b05cf5ce28cb7347e73e2278e84472f0e4a88,mainnet,1,0x421b05cf5ce28cb7347e73e2278e84472f0e4a88,source_found,sourcify-v2,200,contracts/SENTIO-mainnet-0x421b05cf5ce28cb7347e73e2278e84472f0e4a88,SENTIO,0.8.19+commit.7dd6d404,Solidity,1,match,False,2,shared_attack_victim_trace;victim_trace,,21487605;21495915,,2026-08-24T10:05:57.344078+00:00
1:0x42488962d23b2f7c63476f99514ab07d6745f49b,mainnet,1,0x42488962d23b2f7c63476f99514ab07d6745f49b,not_in_sourcify,sourcify-v2,404,,,,,0,,,1,victim_trace,,21413153,,2026-08-24T10:05:56.745058+00:00
1:0x42699e483c5baa8e9aad5f7d804127c034a0328f,mainnet,1,0x42699e483c5baa8e9aad5f7d804127c034a0328f,source_found,sourcify-v2,200,contracts/AutopoolToken-mainnet-0x42699e483c5baa8e9aad5f7d804127c034a0328f,AutopoolToken,0.8.17+commit.8df45f5f,Solidity,5,match,False,2,victim_trace,,21447928;21504557,,2026-08-24T10:05:57.140879+00:00
1:0x427ada9c1d660512b164269dda8feb4175a4b3b7,mainnet,1,0x427ada9c1d660512b164269dda8feb4175a4b3b7,not_in_sourcify,sourcify-v2,404,,,,,0,,,4,victim_trace,,21325864;21342331;21428934;21442669,,2026-08-24T10:05:56.695960+00:00
1:0x4298e4ad48be89bf63a6fdc470a4b4fe9ce633b1,mainnet,1,0x4298e4ad48be89bf63a6fdc470a4b4fe9ce633b1,source_found,sourcify-v2,200,contracts/Neiro-mainnet-0x4298e4ad48be89bf63a6fdc470a4b4fe9ce633b1,Neiro,0.8.25+commit.b61c2a91,Solidity,1,match,False,1,shared_attack_victim_trace;victim_trace,,21502174,,2026-08-24T10:05:57.777038+00:00
1:0x42a03f81dd8a1cecd746dc262e4d1cd9fd39f777,mainnet,1,0x42a03f81dd8a1cecd746dc262e4d1cd9fd39f777,source_found,sourcify-v2,200,contracts/FixedPriceOracle-mainnet-0x42a03f81dd8a1cecd746dc262e4d1cd9fd39f777,FixedPriceOracle,0.8.20+commit.a1b79de6,Solidity,1,exact_match,False,1,victim_trace,,21322552,,2026-08-24T10:05:57.652644+00:00
1:0x42a79d4ddde00955d15bb18b7983388c16012e61,mainnet,1,0x42a79d4ddde00955d15bb18b7983388c16012e61,source_found,sourcify-v2,200,contracts/AGX-mainnet-0x42a79d4ddde00955d15bb18b7983388c16012e61,AGX,0.8.28+commit.7893614a,Solidity,1,match,False,1,shared_attack_victim_trace;victim_trace,,21396987,,2026-08-24T10:05:58.810777+00:00
1:0x42cf18596ee08e877d532df1b7cf763059a7ea57,mainnet,1,0x42cf18596ee08e877d532df1b7cf763059a7ea57,not_in_sourcify,sourcify-v2,404,,,,,0,,,1,victim_trace,,21300863,,2026-08-24T10:05:57.701772+00:00
1:0x430ef9263e76dae63c84292c3409d61c598e9682,mainnet,1,0x430ef9263e76dae63c84292c3409d61c598e9682,source_found,sourcify-v2,200,contracts/PYRToken-mainnet-0x430ef9263e76dae63c84292c3409d61c598e9682,PYRToken,0.5.17+commit.d19bba13,Solidity,1,match,False,1,shared_attack_victim_trace;victim_trace,,21361459,,2026-08-24T10:05:58.521829+00:00
1:0x4313c378cc91ea583c91387b9216e2c03096b27f,mainnet,1,0x4313c378cc91ea583c91387b9216e2c03096b27f,source_found,sourcify-v2,200,contracts/TransparentUpgradeableProxy-mainnet-0x4313c378cc91ea583c91387b9216e2c03096b27f,TransparentUpgradeableProxy,0.8.9+commit.e5eed63a,Solidity,14,exact_match,True,1,victim_top_level;victim_trace,,21398236,,2026-08-24T10:05:58.552665+00:00
1:0x4347b972898b2fd780adbdaa29b4a5160a9f4fe5,mainnet,1,0x4347b972898b2fd780adbdaa29b4a5160a9f4fe5,not_in_sourcify,sourcify-v2,404,,,,,0,,,2,victim_trace,,21842016;21842172,,2026-08-24T10:05:58.908029+00:00
1:0x43506849d7c04f9138d1a2050bbf3a0c054402dd,mainnet,1,0x43506849d7c04f9138d1a2050bbf3a0c054402dd,source_found,sourcify-v2,200,contracts/FiatTokenV2_2-mainnet-0x43506849d7c04f9138d1a2050bbf3a0c054402dd,FiatTokenV2_2,0.6.12+commit.27d51765,Solidity,23,match,False,67,shared_attack_victim_trace;victim_trace,,21300107;21300863;21301621;21304654;21304987;21307275;21307539;21309126;21311832;21313468;21313675;21320028;21323348;21325864;21332614;21333683;21335212;21337846;21348336;21355730;21362910;21363251;21371100;21373643;21376810;21377018;21381403;21381665;21392828;21396987;21401763;21410530;21413153;21414148;21415780;21415913;21421410;21424564;21428934;21433713;21439930;21442409;21449019;21454032;21454349;21460192;21460992;21462778;21464031;21467447;21471722;21475088;21475529;21481165;21485274;21490278;21493359;21494726;21495693;21495915;21499181;21500255;21501469;21502174;21502376;21508635;21842016,,2026-08-24T10:06:00.842115+00:00
1:0x4353e181c13f7e970f24016a0762c1af271350ba,mainnet,1,0x4353e181c13f7e970f24016a0762c1af271350ba,not_in_sourcify,sourcify-v2,404,,,,,0,,,2,victim_trace,,21447928;21504557,,2026-08-24T10:05:58.947671+00:00
1:0x435664008f38b0650fbc1c9fc971d0a3bc2f1e47,mainnet,1,0x435664008f38b0650fbc1c9fc971d0a3bc2f1e47,source_found,sourcify-v2,200,contracts/UniswapV3Pool-mainnet-0x435664008f38b0650fbc1c9fc971d0a3bc2f1e47,UniswapV3Pool,0.7.6+commit.7338295f,Solidity,96,match,False,1,shared_attack_victim_trace;trading_pair;victim_trace,,21510296,,2026-08-24T10:06:02.824721+00:00
1:0x4364fd2371b6318159366abfa51f190df5c24852,mainnet,1,0x4364fd2371b6318159366abfa51f190df5c24852,source_found,sourcify-v2,200,contracts/MorphoTokenEthereum-mainnet-0x4364fd2371b6318159366abfa51f190df5c24852,MorphoTokenEthereum,0.8.27+commit.40a35a09,Solidity,31,exact_match,False,1,victim_trace,,21500255,,2026-08-24T10:06:02.120131+00:00
1:0x4370d3b6c9588e02ce9d22e684387859c7ff5b34,mainnet,1,0x4370d3b6c9588e02ce9d22e684387859c7ff5b34,source_found,sourcify-v2,200,contracts/InitializableAdminUpgradeabilityProxy-mainnet-0x4370d3b6c9588e02ce9d22e684387859c7ff5b34,InitializableAdminUpgradeabilityProxy,0.8.10+commit.fc410830,Solidity,7,exact_match,True,1,victim_trace,,21322552,,2026-08-24T10:06:01.075369+00:00
1:0x4394595b7381a001faa6a76cf47f4b9a04bf31a0,mainnet,1,0x4394595b7381a001faa6a76cf47f4b9a04bf31a0,source_found,sourcify-v2,200,contracts/AccessControlledOCR2Aggregator-mainnet-0x4394595b7381a001faa6a76cf47f4b9a04bf31a0,AccessControlledOCR2Aggregator,0.8.19+commit.7dd6d404,Solidity,18,exact_match,False,1,victim_trace,,21471722,,2026-08-24T10:06:02.263730+00:00
1:0x43ed69d9aa0b7735703f1da2057e619dbbb4b078,mainnet,1,0x43ed69d9aa0b7735703f1da2057e619dbbb4b078,not_in_sourcify,sourcify-v2,404,,,,,0,,,1,victim_trace,,21420609,,2026-08-24T10:06:00.184195+00:00
1:0x44108f0223a3c3028f5fe7aec7f9bb2e66bef82f,mainnet,1,0x44108f0223a3c3028f5fe7aec7f9bb2e66bef82f,source_found,sourcify-v2,200,contracts/AcrossToken-mainnet-0x44108f0223a3c3028f5fe7aec7f9bb2e66bef82f,AcrossToken,0.8.17+commit.8df45f5f,Solidity,6,exact_match,False,1,shared_attack_victim_trace;victim_trace,,21342507,,2026-08-24T10:06:01.716127+00:00
1:0x442f8fc98e3cc6b3d49a66f9858ac9b6e70dad3e,mainnet,1,0x442f8fc98e3cc6b3d49a66f9858ac9b6e70dad3e,source_found,sourcify-v2,200,contracts/FiatCollateral-mainnet-0x442f8fc98e3cc6b3d49a66f9858ac9b6e70dad3e,FiatCollateral,0.8.19+commit.7dd6d404,Solidity,32,exact_match,False,1,victim_trace,,21471722,,2026-08-24T10:06:02.873114+00:00
1:0x444ff616a6440b3ba06ab7224e75767c066a7354,mainnet,1,0x444ff616a6440b3ba06ab7224e75767c066a7354,not_in_sourcify,sourcify-v2,404,,,,,0,,,1,victim_trace,,21413153,,2026-08-24T10:06:01.474584+00:00
1:0x44723dd03fa26c3059455ce4743c52275981b22b,mainnet,1,0x44723dd03fa26c3059455ce4743c52275981b22b,source_found,sourcify-v2,200,contracts/UniswapV3Pool-mainnet-0x44723dd03fa26c3059455ce4743c52275981b22b,UniswapV3Pool,0.7.6+commit.7338295f,Solidity,96,match,False,1,victim_trace,,21311832,,2026-08-24T10:06:05.336949+00:00
1:0x44a6999ec971cfca458aff25a808f272f6d492a2,mainnet,1,0x44a6999ec971cfca458aff25a808f272f6d492a2,source_found,sourcify-v2,200,contracts/TransformERC20Feature-mainnet-0x44a6999ec971cfca458aff25a808f272f6d492a2,TransformERC20Feature,0.6.12+commit.27d51765,Solidity,28,exact_match,False,11,victim_trace,,21302398;21313675;21320028;21333683;21337846;21338761;21357447;21380283;21452745;21495915;21515974,,2026-08-24T10:06:03.424264+00:00
1:0x44fb5418033fa4e9a3e003b3f9b0eca0283d88a6,mainnet,1,0x44fb5418033fa4e9a3e003b3f9b0eca0283d88a6,not_in_sourcify,sourcify-v2,404,,,,,0,,,1,victim_trace,,21381654,,2026-08-24T10:06:03.565446+00:00
1:0x45030f6c588d17bbf07318eb49aabab3effb63bd,mainnet,1,0x45030f6c588d17bbf07318eb49aabab3effb63bd,source_found,sourcify-v2,200,contracts/BalanceSheet-mainnet-0x45030f6c588d17bbf07318eb49aabab3effb63bd,BalanceSheet,0.4.24+commit.e67f0147,Solidity,1,match,False,1,victim_trace,,21363251,,2026-08-24T10:06:03.726477+00:00
1:0x45094aa27035203659ae9970ca17217c9232c656,mainnet,1,0x45094aa27035203659ae9970ca17217c9232c656,not_in_sourcify,sourcify-v2,404,,,,,0,,,1,victim_trace,,21342275,,2026-08-24T10:06:02.820937+00:00
1:0x453722ca9dd2dc97ff7d95ebb2e3ce7cc69170f1,mainnet,1,0x453722ca9dd2dc97ff7d95ebb2e3ce7cc69170f1,source_found,sourcify-v2,200,contracts/StakingProxyConvex-mainnet-0x453722ca9dd2dc97ff7d95ebb2e3ce7cc69170f1,StakingProxyConvex,0.8.10+commit.fc410830,Solidity,13,match,False,1,victim_trace,,21304987,,2026-08-24T10:06:04.164405+00:00
1:0x454954e9afc59fad90ae04068691304d2f5e249f,mainnet,1,0x454954e9afc59fad90ae04068691304d2f5e249f,source_found,sourcify-v2,200,contracts/UniswapV2Pair-mainnet-0x454954e9afc59fad90ae04068691304d2f5e249f,UniswapV2Pair,0.5.16+commit.9c3226ce,Solidity,1,match,False,2,shared_attack_victim_trace;trading_pair;victim_trace,,21381665;21501847,,2026-08-24T10:06:05.056595+00:00
1:0x454de802bd573cc5884b53bcd176ca460bd5c04e,mainnet,1,0x454de802bd573cc5884b53bcd176ca460bd5c04e,source_found,sourcify-v2,200,contracts/Time-mainnet-0x454de802bd573cc5884b53bcd176ca460bd5c04e,Time,0.8.27+commit.40a35a09,Solidity,1,match,False,1,victim_trace,,21330552,,2026-08-24T10:06:04.636855+00:00
1:0x456ac26e5ec083ee9889eba0d1a0a582502b8e84,mainnet,1,0x456ac26e5ec083ee9889eba0d1a0a582502b8e84,source_found,blockscout-v2-fallback,200,contracts/Ethereum_SpokePool-mainnet-0x456ac26e5ec083ee9889eba0d1a0a582502b8e84,Ethereum_SpokePool,v0.8.30+commit.73712a01,solidity,55,blockscout_verified,False,4,proxy_implementation,,,,2026-08-24T10:16:18.123777+00:00
1:0x4585fe77225b41b697c938b018e2ac67ac5a20c0,mainnet,1,0x4585fe77225b41b697c938b018e2ac67ac5a20c0,source_found,sourcify-v2,200,contracts/UniswapV3Pool-mainnet-0x4585fe77225b41b697c938b018e2ac67ac5a20c0,UniswapV3Pool,0.7.6+commit.7338295f,Solidity,96,match,False,8,shared_attack_victim_trace;trading_pair;victim_trace,,21300863;21322741;21337846;21348336;21373643;21414148;21475529;21499181,,2026-08-24T10:06:06.971207+00:00
1:0x458797a320e6313c980c2bc7d270466a6288a8bb,mainnet,1,0x458797a320e6313c980c2bc7d270466a6288a8bb,source_found,sourcify-v2,200,contracts/TellerWithMultiAssetSupport-mainnet-0x458797a320e6313c980c2bc7d270466a6288a8bb,TellerWithMultiAssetSupport,0.8.21+commit.d9974bed,Solidity,19,exact_match,False,1,victim_trace,,21362910,,2026-08-24T10:16:20.480660+00:00
1:0x4638b34955c66e28c8261b23d38bc125d24a4e1b,mainnet,1,0x4638b34955c66e28c8261b23d38bc125d24a4e1b,source_found,sourcify-v2,200,contracts/SwapRouter-mainnet-0x4638b34955c66e28c8261b23d38bc125d24a4e1b,SwapRouter,0.7.6+commit.7338295f,Solidity,34,match,False,1,victim_top_level;victim_trace,,21490278,,2026-08-24T10:16:20.632325+00:00
1:0x464b38485025b2de7fb225484fe54dd7931b11b4,mainnet,1,0x464b38485025b2de7fb225484fe54dd7931b11b4,source_found,sourcify-v2,200,contracts/ComptrollerProxy-mainnet-0x464b38485025b2de7fb225484fe54dd7931b11b4,ComptrollerProxy,0.6.12+commit.27d51765,Solidity,2,exact_match,True,1,victim_top_level;victim_trace,,21493359,,2026-08-24T10:16:20.446802+00:00
1:0x467bccd9d29f223bce8043b84e8c8b282827790f,mainnet,1,0x467bccd9d29f223bce8043b84e8c8b282827790f,source_found,sourcify-v2,200,contracts/Telcoin-mainnet-0x467bccd9d29f223bce8043b84e8c8b282827790f,Telcoin,0.4.18+commit.9cf6e910,Solidity,1,match,False,2,shared_attack_victim_trace;victim_trace,,21323348;21338761,,2026-08-24T10:16:21.142319+00:00
1:0x468795e031c173942c9387aed0a302e26bdd0460,mainnet,1,0x468795e031c173942c9387aed0a302e26bdd0460,source_found,sourcify-v2,200,contracts/UniswapV2Pair-mainnet-0x468795e031c173942c9387aed0a302e26bdd0460,UniswapV2Pair,0.5.16+commit.9c3226ce,Solidity,1,match,False,2,shared_attack_victim_trace;trading_pair;victim_trace,,21487605;21495915,,2026-08-24T10:16:23.170723+00:00
1:0x4691937a7508860f876c9c0a2a617e7d9e945d4b,mainnet,1,0x4691937a7508860f876c9c0a2a617e7d9e945d4b,source_found,sourcify-v2,200,contracts/WootradeNetwork-mainnet-0x4691937a7508860f876c9c0a2a617e7d9e945d4b,WootradeNetwork,0.4.18+commit.9cf6e910,Solidity,1,match,False,1,shared_attack_victim_trace;victim_trace,,21349927,,2026-08-24T10:16:22.454854+00:00
1:0x46a8a9cf4fc8e99ec3a14558acabc1d93a27de68,mainnet,1,0x46a8a9cf4fc8e99ec3a14558acabc1d93a27de68,source_found,sourcify-v2,200,contracts/Vyper_contract-mainnet-0x46a8a9cf4fc8e99ec3a14558acabc1d93a27de68,Vyper_contract,0.3.4+commit.f31f0ec4,Vyper,1,match,False,1,victim_trace,,21504557,,2026-08-24T10:16:23.381662+00:00
1:0x46affe1b4f3fc41581fd20fbaf055daeab80a8b5,mainnet,1,0x46affe1b4f3fc41581fd20fbaf055daeab80a8b5,not_in_sourcify,sourcify-v2,404,,,,,0,,,1,victim_trace,,21317106,,2026-08-24T10:16:23.544878+00:00
1:0x46ef0071b1e2ff6b42d36e5a177ea43ae5917f4e,mainnet,1,0x46ef0071b1e2ff6b42d36e5a177ea43ae5917f4e,source_found,sourcify-v2,200,contracts/Chronicle_ETH_USD_3-mainnet-0x46ef0071b1e2ff6b42d36e5a177ea43ae5917f4e,Chronicle_ETH_USD_3,0.8.16+commit.07a7930e,Solidity,11,exact_match,False,1,victim_trace,,21322552,,2026-08-24T10:06:26.443633+00:00
1:0x46f6989bf91cc475b80766cab04dbff7f85a12a7,mainnet,1,0x46f6989bf91cc475b80766cab04dbff7f85a12a7,not_in_sourcify,sourcify-v2,404,,,,,0,,,1,victim_trace,,21355730,,2026-08-24T10:06:22.335752+00:00
1:0x470dc172d6502ac930b59322ece5345dd456a03d,mainnet,1,0x470dc172d6502ac930b59322ece5345dd456a03d,source_found,sourcify-v2,200,contracts/UniswapV2Pair-mainnet-0x470dc172d6502ac930b59322ece5345dd456a03d,UniswapV2Pair,0.5.16+commit.9c3226ce,Solidity,1,match,False,2,shared_attack_victim_trace;trading_pair;victim_trace,,21342331;21429278,,2026-08-24T10:06:23.722913+00:00
1:0x47103a9b801eb6a63555897d399e4b7c1c8eb5bc,mainnet,1,0x47103a9b801eb6a63555897d399e4b7c1c8eb5bc,source_found,sourcify-v2,200,contracts/Starknet-mainnet-0x47103a9b801eb6a63555897d399e4b7c1c8eb5bc,Starknet,0.8.24+commit.e11b9ed9,Solidity,21,match,False,1,victim_trace,,21325864,,2026-08-24T10:06:25.443942+00:00
1:0x47270ca9a3cdf198d26a847b577e9bbdd96a082a,mainnet,1,0x47270ca9a3cdf198d26a847b577e9bbdd96a082a,source_found,sourcify-v2,200,contracts/UniswapV2Pair-mainnet-0x47270ca9a3cdf198d26a847b577e9bbdd96a082a,UniswapV2Pair,0.5.16+commit.9c3226ce,Solidity,1,match,False,2,shared_attack_victim_trace;trading_pair;victim_trace,,21380283;21401763,,2026-08-24T10:06:22.442450+00:00
1:0x475f433407205557e8a7aee7be53155eb9681c92,mainnet,1,0x475f433407205557e8a7aee7be53155eb9681c92,source_found,sourcify-v2,200,contracts/TxSaverExecutor-mainnet-0x475f433407205557e8a7aee7be53155eb9681c92,TxSaverExecutor,0.8.24+commit.e11b9ed9,Solidity,1,match,False,10,victim_trace,,21307275;21313468;21322552;21337846;21348336;21352108;21363251;21410530;21432613;21494726,,2026-08-24T10:06:22.568806+00:00
1:0x47d74516b33ed5d70dde7119a40839f6fcc24e57,mainnet,1,0x47d74516b33ed5d70dde7119a40839f6fcc24e57,source_found,sourcify-v2,200,contracts/ERC1967Proxy-mainnet-0x47d74516b33ed5d70dde7119a40839f6fcc24e57,ERC1967Proxy,0.8.17+commit.8df45f5f,Solidity,7,exact_match,True,1,victim_trace,,21325864,,2026-08-24T10:06:23.313296+00:00
1:0x47edbf72b357fe0556f431609a90d065d594c1eb,mainnet,1,0x47edbf72b357fe0556f431609a90d065d594c1eb,source_found,sourcify-v2,200,contracts/V3Automation-mainnet-0x47edbf72b357fe0556f431609a90d065d594c1eb,V3Automation,0.8.15+commit.e14f2714,Solidity,30,exact_match,False,1,victim_top_level;victim_trace,,21500255,,2026-08-24T10:06:23.658895+00:00
1:0x47fb2585d2c56fe188d0e6ec628a38b74fceeedf,mainnet,1,0x47fb2585d2c56fe188d0e6ec628a38b74fceeedf,source_found,sourcify-v2,200,contracts/FeedRegistry-mainnet-0x47fb2585d2c56fe188d0e6ec628a38b74fceeedf,FeedRegistry,0.7.6+commit.7338295f,Solidity,20,exact_match,False,1,victim_trace,,21322552,,2026-08-24T10:06:25.375283+00:00
1:0x480bec236e3d3ae33789908bf024850b2fe71258,mainnet,1,0x480bec236e3d3ae33789908bf024850b2fe71258,source_found,sourcify-v2,200,contracts/SuperRBAC-mainnet-0x480bec236e3d3ae33789908bf024850b2fe71258,SuperRBAC,0.8.23+commit.f704f362,Solidity,15,exact_match,False,1,victim_trace,,21392828,,2026-08-24T10:06:25.197727+00:00
1:0x4819ac09e4619748b1cdf657283a948731fa6ab6,mainnet,1,0x4819ac09e4619748b1cdf657283a948731fa6ab6,source_found,sourcify-v2,200,contracts/VaultProxy-mainnet-0x4819ac09e4619748b1cdf657283a948731fa6ab6,VaultProxy,0.6.12+commit.27d51765,Solidity,138,exact_match,True,1,victim_trace,,21332614,,2026-08-24T10:06:26.267619+00:00
1:0x483536fbef61d80b498ab6604891200352d1c581,mainnet,1,0x483536fbef61d80b498ab6604891200352d1c581,source_found,sourcify-v2,200,contracts/UniswapV3Module-mainnet-0x483536fbef61d80b498ab6604891200352d1c581,UniswapV3Module,0.8.7+commit.e28d00a7,Solidity,10,match,False,1,victim_trace,,21377018,,2026-08-24T10:06:25.597734+00:00
1:0x487543ea98a41f9230a6c78e6fe6e93d66bad230,mainnet,1,0x487543ea98a41f9230a6c78e6fe6e93d66bad230,not_in_sourcify,sourcify-v2,404,,,,,0,,,1,victim_trace,,21413153,,2026-08-24T10:06:24.760861+00:00
1:0x48bf52fc96fb5c17dd780a8c5396abc2c9974fda,mainnet,1,0x48bf52fc96fb5c17dd780a8c5396abc2c9974fda,source_found,sourcify-v2,200,contracts/SmolRefuel-mainnet-0x48bf52fc96fb5c17dd780a8c5396abc2c9974fda,SmolRefuel,0.8.18+commit.87f61d96,Solidity,19,exact_match,False,1,victim_top_level;victim_trace,,21415913,,2026-08-24T10:06:26.323624+00:00
1:0x48da0965ab2d2cbf1c17c09cfb5cbe67ad5b1406,mainnet,1,0x48da0965ab2d2cbf1c17c09cfb5cbe67ad5b1406,source_found,sourcify-v2,200,contracts/UniswapV3Pool-mainnet-0x48da0965ab2d2cbf1c17c09cfb5cbe67ad5b1406,UniswapV3Pool,0.7.6+commit.7338295f,Solidity,96,match,False,4,victim_trace,,21313468;21352108;21363251;21422852,,2026-08-24T10:06:29.087055+00:00
1:0x48dcf75ea18233ba947e4480dcd70594720449c1,mainnet,1,0x48dcf75ea18233ba947e4480dcd70594720449c1,source_found,sourcify-v2,200,contracts/Ethereum_SpokePool-mainnet-0x48dcf75ea18233ba947e4480dcd70594720449c1,Ethereum_SpokePool,0.8.23+commit.f704f362,Solidity,37,exact_match,False,4,victim_trace,,21311832;21434016;21475088;21495693,,2026-08-24T10:06:29.222271+00:00
1:0x490e0e6255bf65b43e2e02f7acb783c5e04572ff,mainnet,1,0x490e0e6255bf65b43e2e02f7acb783c5e04572ff,source_found,sourcify-v2,200,contracts/InitializableImmutableAdminUpgradeabilityProxy-mainnet-0x490e0e6255bf65b43e2e02f7acb783c5e04572ff,InitializableImmutableAdminUpgradeabilityProxy,0.8.19+commit.7dd6d404,Solidity,12,match,True,1,victim_trace,,21494726,,2026-08-24T10:06:27.460079+00:00
1:0x4955f6641bf9c8c163604c321f4b36e988698f75,mainnet,1,0x4955f6641bf9c8c163604c321f4b36e988698f75,source_found,sourcify-v2,200,contracts/Contract-mainnet-0x4955f6641bf9c8c163604c321f4b36e988698f75,Contract,0.8.23+commit.f704f362,Solidity,1,match,False,2,shared_attack_victim_trace;victim_trace,,21460992;21462778,,2026-08-24T10:06:27.232277+00:00
1:0x498498fa386ef2860e7abf8c60254580c8c41ec5,mainnet,1,0x498498fa386ef2860e7abf8c60254580c8c41ec5,source_found,sourcify-v2,200,contracts/UniswapV3Pool-mainnet-0x498498fa386ef2860e7abf8c60254580c8c41ec5,UniswapV3Pool,0.7.6+commit.7338295f,Solidity,96,match,False,1,shared_attack_victim_trace;trading_pair;victim_trace,,21376810,,2026-08-24T10:06:29.629539+00:00
1:0x4987bb0168d9195e82cad4fab3b54ed043aaa5c7,mainnet,1,0x4987bb0168d9195e82cad4fab3b54ed043aaa5c7,not_in_sourcify,sourcify-v2,404,,,,,0,,,1,victim_trace,,21434016,,2026-08-24T10:06:28.174051+00:00
1:0x499b654b0a7f9979cc315190c09ca2633809b8df,mainnet,1,0x499b654b0a7f9979cc315190c09ca2633809b8df,source_found,sourcify-v2,200,contracts/BillNftProxy-mainnet-0x499b654b0a7f9979cc315190c09ca2633809b8df,BillNftProxy,0.8.17+commit.8df45f5f,Solidity,10,exact_match,True,1,victim_trace,,21442409,,2026-08-24T10:06:27.860611+00:00
1:0x49c46f7f88110cca234ef27cd664510f7bbf5998,mainnet,1,0x49c46f7f88110cca234ef27cd664510f7bbf5998,source_found,sourcify-v2,200,contracts/BackwardCompatibilityFacet-mainnet-0x49c46f7f88110cca234ef27cd664510f7bbf5998,BackwardCompatibilityFacet,0.8.22+commit.4fc1097e,Solidity,2,match,False,10,victim_trace,,21300107;21300863;21333683;21357447;21357582;21373643;21414148;21439930;21442669;21454349,,2026-08-24T10:06:28.371517+00:00
1:0x49c7b39a2e01869d39548f232f9b1586da8ef9c2,mainnet,1,0x49c7b39a2e01869d39548f232f9b1586da8ef9c2,source_found,sourcify-v2,200,contracts/SettersGovernor-mainnet-0x49c7b39a2e01869d39548f232f9b1586da8ef9c2,SettersGovernor,0.8.22+commit.4fc1097e,Solidity,31,exact_match,False,1,proxy_implementation,SettersGovernor,,,2026-08-24T10:16:27.070132+00:00
1:0x4a03ce0a268951d04e187b1cf48075ee69266e27,mainnet,1,0x4a03ce0a268951d04e187b1cf48075ee69266e27,source_found,sourcify-v2,200,contracts/ActionSwapYTV3-mainnet-0x4a03ce0a268951d04e187b1cf48075ee69266e27,ActionSwapYTV3,0.8.28+commit.7893614a,Solidity,32,exact_match,False,1,victim_trace,,21508635,,2026-08-24T10:06:29.505148+00:00
1:0x4a220e6096b25eadb88358cb44068a3248254675,mainnet,1,0x4a220e6096b25eadb88358cb44068a3248254675,source_found,sourcify-v2,200,contracts/StandardToken-mainnet-0x4a220e6096b25eadb88358cb44068a3248254675,StandardToken,0.4.21+commit.dfe3193c,Solidity,1,match,False,2,shared_attack_victim_trace;victim_trace,,21323348;21377018,,2026-08-24T10:06:28.526260+00:00
1:0x4a3411ac2948b33c69666b35cc6d055b27ea84f1,mainnet,1,0x4a3411ac2948b33c69666b35cc6d055b27ea84f1,source_found,sourcify-v2,200,contracts/AccessControlledOCR2Aggregator-mainnet-0x4a3411ac2948b33c69666b35cc6d055b27ea84f1,AccessControlledOCR2Aggregator,0.8.19+commit.7dd6d404,Solidity,18,exact_match,False,7,victim_trace,,21300863;21333683;21335212;21357582;21373643;21414148;21494726,,2026-08-24T10:06:30.956682+00:00
1:0x4a53301fe213eca70f904cd3766c07db3a621bf8,mainnet,1,0x4a53301fe213eca70f904cd3766c07db3a621bf8,source_found,sourcify-v2,200,contracts/ExtraRewardStashV3-mainnet-0x4a53301fe213eca70f904cd3766c07db3a621bf8,ExtraRewardStashV3,0.6.12+commit.27d51765,Solidity,42,exact_match,False,1,victim_trace,,21447928,,2026-08-24T10:06:31.734031+00:00
1:0x4a8036efa1307f1ca82d932c0895faa18db0c9ee,mainnet,1,0x4a8036efa1307f1ca82d932c0895faa18db0c9ee,source_found,sourcify-v2,200,contracts/PendleYieldToken-mainnet-0x4a8036efa1307f1ca82d932c0895faa18db0c9ee,PendleYieldToken,0.8.24+commit.e11b9ed9,Solidity,23,exact_match,False,1,victim_trace,,21510296,,2026-08-24T10:06:31.198530+00:00
1:0x4ab6702b3ed3877e9b1f203f90cbef13d663b0e8,mainnet,1,0x4ab6702b3ed3877e9b1f203f90cbef13d663b0e8,source_found,sourcify-v2,200,contracts/PancakePair-mainnet-0x4ab6702b3ed3877e9b1f203f90cbef13d663b0e8,PancakePair,0.5.16+commit.9c3226ce,Solidity,1,exact_match,False,1,victim_trace,,21460192,,2026-08-24T10:06:31.066294+00:00
1:0x4b6a3c2cadef8a80ed7ae0af1047725be451f800,mainnet,1,0x4b6a3c2cadef8a80ed7ae0af1047725be451f800,not_in_sourcify,sourcify-v2,404,,,,,0,,,1,victim_trace,,21304987,,2026-08-24T10:06:29.805033+00:00
1:0x4bd5db10b4188b484696833868b91713a8c5bcb9,mainnet,1,0x4bd5db10b4188b484696833868b91713a8c5bcb9,source_found,sourcify-v2,200,contracts/GnosisSafeProxy-mainnet-0x4bd5db10b4188b484696833868b91713a8c5bcb9,GnosisSafeProxy,0.7.6+commit.7338295f,Solidity,1,match,True,1,victim_top_level;victim_trace,,21414148,,2026-08-24T10:06:30.917598+00:00
1:0x4c083084c9d50334b343c44ec97d16011303cc73,mainnet,1,0x4c083084c9d50334b343c44ec97d16011303cc73,source_found,sourcify-v2,200,contracts/UniswapV2Pair-mainnet-0x4c083084c9d50334b343c44ec97d16011303cc73,UniswapV2Pair,0.5.16+commit.9c3226ce,Solidity,1,match,False,1,victim_trace,,21464031,,2026-08-24T10:06:31.016574+00:00
1:0x4c0b21acb267f1fae4aefa977a26c4a63c9b35e6,mainnet,1,0x4c0b21acb267f1fae4aefa977a26c4a63c9b35e6,source_found,sourcify-v2,200,contracts/FiatCollateral-mainnet-0x4c0b21acb267f1fae4aefa977a26c4a63c9b35e6,FiatCollateral,0.8.19+commit.7dd6d404,Solidity,32,exact_match,False,1,victim_trace,,21471722,,2026-08-24T10:06:32.633900+00:00
1:0x4c2df47874a1d3eb46318509b0cec2a5f3502477,mainnet,1,0x4c2df47874a1d3eb46318509b0cec2a5f3502477,source_found,sourcify-v2,200,contracts/SafeProxy-mainnet-0x4c2df47874a1d3eb46318509b0cec2a5f3502477,SafeProxy,0.7.6+commit.7338295f,Solidity,1,exact_match,True,1,victim_top_level;victim_trace,,21327219,,2026-08-24T10:06:32.378589+00:00
1:0x4c38ec4d1d2068540dfc11dfa4de41f733ddf812,mainnet,1,0x4c38ec4d1d2068540dfc11dfa4de41f733ddf812,source_found,sourcify-v2,200,contracts/GhoDiscountRateStrategy-mainnet-0x4c38ec4d1d2068540dfc11dfa4de41f733ddf812,GhoDiscountRateStrategy,0.8.10+commit.fc410830,Solidity,3,match,False,1,victim_trace,,21333683,,2026-08-24T10:06:32.459950+00:00
1:0x4c4af8dbc524681930a27b2f1af5bcc8062e6fb7,mainnet,1,0x4c4af8dbc524681930a27b2f1af5bcc8062e6fb7,source_found,sourcify-v2,200,contracts/WooRouterV2-mainnet-0x4c4af8dbc524681930a27b2f1af5bcc8062e6fb7,WooRouterV2,0.8.14+commit.80d49f37,Solidity,12,exact_match,False,2,victim_top_level;victim_trace,,21338761;21349927,,2026-08-24T10:06:33.601091+00:00
1:0x4c52fe2162200bf26c314d7bbd8611699139d553,mainnet,1,0x4c52fe2162200bf26c314d7bbd8611699139d553,source_found,sourcify-v2,200,contracts/BorrowLogic-mainnet-0x4c52fe2162200bf26c314d7bbd8611699139d553,BorrowLogic,0.8.20+commit.a1b79de6,Solidity,34,match,False,6,victim_trace,,21333683;21337846;21410530;21442669;21454349;21494726,,2026-08-24T10:06:33.492376+00:00
1:0x4c5f53015f3adb1b1d15ddf4e17edaae6fa185a5,mainnet,1,0x4c5f53015f3adb1b1d15ddf4e17edaae6fa185a5,source_found,sourcify-v2,200,contracts/MinterProxyV2-mainnet-0x4c5f53015f3adb1b1d15ddf4e17edaae6fa185a5,MinterProxyV2,0.8.17+commit.8df45f5f,Solidity,1,match,False,1,victim_top_level;victim_trace,,21342275,,2026-08-24T10:06:33.171174+00:00
1:0x4c83d30ce4d0f92a867c2006b33d9b102d29f707,mainnet,1,0x4c83d30ce4d0f92a867c2006b33d9b102d29f707,source_found,sourcify-v2,200,contracts/SupplyLogic-mainnet-0x4c83d30ce4d0f92a867c2006b33d9b102d29f707,SupplyLogic,0.8.10+commit.fc410830,Solidity,33,match,False,1,victim_trace,,21322552,,2026-08-24T10:06:34.642614+00:00
1:0x4c8a1beb8a87765788946d6b19c6c6355194abeb,mainnet,1,0x4c8a1beb8a87765788946d6b19c6c6355194abeb,source_found,sourcify-v2,200,contracts/InstaList-mainnet-0x4c8a1beb8a87765788946d6b19c6c6355194abeb,InstaList,0.6.0+commit.26b70077,Solidity,1,match,False,1,victim_trace,,21335212,,2026-08-24T10:06:33.397814+00:00
1:0x4c9edd5852cd905f086c759e8383e09bff1e68b3,mainnet,1,0x4c9edd5852cd905f086c759e8383e09bff1e68b3,source_found,sourcify-v2,200,contracts/USDe-mainnet-0x4c9edd5852cd905f086c759e8383e09bff1e68b3,USDe,0.8.19+commit.7dd6d404,Solidity,20,exact_match,False,2,shared_attack_victim_trace;victim_trace,,21508635;21510296,,2026-08-24T10:06:34.984469+00:00
1:0x4ce053dfe58541e08f149c1050eb3df09d7a40bc,mainnet,1,0x4ce053dfe58541e08f149c1050eb3df09d7a40bc,not_in_sourcify,sourcify-v2,404,,,,,0,,,2,victim_trace,,21302296;21327219,,2026-08-24T10:06:33.820628+00:00
1:0x4cf1c300fddb372f15a2babf754330ac220226e3,mainnet,1,0x4cf1c300fddb372f15a2babf754330ac220226e3,source_found,sourcify-v2,200,contracts/VirtualBalanceRewardPool-mainnet-0x4cf1c300fddb372f15a2babf754330ac220226e3,VirtualBalanceRewardPool,0.6.12+commit.27d51765,Solidity,1,match,False,1,victim_trace,,21304987,,2026-08-24T10:06:34.260972+00:00
1:0x4d224452801aced8b2f0aebe155379bb5d594381,mainnet,1,0x4d224452801aced8b2f0aebe155379bb5d594381,source_found,sourcify-v2,200,contracts/Astgik-mainnet-0x4d224452801aced8b2f0aebe155379bb5d594381,Astgik,0.8.10+commit.fc410830,Solidity,1,match,False,1,shared_attack_victim_trace;victim_trace,,21420609,,2026-08-24T10:06:34.258411+00:00
1:0x4d5f47fa6a74757f35c14fd3a6ef8e3c9bc514e8,mainnet,1,0x4d5f47fa6a74757f35c14fd3a6ef8e3c9bc514e8,source_found,sourcify-v2,200,contracts/InitializableImmutableAdminUpgradeabilityProxy-mainnet-0x4d5f47fa6a74757f35c14fd3a6ef8e3c9bc514e8,InitializableImmutableAdminUpgradeabilityProxy,0.8.10+commit.fc410830,Solidity,6,exact_match,True,6,victim_trace,,21300863;21333683;21357582;21373643;21442669;21494726,,2026-08-24T10:06:34.650174+00:00
1:0x4d73adb72bc3dd368966edd0f0b2148401a178e2,mainnet,1,0x4d73adb72bc3dd368966edd0f0b2148401a178e2,source_found,sourcify-v2,200,contracts/UltraLightNodeV2-mainnet-0x4d73adb72bc3dd368966edd0f0b2148401a178e2,UltraLightNodeV2,0.7.6+commit.7338295f,Solidity,21,match,False,2,victim_trace,,21338761;21454713,,2026-08-24T10:06:35.856529+00:00
1:0x4d9cdb3f367a93ef942f1564fee5e58d2b68220e,mainnet,1,0x4d9cdb3f367a93ef942f1564fee5e58d2b68220e,source_found,sourcify-v2,200,contracts/SwitchV2-mainnet-0x4d9cdb3f367a93ef942f1564fee5e58d2b68220e,SwitchV2,0.8.22+commit.4fc1097e,Solidity,21,exact_match,False,1,victim_top_level;victim_trace,,21356992,,2026-08-24T10:06:35.788371+00:00
1:0x4da0b5736a8a814c9cc47e9bbd6e22eb8700cf92,mainnet,1,0x4da0b5736a8a814c9cc47e9bbd6e22eb8700cf92,not_in_sourcify,sourcify-v2,404,,,,,0,,,1,victim_trace,,21485224,,2026-08-24T10:06:34.833636+00:00
1:0x4da27a545c0c5b758a6ba100e3a049001de870f5,mainnet,1,0x4da27a545c0c5b758a6ba100e3a049001de870f5,source_found,sourcify-v2,200,contracts/InitializableAdminUpgradeabilityProxy-mainnet-0x4da27a545c0c5b758a6ba100e3a049001de870f5,InitializableAdminUpgradeabilityProxy,0.6.12+commit.27d51765,Solidity,28,exact_match,True,1,victim_trace,,21333683,,2026-08-24T10:06:36.727964+00:00
1:0x4db2c7dd361379134140ffb9d85248e8498008e4,mainnet,1,0x4db2c7dd361379134140ffb9d85248e8498008e4,source_found,sourcify-v2,200,contracts/UniswapV2Pair-mainnet-0x4db2c7dd361379134140ffb9d85248e8498008e4,UniswapV2Pair,0.5.16+commit.9c3226ce,Solidity,1,match,False,1,shared_attack_victim_trace;trading_pair;victim_trace,,21502174,,2026-08-24T10:06:36.094233+00:00
1:0x4db99b79361f98865230f5702de024c69f629fec,mainnet,1,0x4db99b79361f98865230f5702de024c69f629fec,source_found,sourcify-v2,200,contracts/PendleUSDESY-mainnet-0x4db99b79361f98865230f5702de024c69f629fec,PendleUSDESY,0.8.24+commit.e11b9ed9,Solidity,35,exact_match,False,1,victim_trace,,21510296,,2026-08-24T10:06:38.141238+00:00
1:0x4de8c60541fdadd33404ccb2c8b83907ce617341,mainnet,1,0x4de8c60541fdadd33404ccb2c8b83907ce617341,source_found,sourcify-v2,200,contracts/UniswapV2Pair-mainnet-0x4de8c60541fdadd33404ccb2c8b83907ce617341,UniswapV2Pair,0.5.16+commit.9c3226ce,Solidity,1,match,False,4,shared_attack_victim_trace;trading_pair;victim_trace,,21471722;21481165;21485274;21508635,,2026-08-24T10:06:37.325042+00:00
1:0x4dedf26112b3ec8ec46e7e31ea5e123490b05b8b,mainnet,1,0x4dedf26112b3ec8ec46e7e31ea5e123490b05b8b,source_found,sourcify-v2,200,contracts/InitializableImmutableAdminUpgradeabilityProxy-mainnet-0x4dedf26112b3ec8ec46e7e31ea5e123490b05b8b,InitializableImmutableAdminUpgradeabilityProxy,0.8.10+commit.fc410830,Solidity,6,exact_match,True,1,victim_trace,,21322552,,2026-08-24T10:06:38.212854+00:00
1:0x4e033931ad43597d96d6bcc25c280717730b58b1,mainnet,1,0x4e033931ad43597d96d6bcc25c280717730b58b1,source_found,sourcify-v2,200,contracts/InitializableImmutableAdminUpgradeabilityProxy-mainnet-0x4e033931ad43597d96d6bcc25c280717730b58b1,InitializableImmutableAdminUpgradeabilityProxy,0.8.19+commit.7dd6d404,Solidity,12,match,True,1,victim_top_level;victim_trace,,21454349,,2026-08-24T10:06:37.617964+00:00
1:0x4e38a3a8bfa9c37ce4e3081e4ddff44170886289,mainnet,1,0x4e38a3a8bfa9c37ce4e3081e4ddff44170886289,not_in_sourcify,sourcify-v2,404,,,,,0,,,1,victim_trace,,21485224,,2026-08-24T10:06:36.610483+00:00
1:0x4e3fbd56cd56c3e72c1403e103b45db9da5b9d2b,mainnet,1,0x4e3fbd56cd56c3e72c1403e103b45db9da5b9d2b,source_found,sourcify-v2,200,contracts/ConvexToken-mainnet-0x4e3fbd56cd56c3e72c1403e103b45db9da5b9d2b,ConvexToken,0.6.12+commit.27d51765,Solidity,1,match,False,3,shared_attack_victim_trace;victim_trace,,21304307;21304987;21504557,,2026-08-24T10:06:37.230356+00:00
1:0x4e526eb70823b94aac38c6b2bbf53f6b67c7eb0a,mainnet,1,0x4e526eb70823b94aac38c6b2bbf53f6b67c7eb0a,not_in_sourcify,sourcify-v2,404,,,,,0,,,1,victim_trace,,21308869,,2026-08-24T10:06:37.070028+00:00
1:0x4e68ccd3e89f51c3074ca5072bbac773960dfa36,mainnet,1,0x4e68ccd3e89f51c3074ca5072bbac773960dfa36,source_found,sourcify-v2,200,contracts/UniswapV3Pool-mainnet-0x4e68ccd3e89f51c3074ca5072bbac773960dfa36,UniswapV3Pool,0.7.6+commit.7338295f,Solidity,96,match,False,2,victim_trace,,21337846;21373643,,2026-08-24T10:06:39.997579+00:00
1:0x4e977830ba4bd783c0bb7f15d3e243f73ff57121,mainnet,1,0x4e977830ba4bd783c0bb7f15d3e243f73ff57121,source_found,sourcify-v2,200,contracts/InitializableImmutableAdminUpgradeabilityProxy-mainnet-0x4e977830ba4bd783c0bb7f15d3e243f73ff57121,InitializableImmutableAdminUpgradeabilityProxy,0.6.12+commit.27d51765,Solidity,6,exact_match,True,2,victim_trace,,21357447;21439930,,2026-08-24T10:06:37.952871+00:00
1:0x4eb351ddcf23250c5cac1ef20a97db5a2c348cf9,mainnet,1,0x4eb351ddcf23250c5cac1ef20a97db5a2c348cf9,not_in_sourcify,sourcify-v2,404,,,,,0,,,1,victim_trace,,21377018,,2026-08-24T10:06:38.695369+00:00
1:0x4ef42fb7e42cf950b8170e65a68dff41bc3fa742,mainnet,1,0x4ef42fb7e42cf950b8170e65a68dff41bc3fa742,source_found,sourcify-v2,200,contracts/WOO-mainnet-0x4ef42fb7e42cf950b8170e65a68dff41bc3fa742,WOO,0.8.26+commit.8a97fa7a,Solidity,1,exact_match,False,1,shared_attack_victim_trace;victim_trace,,21501469,,2026-08-24T10:06:38.810701+00:00
1:0x4f01b76391a05d32b20fa2d05dd5963ee8db20e6,mainnet,1,0x4f01b76391a05d32b20fa2d05dd5963ee8db20e6,source_found,sourcify-v2,200,contracts/PriceCapAdapterStable-mainnet-0x4f01b76391a05d32b20fa2d05dd5963ee8db20e6,PriceCapAdapterStable,0.8.20+commit.a1b79de6,Solidity,23,exact_match,False,2,victim_trace,,21333683;21494726,,2026-08-24T10:06:39.268244+00:00
1:0x4f279f2046870f77cd9ce63497f8a2d8689ef804,mainnet,1,0x4f279f2046870f77cd9ce63497f8a2d8689ef804,source_found,sourcify-v2,200,contracts/StableDebtToken-mainnet-0x4f279f2046870f77cd9ce63497f8a2d8689ef804,StableDebtToken,0.6.12+commit.27d51765,Solidity,17,exact_match,False,1,victim_trace,,21357447,,2026-08-24T10:06:42.406972+00:00
1:0x4f30a9d41b80ecc5b94306ab4364951ae3170210,mainnet,1,0x4f30a9d41b80ecc5b94306ab4364951ae3170210,source_found,sourcify-v2,200,contracts/VotingEscrowPendleMainchain-mainnet-0x4f30a9d41b80ecc5b94306ab4364951ae3170210,VotingEscrowPendleMainchain,0.8.17+commit.8df45f5f,Solidity,21,exact_match,False,1,victim_trace,,21325864,,2026-08-24T10:06:40.087367+00:00
1:0x4f4495243837681061c4743b74b3eedf548d56a5,mainnet,1,0x4f4495243837681061c4743b74b3eedf548d56a5,source_found,sourcify-v2,200,contracts/AxelarGatewayProxyMultisig-mainnet-0x4f4495243837681061c4743b74b3eedf548d56a5,AxelarGatewayProxyMultisig,0.8.9+commit.e5eed63a,Solidity,15,match,False,1,victim_trace,,21460992,,2026-08-24T10:06:42.308631+00:00
1:0x4f7d2d728ce137dd01ec63ef7b225805c7b54575,mainnet,1,0x4f7d2d728ce137dd01ec63ef7b225805c7b54575,source_found,sourcify-v2,200,contracts/WALLY-mainnet-0x4f7d2d728ce137dd01ec63ef7b225805c7b54575,WALLY,0.8.25+commit.b61c2a91,Solidity,1,match,False,1,shared_attack_victim_trace;victim_trace,,21449019,,2026-08-24T10:06:41.148849+00:00
1:0x4f8846ae9380b90d2e71d5e3d042dff3e7ebb40d,mainnet,1,0x4f8846ae9380b90d2e71d5e3d042dff3e7ebb40d,source_found,sourcify-v2,200,contracts/Vyper_contract-mainnet-0x4f8846ae9380b90d2e71d5e3d042dff3e7ebb40d,Vyper_contract,0.2.15+commit.6e7dba7,Vyper,1,match,False,1,victim_trace,,21504557,,2026-08-24T10:06:41.960677+00:00
1:0x4f9fc4e0b79c1cbf16e68863ad5e9de6a94a346c,mainnet,1,0x4f9fc4e0b79c1cbf16e68863ad5e9de6a94a346c,source_found,sourcify-v2,200,contracts/UniswapV2Pair-mainnet-0x4f9fc4e0b79c1cbf16e68863ad5e9de6a94a346c,UniswapV2Pair,0.5.16+commit.9c3226ce,Solidity,1,match,False,1,victim_trace,,21300863,,2026-08-24T10:06:41.329219+00:00
1:0x4fd36cd1c23be30db86679f391087fd8a984f893,mainnet,1,0x4fd36cd1c23be30db86679f391087fd8a984f893,source_found,sourcify-v2,200,contracts/FixedRateOracle-mainnet-0x4fd36cd1c23be30db86679f391087fd8a984f893,FixedRateOracle,0.8.24+commit.e11b9ed9,Solidity,7,exact_match,False,1,victim_trace,,21481165,,2026-08-24T10:06:44.249559+00:00
1:0x4ff0dec5f9a763aa1e5c2a962aa6f4edfee4f9ea,mainnet,1,0x4ff0dec5f9a763aa1e5c2a962aa6f4edfee4f9ea,source_found,sourcify-v2,200,contracts/NewUniswapV2Router-mainnet-0x4ff0dec5f9a763aa1e5c2a962aa6f4edfee4f9ea,NewUniswapV2Router,0.7.5+commit.eb77ed08,Solidity,1,exact_match,False,2,victim_trace,,21304654;21356992,,2026-08-24T10:06:43.679187+00:00
1:0x4ff325ae4dfc97ce7808bab776da4f2d8e750940,mainnet,1,0x4ff325ae4dfc97ce7808bab776da4f2d8e750940,source_found,sourcify-v2,200,contracts/ConvexForFrax-mainnet-0x4ff325ae4dfc97ce7808bab776da4f2d8e750940,ConvexForFrax,0.8.9+commit.e5eed63a,Solidity,27,exact_match,False,1,victim_trace,,21304987,,2026-08-24T10:06:52.934581+00:00
1:0x5029336642814bc51a42ba80bf83a6322110035d,mainnet,1,0x5029336642814bc51a42ba80bf83a6322110035d,source_found,sourcify-v2,200,contracts/RecipeExecutor-mainnet-0x5029336642814bc51a42ba80bf83a6322110035d,RecipeExecutor,0.8.10+commit.fc410830,Solidity,1,match,False,4,victim_trace,,21322552;21337846;21352108;21494726,,2026-08-24T10:06:46.611697+00:00
1:0x5039da22e5126e7c4e9284376116716a91782faf,mainnet,1,0x5039da22e5126e7c4e9284376116716a91782faf,source_found,sourcify-v2,200,contracts/Reflector-mainnet-0x5039da22e5126e7c4e9284376116716a91782faf,Reflector,0.8.24+commit.e11b9ed9,Solidity,35,exact_match,False,1,victim_trace,,21510296,,2026-08-24T10:06:47.210764+00:00
1:0x504393f35e3cf04977845e183841d8e4ec0ef6b3,mainnet,1,0x504393f35e3cf04977845e183841d8e4ec0ef6b3,source_found,sourcify-v2,200,contracts/YouSwapPair-mainnet-0x504393f35e3cf04977845e183841d8e4ec0ef6b3,YouSwapPair,0.5.16+commit.9c3226ce,Solidity,10,match,False,1,shared_attack_victim_trace;trading_pair;victim_trace,,21415913,,2026-08-24T10:06:47.724277+00:00
1:0x50608c538b29c3839042fc7219faf95f19f1fd65,mainnet,1,0x50608c538b29c3839042fc7219faf95f19f1fd65,source_found,sourcify-v2,200,contracts/UniswapV2Pair-mainnet-0x50608c538b29c3839042fc7219faf95f19f1fd65,UniswapV2Pair,0.5.16+commit.9c3226ce,Solidity,1,match,False,1,shared_attack_victim_trace;trading_pair;victim_trace,,21332614,,2026-08-24T10:06:46.412922+00:00
1:0x5083b16da538c5022744526122243cf3bddb3bf2,mainnet,1,0x5083b16da538c5022744526122243cf3bddb3bf2,source_found,sourcify-v2,200,contracts/UniswapV2Pair-mainnet-0x5083b16da538c5022744526122243cf3bddb3bf2,UniswapV2Pair,0.5.16+commit.9c3226ce,Solidity,1,match,False,1,shared_attack_victim_trace;trading_pair;victim_trace,,21502376,,2026-08-24T10:06:47.165306+00:00
1:0x508acdc358be2ed126b1441f0cff853dec49d40f,mainnet,1,0x508acdc358be2ed126b1441f0cff853dec49d40f,source_found,sourcify-v2,200,contracts/UniswapV3Pool-mainnet-0x508acdc358be2ed126b1441f0cff853dec49d40f,UniswapV3Pool,0.7.6+commit.7338295f,Solidity,96,match,False,1,shared_attack_victim_trace;trading_pair;victim_trace,,21342507,,2026-08-24T10:06:54.896103+00:00
1:0x510100d5143e011db24e2aa38abe85d73d5b2177,mainnet,1,0x510100d5143e011db24e2aa38abe85d73d5b2177,source_found,sourcify-v2,200,contracts/UniswapV3Pool-mainnet-0x510100d5143e011db24e2aa38abe85d73d5b2177,UniswapV3Pool,0.7.6+commit.7338295f,Solidity,96,match,False,1,shared_attack_victim_trace;trading_pair;victim_trace,,21842016,,2026-08-24T10:06:54.610087+00:00
1:0x5141b82f5ffda4c6fe1e372978f1c5427640a190,mainnet,1,0x5141b82f5ffda4c6fe1e372978f1c5427640a190,not_in_sourcify,sourcify-v2,404,,,,,0,,,9,victim_trace,,21481165;21485224;21485274;21493359;21494726;21495693;21502376;21504557;21510296,,2026-08-24T10:06:51.360538+00:00
1:0x51439adc4d262580f355c450e78662bc80ab35ed,mainnet,1,0x51439adc4d262580f355c450e78662bc80ab35ed,source_found,sourcify-v2,200,contracts/GenericCrossChainFacet-mainnet-0x51439adc4d262580f355c450e78662bc80ab35ed,GenericCrossChainFacet,0.8.17+commit.8df45f5f,Solidity,25,exact_match,False,1,proxy_implementation,GenericCrossChainFacet,,,2026-08-24T10:16:27.201930+00:00
1:0x514910771af9ca656af840dff83e8264ecf986ca,mainnet,1,0x514910771af9ca656af840dff83e8264ecf986ca,source_found,sourcify-v2,200,contracts/LinkToken-mainnet-0x514910771af9ca656af840dff83e8264ecf986ca,LinkToken,0.4.16+commit.d7661dd9,Solidity,1,match,False,2,shared_attack_victim_trace;victim_trace,,21396987;21420182,,2026-08-24T10:06:50.921384+00:00
1:0x515d89fb6b472d56ca065ab21b32975f6ab8da3e,mainnet,1,0x515d89fb6b472d56ca065ab21b32975f6ab8da3e,source_found,sourcify-v2,200,contracts/DiamondLoupeFacet-mainnet-0x515d89fb6b472d56ca065ab21b32975f6ab8da3e,DiamondLoupeFacet,0.8.22+commit.4fc1097e,Solidity,5,match,True,19,proxy_implementation,DiamondLoupeFacet,,,2026-08-24T10:16:26.036445+00:00
1:0x5165e05edd080b2cce8dc35d28169e9d1dc860d4,mainnet,1,0x5165e05edd080b2cce8dc35d28169e9d1dc860d4,not_in_sourcify,sourcify-v2,404,,,,,0,,,1,victim_trace,,21485274,,2026-08-24T10:06:49.209923+00:00
1:0x518fca5e31eeea484276a68ad5f7e5838f74f03f,mainnet,1,0x518fca5e31eeea484276a68ad5f7e5838f74f03f,source_found,blockscout-v2-fallback,200,contracts/FurnaceP1-mainnet-0x518fca5e31eeea484276a68ad5f7e5838f74f03f,FurnaceP1,v0.8.28+commit.7893614a,solidity,59,blockscout_verified,False,1,proxy_implementation,,,,2026-08-24T10:16:27.050736+00:00
1:0x51b039b9afe64b78758f8ef091211b5387ea717c,mainnet,1,0x51b039b9afe64b78758f8ef091211b5387ea717c,source_found,sourcify-v2,200,contracts/InitializableImmutableAdminUpgradeabilityProxy-mainnet-0x51b039b9afe64b78758f8ef091211b5387ea717c,InitializableImmutableAdminUpgradeabilityProxy,0.6.12+commit.27d51765,Solidity,6,exact_match,True,1,victim_trace,,21357447,,2026-08-24T10:06:50.636237+00:00
1:0x51c72848c68a965f66fa7a88855f9f7784502a7f,mainnet,1,0x51c72848c68a965f66fa7a88855f9f7784502a7f,not_in_sourcify,sourcify-v2,404,,,,,0,,,1,victim_trace,,21494726,,2026-08-24T10:06:50.403457+00:00
1:0x51cb253744189f11241becb29bedd3f1b5384fdb,mainnet,1,0x51cb253744189f11241becb29bedd3f1b5384fdb,source_found,sourcify-v2,200,contracts/DimitraToken-mainnet-0x51cb253744189f11241becb29bedd3f1b5384fdb,DimitraToken,0.8.6+commit.11564f7e,Solidity,15,match,False,1,shared_attack_victim_trace;victim_trace,,21494726,,2026-08-24T10:06:52.240204+00:00
1:0x51cf118c9c5d12042fe8081835ed2d748a54e77e,mainnet,1,0x51cf118c9c5d12042fe8081835ed2d748a54e77e,not_in_sourcify,sourcify-v2,404,,,,,0,,,1,victim_trace,,21508635,,2026-08-24T10:06:51.119545+00:00
1:0x5200b34e6a519f289f5258de4554ebd3db12e822,mainnet,1,0x5200b34e6a519f289f5258de4554ebd3db12e822,source_found,sourcify-v2,200,contracts/GOAT-mainnet-0x5200b34e6a519f289f5258de4554ebd3db12e822,GOAT,0.8.23+commit.f704f362,Solidity,1,match,False,1,shared_attack_victim_trace;victim_trace,,21504557,,2026-08-24T10:06:52.800846+00:00
1:0x5215d383cbcc6182c1752819c08f0a6d4a1c1579,mainnet,1,0x5215d383cbcc6182c1752819c08f0a6d4a1c1579,not_in_sourcify,sourcify-v2,404,,,,,0,,,1,victim_trace,,21447928,,2026-08-24T10:06:53.010815+00:00
1:0x521683a0964829a3daa6fff61c77138ecb63a08c,mainnet,1,0x521683a0964829a3daa6fff61c77138ecb63a08c,source_found,sourcify-v2,200,contracts/UniswapV2Pair-mainnet-0x521683a0964829a3daa6fff61c77138ecb63a08c,UniswapV2Pair,0.5.16+commit.9c3226ce,Solidity,1,match,False,1,shared_attack_victim_trace;trading_pair;victim_trace,,21495915,,2026-08-24T10:06:53.727914+00:00
1:0x52aa899454998be5b000ad077a46bbe360f4e497,mainnet,1,0x52aa899454998be5b000ad077a46bbe360f4e497,source_found,sourcify-v2,200,contracts/FluidLiquidityProxy-mainnet-0x52aa899454998be5b000ad077a46bbe360f4e497,FluidLiquidityProxy,0.8.21+commit.d9974bed,Solidity,6,exact_match,True,2,victim_trace,,21335212;21495693,,2026-08-24T10:06:53.692614+00:00
1:0x52fdfb1157878f540dcb961561ce5f3b0bbe6f80,mainnet,1,0x52fdfb1157878f540dcb961561ce5f3b0bbe6f80,source_found,sourcify-v2,200,contracts/VariableDebtToken-mainnet-0x52fdfb1157878f540dcb961561ce5f3b0bbe6f80,VariableDebtToken,0.6.12+commit.27d51765,Solidity,18,exact_match,False,1,victim_trace,,21357447,,2026-08-24T10:06:54.078064+00:00
1:0x530433ee503a05c5dfc9ccac7740df230ee3adbd,mainnet,1,0x530433ee503a05c5dfc9ccac7740df230ee3adbd,source_found,sourcify-v2,200,contracts/UniswapV2Pair-mainnet-0x530433ee503a05c5dfc9ccac7740df230ee3adbd,UniswapV2Pair,0.5.16+commit.9c3226ce,Solidity,1,match,False,1,shared_attack_victim_trace;trading_pair;victim_trace,,21356992,,2026-08-24T10:06:55.067924+00:00
1:0x531ec9d0deb8b144cce8c85a0033fdda939bff0d,mainnet,1,0x531ec9d0deb8b144cce8c85a0033fdda939bff0d,source_found,sourcify-v2,200,contracts/UniswapV3Pool-mainnet-0x531ec9d0deb8b144cce8c85a0033fdda939bff0d,UniswapV3Pool,0.7.6+commit.7338295f,Solidity,96,match,False,1,shared_attack_victim_trace;trading_pair;victim_trace,,21357447,,2026-08-24T10:06:57.097031+00:00
1:0x536218f9e9eb48863970252233c8f271f554c2d0,mainnet,1,0x536218f9e9eb48863970252233c8f271f554c2d0,source_found,sourcify-v2,200,contracts/EACAggregatorProxy-mainnet-0x536218f9e9eb48863970252233c8f271f554c2d0,EACAggregatorProxy,0.6.6+commit.6c089d02,Solidity,1,match,False,1,victim_trace,,21447928,,2026-08-24T10:06:55.488607+00:00
1:0x537a021f3647a64a5a1fefb7c4d5a5a6dcae6b9f,mainnet,1,0x537a021f3647a64a5a1fefb7c4d5a5a6dcae6b9f,source_found,sourcify-v2,200,contracts/BotAuth-mainnet-0x537a021f3647a64a5a1fefb7c4d5a5a6dcae6b9f,BotAuth,0.8.10+commit.fc410830,Solidity,1,match,False,1,victim_trace,,21322552,,2026-08-24T10:06:55.339265+00:00
1:0x538e984c2d5f821d51932dd9c570dff192d3df2d,mainnet,1,0x538e984c2d5f821d51932dd9c570dff192d3df2d,source_found,sourcify-v2,200,contracts/crvUSDPoolRegistry-mainnet-0x538e984c2d5f821d51932dd9c570dff192d3df2d,crvUSDPoolRegistry,0.3.7+commit.6020b8bb,Vyper,1,match,False,1,victim_trace,,21504557,,2026-08-24T10:06:55.145156+00:00
1:0x53b7d70013dec21a97f216e80eefcf45f25c2900,mainnet,1,0x53b7d70013dec21a97f216e80eefcf45f25c2900,source_found,sourcify-v2,200,contracts/DiamondCut-mainnet-0x53b7d70013dec21a97f216e80eefcf45f25c2900,DiamondCut,0.8.19+commit.7dd6d404,Solidity,15,exact_match,False,1,proxy_implementation,DiamondCut,,,2026-08-24T10:16:28.288093+00:00
1:0x53f9e72031ee1259c2461c900f7cad2a6d50b648,mainnet,1,0x53f9e72031ee1259c2461c900f7cad2a6d50b648,source_found,sourcify-v2,200,contracts/SpritzPayV4-mainnet-0x53f9e72031ee1259c2461c900f7cad2a6d50b648,SpritzPayV4,0.8.21+commit.d9974bed,Solidity,19,match,False,1,victim_trace,,21377018,,2026-08-24T10:06:56.596142+00:00
1:0x540b9658044acb24a7f32341c6564818176b0f1e,mainnet,1,0x540b9658044acb24a7f32341c6564818176b0f1e,source_found,sourcify-v2,200,contracts/UniswapV2Pair-mainnet-0x540b9658044acb24a7f32341c6564818176b0f1e,UniswapV2Pair,0.5.16+commit.9c3226ce,Solidity,1,match,False,1,shared_attack_victim_trace;trading_pair;victim_trace,,21332257,,2026-08-24T10:06:56.780997+00:00
1:0x5411cc583f0b51104fa523eef9fc77a29df80f58,mainnet,1,0x5411cc583f0b51104fa523eef9fc77a29df80f58,source_found,sourcify-v2,200,contracts/BaseRewardPool-mainnet-0x5411cc583f0b51104fa523eef9fc77a29df80f58,BaseRewardPool,0.6.12+commit.27d51765,Solidity,1,match,False,1,victim_trace,,21504557,,2026-08-24T10:06:57.273059+00:00
1:0x541dcd3f00bcd1a683cc73e1b2a8693b602201f4,mainnet,1,0x541dcd3f00bcd1a683cc73e1b2a8693b602201f4,source_found,sourcify-v2,200,contracts/AToken-mainnet-0x541dcd3f00bcd1a683cc73e1b2a8693b602201f4,AToken,0.6.12+commit.27d51765,Solidity,17,exact_match,False,2,victim_trace,,21357447;21439930,,2026-08-24T10:06:58.412653+00:00
1:0x54222f404dcfac705322045f01d100380b871450,mainnet,1,0x54222f404dcfac705322045f01d100380b871450,source_found,sourcify-v2,200,contracts/SwapV2Pair-mainnet-0x54222f404dcfac705322045f01d100380b871450,SwapV2Pair,0.5.16+commit.9c3226ce,Solidity,10,exact_match,False,1,victim_trace,,21460192,,2026-08-24T10:06:58.243971+00:00
1:0x542a6b32e08980a8e9f4cd778805cfcb7a99f0fa,mainnet,1,0x542a6b32e08980a8e9f4cd778805cfcb7a99f0fa,not_in_sourcify,sourcify-v2,404,,,,,0,,,1,victim_trace,,21504557,,2026-08-24T10:06:57.218909+00:00
1:0x543c9ad702eeddd2820cbc4b2bf331109cc76b24,mainnet,1,0x543c9ad702eeddd2820cbc4b2bf331109cc76b24,not_in_sourcify,sourcify-v2,404,,,,,0,,,1,victim_trace,,21363588,,2026-08-24T10:06:56.587705+00:00
1:0x54586be62e3c3580375ae3723c145253060ca0c2,mainnet,1,0x54586be62e3c3580375ae3723c145253060ca0c2,source_found,sourcify-v2,200,contracts/AaveOracle-mainnet-0x54586be62e3c3580375ae3723c145253060ca0c2,AaveOracle,0.8.10+commit.fc410830,Solidity,7,exact_match,False,9,victim_trace,,21300107;21300863;21333683;21357582;21373643;21410530;21414148;21442669;21494726,,2026-08-24T10:06:57.966701+00:00
1:0x545973f28950f50fc6c7f52aab4ad214a27c0564,mainnet,1,0x545973f28950f50fc6c7f52aab4ad214a27c0564,source_found,sourcify-v2,200,contracts/ExchangeState-mainnet-0x545973f28950f50fc6c7f52aab4ad214a27c0564,ExchangeState,0.4.25+commit.59dbf8f1,Solidity,1,exact_match,False,1,shared_attack_victim_trace;victim_trace,,21464031,,2026-08-24T10:06:57.865466+00:00
1:0x54678c366682a29112609882dc58def6753bfc27,mainnet,1,0x54678c366682a29112609882dc58def6753bfc27,source_found,sourcify-v2,200,contracts/OptimismBridgeFacet-mainnet-0x54678c366682a29112609882dc58def6753bfc27,OptimismBridgeFacet,0.8.29+commit.ab55807c,Solidity,15,exact_match,False,4,proxy_implementation,OptimismBridgeFacet,,,2026-08-24T10:16:29.682333+00:00
1:0x54a8fa5217970e2040590ddd7c16f72b1fb57a3c,mainnet,1,0x54a8fa5217970e2040590ddd7c16f72b1fb57a3c,source_found,sourcify-v2,200,contracts/BasketHandlerP1-mainnet-0x54a8fa5217970e2040590ddd7c16f72b1fb57a3c,BasketHandlerP1,0.8.28+commit.7893614a,Solidity,62,match,False,1,proxy_implementation,BasketHandlerP1,,,2026-08-24T10:16:34.564416+00:00
1:0x54d2252757e1672eead234d27b1270728ff90581,mainnet,1,0x54d2252757e1672eead234d27b1270728ff90581,source_found,sourcify-v2,200,contracts/BitgetToken-mainnet-0x54d2252757e1672eead234d27b1270728ff90581,BitgetToken,0.8.24+commit.e11b9ed9,Solidity,5,exact_match,False,1,shared_attack_victim_trace;victim_trace,,21490278,,2026-08-24T10:06:59.176130+00:00
1:0x5523985926aa12ba58dc5ad00ddca99678d7227e,mainnet,1,0x5523985926aa12ba58dc5ad00ddca99678d7227e,source_found,sourcify-v2,200,contracts/TransparentUpgradeableProxy-mainnet-0x5523985926aa12ba58dc5ad00ddca99678d7227e,TransparentUpgradeableProxy,0.8.2+commit.661d1103,Solidity,15,exact_match,True,1,victim_trace,,21449019,,2026-08-24T10:06:59.323837+00:00
1:0x55296f69f40ea6d20e478533c15a6b08b654e758,mainnet,1,0x55296f69f40ea6d20e478533c15a6b08b654e758,source_found,sourcify-v2,200,contracts/TokenERC20-mainnet-0x55296f69f40ea6d20e478533c15a6b08b654e758,TokenERC20,0.4.18+commit.9cf6e910,Solidity,1,match,False,3,shared_attack_victim_trace;victim_trace,,21307275;21320466;21322741,,2026-08-24T10:06:58.637616+00:00
1:0x553303d460ee0afb37edff9be42922d8ff63220e,mainnet,1,0x553303d460ee0afb37edff9be42922d8ff63220e,source_found,sourcify-v2,200,contracts/EACAggregatorProxy-mainnet-0x553303d460ee0afb37edff9be42922d8ff63220e,EACAggregatorProxy,0.6.6+commit.6c089d02,Solidity,1,match,False,1,victim_trace,,21432613,,2026-08-24T10:07:00.147591+00:00
1:0x553e9c493678d8606d6a5ba284643db2110df823,mainnet,1,0x553e9c493678d8606d6a5ba284643db2110df823,source_found,sourcify-v2,200,contracts/UniswapV3Pool-mainnet-0x553e9c493678d8606d6a5ba284643db2110df823,UniswapV3Pool,0.7.6+commit.7338295f,Solidity,96,match,False,2,shared_attack_victim_trace;trading_pair;victim_trace,,21332614;21447928,,2026-08-24T10:07:01.683837+00:00
1:0x554fb3b6c1cf4a3cef49779ced321ca51c667d7d,mainnet,1,0x554fb3b6c1cf4a3cef49779ced321ca51c667d7d,source_found,sourcify-v2,200,contracts/ArataFoundation-mainnet-0x554fb3b6c1cf4a3cef49779ced321ca51c667d7d,ArataFoundation,0.8.27+commit.40a35a09,Solidity,1,match,False,2,shared_attack_victim_trace;victim_trace,,21342331;21349927,,2026-08-24T10:07:00.213540+00:00
1:0x556b9306565093c855aea9ae92a594704c2cd59e,mainnet,1,0x556b9306565093c855aea9ae92a594704c2cd59e,source_found,sourcify-v2,200,contracts/MasterChefV3-mainnet-0x556b9306565093c855aea9ae92a594704c2cd59e,MasterChefV3,0.8.10+commit.fc410830,Solidity,21,exact_match,False,9,shared_attack_victim_trace;victim_trace,,21311832;21338761;21349927;21361459;21373643;21381403;21429278;21460192;21502376,,2026-08-24T10:07:02.021833+00:00
1:0x5583795ad3d58f4c00b499f83f6fed58389d2167,mainnet,1,0x5583795ad3d58f4c00b499f83f6fed58389d2167,source_found,sourcify-v2,200,contracts/SmartWalletImplementation-mainnet-0x5583795ad3d58f4c00b499f83f6fed58389d2167,SmartWalletImplementation,0.7.6+commit.7338295f,Solidity,15,match,False,5,victim_trace,,21432830;21467447;21485274;21499181;21500255,,2026-08-24T10:07:00.942724+00:00
1:0x55877bd7f2ee37bde55ca4b271a3631f3a7ef121,mainnet,1,0x55877bd7f2ee37bde55ca4b271a3631f3a7ef121,not_in_sourcify,sourcify-v2,404,,,,,0,,,1,victim_trace,,21361459,,2026-08-24T10:06:59.776763+00:00
1:0x5598931bfbb43eec686fa4b5b92b5152ebadc2f6,mainnet,1,0x5598931bfbb43eec686fa4b5b92b5152ebadc2f6,source_found,sourcify-v2,200,contracts/UniswapV3Pool-mainnet-0x5598931bfbb43eec686fa4b5b92b5152ebadc2f6,UniswapV3Pool,0.7.6+commit.7338295f,Solidity,96,match,False,1,victim_trace,,21313675,,2026-08-24T10:07:04.158951+00:00
1:0x55d564bdad517cc4721ba7ab7612c97d888d4b7a,mainnet,1,0x55d564bdad517cc4721ba7ab7612c97d888d4b7a,not_in_sourcify,sourcify-v2,404,,,,,0,,,1,victim_trace,,21322741,,2026-08-24T10:07:00.306396+00:00
1:0x55d5c232d921b9eaa6b37b5845e439acd04b4dba,mainnet,1,0x55d5c232d921b9eaa6b37b5845e439acd04b4dba,source_found,sourcify-v2,200,contracts/UniswapV2Pair-mainnet-0x55d5c232d921b9eaa6b37b5845e439acd04b4dba,UniswapV2Pair,0.5.16+commit.9c3226ce,Solidity,1,match,False,1,shared_attack_victim_trace;victim_trace,,21496595,,2026-08-24T10:07:02.840597+00:00
1:0x5615af7746f6c6da1c8b9b2f17c27604fb5b5db9,mainnet,1,0x5615af7746f6c6da1c8b9b2f17c27604fb5b5db9,source_found,sourcify-v2,200,contracts/UniswapV3Pool-mainnet-0x5615af7746f6c6da1c8b9b2f17c27604fb5b5db9,UniswapV3Pool,0.7.6+commit.7338295f,Solidity,96,match,False,1,shared_attack_victim_trace;trading_pair;victim_trace,,21428934,,2026-08-24T10:07:03.931468+00:00
1:0x564f4ea6542e47cf62631b3fb32ac72e406b3b4a,mainnet,1,0x564f4ea6542e47cf62631b3fb32ac72e406b3b4a,not_in_sourcify,sourcify-v2,404,,,,,0,,,1,victim_trace,,21504557,,2026-08-24T10:07:01.616705+00:00
1:0x5651fa7a726b9ec0cad00ee140179912b6e73599,mainnet,1,0x5651fa7a726b9ec0cad00ee140179912b6e73599,source_found,sourcify-v2,200,contracts/ERC1967Proxy-mainnet-0x5651fa7a726b9ec0cad00ee140179912b6e73599,ERC1967Proxy,0.8.9+commit.e5eed63a,Solidity,14,exact_match,True,1,shared_attack_victim_trace;victim_trace,,21357447,,2026-08-24T10:07:02.700576+00:00
1:0x56534741cd8b152df6d48adf7ac51f75169a83b2,mainnet,1,0x56534741cd8b152df6d48adf7ac51f75169a83b2,source_found,sourcify-v2,200,contracts/UniswapV3Pool-mainnet-0x56534741cd8b152df6d48adf7ac51f75169a83b2,UniswapV3Pool,0.7.6+commit.7338295f,Solidity,96,match,False,4,shared_attack_victim_trace;trading_pair;victim_trace,,21300863;21330552;21337846;21357447,,2026-08-24T10:07:04.258213+00:00
1:0x5694a92a69775a010e65d610d78b9eaf950c897e,mainnet,1,0x5694a92a69775a010e65d610d78b9eaf950c897e,source_found,sourcify-v2,200,contracts/UniswapV2Pair-mainnet-0x5694a92a69775a010e65d610d78b9eaf950c897e,UniswapV2Pair,0.5.16+commit.9c3226ce,Solidity,1,match,False,1,shared_attack_victim_trace;trading_pair;victim_trace,,21462778,,2026-08-24T10:07:03.819462+00:00
1:0x5696c2c2fcb7e304a5b9faaec9cd37d369c9d067,mainnet,1,0x5696c2c2fcb7e304a5b9faaec9cd37d369c9d067,source_found,sourcify-v2,200,contracts/UniswapV3Pool-mainnet-0x5696c2c2fcb7e304a5b9faaec9cd37d369c9d067,UniswapV3Pool,0.7.6+commit.7338295f,Solidity,96,match,False,1,shared_attack_victim_trace;trading_pair;victim_trace,,21452745,,2026-08-24T10:16:35.541504+00:00
1:0x56ea002b411fd5887e55329852d5777ecb170713,mainnet,1,0x56ea002b411fd5887e55329852d5777ecb170713,source_found,sourcify-v2,200,contracts/UniswapV3Pool-mainnet-0x56ea002b411fd5887e55329852d5777ecb170713,UniswapV3Pool,0.7.6+commit.7338295f,Solidity,96,match,False,1,victim_trace,,21309126,,2026-08-24T10:16:35.866499+00:00
1:0x570ea5c8a528e3495ee9883910012bed598e8814,mainnet,1,0x570ea5c8a528e3495ee9883910012bed598e8814,source_found,sourcify-v2,200,contracts/BaseRewardPool4626-mainnet-0x570ea5c8a528e3495ee9883910012bed598e8814,BaseRewardPool4626,0.6.12+commit.27d51765,Solidity,34,exact_match,False,1,victim_trace,,21447928,,2026-08-24T10:16:35.082303+00:00
1:0x5773f7df269a59607c45b57c5f350980bb1fc234,mainnet,1,0x5773f7df269a59607c45b57c5f350980bb1fc234,source_found,sourcify-v2,200,contracts/ExtraRewardStashV3-mainnet-0x5773f7df269a59607c45b57c5f350980bb1fc234,ExtraRewardStashV3,0.6.12+commit.27d51765,Solidity,9,match,False,1,victim_trace,,21504557,,2026-08-24T10:16:36.061390+00:00
1:0x5777d92f208679db4b9778590fa3cab3ac9e2168,mainnet,1,0x5777d92f208679db4b9778590fa3cab3ac9e2168,source_found,sourcify-v2,200,contracts/UniswapV3Pool-mainnet-0x5777d92f208679db4b9778590fa3cab3ac9e2168,UniswapV3Pool,0.7.6+commit.7338295f,Solidity,96,match,False,1,victim_trace,,21439930,,2026-08-24T10:16:40.575129+00:00
1:0x578b327c89df0f33995cb93415e191e7bf942270,mainnet,1,0x578b327c89df0f33995cb93415e191e7bf942270,source_found,sourcify-v2,200,contracts/StargateFacet-mainnet-0x578b327c89df0f33995cb93415e191e7bf942270,StargateFacet,0.8.17+commit.8df45f5f,Solidity,32,exact_match,False,1,proxy_implementation,StargateFacet,,,2026-08-24T10:16:38.979358+00:00
1:0x57a694ce76ebe7a52edb32ea5d017f2c7bbf65ad,mainnet,1,0x57a694ce76ebe7a52edb32ea5d017f2c7bbf65ad,source_found,sourcify-v2,200,contracts/StructHash-mainnet-0x57a694ce76ebe7a52edb32ea5d017f2c7bbf65ad,StructHash,0.8.15+commit.e14f2714,Solidity,1,exact_match,False,1,victim_trace,,21500255,,2026-08-24T10:16:37.528883+00:00
1:0x57ab1ec28d129707052df4df418d58a2d46d5f51,mainnet,1,0x57ab1ec28d129707052df4df418d58a2d46d5f51,source_found,sourcify-v2,200,contracts/ProxyERC20-mainnet-0x57ab1ec28d129707052df4df418d58a2d46d5f51,ProxyERC20,0.4.25+commit.59dbf8f1,Solidity,1,match,False,1,shared_attack_victim_trace;victim_trace,,21464031,,2026-08-24T10:16:38.456525+00:00
1:0x57af956d3e2cca3b86f3d8c6772c03ddca3eaacb,mainnet,1,0x57af956d3e2cca3b86f3d8c6772c03ddca3eaacb,source_found,sourcify-v2,200,contracts/UniswapV3Pool-mainnet-0x57af956d3e2cca3b86f3d8c6772c03ddca3eaacb,UniswapV3Pool,0.7.6+commit.7338295f,Solidity,96,match,False,1,victim_trace,,21325864,,2026-08-24T10:16:42.331603+00:00
1:0x57b96d4af698605563a4653d882635da59bf11af,mainnet,1,0x57b96d4af698605563a4653d882635da59bf11af,source_found,sourcify-v2,200,contracts/RCH-mainnet-0x57b96d4af698605563a4653d882635da59bf11af,RCH,0.8.10+commit.fc410830,Solidity,19,exact_match,False,1,shared_attack_victim_trace;victim_trace,,21363588,,2026-08-24T10:07:26.767301+00:00
1:0x57bedd7eb4c3118669f4f33a3cae4d4b554f24b7,mainnet,1,0x57bedd7eb4c3118669f4f33a3cae4d4b554f24b7,source_found,sourcify-v2,200,contracts/SwappableBridgeUniswapV3-mainnet-0x57bedd7eb4c3118669f4f33a3cae4d4b554f24b7,SwappableBridgeUniswapV3,0.8.17+commit.8df45f5f,Solidity,13,exact_match,False,1,victim_top_level;victim_trace,,21454713,,2026-08-24T10:07:23.716688+00:00
1:0x57dbcb192fa64bf07eab76941d1dae5177c8f4f3,mainnet,1,0x57dbcb192fa64bf07eab76941d1dae5177c8f4f3,source_found,blockscout-v2-fallback,200,contracts/Portal-mainnet-0x57dbcb192fa64bf07eab76941d1dae5177c8f4f3,Portal,v0.8.19+commit.7dd6d404,solidity,16,blockscout_verified,False,1,proxy_implementation,,,,2026-08-24T10:16:39.264804+00:00
1:0x57e114b691db790c35207b2e685d4a43181e6061,mainnet,1,0x57e114b691db790c35207b2e685d4a43181e6061,source_found,sourcify-v2,200,contracts/ENA-mainnet-0x57e114b691db790c35207b2e685d4a43181e6061,ENA,0.8.20+commit.a1b79de6,Solidity,20,exact_match,False,3,shared_attack_victim_trace;victim_trace,,21342331;21454032;21508635,,2026-08-24T10:07:23.899291+00:00
1:0x582d872a1b094fc48f5de31d3b73f2d9be47def1,mainnet,1,0x582d872a1b094fc48f5de31d3b73f2d9be47def1,source_found,sourcify-v2,200,contracts/Bridge-mainnet-0x582d872a1b094fc48f5de31d3b73f2d9be47def1,Bridge,0.7.4+commit.3f05b770,Solidity,7,exact_match,False,1,shared_attack_victim_trace;victim_trace,,21449019,,2026-08-24T10:07:23.699423+00:00
1:0x58aea10748a00d1781d6651f9d78a414ea32ca46,mainnet,1,0x58aea10748a00d1781d6651f9d78a414ea32ca46,source_found,sourcify-v2,200,contracts/vectorsmartgas-mainnet-0x58aea10748a00d1781d6651f9d78a414ea32ca46,vectorsmartgas,0.8.24+commit.e11b9ed9,Solidity,1,match,False,1,shared_attack_victim_trace;victim_trace,,21307275,,2026-08-24T10:07:25.531292+00:00
1:0x58c23c1ba4a6b9a31bef2bb28434e2c42be9f5e2,mainnet,1,0x58c23c1ba4a6b9a31bef2bb28434e2c42be9f5e2,not_in_sourcify,sourcify-v2,404,,,,,0,,,1,victim_trace,,21413153,,2026-08-24T10:07:24.017582+00:00
1:0x58cb30368ceb2d194740b144eab4c2da8a917dcb,mainnet,1,0x58cb30368ceb2d194740b144eab4c2da8a917dcb,source_found,sourcify-v2,200,contracts/ERC20ByMetadrop-mainnet-0x58cb30368ceb2d194740b144eab4c2da8a917dcb,ERC20ByMetadrop,0.8.21+commit.d9974bed,Solidity,1,match,False,1,shared_attack_victim_trace;victim_trace,,21428934,,2026-08-24T10:07:28.502530+00:00
1:0x58cf91c080f7052f6da209bf605d6cf1cefd65f3,mainnet,1,0x58cf91c080f7052f6da209bf605d6cf1cefd65f3,source_found,sourcify-v2,200,contracts/UniswapV3Pool-mainnet-0x58cf91c080f7052f6da209bf605d6cf1cefd65f3,UniswapV3Pool,0.7.6+commit.7338295f,Solidity,96,match,False,1,shared_attack_victim_trace;trading_pair;victim_trace,,21482599,,2026-08-24T10:07:27.148773+00:00
1:0x58d97b57bb95320f9a05dc918aef65434969c2b2,mainnet,1,0x58d97b57bb95320f9a05dc918aef65434969c2b2,source_found,sourcify-v2,200,contracts/ERC1967Proxy-mainnet-0x58d97b57bb95320f9a05dc918aef65434969c2b2,ERC1967Proxy,0.8.27+commit.40a35a09,Solidity,8,exact_match,True,1,victim_trace,,21500255,,2026-08-24T10:07:25.716093+00:00
1:0x58dc5a51fe44589beb22e8ce67720b5bc5378009,mainnet,1,0x58dc5a51fe44589beb22e8ce67720b5bc5378009,source_found,sourcify-v2,200,contracts/UniswapV2Pair-mainnet-0x58dc5a51fe44589beb22e8ce67720b5bc5378009,UniswapV2Pair,0.6.12+commit.27d51765,Solidity,1,match,False,2,victim_trace,,21313675;21420182,,2026-08-24T10:07:26.321592+00:00
1:0x58dd96b4f2b872fe46f59fd583985eabbd3a89fe,mainnet,1,0x58dd96b4f2b872fe46f59fd583985eabbd3a89fe,not_in_sourcify,sourcify-v2,404,,,,,0,,,1,victim_trace,,21381403,,2026-08-24T10:07:25.386801+00:00
1:0x58f8cef0d825b1a609fad0576d5f2b7399ab1335,mainnet,1,0x58f8cef0d825b1a609fad0576d5f2b7399ab1335,source_found,sourcify-v2,200,contracts/ERC4626Form-mainnet-0x58f8cef0d825b1a609fad0576d5f2b7399ab1335,ERC4626Form,0.8.23+commit.f704f362,Solidity,22,exact_match,False,1,victim_trace,,21392828,,2026-08-24T10:07:27.766725+00:00
1:0x591529f039ba48c3beac5090e30ceddcb41d0eaa,mainnet,1,0x591529f039ba48c3beac5090e30ceddcb41d0eaa,source_found,sourcify-v2,200,contracts/Asset-mainnet-0x591529f039ba48c3beac5090e30ceddcb41d0eaa,Asset,0.8.19+commit.7dd6d404,Solidity,31,exact_match,False,1,victim_trace,,21471722,,2026-08-24T10:07:27.226063+00:00
1:0x594baa7ad9230084261e40adfce95f2ed612898a,mainnet,1,0x594baa7ad9230084261e40adfce95f2ed612898a,source_found,sourcify-v2,200,contracts/AuraCalculator-mainnet-0x594baa7ad9230084261e40adfce95f2ed612898a,AuraCalculator,0.8.17+commit.8df45f5f,Solidity,66,exact_match,False,1,victim_trace,,21447928,,2026-08-24T10:07:28.976546+00:00
1:0x594daad7d77592a2b97b725a7ad59d7e188b5bfa,mainnet,1,0x594daad7d77592a2b97b725a7ad59d7e188b5bfa,source_found,sourcify-v2,200,contracts/ApusClubToken-mainnet-0x594daad7d77592a2b97b725a7ad59d7e188b5bfa,ApusClubToken,0.8.24+commit.e11b9ed9,Solidity,1,match,False,2,shared_attack_victim_trace;victim_trace,,21352108;21371100,,2026-08-24T10:07:28.640687+00:00
1:0x5968662ccfb6792bb4a0e4f45cf303b85fb2cc43,mainnet,1,0x5968662ccfb6792bb4a0e4f45cf303b85fb2cc43,not_in_sourcify,sourcify-v2,404,,,,,0,,,1,victim_trace,,21447928,,2026-08-24T10:07:28.310892+00:00
1:0x59cd1c87501baa753d0b5b5ab5d8416a45cd71db,mainnet,1,0x59cd1c87501baa753d0b5b5ab5d8416a45cd71db,source_found,sourcify-v2,200,contracts/InitializableImmutableAdminUpgradeabilityProxy-mainnet-0x59cd1c87501baa753d0b5b5ab5d8416a45cd71db,InitializableImmutableAdminUpgradeabilityProxy,0.8.10+commit.fc410830,Solidity,6,exact_match,True,1,victim_trace,,21322552,,2026-08-24T10:07:28.846900+00:00
1:0x59e1735013630ba9c65fb4cf57f8e915f960743d,mainnet,1,0x59e1735013630ba9c65fb4cf57f8e915f960743d,source_found,sourcify-v2,200,contracts/UniswapV3Pool-mainnet-0x59e1735013630ba9c65fb4cf57f8e915f960743d,UniswapV3Pool,0.7.6+commit.7338295f,Solidity,96,match,False,1,shared_attack_victim_trace;victim_trace,,21481165,,2026-08-24T10:07:30.324822+00:00
1:0x5a254c6dc457f9ccf4b19a3b847dfbe3c85e892f,mainnet,1,0x5a254c6dc457f9ccf4b19a3b847dfbe3c85e892f,source_found,sourcify-v2,200,contracts/UniswapV2Pair-mainnet-0x5a254c6dc457f9ccf4b19a3b847dfbe3c85e892f,UniswapV2Pair,0.5.16+commit.9c3226ce,Solidity,1,match,False,2,shared_attack_victim_trace;trading_pair;victim_trace,,21342331;21349927,,2026-08-24T10:07:29.438402+00:00
1:0x5a54fe5234e811466d5366846283323c954310b2,mainnet,1,0x5a54fe5234e811466d5366846283323c954310b2,source_found,sourcify-v2,200,contracts/OptimizedTransparentUpgradeableProxy-mainnet-0x5a54fe5234e811466d5366846283323c954310b2,OptimizedTransparentUpgradeableProxy,0.7.6+commit.7338295f,Solidity,8,exact_match,True,1,victim_trace,,21454713,,2026-08-24T10:07:29.080564+00:00
1:0x5a846031d03fe53bfcd63e0dc75d2e6aeda57198,mainnet,1,0x5a846031d03fe53bfcd63e0dc75d2e6aeda57198,source_found,sourcify-v2,200,contracts/GnosisSafeProxy-mainnet-0x5a846031d03fe53bfcd63e0dc75d2e6aeda57198,GnosisSafeProxy,0.7.6+commit.7338295f,Solidity,1,match,True,1,victim_trace,,21410267,,2026-08-24T10:07:30.454641+00:00
1:0x5a98fcbea516cf06857215779fd812ca3bef1b32,mainnet,1,0x5a98fcbea516cf06857215779fd812ca3bef1b32,source_found,sourcify-v2,200,contracts/MiniMeToken-mainnet-0x5a98fcbea516cf06857215779fd812ca3bef1b32,MiniMeToken,0.4.24+commit.e67f0147,Solidity,1,match,False,2,victim_trace,,21313675;21322741,,2026-08-24T10:07:31.546187+00:00
1:0x5ab53ee1d50eef2c1dd3d5402789cd27bb52c1bb,mainnet,1,0x5ab53ee1d50eef2c1dd3d5402789cd27bb52c1bb,source_found,sourcify-v2,200,contracts/UniswapV3Pool-mainnet-0x5ab53ee1d50eef2c1dd3d5402789cd27bb52c1bb,UniswapV3Pool,0.7.6+commit.7338295f,Solidity,96,match,False,1,victim_trace,,21313675,,2026-08-24T10:07:32.052155+00:00
1:0x5ad6211cd3fde39a9cecb5df6f380b8263d1e277,mainnet,1,0x5ad6211cd3fde39a9cecb5df6f380b8263d1e277,source_found,sourcify-v2,200,contracts/SushiMaker-mainnet-0x5ad6211cd3fde39a9cecb5df6f380b8263d1e277,SushiMaker,0.8.10+commit.fc410830,Solidity,7,match,False,1,victim_top_level;victim_trace,,21420182,,2026-08-24T10:07:31.091140+00:00
1:0x5ae329203e00f76891094dcfedd5aca082a50e1b,mainnet,1,0x5ae329203e00f76891094dcfedd5aca082a50e1b,source_found,sourcify-v2,200,contracts/Pool-mainnet-0x5ae329203e00f76891094dcfedd5aca082a50e1b,Pool,0.8.10+commit.fc410830,Solidity,46,match,False,1,victim_trace,,21322552,,2026-08-24T10:07:34.202731+00:00
1:0x5ae8365d0a30d67145f0c55a08760c250559db64,mainnet,1,0x5ae8365d0a30d67145f0c55a08760c250559db64,source_found,sourcify-v2,200,contracts/RETHPriceCapAdapter-mainnet-0x5ae8365d0a30d67145f0c55a08760c250559db64,RETHPriceCapAdapter,0.8.21+commit.d9974bed,Solidity,25,exact_match,False,1,victim_trace,,21357582,,2026-08-24T10:07:31.343437+00:00
1:0x5af0d9827e0c53e4799bb226655a1de152a425a5,mainnet,1,0x5af0d9827e0c53e4799bb226655a1de152a425a5,source_found,sourcify-v2,200,contracts/Miladys-mainnet-0x5af0d9827e0c53e4799bb226655a1de152a425a5,Miladys,0.7.0+commit.9e61f92b,Solidity,1,exact_match,False,1,victim_trace,,21320028,,2026-08-24T10:07:32.387592+00:00
1:0x5afdab84d684a057d359498e40f38f433390e711,mainnet,1,0x5afdab84d684a057d359498e40f38f433390e711,source_found,sourcify-v2,200,contracts/FastTransferGateway-mainnet-0x5afdab84d684a057d359498e40f38f433390e711,FastTransferGateway,0.8.25+commit.b61c2a91,Solidity,22,exact_match,False,1,proxy_implementation,FastTransferGateway,,,2026-08-24T10:16:41.917742+00:00
1:0x5b35bf749f14ed646b2770fd8a60e257fea7519e,mainnet,1,0x5b35bf749f14ed646b2770fd8a60e257fea7519e,source_found,sourcify-v2,200,contracts/WILLA-mainnet-0x5b35bf749f14ed646b2770fd8a60e257fea7519e,WILLA,0.8.23+commit.f704f362,Solidity,1,match,False,1,shared_attack_victim_trace;victim_trace,,21300107,,2026-08-24T10:07:32.398424+00:00
1:0x5b905fe05f81f3a8ad8b28c6e17779cfabf76068,mainnet,1,0x5b905fe05f81f3a8ad8b28c6e17779cfabf76068,source_found,sourcify-v2,200,contracts/NonceContract-mainnet-0x5b905fe05f81f3a8ad8b28c6e17779cfabf76068,NonceContract,0.7.6+commit.7338295f,Solidity,3,exact_match,False,2,victim_trace,,21338761;21454713,,2026-08-24T10:07:31.462096+00:00
1:0x5ba073f65c751f419bf880d57cf51289cbdb55fe,mainnet,1,0x5ba073f65c751f419bf880d57cf51289cbdb55fe,source_found,sourcify-v2,200,contracts/XBridge-mainnet-0x5ba073f65c751f419bf880d57cf51289cbdb55fe,XBridge,0.8.19+commit.7dd6d404,Solidity,27,match,False,1,victim_trace,,21311832,,2026-08-24T10:07:33.404832+00:00
1:0x5ba87c691637afa9216be198b87508429dfe975e,mainnet,1,0x5ba87c691637afa9216be198b87508429dfe975e,source_found,sourcify-v2,200,contracts/EcoFacet-mainnet-0x5ba87c691637afa9216be198b87508429dfe975e,EcoFacet,0.8.29+commit.ab55807c,Solidity,15,exact_match,False,4,proxy_implementation,EcoFacet,,,2026-08-24T10:16:41.817558+00:00
1:0x5bb5bccf21fb0fb985fa8f9a7aaaa1e1bd6d7ab6,mainnet,1,0x5bb5bccf21fb0fb985fa8f9a7aaaa1e1bd6d7ab6,source_found,sourcify-v2,200,contracts/ConvexStakingWrapperFrax-mainnet-0x5bb5bccf21fb0fb985fa8f9a7aaaa1e1bd6d7ab6,ConvexStakingWrapperFrax,0.6.12+commit.27d51765,Solidity,18,match,False,1,victim_trace,,21304987,,2026-08-24T10:07:33.320860+00:00
1:0x5c19af6f5de91209c3bc2ba447b1f5eb53c50759,mainnet,1,0x5c19af6f5de91209c3bc2ba447b1f5eb53c50759,source_found,sourcify-v2,200,contracts/SendToken-mainnet-0x5c19af6f5de91209c3bc2ba447b1f5eb53c50759,SendToken,0.8.10+commit.fc410830,Solidity,1,match,False,3,victim_trace,,21337846;21352108;21494726,,2026-08-24T10:07:33.568690+00:00
1:0x5c22118237a31d43589793dc72adc0e7730d63b7,mainnet,1,0x5c22118237a31d43589793dc72adc0e7730d63b7,source_found,sourcify-v2,200,contracts/VaultConfigurator-mainnet-0x5c22118237a31d43589793dc72adc0e7730d63b7,VaultConfigurator,0.8.25+commit.b61c2a91,Solidity,30,exact_match,False,1,victim_trace,,21508635,,2026-08-24T10:07:34.888899+00:00
1:0x5c47966eaaa5dbf30e20c1a01ed0acfcbccf1349,mainnet,1,0x5c47966eaaa5dbf30e20c1a01ed0acfcbccf1349,source_found,sourcify-v2,200,contracts/PaxosTransitFacet-mainnet-0x5c47966eaaa5dbf30e20c1a01ed0acfcbccf1349,PaxosTransitFacet,0.8.29+commit.ab55807c,Solidity,14,exact_match,False,4,proxy_implementation,PaxosTransitFacet,,,2026-08-24T10:16:42.389448+00:00
1:0x5c647ce0ae10658ec44fa4e11a51c96e94efd1dd,mainnet,1,0x5c647ce0ae10658ec44fa4e11a51c96e94efd1dd,source_found,sourcify-v2,200,contracts/InitializableImmutableAdminUpgradeabilityProxy-mainnet-0x5c647ce0ae10658ec44fa4e11a51c96e94efd1dd,InitializableImmutableAdminUpgradeabilityProxy,0.8.19+commit.7dd6d404,Solidity,12,match,True,2,victim_trace,,21357582;21494726,,2026-08-24T10:07:33.421519+00:00
1:0x5c6919b79fac1c3555675ae59a9ac2484f3972f5,mainnet,1,0x5c6919b79fac1c3555675ae59a9ac2484f3972f5,source_found,sourcify-v2,200,contracts/UniswapV2Pair-mainnet-0x5c6919b79fac1c3555675ae59a9ac2484f3972f5,UniswapV2Pair,0.5.16+commit.9c3226ce,Solidity,1,match,False,2,shared_attack_victim_trace;trading_pair;victim_trace,,21475088;21502376,,2026-08-24T10:07:34.703138+00:00
1:0x5c6aeb9ef0d5bba4e6691f381003503fd0d45126,mainnet,1,0x5c6aeb9ef0d5bba4e6691f381003503fd0d45126,not_in_sourcify,sourcify-v2,404,,,,,0,,,1,victim_trace,,21504557,,2026-08-24T10:07:33.373913+00:00
1:0x5c71701584633c2f40360ce4a652b50edc2e4c14,mainnet,1,0x5c71701584633c2f40360ce4a652b50edc2e4c14,not_in_sourcify,sourcify-v2,404,,,,,0,,,1,victim_trace,,21447928,,2026-08-24T10:07:34.902261+00:00
1:0x5c7b3f858f8fbb4d1fc525d51f82cb5715c68c27,mainnet,1,0x5c7b3f858f8fbb4d1fc525d51f82cb5715c68c27,source_found,sourcify-v2,200,contracts/AToken-mainnet-0x5c7b3f858f8fbb4d1fc525d51f82cb5715c68c27,AToken,0.6.12+commit.27d51765,Solidity,17,match,False,1,proxy_implementation,AToken,,,2026-08-24T10:16:43.860902+00:00
1:0x5c7bcd6e7de5423a257d81b442095a1a6ced35c5,mainnet,1,0x5c7bcd6e7de5423a257d81b442095a1a6ced35c5,source_found,sourcify-v2,200,contracts/ERC1967Proxy-mainnet-0x5c7bcd6e7de5423a257d81b442095a1a6ced35c5,ERC1967Proxy,0.8.9+commit.e5eed63a,Solidity,68,exact_match,True,4,victim_top_level;victim_trace,,21311832;21434016;21475088;21495693,,2026-08-24T10:07:35.960186+00:00
1:0x5c95d4b1c3321cf898d25949f41d50be2db5bc1d,mainnet,1,0x5c95d4b1c3321cf898d25949f41d50be2db5bc1d,source_found,sourcify-v2,200,contracts/UniswapV3Pool-mainnet-0x5c95d4b1c3321cf898d25949f41d50be2db5bc1d,UniswapV3Pool,0.7.6+commit.7338295f,Solidity,96,match,False,1,shared_attack_victim_trace;victim_trace,,21333683,,2026-08-24T10:07:37.659860+00:00
1:0x5c98dce034c7d2908dea7cfdb7468cd05a7e6d16,mainnet,1,0x5c98dce034c7d2908dea7cfdb7468cd05a7e6d16,not_in_sourcify,sourcify-v2,404,,,,,0,,,3,victim_trace,,21302296;21302391;21302398,,2026-08-24T10:07:36.045465+00:00
1:0x5cd6847acb72a7d61342e611fb31d4b59942379c,mainnet,1,0x5cd6847acb72a7d61342e611fb31d4b59942379c,source_found,sourcify-v2,200,contracts/StarknetTokenBridge-mainnet-0x5cd6847acb72a7d61342e611fb31d4b59942379c,StarknetTokenBridge,0.8.20+commit.a1b79de6,Solidity,27,match,False,1,victim_trace,,21325864,,2026-08-24T10:07:38.483130+00:00
1:0x5ced44f03ff443bbe14d8ea23bc24425fb89e3ed,mainnet,1,0x5ced44f03ff443bbe14d8ea23bc24425fb89e3ed,source_found,sourcify-v2,200,contracts/UniswapV2Pair-mainnet-0x5ced44f03ff443bbe14d8ea23bc24425fb89e3ed,UniswapV2Pair,0.5.16+commit.9c3226ce,Solidity,1,match,False,2,shared_attack_victim_trace;trading_pair;victim_trace,,21352108;21371100,,2026-08-24T10:07:36.113957+00:00
1:0x5d0f47b32fdd343bfa74ce221808e2abe4a53827,mainnet,1,0x5d0f47b32fdd343bfa74ce221808e2abe4a53827,source_found,sourcify-v2,200,contracts/Vyper_contract-mainnet-0x5d0f47b32fdd343bfa74ce221808e2abe4a53827,Vyper_contract,0.3.0+commit.8a23feb,Vyper,1,match,False,1,victim_trace,,21471722,,2026-08-24T10:07:37.723321+00:00
1:0x5d1c5dee420004767d3e2fb7aa7c75aa92c33117,mainnet,1,0x5d1c5dee420004767d3e2fb7aa7c75aa92c33117,source_found,sourcify-v2,200,contracts/Create2BeaconProxy-mainnet-0x5d1c5dee420004767d3e2fb7aa7c75aa92c33117,Create2BeaconProxy,0.8.4+commit.c7e474f2,Solidity,1,match,False,1,victim_trace,,21320028,,2026-08-24T10:07:38.035310+00:00
1:0x5d4aa78b08bc7c530e21bf7447988b1be7991322,mainnet,1,0x5d4aa78b08bc7c530e21bf7447988b1be7991322,source_found,sourcify-v2,200,contracts/AaveTokenV3-mainnet-0x5d4aa78b08bc7c530e21bf7447988b1be7991322,AaveTokenV3,0.8.20+commit.a1b79de6,Solidity,19,exact_match,False,1,victim_trace,,21313675,,2026-08-24T10:07:37.719656+00:00
1:0x5d7634eca0bfadd87cee4baef0cddd81005ea407,mainnet,1,0x5d7634eca0bfadd87cee4baef0cddd81005ea407,source_found,sourcify-v2,200,contracts/UniswapV2Pair-mainnet-0x5d7634eca0bfadd87cee4baef0cddd81005ea407,UniswapV2Pair,0.5.16+commit.9c3226ce,Solidity,1,match,False,1,shared_attack_victim_trace;trading_pair;victim_trace,,21421410,,2026-08-24T10:07:37.023951+00:00
1:0x5d8c6c758c329123bd3b17aff04d0a26a4867b27,mainnet,1,0x5d8c6c758c329123bd3b17aff04d0a26a4867b27,source_found,sourcify-v2,200,contracts/UniswapV3Pool-mainnet-0x5d8c6c758c329123bd3b17aff04d0a26a4867b27,UniswapV3Pool,0.7.6+commit.7338295f,Solidity,96,match,False,1,victim_trace,,21842172,,2026-08-24T10:07:39.673453+00:00
1:0x5de869e3e62b0fb2c15573246ba3bb3fd97a2275,mainnet,1,0x5de869e3e62b0fb2c15573246ba3bb3fd97a2275,source_found,sourcify-v2,200,contracts/ERC1967Proxy-mainnet-0x5de869e3e62b0fb2c15573246ba3bb3fd97a2275,ERC1967Proxy,0.8.20+commit.a1b79de6,Solidity,13,exact_match,True,1,shared_attack_victim_trace;victim_trace,,21485224,,2026-08-24T10:07:38.539346+00:00
1:0x5de8ab7e27f6e7a1fff3e5b337584aa43961beef,mainnet,1,0x5de8ab7e27f6e7a1fff3e5b337584aa43961beef,source_found,sourcify-v2,200,contracts/SmardexToken-mainnet-0x5de8ab7e27f6e7a1fff3e5b337584aa43961beef,SmardexToken,0.8.17+commit.8df45f5f,Solidity,12,match,False,1,victim_trace,,21464031,,2026-08-24T10:07:38.926614+00:00
1:0x5e18824bb0e73bb9bd78e7b2d38a3289bccdee1d,mainnet,1,0x5e18824bb0e73bb9bd78e7b2d38a3289bccdee1d,not_in_sourcify,sourcify-v2,404,,,,,0,,,1,victim_trace,,21475529,,2026-08-24T10:07:38.829047+00:00
1:0x5e3f09ab25548616b4b97f6163ff19cf6027930d,mainnet,1,0x5e3f09ab25548616b4b97f6163ff19cf6027930d,source_found,sourcify-v2,200,contracts/USAcoin-mainnet-0x5e3f09ab25548616b4b97f6163ff19cf6027930d,USAcoin,0.8.23+commit.f704f362,Solidity,1,match,False,2,shared_attack_victim_trace;victim_trace,,21454032;21454349,,2026-08-24T10:07:39.224604+00:00
1:0x5e584776a14eda44bb96dd869476730f28a7786c,mainnet,1,0x5e584776a14eda44bb96dd869476730f28a7786c,not_in_sourcify,sourcify-v2,404,,,,,0,,,1,victim_trace,,21320028,,2026-08-24T10:07:39.699087+00:00
1:0x5e79e8c67cc7fed03b283e84a5e16500f094b6b5,mainnet,1,0x5e79e8c67cc7fed03b283e84a5e16500f094b6b5,source_found,sourcify-v2,200,contracts/PolymerCCTPFacet-mainnet-0x5e79e8c67cc7fed03b283e84a5e16500f094b6b5,PolymerCCTPFacet,0.8.29+commit.ab55807c,Solidity,16,exact_match,False,4,proxy_implementation,PolymerCCTPFacet,,,2026-08-24T10:16:45.958162+00:00
1:0x5ebac8dbfbba22168471b0f914131d1976536a25,mainnet,1,0x5ebac8dbfbba22168471b0f914131d1976536a25,source_found,sourcify-v2,200,contracts/OtcOrdersFeature-mainnet-0x5ebac8dbfbba22168471b0f914131d1976536a25,OtcOrdersFeature,0.6.12+commit.27d51765,Solidity,26,exact_match,False,1,victim_trace,,21337846,,2026-08-24T10:07:41.083475+00:00
1:0x5eccc513efb6b3e7d70579aa81780b6d5e904d2b,mainnet,1,0x5eccc513efb6b3e7d70579aa81780b6d5e904d2b,source_found,sourcify-v2,200,contracts/TransparentUpgradeableProxy-mainnet-0x5eccc513efb6b3e7d70579aa81780b6d5e904d2b,TransparentUpgradeableProxy,0.8.10+commit.fc410830,Solidity,16,exact_match,True,1,victim_trace,,21325864,,2026-08-24T10:07:41.045905+00:00
1:0x5ee5bf7ae06d1be5997a1a72006fe6c607ec6de8,mainnet,1,0x5ee5bf7ae06d1be5997a1a72006fe6c607ec6de8,source_found,sourcify-v2,200,contracts/InitializableImmutableAdminUpgradeabilityProxy-mainnet-0x5ee5bf7ae06d1be5997a1a72006fe6c607ec6de8,InitializableImmutableAdminUpgradeabilityProxy,0.8.10+commit.fc410830,Solidity,6,exact_match,True,6,victim_trace,,21300863;21333683;21337846;21357582;21373643;21414148,,2026-08-24T10:07:41.023857+00:00
1:0x5ef30b9986345249bc32d8928b7ee64de9435e39,mainnet,1,0x5ef30b9986345249bc32d8928b7ee64de9435e39,source_found,sourcify-v2,200,contracts/DssCdpManager-mainnet-0x5ef30b9986345249bc32d8928b7ee64de9435e39,DssCdpManager,0.5.12+commit.7709ece9,Solidity,1,match,False,5,victim_trace,,21313468;21352108;21363251;21371100;21422852,,2026-08-24T10:07:40.611479+00:00
1:0x5f1dc84ba060ea3f7429c6a7bbedd9243cf1209b,mainnet,1,0x5f1dc84ba060ea3f7429c6a7bbedd9243cf1209b,source_found,sourcify-v2,200,contracts/FLAction-mainnet-0x5f1dc84ba060ea3f7429c6a7bbedd9243cf1209b,FLAction,0.8.24+commit.e11b9ed9,Solidity,1,match,False,3,victim_trace,,21337846;21352108;21494726,,2026-08-24T10:07:41.840542+00:00
1:0x5f3b5dfeb7b28cdbd7faba78963ee202a494e2a2,mainnet,1,0x5f3b5dfeb7b28cdbd7faba78963ee202a494e2a2,source_found,sourcify-v2,200,contracts/Vyper_contract-mainnet-0x5f3b5dfeb7b28cdbd7faba78963ee202a494e2a2,Vyper_contract,0.2.4+commit.7949850,Vyper,2,match,False,1,victim_trace,,21504557,,2026-08-24T10:07:43.205472+00:00
1:0x5f493fee8d67d3ae3ba730827b34126cfca0ae94,mainnet,1,0x5f493fee8d67d3ae3ba730827b34126cfca0ae94,source_found,sourcify-v2,200,contracts/Vyper_contract-mainnet-0x5f493fee8d67d3ae3ba730827b34126cfca0ae94,Vyper_contract,0.3.4+commit.f31f0ec4,Vyper,1,match,False,1,victim_trace,,21504557,,2026-08-24T10:07:40.907997+00:00
1:0x5f4ec3df9cbd43714fe2740f5e3616155c5b8419,mainnet,1,0x5f4ec3df9cbd43714fe2740f5e3616155c5b8419,source_found,sourcify-v2,200,contracts/EACAggregatorProxy-mainnet-0x5f4ec3df9cbd43714fe2740f5e3616155c5b8419,EACAggregatorProxy,0.6.6+commit.6c089d02,Solidity,1,match,False,16,shared_attack_victim_trace;victim_trace,,21300107;21300863;21304654;21307275;21322552;21333683;21357447;21357582;21373643;21410530;21414148;21432613;21439930;21442669;21454349;21494726,,2026-08-24T10:07:41.616524+00:00
1:0x5f64ab1544d28732f0a24f4713c2c8ec0da089f0,mainnet,1,0x5f64ab1544d28732f0a24f4713c2c8ec0da089f0,source_found,sourcify-v2,200,contracts/DextfToken-mainnet-0x5f64ab1544d28732f0a24f4713c2c8ec0da089f0,DextfToken,0.6.12+commit.27d51765,Solidity,1,match,False,1,shared_attack_victim_trace;victim_trace,,21311832,,2026-08-24T10:07:42.491645+00:00
1:0x5ffbf8c047e568a23acc95ce1c593866973f10b6,mainnet,1,0x5ffbf8c047e568a23acc95ce1c593866973f10b6,source_found,sourcify-v2,200,contracts/PendleMellowVaultERC20SYUpg-mainnet-0x5ffbf8c047e568a23acc95ce1c593866973f10b6,PendleMellowVaultERC20SYUpg,0.8.24+commit.e11b9ed9,Solidity,47,exact_match,False,1,victim_trace,,21508635,,2026-08-24T10:07:44.425953+00:00
1:0x60215db40b04fe029c42c56ff2e02221c1f288ef,mainnet,1,0x60215db40b04fe029c42c56ff2e02221c1f288ef,source_found,sourcify-v2,200,contracts/JustAChillGuy-mainnet-0x60215db40b04fe029c42c56ff2e02221c1f288ef,JustAChillGuy,0.8.23+commit.f704f362,Solidity,1,match,False,1,shared_attack_victim_trace;victim_trace,,21333683,,2026-08-24T10:07:43.407904+00:00
1:0x60594a405d53811d3bc4766596efd80fd545a270,mainnet,1,0x60594a405d53811d3bc4766596efd80fd545a270,source_found,sourcify-v2,200,contracts/UniswapV3Pool-mainnet-0x60594a405d53811d3bc4766596efd80fd545a270,UniswapV3Pool,0.7.6+commit.7338295f,Solidity,96,match,False,2,shared_attack_victim_trace;trading_pair;victim_trace,,21322552;21424564,,2026-08-24T10:07:45.393440+00:00
1:0x605b5490bf009110287b0848eee11c73657939c5,mainnet,1,0x605b5490bf009110287b0848eee11c73657939c5,not_in_sourcify,sourcify-v2,404,,,,,0,,,1,victim_trace,,21360349,,2026-08-24T10:07:42.813745+00:00
1:0x60744434d6339a6b27d73d9eda62b6f66a0a04fa,mainnet,1,0x60744434d6339a6b27d73d9eda62b6f66a0a04fa,source_found,sourcify-v2,200,contracts/DssFlash-mainnet-0x60744434d6339a6b27d73d9eda62b6f66a0a04fa,DssFlash,0.6.12+commit.27d51765,Solidity,1,match,False,3,victim_trace,,21352108;21371100;21422852,,2026-08-24T10:07:44.140315+00:00
1:0x607f4c5bb672230e8672085532f7e901544a7375,mainnet,1,0x607f4c5bb672230e8672085532f7e901544a7375,source_found,sourcify-v2,200,contracts/RLC-mainnet-0x607f4c5bb672230e8672085532f7e901544a7375,RLC,0.4.8+commit.60cc1668,Solidity,1,match,False,1,shared_attack_victim_trace;victim_trace,,21309126,,2026-08-24T10:07:43.050430+00:00
1:0x60af8cf92e5aa9ead4a592d657cd6debecfbc616,mainnet,1,0x60af8cf92e5aa9ead4a592d657cd6debecfbc616,source_found,sourcify-v2,200,contracts/UniswapV2Pair-mainnet-0x60af8cf92e5aa9ead4a592d657cd6debecfbc616,UniswapV2Pair,0.5.16+commit.9c3226ce,Solidity,1,match,False,1,shared_attack_victim_trace;trading_pair;victim_trace,,21842016,,2026-08-24T10:07:43.905379+00:00
1:0x60b0dad2d7d65b7d6efc0b746687020ccef0a233,mainnet,1,0x60b0dad2d7d65b7d6efc0b746687020ccef0a233,source_found,sourcify-v2,200,contracts/UniswapV3Pool-mainnet-0x60b0dad2d7d65b7d6efc0b746687020ccef0a233,UniswapV3Pool,0.7.6+commit.7338295f,Solidity,96,match,False,2,victim_trace,,21342275;21442669,,2026-08-24T10:07:46.521366+00:00
1:0x611cde65dea90918c0078ac0400a72b0d25b9bb1,mainnet,1,0x611cde65dea90918c0078ac0400a72b0d25b9bb1,source_found,sourcify-v2,200,contracts/UniswapV2Pair-mainnet-0x611cde65dea90918c0078ac0400a72b0d25b9bb1,UniswapV2Pair,0.6.12+commit.27d51765,Solidity,1,match,False,1,victim_trace,,21333683,,2026-08-24T10:07:44.454683+00:00
1:0x6131b5fae19ea4f9d964eac0408e4408b66337b5,mainnet,1,0x6131b5fae19ea4f9d964eac0408e4408b66337b5,source_found,sourcify-v2,200,contracts/MetaAggregationRouterV2-mainnet-0x6131b5fae19ea4f9d964eac0408e4408b66337b5,MetaAggregationRouterV2,0.8.9+commit.e5eed63a,Solidity,13,match,False,15,victim_top_level;victim_trace,,21313675;21325864;21335212;21342331;21348336;21352108;21398236;21410267;21410530;21428934;21442669;21471722;21500255;21501847;21508635,,2026-08-24T10:07:45.941708+00:00
1:0x6140b987d6b51fd75b66c3b07733beb5167c42fc,mainnet,1,0x6140b987d6b51fd75b66c3b07733beb5167c42fc,source_found,sourcify-v2,200,contracts/LiFiDEXAggregator-mainnet-0x6140b987d6b51fd75b66c3b07733beb5167c42fc,LiFiDEXAggregator,0.8.17+commit.8df45f5f,Solidity,7,exact_match,False,1,victim_trace,,21342507,,2026-08-24T10:07:45.238209+00:00
1:0x614a48c41be6ba6762b63a92cc33cfb5e8149332,mainnet,1,0x614a48c41be6ba6762b63a92cc33cfb5e8149332,source_found,sourcify-v2,200,contracts/Dusty-mainnet-0x614a48c41be6ba6762b63a92cc33cfb5e8149332,Dusty,0.8.22+commit.4fc1097e,Solidity,1,exact_match,False,4,shared_attack_victim_trace;victim_trace,,21355730;21357582;21361252;21452745,,2026-08-24T10:07:45.410719+00:00
1:0x615987d46003cc37387dbe544ff4f16fa1200077,mainnet,1,0x615987d46003cc37387dbe544ff4f16fa1200077,source_found,sourcify-v2,200,contracts/nasdaq-mainnet-0x615987d46003cc37387dbe544ff4f16fa1200077,nasdaq,0.8.26+commit.8a97fa7a,Solidity,1,exact_match,False,2,shared_attack_victim_trace;victim_trace,,21342507;21357582,,2026-08-24T10:07:46.315476+00:00
1:0x6175ddec3b9b38c88157c10a01ed4a3fa8639cc6,mainnet,1,0x6175ddec3b9b38c88157c10a01ed4a3fa8639cc6,source_found,sourcify-v2,200,contracts/AToken-mainnet-0x6175ddec3b9b38c88157c10a01ed4a3fa8639cc6,AToken,0.8.10+commit.fc410830,Solidity,21,exact_match,False,1,victim_trace,,21322552,,2026-08-24T10:07:47.351063+00:00
1:0x618679df9efcd19694bb1daa8d00718eacfa2883,mainnet,1,0x618679df9efcd19694bb1daa8d00718eacfa2883,source_found,sourcify-v2,200,contracts/XYZToken-mainnet-0x618679df9efcd19694bb1daa8d00718eacfa2883,XYZToken,0.6.12+commit.27d51765,Solidity,8,exact_match,False,2,shared_attack_victim_trace;victim_trace,,21320028;21363251,,2026-08-24T10:07:46.597855+00:00
1:0x619beb58998ed2278e08620f97007e1116d5d25b,mainnet,1,0x619beb58998ed2278e08620f97007e1116d5d25b,source_found,sourcify-v2,200,contracts/InitializableImmutableAdminUpgradeabilityProxy-mainnet-0x619beb58998ed2278e08620f97007e1116d5d25b,InitializableImmutableAdminUpgradeabilityProxy,0.6.12+commit.27d51765,Solidity,6,exact_match,True,1,victim_trace,,21357447,,2026-08-24T10:07:46.287334+00:00
1:0x61ab356a686958fb878b0dee6e87b1b4fc36d553,mainnet,1,0x61ab356a686958fb878b0dee6e87b1b4fc36d553,source_found,sourcify-v2,200,contracts/OwnershipFacet-mainnet-0x61ab356a686958fb878b0dee6e87b1b4fc36d553,OwnershipFacet,0.8.22+commit.4fc1097e,Solidity,4,match,False,19,proxy_implementation,OwnershipFacet,,,2026-08-24T10:16:44.891458+00:00
1:0x61c16f2864983338627c9b130d64023e12165b0f,mainnet,1,0x61c16f2864983338627c9b130d64023e12165b0f,source_found,sourcify-v2,200,contracts/ERC1967Proxy-mainnet-0x61c16f2864983338627c9b130d64023e12165b0f,ERC1967Proxy,0.8.20+commit.a1b79de6,Solidity,13,exact_match,True,1,victim_top_level;victim_trace,,21515974,,2026-08-24T10:07:46.711982+00:00
1:0x61e71fb007743684830bb7c9e452d202425a7bdf,mainnet,1,0x61e71fb007743684830bb7c9e452d202425a7bdf,source_found,sourcify-v2,200,contracts/MakerPSMRouterFacet-mainnet-0x61e71fb007743684830bb7c9e452d202425a7bdf,MakerPSMRouterFacet,0.8.22+commit.4fc1097e,Solidity,9,match,False,19,proxy_implementation,MakerPSMRouterFacet,,,2026-08-24T10:16:45.196005+00:00
1:0x61f8be7fd721e80c0249829eae6f0daf21bc2cac,mainnet,1,0x61f8be7fd721e80c0249829eae6f0daf21bc2cac,source_found,sourcify-v2,200,contracts/RootPriceOracle-mainnet-0x61f8be7fd721e80c0249829eae6f0daf21bc2cac,RootPriceOracle,0.8.17+commit.8df45f5f,Solidity,60,exact_match,False,2,victim_trace,,21447928;21504557,,2026-08-24T10:07:48.454749+00:00
1:0x6213f24332d35519039f2afa7e3bffe105a37d3f,mainnet,1,0x6213f24332d35519039f2afa7e3bffe105a37d3f,source_found,sourcify-v2,200,contracts/ChainlinkOracle-mainnet-0x6213f24332d35519039f2afa7e3bffe105a37d3f,ChainlinkOracle,0.8.24+commit.e11b9ed9,Solidity,8,exact_match,False,1,victim_trace,,21481165,,2026-08-24T10:07:48.079714+00:00
1:0x6220add83b8103bffe40218e658068288eda4ec1,mainnet,1,0x6220add83b8103bffe40218e658068288eda4ec1,source_found,sourcify-v2,200,contracts/UniswapV2Pair-mainnet-0x6220add83b8103bffe40218e658068288eda4ec1,UniswapV2Pair,0.5.16+commit.9c3226ce,Solidity,1,match,False,3,shared_attack_victim_trace;trading_pair;victim_trace,,21302296;21302391;21302398,,2026-08-24T10:07:48.587732+00:00
1:0x6243d2f41b4ec944f731f647589e28d9745a2674,mainnet,1,0x6243d2f41b4ec944f731f647589e28d9745a2674,source_found,sourcify-v2,200,contracts/CbETHPriceCapAdapter-mainnet-0x6243d2f41b4ec944f731f647589e28d9745a2674,CbETHPriceCapAdapter,0.8.21+commit.d9974bed,Solidity,25,exact_match,False,1,victim_trace,,21357582,,2026-08-24T10:07:49.137831+00:00
1:0x626e8036deb333b408be468f951bdb42433cbf18,mainnet,1,0x626e8036deb333b408be468f951bdb42433cbf18,source_found,sourcify-v2,200,contracts/AIOZToken-mainnet-0x626e8036deb333b408be468f951bdb42433cbf18,AIOZToken,0.8.3+commit.8d00100c,Solidity,5,match,False,1,victim_trace,,21381403,,2026-08-24T10:07:48.101098+00:00
1:0x62a9ddc6ff6077e823690118ecc935d16a8de47e,mainnet,1,0x62a9ddc6ff6077e823690118ecc935d16a8de47e,source_found,sourcify-v2,200,contracts/SDaiCollateral-mainnet-0x62a9ddc6ff6077e823690118ecc935d16a8de47e,SDaiCollateral,0.8.19+commit.7dd6d404,Solidity,34,exact_match,False,1,victim_trace,,21471722,,2026-08-24T10:07:49.036383+00:00
1:0x62f03b52c377fea3eb71d451a95ad86c818755d1,mainnet,1,0x62f03b52c377fea3eb71d451a95ad86c818755d1,source_found,sourcify-v2,200,contracts/Token-mainnet-0x62f03b52c377fea3eb71d451a95ad86c818755d1,Token,0.8.9+commit.e5eed63a,Solidity,1,exact_match,False,1,shared_attack_victim_trace;victim_trace,,21428934,,2026-08-24T10:07:49.252013+00:00
1:0x63139fe3848ac53e5b668e19df1dd4e6f31428c8,mainnet,1,0x63139fe3848ac53e5b668e19df1dd4e6f31428c8,source_found,sourcify-v2,200,contracts/AutopoolETHStrategy-mainnet-0x63139fe3848ac53e5b668e19df1dd4e6f31428c8,AutopoolETHStrategy,0.8.17+commit.8df45f5f,Solidity,68,match,False,1,victim_trace,,21504557,,2026-08-24T10:07:52.787256+00:00
1:0x6352a56caadc4f1e25cd6c75970fa768a3304e64,mainnet,1,0x6352a56caadc4f1e25cd6c75970fa768a3304e64,source_found,sourcify-v2,200,contracts/OpenOceanExchangeProxy-mainnet-0x6352a56caadc4f1e25cd6c75970fa768a3304e64,OpenOceanExchangeProxy,0.6.12+commit.27d51765,Solidity,1,match,True,6,victim_top_level;victim_trace,,21317106;21401763;21424564;21434016;21473060;21475088,,2026-08-24T10:07:50.197068+00:00
1:0x63818bbdd21e69be108a23ac1e84cbf66399bd7d,mainnet,1,0x63818bbdd21e69be108a23ac1e84cbf66399bd7d,source_found,sourcify-v2,200,contracts/UniswapV3Pool-mainnet-0x63818bbdd21e69be108a23ac1e84cbf66399bd7d,UniswapV3Pool,0.7.6+commit.7338295f,Solidity,96,match,False,1,victim_trace,,21363588,,2026-08-24T10:07:52.550769+00:00
1:0x639156f8feb0cd88205e4861a0224ec169605acf,mainnet,1,0x639156f8feb0cd88205e4861a0224ec169605acf,source_found,sourcify-v2,200,contracts/Borrowing-mainnet-0x639156f8feb0cd88205e4861a0224ec169605acf,Borrowing,0.8.24+commit.e11b9ed9,Solidity,42,exact_match,False,1,victim_trace,,21481165,,2026-08-24T10:07:52.928120+00:00
1:0x63e988f4b30245f9f4ee898531e0be3fee20b170,mainnet,1,0x63e988f4b30245f9f4ee898531e0be3fee20b170,source_found,sourcify-v2,200,contracts/OneInchWrapper-mainnet-0x63e988f4b30245f9f4ee898531e0be3fee20b170,OneInchWrapper,0.8.10+commit.fc410830,Solidity,1,match,False,3,victim_trace,,21313468;21322552;21363251,,2026-08-24T10:07:51.070620+00:00
1:0x63eddf26bc65eda1d1c0147ce8e23c09be963596,mainnet,1,0x63eddf26bc65eda1d1c0147ce8e23c09be963596,source_found,sourcify-v2,200,contracts/Asset-mainnet-0x63eddf26bc65eda1d1c0147ce8e23c09be963596,Asset,0.8.19+commit.7dd6d404,Solidity,31,exact_match,False,1,victim_trace,,21471722,,2026-08-24T10:07:51.111021+00:00
1:0x64046776c9c856fdc5c39c6eba101adc8e18291f,mainnet,1,0x64046776c9c856fdc5c39c6eba101adc8e18291f,source_found,sourcify-v2,200,contracts/TransparentUpgradeableProxy-mainnet-0x64046776c9c856fdc5c39c6eba101adc8e18291f,TransparentUpgradeableProxy,0.8.24+commit.e11b9ed9,Solidity,9,exact_match,True,1,victim_trace,,21508635,,2026-08-24T10:07:51.828797+00:00
1:0x64c5cba9a1bfbd2a5faf601d91beff2dcac2c974,mainnet,1,0x64c5cba9a1bfbd2a5faf601d91beff2dcac2c974,source_found,sourcify-v2,200,contracts/Mystery-mainnet-0x64c5cba9a1bfbd2a5faf601d91beff2dcac2c974,Mystery,0.8.19+commit.7dd6d404,Solidity,1,match,False,2,shared_attack_victim_trace;victim_trace,,21398236;21454713,,2026-08-24T10:07:52.090290+00:00
1:0x65086e9928d297ebae6a7d24d8c3aea6f8f6b5d7,mainnet,1,0x65086e9928d297ebae6a7d24d8c3aea6f8f6b5d7,source_found,sourcify-v2,200,contracts/Toki-mainnet-0x65086e9928d297ebae6a7d24d8c3aea6f8f6b5d7,Toki,0.8.19+commit.7dd6d404,Solidity,1,match,False,1,shared_attack_victim_trace;victim_trace,,21452745,,2026-08-24T10:07:52.877894+00:00
1:0x653893375dd1d942d2c429cab51641f2bf14d426,mainnet,1,0x653893375dd1d942d2c429cab51641f2bf14d426,source_found,sourcify-v2,200,contracts/WrapperExchangeRegistry-mainnet-0x653893375dd1d942d2c429cab51641f2bf14d426,WrapperExchangeRegistry,0.8.10+commit.fc410830,Solidity,1,match,False,10,victim_trace,,21307275;21313468;21322552;21337846;21348336;21352108;21363251;21410530;21432613;21494726,,2026-08-24T10:07:53.016383+00:00
1:0x655edce464cc797526600a462a8154650eee4b77,mainnet,1,0x655edce464cc797526600a462a8154650eee4b77,source_found,sourcify-v2,200,contracts/ClipperApproximateCaravelExchange-mainnet-0x655edce464cc797526600a462a8154650eee4b77,ClipperApproximateCaravelExchange,0.8.19+commit.7dd6d404,Solidity,22,exact_match,False,1,victim_trace,,21502376,,2026-08-24T10:07:55.655096+00:00
1:0x657e8c867d8b37dcc18fa4caead9c45eb088c642,mainnet,1,0x657e8c867d8b37dcc18fa4caead9c45eb088c642,source_found,sourcify-v2,200,contracts/BoringVault-mainnet-0x657e8c867d8b37dcc18fa4caead9c45eb088c642,BoringVault,0.8.21+commit.d9974bed,Solidity,13,exact_match,False,1,victim_trace,,21362910,,2026-08-24T10:07:54.310688+00:00
1:0x6591c4bcd6d7a1eb4e537da8b78676c1576ba244,mainnet,1,0x6591c4bcd6d7a1eb4e537da8b78676c1576ba244,source_found,sourcify-v2,200,contracts/UniswapV2Pair-mainnet-0x6591c4bcd6d7a1eb4e537da8b78676c1576ba244,UniswapV2Pair,0.5.16+commit.9c3226ce,Solidity,1,match,False,1,shared_attack_victim_trace;trading_pair;victim_trace,,21414148,,2026-08-24T10:07:53.576046+00:00
1:0x6593f97975400fcfee16a44d8448bb0509743e8e,mainnet,1,0x6593f97975400fcfee16a44d8448bb0509743e8e,source_found,sourcify-v2,200,contracts/UniswapV2Pair-mainnet-0x6593f97975400fcfee16a44d8448bb0509743e8e,UniswapV2Pair,0.6.12+commit.27d51765,Solidity,8,match,False,1,shared_attack_victim_trace;trading_pair;victim_trace,,21360349,,2026-08-24T10:07:54.113993+00:00
1:0x65d6b9a368be49bca4964b66e54f828cab64b8f9,mainnet,1,0x65d6b9a368be49bca4964b66e54f828cab64b8f9,source_found,sourcify-v2,200,contracts/GasZipFacet-mainnet-0x65d6b9a368be49bca4964b66e54f828cab64b8f9,GasZipFacet,0.8.29+commit.ab55807c,Solidity,17,exact_match,False,4,proxy_implementation,GasZipFacet,,,2026-08-24T10:16:46.453886+00:00
1:0x65ddeedf8e68f26d787b678e28af13fde0249967,mainnet,1,0x65ddeedf8e68f26d787b678e28af13fde0249967,source_found,sourcify-v2,200,contracts/DiamondLoupe-mainnet-0x65ddeedf8e68f26d787b678e28af13fde0249967,DiamondLoupe,0.8.19+commit.7dd6d404,Solidity,12,exact_match,True,1,proxy_implementation,DiamondLoupe,,,2026-08-24T10:16:46.419452+00:00
1:0x65fdd04099a08b362d8ddb7e4a8ef467d464ec1c,mainnet,1,0x65fdd04099a08b362d8ddb7e4a8ef467d464ec1c,source_found,sourcify-v2,200,contracts/AccessManagerFacet-mainnet-0x65fdd04099a08b362d8ddb7e4a8ef467d464ec1c,AccessManagerFacet,0.8.17+commit.8df45f5f,Solidity,8,exact_match,False,1,proxy_implementation,AccessManagerFacet,,,2026-08-24T10:16:48.322528+00:00
1:0x663dc15d3c1ac63ff12e45ab68fea3f0a883c251,mainnet,1,0x663dc15d3c1ac63ff12e45ab68fea3f0a883c251,source_found,sourcify-v2,200,contracts/TransparentUpgradeableProxy-mainnet-0x663dc15d3c1ac63ff12e45ab68fea3f0a883c251,TransparentUpgradeableProxy,0.8.2+commit.661d1103,Solidity,15,exact_match,True,1,victim_top_level;victim_trace,,21428934,,2026-08-24T10:07:55.007435+00:00
1:0x667102bd3413bfeaa3dffb48fa8288819e480a88,mainnet,1,0x667102bd3413bfeaa3dffb48fa8288819e480a88,source_found,sourcify-v2,200,contracts/ERC20Token-mainnet-0x667102bd3413bfeaa3dffb48fa8288819e480a88,ERC20Token,0.4.19+commit.c4cbbb05,Solidity,1,match,False,1,shared_attack_victim_trace;victim_trace,,21485224,,2026-08-24T10:07:54.979608+00:00
1:0x6675a323dedb77822fcf39eaa9d682f6abe72555,mainnet,1,0x6675a323dedb77822fcf39eaa9d682f6abe72555,source_found,sourcify-v2,200,contracts/TupleHelpers-mainnet-0x6675a323dedb77822fcf39eaa9d682f6abe72555,TupleHelpers,0.8.16+commit.07a7930e,Solidity,1,exact_match,False,1,victim_trace,,21362910,,2026-08-24T10:07:55.010746+00:00
1:0x66761fa41377003622aee3c7675fc7b5c1c2fac5,mainnet,1,0x66761fa41377003622aee3c7675fc7b5c1c2fac5,source_found,sourcify-v2,200,contracts/CPOOL-mainnet-0x66761fa41377003622aee3c7675fc7b5c1c2fac5,CPOOL,0.8.7+commit.e28d00a7,Solidity,1,exact_match,False,3,shared_attack_victim_trace;victim_trace,,21304654;21442409;21515974,,2026-08-24T10:07:54.955839+00:00
1:0x668bee3d94c7bb8c5cfb73927b71a55e98aff63d,mainnet,1,0x668bee3d94c7bb8c5cfb73927b71a55e98aff63d,source_found,sourcify-v2,200,contracts/GenericEqualSpenderAndHandlerAdapter-mainnet-0x668bee3d94c7bb8c5cfb73927b71a55e98aff63d,GenericEqualSpenderAndHandlerAdapter,0.8.16+commit.07a7930e,Solidity,3,exact_match,False,1,victim_trace,,21313675,,2026-08-24T10:07:55.530678+00:00
1:0x66a1e37c9b0eaddca17d3662d6c05f4decf3e110,mainnet,1,0x66a1e37c9b0eaddca17d3662d6c05f4decf3e110,source_found,sourcify-v2,200,contracts/TransparentUpgradeableProxy-mainnet-0x66a1e37c9b0eaddca17d3662d6c05f4decf3e110,TransparentUpgradeableProxy,0.8.20+commit.a1b79de6,Solidity,112,exact_match,True,2,shared_attack_victim_trace;victim_trace,,21392828;21481165,,2026-08-24T10:07:56.495109+00:00
1:0x66a71dcef29a0ffbdbe3c6a460a3b5bc225cd675,mainnet,1,0x66a71dcef29a0ffbdbe3c6a460a3b5bc225cd675,source_found,sourcify-v2,200,contracts/Endpoint-mainnet-0x66a71dcef29a0ffbdbe3c6a460a3b5bc225cd675,Endpoint,0.7.6+commit.7338295f,Solidity,7,exact_match,False,2,victim_trace,,21338761;21454713,,2026-08-24T10:07:56.066850+00:00
1:0x66a9893cc07d91d95644aedd05d03f95e1dba8af,mainnet,1,0x66a9893cc07d91d95644aedd05d03f95e1dba8af,source_found,sourcify-v2,200,contracts/UniversalRouter-mainnet-0x66a9893cc07d91d95644aedd05d03f95e1dba8af,UniversalRouter,0.8.26+commit.8a97fa7a,Solidity,93,match,False,1,victim_top_level;victim_trace,,21842016,,2026-08-24T10:07:58.441508+00:00
1:0x66b5228cfd34d9f4d9f03188d67816286c7c0b74,mainnet,1,0x66b5228cfd34d9f4d9f03188d67816286c7c0b74,source_found,sourcify-v2,200,contracts/Volt-mainnet-0x66b5228cfd34d9f4d9f03188d67816286c7c0b74,Volt,0.8.26+commit.8a97fa7a,Solidity,45,match,False,1,shared_attack_victim_trace;victim_trace,,21330552,,2026-08-24T10:07:57.461475+00:00
1:0x66c1c25d7d2bd4a32ed33501e202b275030f402c,mainnet,1,0x66c1c25d7d2bd4a32ed33501e202b275030f402c,source_found,sourcify-v2,200,contracts/SimpleSwap-mainnet-0x66c1c25d7d2bd4a32ed33501e202b275030f402c,SimpleSwap,0.7.5+commit.eb77ed08,Solidity,13,match,False,1,victim_trace,,21471722,,2026-08-24T10:07:57.283742+00:00
1:0x66c4285223e5949d154783dd14f73844ccbf85cf,mainnet,1,0x66c4285223e5949d154783dd14f73844ccbf85cf,source_found,sourcify-v2,200,contracts/UniswapV2Pair-mainnet-0x66c4285223e5949d154783dd14f73844ccbf85cf,UniswapV2Pair,0.5.16+commit.9c3226ce,Solidity,1,match,False,2,shared_attack_victim_trace;trading_pair;victim_trace,,21449019;21501469,,2026-08-24T10:07:57.828342+00:00
1:0x66e1abdb06e7363a618d65a910c540dfed23754f,mainnet,1,0x66e1abdb06e7363a618d65a910c540dfed23754f,source_found,sourcify-v2,200,contracts/ParaSwapRepayAdapter-mainnet-0x66e1abdb06e7363a618d65a910c540dfed23754f,ParaSwapRepayAdapter,0.8.19+commit.7dd6d404,Solidity,22,match,False,1,victim_trace,,21454349,,2026-08-24T10:07:57.684453+00:00
1:0x670667eab359030af7c6f785fc32c25bbe9a7a31,mainnet,1,0x670667eab359030af7c6f785fc32c25bbe9a7a31,source_found,sourcify-v2,200,contracts/UniSwap-mainnet-0x670667eab359030af7c6f785fc32c25bbe9a7a31,UniSwap,0.7.6+commit.7338295f,Solidity,18,match,False,1,victim_trace,,21432830,,2026-08-24T10:07:57.712696+00:00
1:0x67324985b5014b36b960273353deb3d96f2f18c2,mainnet,1,0x67324985b5014b36b960273353deb3d96f2f18c2,source_found,sourcify-v2,200,contracts/UniswapV2Pair-mainnet-0x67324985b5014b36b960273353deb3d96f2f18c2,UniswapV2Pair,0.5.16+commit.9c3226ce,Solidity,1,match,False,1,shared_attack_victim_trace;trading_pair;victim_trace,,21429278,,2026-08-24T10:07:58.541888+00:00
1:0x67466be17df832165f8c80a5a120ccc652bd7e69,mainnet,1,0x67466be17df832165f8c80a5a120ccc652bd7e69,source_found,sourcify-v2,200,contracts/Landwolf-mainnet-0x67466be17df832165f8c80a5a120ccc652bd7e69,Landwolf,0.8.25+commit.b61c2a91,Solidity,1,match,False,1,shared_attack_victim_trace;victim_trace,,21429278,,2026-08-24T10:07:59.032455+00:00
1:0x67aac030b59d266e754b0b24af9cc77ec2534a37,mainnet,1,0x67aac030b59d266e754b0b24af9cc77ec2534a37,source_found,sourcify-v2,200,contracts/ZeroDAOToken-mainnet-0x67aac030b59d266e754b0b24af9cc77ec2534a37,ZeroDAOToken,0.8.3+commit.8d00100c,Solidity,13,exact_match,False,2,shared_attack_victim_trace;victim_trace,,21323348;21392828,,2026-08-24T10:07:58.895843+00:00
1:0x67f8df125b796b05895a6dc8ecf944b9556ecb0b,mainnet,1,0x67f8df125b796b05895a6dc8ecf944b9556ecb0b,source_found,sourcify-v2,200,contracts/BoostDelegationV2-mainnet-0x67f8df125b796b05895a6dc8ecf944b9556ecb0b,BoostDelegationV2,0.3.3+commit.48e326f0,Vyper,1,match,False,1,victim_trace,,21447928,,2026-08-24T10:07:59.437679+00:00
1:0x68037790a0229e9ce6eaa8a99ea92964106c4703,mainnet,1,0x68037790a0229e9ce6eaa8a99ea92964106c4703,source_found,sourcify-v2,200,contracts/PAR-mainnet-0x68037790a0229e9ce6eaa8a99ea92964106c4703,PAR,0.6.12+commit.27d51765,Solidity,1,match,False,1,shared_attack_victim_trace;victim_trace,,21433713,,2026-08-24T10:07:59.874786+00:00
1:0x683989afc948477fd38567f8327f501562c955ac,mainnet,1,0x683989afc948477fd38567f8327f501562c955ac,not_in_sourcify,sourcify-v2,404,,,,,0,,,1,victim_trace,,21396987,,2026-08-24T10:07:59.242586+00:00
1:0x688c3e4658b5367da06fd629e41879beab538e37,mainnet,1,0x688c3e4658b5367da06fd629e41879beab538e37,source_found,sourcify-v2,200,contracts/AdminUpgradeabilityProxy-mainnet-0x688c3e4658b5367da06fd629e41879beab538e37,AdminUpgradeabilityProxy,0.6.8+commit.0bbfe453,Solidity,4,exact_match,True,1,victim_trace,,21320028,,2026-08-24T10:07:59.499073+00:00
1:0x68ad75469db9181a1144e769c16adf47f2f32cae,mainnet,1,0x68ad75469db9181a1144e769c16adf47f2f32cae,source_found,sourcify-v2,200,contracts/Max-mainnet-0x68ad75469db9181a1144e769c16adf47f2f32cae,Max,0.8.14+commit.80d49f37,Solidity,1,exact_match,False,1,shared_attack_victim_trace;victim_trace,,21439930,,2026-08-24T10:08:00.089231+00:00
1:0x68b3465833fb72a70ecdf485e0e4c7bd8665fc45,mainnet,1,0x68b3465833fb72a70ecdf485e0e4c7bd8665fc45,source_found,sourcify-v2,200,contracts/SwapRouter02-mainnet-0x68b3465833fb72a70ecdf485e0e4c7bd8665fc45,SwapRouter02,0.7.6+commit.7338295f,Solidity,236,match,False,10,victim_top_level;victim_trace,,21304307;21307275;21317122;21335212;21355730;21360349;21428934;21460992;21464031;21502376,,2026-08-24T10:16:54.239861+00:00
1:0x68b44c26874998adbd41a964e92315809524c7cb,mainnet,1,0x68b44c26874998adbd41a964e92315809524c7cb,source_found,sourcify-v2,200,contracts/UniswapV2Pair-mainnet-0x68b44c26874998adbd41a964e92315809524c7cb,UniswapV2Pair,0.5.16+commit.9c3226ce,Solidity,1,match,False,1,shared_attack_victim_trace;trading_pair;victim_trace,,21428934,,2026-08-24T10:16:48.308556+00:00
1:0x68fb4530e156ed17cb849d19102892b7af8cbeef,mainnet,1,0x68fb4530e156ed17cb849d19102892b7af8cbeef,source_found,sourcify-v2,200,contracts/BorrowLogic-mainnet-0x68fb4530e156ed17cb849d19102892b7af8cbeef,BorrowLogic,0.8.10+commit.fc410830,Solidity,35,match,False,1,victim_trace,,21322552,,2026-08-24T10:16:50.027539+00:00
1:0x6916f79669f745aebd82433583c85665bfae6fbb,mainnet,1,0x6916f79669f745aebd82433583c85665bfae6fbb,source_found,sourcify-v2,200,contracts/UniswapV3Pool-mainnet-0x6916f79669f745aebd82433583c85665bfae6fbb,UniswapV3Pool,0.7.6+commit.7338295f,Solidity,96,match,False,1,shared_attack_victim_trace;trading_pair;victim_trace,,21342275,,2026-08-24T10:16:53.797959+00:00
1:0x6967e68f7f9b3921181f27e66aa9c3ac7e13dbc0,mainnet,1,0x6967e68f7f9b3921181f27e66aa9c3ac7e13dbc0,source_found,sourcify-v2,200,contracts/FluidLiquidityUserModule-mainnet-0x6967e68f7f9b3921181f27e66aa9c3ac7e13dbc0,FluidLiquidityUserModule,0.8.21+commit.d9974bed,Solidity,14,exact_match,False,2,victim_trace,,21335212;21495693,,2026-08-24T10:16:52.380081+00:00
1:0x6968676661ac9851c38907bdfcc22d5dd77b564d,mainnet,1,0x6968676661ac9851c38907bdfcc22d5dd77b564d,source_found,sourcify-v2,200,contracts/BOYSCLUB-mainnet-0x6968676661ac9851c38907bdfcc22d5dd77b564d,BOYSCLUB,0.8.19+commit.7dd6d404,Solidity,1,match,False,1,shared_attack_victim_trace;victim_trace,,21356992,,2026-08-24T10:16:51.440638+00:00
1:0x696c905f8f8c006ca46e9808fe7e00049507798f,mainnet,1,0x696c905f8f8c006ca46e9808fe7e00049507798f,source_found,sourcify-v2,200,contracts/SystemStatus-mainnet-0x696c905f8f8c006ca46e9808fe7e00049507798f,SystemStatus,0.5.16+commit.9c3226ce,Solidity,1,exact_match,False,1,shared_attack_victim_trace;victim_trace,,21464031,,2026-08-24T10:16:54.247832+00:00
1:0x6981449ddaa030f83bc5ac9fde1c19544521906e,mainnet,1,0x6981449ddaa030f83bc5ac9fde1c19544521906e,source_found,sourcify-v2,200,contracts/UniswapV3Pool-mainnet-0x6981449ddaa030f83bc5ac9fde1c19544521906e,UniswapV3Pool,0.7.6+commit.7338295f,Solidity,96,match,False,1,victim_trace,,21429278,,2026-08-24T10:16:55.997248+00:00
1:0x6982508145454ce325ddbe47a25d4ec3d2311933,mainnet,1,0x6982508145454ce325ddbe47a25d4ec3d2311933,source_found,sourcify-v2,200,contracts/PepeToken-mainnet-0x6982508145454ce325ddbe47a25d4ec3d2311933,PepeToken,0.8.0+commit.c7dfd78e,Solidity,1,match,False,1,victim_trace,,21413153,,2026-08-24T10:16:55.083875+00:00
1:0x699ec925118567b6475fe495327ba0a778234aaa,mainnet,1,0x699ec925118567b6475fe495327ba0a778234aaa,source_found,sourcify-v2,200,contracts/DUCKY-mainnet-0x699ec925118567b6475fe495327ba0a778234aaa,DUCKY,0.8.23+commit.f704f362,Solidity,1,match,False,2,shared_attack_victim_trace;victim_trace,,21434016;21452745,,2026-08-24T10:08:23.468988+00:00
1:0x69af6f106354737885e55aa015c1ecd66c1ebe72,mainnet,1,0x69af6f106354737885e55aa015c1ecd66c1ebe72,source_found,sourcify-v2,200,contracts/DEXVaultV2-mainnet-0x69af6f106354737885e55aa015c1ecd66c1ebe72,DEXVaultV2,0.8.24+commit.e11b9ed9,Solidity,21,exact_match,False,1,victim_trace,,21515974,,2026-08-24T10:08:24.110822+00:00
1:0x69c7bd26512f52bf6f76fab834140d13dda673ca,mainnet,1,0x69c7bd26512f52bf6f76fab834140d13dda673ca,source_found,sourcify-v2,200,contracts/UniswapV2Pair-mainnet-0x69c7bd26512f52bf6f76fab834140d13dda673ca,UniswapV2Pair,0.5.16+commit.9c3226ce,Solidity,1,match,False,1,victim_trace,,21301621,,2026-08-24T10:08:22.862672+00:00
1:0x69ca9e4217c153f952277c5c71a27d2c9113ea9d,mainnet,1,0x69ca9e4217c153f952277c5c71a27d2c9113ea9d,source_found,sourcify-v2,200,contracts/PICKLE-mainnet-0x69ca9e4217c153f952277c5c71a27d2c9113ea9d,PICKLE,0.8.23+commit.f704f362,Solidity,1,match,False,1,shared_attack_victim_trace;victim_trace,,21495915,,2026-08-24T10:08:24.019116+00:00
1:0x69cb467efd8044ac9edb88f363309ab1cbfa0a15,mainnet,1,0x69cb467efd8044ac9edb88f363309ab1cbfa0a15,source_found,sourcify-v2,200,contracts/PeripheryRegistryFacet-mainnet-0x69cb467efd8044ac9edb88f363309ab1cbfa0a15,PeripheryRegistryFacet,0.8.17+commit.8df45f5f,Solidity,6,exact_match,False,4,proxy_implementation,PeripheryRegistryFacet,,,2026-08-24T10:16:56.452619+00:00
1:0x69e15ab0fd240de689d09e4851181a6667968008,mainnet,1,0x69e15ab0fd240de689d09e4851181a6667968008,source_found,sourcify-v2,200,contracts/ElSapoPepe-mainnet-0x69e15ab0fd240de689d09e4851181a6667968008,ElSapoPepe,0.8.23+commit.f704f362,Solidity,1,match,False,2,shared_attack_victim_trace;victim_trace,,21467447;21482599,,2026-08-24T10:08:26.027885+00:00
1:0x69fa0fee221ad11012bab0fdb45d444d3d2ce71c,mainnet,1,0x69fa0fee221ad11012bab0fdb45d444d3d2ce71c,source_found,sourcify-v2,200,contracts/XRUNE-mainnet-0x69fa0fee221ad11012bab0fdb45d444d3d2ce71c,XRUNE,0.8.4+commit.c7e474f2,Solidity,18,exact_match,False,1,victim_trace,,21420182,,2026-08-24T10:08:24.302911+00:00
1:0x69fc10dca22091af7b4859193068fc450ce1b628,mainnet,1,0x69fc10dca22091af7b4859193068fc450ce1b628,source_found,sourcify-v2,200,contracts/KERMIT-mainnet-0x69fc10dca22091af7b4859193068fc450ce1b628,KERMIT,0.8.5+commit.a4f2e591,Solidity,1,match,False,1,shared_attack_victim_trace;victim_trace,,21493359,,2026-08-24T10:08:21.819546+00:00
1:0x69fd9281a920717ee54193a1c130b689ef341933,mainnet,1,0x69fd9281a920717ee54193a1c130b689ef341933,source_found,sourcify-v2,200,contracts/FWOG-mainnet-0x69fd9281a920717ee54193a1c130b689ef341933,FWOG,0.8.23+commit.f704f362,Solidity,1,exact_match,False,1,shared_attack_victim_trace;victim_trace,,21481165,,2026-08-24T10:08:23.407584+00:00
1:0x6a000f20005980200259b80c5102003040001068,mainnet,1,0x6a000f20005980200259b80c5102003040001068,source_found,sourcify-v2,200,contracts/AugustusV6-mainnet-0x6a000f20005980200259b80c5102003040001068,AugustusV6,0.8.22+commit.4fc1097e,Solidity,47,match,True,19,victim_top_level;victim_trace,,21300107;21300863;21307275;21309126;21313675;21317119;21322741;21333683;21357447;21357582;21373643;21414148;21428934;21432613;21439930;21442669;21454349;21460192;21494726,,2026-08-24T10:08:25.078154+00:00
1:0x6a8cbed756804b16e05e741edabd5cb544ae21bf,mainnet,1,0x6a8cbed756804b16e05e741edabd5cb544ae21bf,source_found,sourcify-v2,200,contracts/CurveStableswapFactoryNG-mainnet-0x6a8cbed756804b16e05e741edabd5cb544ae21bf,CurveStableswapFactoryNG,0.3.10+commit.91361694,Vyper,1,match,False,1,victim_trace,,21504557,,2026-08-24T10:08:25.608545+00:00
1:0x6aa981bff95edfea36bdae98c26b274ffcafe8d3,mainnet,1,0x6aa981bff95edfea36bdae98c26b274ffcafe8d3,source_found,sourcify-v2,200,contracts/RubicMultiProxy-mainnet-0x6aa981bff95edfea36bdae98c26b274ffcafe8d3,RubicMultiProxy,0.8.17+commit.8df45f5f,Solidity,24,exact_match,True,1,victim_trace,,21381665,,2026-08-24T10:08:26.267908+00:00
1:0x6ad74d4b79a06a492c288ef66ef868dd981fdc85,mainnet,1,0x6ad74d4b79a06a492c288ef66ef868dd981fdc85,source_found,sourcify-v2,200,contracts/StarknetERC20Bridge-mainnet-0x6ad74d4b79a06a492c288ef66ef868dd981fdc85,StarknetERC20Bridge,0.8.20+commit.a1b79de6,Solidity,30,match,False,1,victim_trace,,21325864,,2026-08-24T10:08:26.081111+00:00
1:0x6ada49aeccf6e556bb7a35ef0119cc8ca795294a,mainnet,1,0x6ada49aeccf6e556bb7a35ef0119cc8ca795294a,source_found,sourcify-v2,200,contracts/UniswapV2Pair-mainnet-0x6ada49aeccf6e556bb7a35ef0119cc8ca795294a,UniswapV2Pair,0.5.16+commit.9c3226ce,Solidity,1,match,False,1,shared_attack_victim_trace;trading_pair;victim_trace,,21349927,,2026-08-24T10:08:26.464150+00:00
1:0x6aeb4f36c764b3d0a239690266a8668c6786e089,mainnet,1,0x6aeb4f36c764b3d0a239690266a8668c6786e089,source_found,sourcify-v2,200,contracts/UniswapV3Pool-mainnet-0x6aeb4f36c764b3d0a239690266a8668c6786e089,UniswapV3Pool,0.7.6+commit.7338295f,Solidity,96,match,False,1,victim_trace,,21342507,,2026-08-24T10:08:27.321158+00:00
1:0x6b0b3a982b4634ac68dd83a4dbf02311ce324181,mainnet,1,0x6b0b3a982b4634ac68dd83a4dbf02311ce324181,source_found,sourcify-v2,200,contracts/AliERC20v2-mainnet-0x6b0b3a982b4634ac68dd83a4dbf02311ce324181,AliERC20v2,0.8.7+commit.e28d00a7,Solidity,9,exact_match,False,1,shared_attack_victim_trace;victim_trace,,21502376,,2026-08-24T10:08:27.174975+00:00
1:0x6b175474e89094c44da98b954eedeac495271d0f,mainnet,1,0x6b175474e89094c44da98b954eedeac495271d0f,source_found,sourcify-v2,200,contracts/Dai-mainnet-0x6b175474e89094c44da98b954eedeac495271d0f,Dai,0.5.12+commit.7709ece9,Solidity,1,match,False,15,shared_attack_victim_trace;victim_trace,,21313468;21322552;21325864;21352108;21363251;21371100;21410530;21422852;21424564;21439930;21460192;21471722;21494726;21495693;21510296,,2026-08-24T10:08:26.277804+00:00
1:0x6b32ff882b07be4c2b669267ebf52b43f8ff3e1c,mainnet,1,0x6b32ff882b07be4c2b669267ebf52b43f8ff3e1c,not_in_sourcify,sourcify-v2,404,,,,,0,,,1,victim_trace,,21413153,,2026-08-24T10:08:26.291369+00:00
1:0x6bcd2862522c0ab45f4f9fe693e36c791ede0a42,mainnet,1,0x6bcd2862522c0ab45f4f9fe693e36c791ede0a42,source_found,sourcify-v2,200,contracts/UniswapV2Pair-mainnet-0x6bcd2862522c0ab45f4f9fe693e36c791ede0a42,UniswapV2Pair,0.5.16+commit.9c3226ce,Solidity,1,match,False,1,shared_attack_victim_trace;trading_pair;victim_trace,,21378116,,2026-08-24T10:08:27.448479+00:00
1:0x6bfc42d89a983df0c8beb3454202d29e7b840c96,mainnet,1,0x6bfc42d89a983df0c8beb3454202d29e7b840c96,source_found,sourcify-v2,200,contracts/UniswapV3Pool-mainnet-0x6bfc42d89a983df0c8beb3454202d29e7b840c96,UniswapV3Pool,0.7.6+commit.7338295f,Solidity,96,match,False,1,victim_trace,,21311832,,2026-08-24T10:08:30.300161+00:00
1:0x6bfdb6f4e65ead27118592a41eb927cea6956198,mainnet,1,0x6bfdb6f4e65ead27118592a41eb927cea6956198,source_found,sourcify-v2,200,contracts/FameErc20-mainnet-0x6bfdb6f4e65ead27118592a41eb927cea6956198,FameErc20,0.8.22+commit.4fc1097e,Solidity,18,exact_match,False,1,shared_attack_victim_trace;victim_trace,,21420609,,2026-08-24T10:08:29.037413+00:00
1:0x6c1bcf1b99d9f0819459dad661795802d232437e,mainnet,1,0x6c1bcf1b99d9f0819459dad661795802d232437e,source_found,sourcify-v2,200,contracts/UniswapV3Pool-mainnet-0x6c1bcf1b99d9f0819459dad661795802d232437e,UniswapV3Pool,0.7.6+commit.7338295f,Solidity,96,match,False,1,shared_attack_victim_trace;trading_pair;victim_trace,,21447928,,2026-08-24T10:08:29.928069+00:00
1:0x6c2b8b3f7a909531c4c55ca6a0a7c3ab65e8d94a,mainnet,1,0x6c2b8b3f7a909531c4c55ca6a0a7c3ab65e8d94a,source_found,sourcify-v2,200,contracts/UniswapV2Pair-mainnet-0x6c2b8b3f7a909531c4c55ca6a0a7c3ab65e8d94a,UniswapV2Pair,0.5.16+commit.9c3226ce,Solidity,1,match,False,2,shared_attack_victim_trace;trading_pair;victim_trace,,21460992;21462778,,2026-08-24T10:08:28.180901+00:00
1:0x6c3c78838c761c6ac7be9f59fe808ea2a6e4379d,mainnet,1,0x6c3c78838c761c6ac7be9f59fe808ea2a6e4379d,source_found,sourcify-v2,200,contracts/InitializableImmutableAdminUpgradeabilityProxy-mainnet-0x6c3c78838c761c6ac7be9f59fe808ea2a6e4379d,InitializableImmutableAdminUpgradeabilityProxy,0.6.12+commit.27d51765,Solidity,6,exact_match,True,1,victim_trace,,21439930,,2026-08-24T10:08:29.322392+00:00
1:0x6c3f90f043a72fa612cbac8115ee7e52bde6e490,mainnet,1,0x6c3f90f043a72fa612cbac8115ee7e52bde6e490,source_found,sourcify-v2,200,contracts/Vyper_contract-mainnet-0x6c3f90f043a72fa612cbac8115ee7e52bde6e490,Vyper_contract,0.2.4+commit.7949850,Vyper,1,match,False,1,victim_trace,,21471722,,2026-08-24T10:08:29.315076+00:00
1:0x6c5ba91642f10282b576d91922ae6448c9d52f4e,mainnet,1,0x6c5ba91642f10282b576d91922ae6448c9d52f4e,source_found,sourcify-v2,200,contracts/PHAToken-mainnet-0x6c5ba91642f10282b576d91922ae6448c9d52f4e,PHAToken,0.5.16+commit.9c3226ce,Solidity,1,match,False,1,shared_attack_victim_trace;victim_trace,,21495693,,2026-08-24T10:08:30.057439+00:00
1:0x6c618dd1040a79923cd74113ef0ed07c07d2b0e7,mainnet,1,0x6c618dd1040a79923cd74113ef0ed07c07d2b0e7,source_found,sourcify-v2,200,contracts/UniswapV2Pair-mainnet-0x6c618dd1040a79923cd74113ef0ed07c07d2b0e7,UniswapV2Pair,0.5.16+commit.9c3226ce,Solidity,1,match,False,2,shared_attack_victim_trace;trading_pair;victim_trace,,21342507;21357582,,2026-08-24T10:08:29.408168+00:00
1:0x6c62b8f7b2fd1c60ffd3afc1a2b15d4318745677,mainnet,1,0x6c62b8f7b2fd1c60ffd3afc1a2b15d4318745677,source_found,sourcify-v2,200,contracts/OneInchV5Adapter-mainnet-0x6c62b8f7b2fd1c60ffd3afc1a2b15d4318745677,OneInchV5Adapter,0.6.12+commit.27d51765,Solidity,15,exact_match,False,1,victim_trace,,21493359,,2026-08-24T10:08:29.962924+00:00
1:0x6c6bce43323f6941fd6febe8ff3208436e8e0dc7,mainnet,1,0x6c6bce43323f6941fd6febe8ff3208436e8e0dc7,not_in_sourcify,sourcify-v2,404,,,,,0,,,1,victim_trace,,21320028,,2026-08-24T10:08:30.097602+00:00
1:0x6ca298d2983ab03aa1da7679389d955a4efee15c,mainnet,1,0x6ca298d2983ab03aa1da7679389d955a4efee15c,source_found,sourcify-v2,200,contracts/PancakeV3Pool-mainnet-0x6ca298d2983ab03aa1da7679389d955a4efee15c,PancakeV3Pool,0.7.6+commit.7338295f,Solidity,46,match,False,5,victim_trace,,21338761;21361459;21373643;21429278;21460192,,2026-08-24T10:08:32.455426+00:00
1:0x6cb687c64678c6de7d37d70985191faf11e9fc9d,mainnet,1,0x6cb687c64678c6de7d37d70985191faf11e9fc9d,source_found,sourcify-v2,200,contracts/UniswapV2Pair-mainnet-0x6cb687c64678c6de7d37d70985191faf11e9fc9d,UniswapV2Pair,0.5.16+commit.9c3226ce,Solidity,1,match,False,2,shared_attack_victim_trace;trading_pair;victim_trace,,21467447;21482599,,2026-08-24T10:08:32.498846+00:00
1:0x6cbe748b2ee80c9edeb5e882f9be88871b5f15a8,mainnet,1,0x6cbe748b2ee80c9edeb5e882f9be88871b5f15a8,source_found,sourcify-v2,200,contracts/UniswapV2Pair-mainnet-0x6cbe748b2ee80c9edeb5e882f9be88871b5f15a8,UniswapV2Pair,0.6.12+commit.27d51765,Solidity,8,match,False,1,shared_attack_victim_trace;trading_pair;victim_trace,,21485224,,2026-08-24T10:08:32.732496+00:00
1:0x6cc65bf618f55ce2433f9d8d827fc44117d81399,mainnet,1,0x6cc65bf618f55ce2433f9d8d827fc44117d81399,source_found,sourcify-v2,200,contracts/RocketNetworkBalances-mainnet-0x6cc65bf618f55ce2433f9d8d827fc44117d81399,RocketNetworkBalances,0.8.18+commit.87f61d96,Solidity,6,match,False,2,victim_trace,,21357582;21447928,,2026-08-24T10:08:31.341584+00:00
1:0x6cd1b82490eb7aa18bec4305c6c2e691194c6898,mainnet,1,0x6cd1b82490eb7aa18bec4305c6c2e691194c6898,not_in_sourcify,sourcify-v2,404,,,,,0,,,1,victim_trace,,21433713,,2026-08-24T10:08:31.482275+00:00
1:0x6d272bb5ed264114b796e0b078fa851b45553dde,mainnet,1,0x6d272bb5ed264114b796e0b078fa851b45553dde,source_found,sourcify-v2,200,contracts/Comet-mainnet-0x6d272bb5ed264114b796e0b078fa851b45553dde,Comet,0.8.15+commit.e14f2714,Solidity,8,exact_match,False,1,victim_trace,,21471722,,2026-08-24T10:08:33.100963+00:00
1:0x6d363fbbfa904b9e880d33dd2b4b285cf4e184eb,mainnet,1,0x6d363fbbfa904b9e880d33dd2b4b285cf4e184eb,source_found,sourcify-v2,200,contracts/CZcoin-mainnet-0x6d363fbbfa904b9e880d33dd2b4b285cf4e184eb,CZcoin,0.8.26+commit.8a97fa7a,Solidity,1,match,False,1,shared_attack_victim_trace;victim_trace,,21842172,,2026-08-24T10:08:32.174172+00:00
1:0x6d3ace38280bcd5abf063bb3f941bd3af06df546,mainnet,1,0x6d3ace38280bcd5abf063bb3f941bd3af06df546,source_found,sourcify-v2,200,contracts/UniSwapV3-mainnet-0x6d3ace38280bcd5abf063bb3f941bd3af06df546,UniSwapV3,0.7.6+commit.7338295f,Solidity,36,match,False,3,victim_trace,,21432830;21485274;21499181,,2026-08-24T10:08:33.063911+00:00
1:0x6d57a53a45343187905aad6ad8ed532d105697c1,mainnet,1,0x6d57a53a45343187905aad6ad8ed532d105697c1,source_found,sourcify-v2,200,contracts/UniswapV2Pair-mainnet-0x6d57a53a45343187905aad6ad8ed532d105697c1,UniswapV2Pair,0.5.16+commit.9c3226ce,Solidity,1,match,False,1,shared_attack_victim_trace;trading_pair;victim_trace,,21309126,,2026-08-24T10:08:33.490981+00:00
1:0x6d5f489a2459c2557043ff17eb7492fc7074bbd8,mainnet,1,0x6d5f489a2459c2557043ff17eb7492fc7074bbd8,source_found,sourcify-v2,200,contracts/ArraysConverter-mainnet-0x6d5f489a2459c2557043ff17eb7492fc7074bbd8,ArraysConverter,0.8.17+commit.8df45f5f,Solidity,2,exact_match,False,2,victim_trace,,21447928;21504557,,2026-08-24T10:08:32.464011+00:00
1:0x6d6620efa72948c5f68a3c8646d58c00d3f4a980,mainnet,1,0x6d6620efa72948c5f68a3c8646d58c00d3f4a980,source_found,sourcify-v2,200,contracts/TokenMessaging-mainnet-0x6d6620efa72948c5f68a3c8646d58c00d3f4a980,TokenMessaging,0.8.22+commit.4fc1097e,Solidity,43,match,False,1,victim_trace,,21342507,,2026-08-24T10:08:35.036813+00:00
1:0x6d7bd5c0c207cba1377f58048aa5f8c5cd933613,mainnet,1,0x6d7bd5c0c207cba1377f58048aa5f8c5cd933613,not_in_sourcify,sourcify-v2,404,,,,,0,,,1,victim_trace,,21502174,,2026-08-24T10:08:33.124007+00:00
1:0x6d7c55cd687ac71475bc3252cf5ec0fbdd0dbc03,mainnet,1,0x6d7c55cd687ac71475bc3252cf5ec0fbdd0dbc03,not_in_sourcify,sourcify-v2,404,,,,,0,,,1,victim_trace,,21362910,,2026-08-24T10:08:33.386235+00:00
1:0x6d92146f63d95bf38eb6158856f95139b15c66bb,mainnet,1,0x6d92146f63d95bf38eb6158856f95139b15c66bb,not_in_sourcify,sourcify-v2,404,,,,,0,,,1,victim_trace,,21471722,,2026-08-24T10:08:34.522654+00:00
1:0x6db0fe375ccb8ac3c2a0984d678bcd99981ddcb6,mainnet,1,0x6db0fe375ccb8ac3c2a0984d678bcd99981ddcb6,source_found,sourcify-v2,200,contracts/UniswapV2Pair-mainnet-0x6db0fe375ccb8ac3c2a0984d678bcd99981ddcb6,UniswapV2Pair,0.6.12+commit.27d51765,Solidity,1,match,False,1,shared_attack_victim_trace;trading_pair;victim_trace,,21500255,,2026-08-24T10:08:34.542787+00:00
1:0x6dc3ce9c57b20131347fdc9089d740daf6eb34c5,mainnet,1,0x6dc3ce9c57b20131347fdc9089d740daf6eb34c5,not_in_sourcify,sourcify-v2,404,,,,,0,,,1,victim_trace,,21447928,,2026-08-24T10:08:34.546942+00:00
1:0x6df0e641fc9847c0c6fde39be6253045440c14d3,mainnet,1,0x6df0e641fc9847c0c6fde39be6253045440c14d3,source_found,sourcify-v2,200,contracts/Dinero-mainnet-0x6df0e641fc9847c0c6fde39be6253045440c14d3,Dinero,0.8.25+commit.b61c2a91,Solidity,14,exact_match,False,1,victim_trace,,21447928,,2026-08-24T10:08:35.591434+00:00
1:0x6df1c1e379bc5a00a7b4c6e67a203333772f45a8,mainnet,1,0x6df1c1e379bc5a00a7b4c6e67a203333772f45a8,source_found,sourcify-v2,200,contracts/InitializableImmutableAdminUpgradeabilityProxy-mainnet-0x6df1c1e379bc5a00a7b4c6e67a203333772f45a8,InitializableImmutableAdminUpgradeabilityProxy,0.8.10+commit.fc410830,Solidity,6,exact_match,True,6,victim_trace,,21300863;21337846;21357582;21373643;21410530;21442669,,2026-08-24T10:08:36.130685+00:00
1:0x6e00e0a7685ca22c288d56d9e7924746b5043ee7,mainnet,1,0x6e00e0a7685ca22c288d56d9e7924746b5043ee7,source_found,sourcify-v2,200,contracts/AcrossFacetV3-mainnet-0x6e00e0a7685ca22c288d56d9e7924746b5043ee7,AcrossFacetV3,0.8.17+commit.8df45f5f,Solidity,16,exact_match,False,1,victim_trace,,21475088,,2026-08-24T10:08:35.775981+00:00
1:0x6e79b51959cf968d87826592f46f819f92466615,mainnet,1,0x6e79b51959cf968d87826592f46f819f92466615,source_found,sourcify-v2,200,contracts/Hoppy-mainnet-0x6e79b51959cf968d87826592f46f819f92466615,Hoppy,0.8.23+commit.f704f362,Solidity,1,match,False,2,shared_attack_victim_trace;victim_trace,,21475088;21502376,,2026-08-24T10:08:36.605482+00:00
1:0x6e9937554245d3c7c130326b1398a16fb6b149fb,mainnet,1,0x6e9937554245d3c7c130326b1398a16fb6b149fb,source_found,sourcify-v2,200,contracts/Fox-mainnet-0x6e9937554245d3c7c130326b1398a16fb6b149fb,Fox,0.8.22+commit.4fc1097e,Solidity,1,exact_match,False,1,shared_attack_victim_trace;victim_trace,,21501847,,2026-08-24T10:08:36.966443+00:00
1:0x6ee2b5e19ecba773a352e5b21415dc419a700d1d,mainnet,1,0x6ee2b5e19ecba773a352e5b21415dc419a700d1d,source_found,sourcify-v2,200,contracts/PendlePrincipalToken-mainnet-0x6ee2b5e19ecba773a352e5b21415dc419a700d1d,PendlePrincipalToken,0.8.23+commit.f704f362,Solidity,28,match,False,1,victim_trace,,21325864,,2026-08-24T10:08:36.718916+00:00
1:0x6f5a2ee11e7a772aeb5114a20d0d7c0ff61eb8a0,mainnet,1,0x6f5a2ee11e7a772aeb5114a20d0d7c0ff61eb8a0,source_found,sourcify-v2,200,contracts/VotingEscrowDelegationProxy-mainnet-0x6f5a2ee11e7a772aeb5114a20d0d7c0ff61eb8a0,VotingEscrowDelegationProxy,0.7.1+commit.f4a555be,Solidity,14,exact_match,False,1,victim_trace,,21447928,,2026-08-24T10:08:37.499903+00:00
1:0x6faa6906b9e4a59020e673910105567e809789e0,mainnet,1,0x6faa6906b9e4a59020e673910105567e809789e0,source_found,sourcify-v2,200,contracts/OwnershipFacet-mainnet-0x6faa6906b9e4a59020e673910105567e809789e0,OwnershipFacet,0.8.17+commit.8df45f5f,Solidity,17,exact_match,False,4,proxy_implementation,OwnershipFacet,,,2026-08-24T10:16:57.332574+00:00
1:0x6fc13eace26590b80cccab1ba5d51890577d83b2,mainnet,1,0x6fc13eace26590b80cccab1ba5d51890577d83b2,source_found,sourcify-v2,200,contracts/UMB-mainnet-0x6fc13eace26590b80cccab1ba5d51890577d83b2,UMB,0.7.5+commit.eb77ed08,Solidity,1,match,False,1,shared_attack_victim_trace;victim_trace,,21396987,,2026-08-24T10:08:37.554847+00:00
1:0x6fcf753f2c67b83f7b09746bbc4fa0047b35d050,mainnet,1,0x6fcf753f2c67b83f7b09746bbc4fa0047b35d050,source_found,sourcify-v2,200,contracts/PendleMarketFactoryV3-mainnet-0x6fcf753f2c67b83f7b09746bbc4fa0047b35d050,PendleMarketFactoryV3,0.8.24+commit.e11b9ed9,Solidity,26,exact_match,False,2,victim_trace,,21508635;21510296,,2026-08-24T10:08:37.594336+00:00
1:0x7011b47a142e2f462ab10f5bdbc8a478310eb0fd,mainnet,1,0x7011b47a142e2f462ab10f5bdbc8a478310eb0fd,source_found,sourcify-v2,200,contracts/DefaultReserveInterestRateStrategy-mainnet-0x7011b47a142e2f462ab10f5bdbc8a478310eb0fd,DefaultReserveInterestRateStrategy,0.8.19+commit.7dd6d404,Solidity,8,match,False,1,victim_trace,,21439930,,2026-08-24T10:08:37.396174+00:00
1:0x701f115a4d58a44d9e4e437d136dd9fa7b1b6c3f,mainnet,1,0x701f115a4d58a44d9e4e437d136dd9fa7b1b6c3f,source_found,sourcify-v2,200,contracts/ChainlinkOracle-mainnet-0x701f115a4d58a44d9e4e437d136dd9fa7b1b6c3f,ChainlinkOracle,0.8.17+commit.8df45f5f,Solidity,63,exact_match,False,1,victim_trace,,21447928,,2026-08-24T10:08:38.352333+00:00
1:0x70270c228c5b4279d1578799926873aa72446ccd,mainnet,1,0x70270c228c5b4279d1578799926873aa72446ccd,source_found,sourcify-v2,200,contracts/SmartWalletProxy-mainnet-0x70270c228c5b4279d1578799926873aa72446ccd,SmartWalletProxy,0.7.6+commit.7338295f,Solidity,12,match,False,5,victim_top_level;victim_trace,,21432830;21467447;21485274;21499181;21500255,,2026-08-24T10:08:38.712109+00:00
1:0x7057ab3fb2bee9c18e0cde4240de4ff7f159e365,mainnet,1,0x7057ab3fb2bee9c18e0cde4240de4ff7f159e365,source_found,sourcify-v2,200,contracts/BridgeV2-mainnet-0x7057ab3fb2bee9c18e0cde4240de4ff7f159e365,BridgeV2,0.8.7+commit.e28d00a7,Solidity,13,exact_match,False,1,victim_trace,,21449019,,2026-08-24T10:08:38.021958+00:00
1:0x705fbc93b9608047438f9a1c15d95816d34ea82a,mainnet,1,0x705fbc93b9608047438f9a1c15d95816d34ea82a,source_found,sourcify-v2,200,contracts/AQUA-mainnet-0x705fbc93b9608047438f9a1c15d95816d34ea82a,AQUA,0.8.21+commit.d9974bed,Solidity,1,match,False,1,shared_attack_victim_trace;victim_trace,,21460992,,2026-08-24T10:08:38.370187+00:00
1:0x7079ba1bd00eefcd2a260bbd6d088230505e3858,mainnet,1,0x7079ba1bd00eefcd2a260bbd6d088230505e3858,source_found,sourcify-v2,200,contracts/AaveV3Borrow-mainnet-0x7079ba1bd00eefcd2a260bbd6d088230505e3858,AaveV3Borrow,0.8.10+commit.fc410830,Solidity,1,match,False,1,victim_trace,,21410530,,2026-08-24T10:08:39.043569+00:00
1:0x709783ab12b65fd6cd948214eee6448f3bdd72a3,mainnet,1,0x709783ab12b65fd6cd948214eee6448f3bdd72a3,source_found,sourcify-v2,200,contracts/AccessControlledOCR2Aggregator-mainnet-0x709783ab12b65fd6cd948214eee6448f3bdd72a3,AccessControlledOCR2Aggregator,0.8.19+commit.7dd6d404,Solidity,18,exact_match,False,8,victim_trace,,21322552;21333683;21357582;21373643;21439930;21442669;21471722;21494726,,2026-08-24T10:08:39.738147+00:00
1:0x70bf6634ee8cb27d04478f184b9b8bb13e5f4710,mainnet,1,0x70bf6634ee8cb27d04478f184b9b8bb13e5f4710,source_found,sourcify-v2,200,contracts/MainnetSettler-mainnet-0x70bf6634ee8cb27d04478f184b9b8bb13e5f4710,MainnetSettler,0.8.25+commit.b61c2a91,Solidity,1,match,False,33,victim_top_level;victim_trace,,21300863;21308869;21311832;21313675;21317106;21317119;21317122;21317124;21317129;21320028;21323348;21332257;21342331;21357582;21360349;21363436;21381665;21392828;21398236;21420182;21422808;21429278;21434016;21447928;21460192;21473060;21475088;21475529;21495693;21496595;21500255;21504557;21508635,,2026-08-24T10:08:39.849917+00:00
1:0x70cbb871e8f30fc8ce23609e9e0ea87b6b222f58,mainnet,1,0x70cbb871e8f30fc8ce23609e9e0ea87b6b222f58,not_in_sourcify,sourcify-v2,404,,,,,0,,,16,victim_trace,,21300863;21311832;21356992;21362910;21379211;21403029;21414148;21421410;21429278;21462778;21467447;21475088;21475529;21490278;21500255;21842016,,2026-08-24T10:08:38.824612+00:00
1:0x710287d1d39dcf62094a83ebb3e736e79400068a,mainnet,1,0x710287d1d39dcf62094a83ebb3e736e79400068a,source_found,sourcify-v2,200,contracts/StandardERC20-mainnet-0x710287d1d39dcf62094a83ebb3e736e79400068a,StandardERC20,0.8.23+commit.f704f362,Solidity,1,match,False,1,shared_attack_victim_trace;victim_trace,,21376810,,2026-08-24T10:08:40.283338+00:00
1:0x7138eb0d563f3f6722500936a11dcae99d738a2c,mainnet,1,0x7138eb0d563f3f6722500936a11dcae99d738a2c,source_found,sourcify-v2,200,contracts/LIF3-mainnet-0x7138eb0d563f3f6722500936a11dcae99d738a2c,LIF3,0.8.16+commit.07a7930e,Solidity,11,exact_match,False,1,shared_attack_victim_trace;victim_trace,,21490278,,2026-08-24T10:08:40.102854+00:00
1:0x7139e2af341fee05da2140dab2332ee95a4831cd,mainnet,1,0x7139e2af341fee05da2140dab2332ee95a4831cd,not_in_sourcify,sourcify-v2,404,,,,,0,,,1,proxy_implementation,,,,2026-08-24T10:16:56.451286+00:00
1:0x716160e19989b54fcb28f30e0c61094b59374553,mainnet,1,0x716160e19989b54fcb28f30e0c61094b59374553,source_found,sourcify-v2,200,contracts/ConvexStaking-mainnet-0x716160e19989b54fcb28f30e0c61094b59374553,ConvexStaking,0.8.17+commit.8df45f5f,Solidity,8,match,False,2,victim_trace,,21447928;21504557,,2026-08-24T10:08:39.931958+00:00
1:0x71fc1f555a39e0b698653ab0b475488ec3c34d57,mainnet,1,0x71fc1f555a39e0b698653ab0b475488ec3c34d57,source_found,sourcify-v2,200,contracts/Rainmaker-mainnet-0x71fc1f555a39e0b698653ab0b475488ec3c34d57,Rainmaker,0.8.10+commit.fc410830,Solidity,5,match,False,1,shared_attack_victim_trace;victim_trace,,21342331,,2026-08-24T10:08:40.197956+00:00
1:0x725ac420e440ca6fb180894bfd03e8cadf514bd9,mainnet,1,0x725ac420e440ca6fb180894bfd03e8cadf514bd9,source_found,sourcify-v2,200,contracts/UniswapV2Pair-mainnet-0x725ac420e440ca6fb180894bfd03e8cadf514bd9,UniswapV2Pair,0.5.16+commit.9c3226ce,Solidity,1,match,False,2,shared_attack_victim_trace;trading_pair;victim_trace,,21381403;21454713,,2026-08-24T10:08:41.447096+00:00
1:0x7270d2ea182cc6c3b11b9ffd17ccf6b6fe8797aa,mainnet,1,0x7270d2ea182cc6c3b11b9ffd17ccf6b6fe8797aa,source_found,sourcify-v2,200,contracts/AcrossImplV3-mainnet-0x7270d2ea182cc6c3b11b9ffd17ccf6b6fe8797aa,AcrossImplV3,0.8.7+commit.e28d00a7,Solidity,77,match,False,1,victim_trace,,21434016,,2026-08-24T10:08:42.814742+00:00
1:0x7287488f8df7dddc5f373142d4827aaf92aac845,mainnet,1,0x7287488f8df7dddc5f373142d4827aaf92aac845,source_found,sourcify-v2,200,contracts/ConvexStakingWrapperFrax-mainnet-0x7287488f8df7dddc5f373142d4827aaf92aac845,ConvexStakingWrapperFrax,0.6.12+commit.27d51765,Solidity,1,match,False,1,victim_trace,,21304987,,2026-08-24T10:08:42.573959+00:00
1:0x728a138a4823392c2efa55e028d434f526fe03cf,mainnet,1,0x728a138a4823392c2efa55e028d434f526fe03cf,source_found,sourcify-v2,200,contracts/PoolInstance-mainnet-0x728a138a4823392c2efa55e028d434f526fe03cf,PoolInstance,0.8.27+commit.40a35a09,Solidity,42,match,False,10,proxy_implementation,PoolInstance,,,2026-08-24T10:17:00.838867+00:00
1:0x72a726c10220280049687e58b7b05fb03d579109,mainnet,1,0x72a726c10220280049687e58b7b05fb03d579109,not_in_sourcify,sourcify-v2,404,,,,,0,,,1,victim_trace,,21504557,,2026-08-24T10:08:41.275809+00:00
1:0x72b129cb6ea4114d94e7c73309b8ca875335f431,mainnet,1,0x72b129cb6ea4114d94e7c73309b8ca875335f431,not_in_sourcify,sourcify-v2,404,,,,,0,,,1,victim_trace,,21323348,,2026-08-24T10:08:41.082444+00:00
1:0x72df4093bbeef8e92be520e94af0da32d1d80f44,mainnet,1,0x72df4093bbeef8e92be520e94af0da32d1d80f44,not_in_sourcify,sourcify-v2,404,,,,,0,,,1,victim_trace,,21454349,,2026-08-24T10:08:42.124945+00:00
1:0x72e2f4830b9e45d52f80ac08cb2bec0fef72ed9c,mainnet,1,0x72e2f4830b9e45d52f80ac08cb2bec0fef72ed9c,source_found,sourcify-v2,200,contracts/StargateEthVault-mainnet-0x72e2f4830b9e45d52f80ac08cb2bec0fef72ed9c,StargateEthVault,0.7.6+commit.7338295f,Solidity,5,exact_match,False,1,victim_trace,,21338761,,2026-08-24T10:08:42.823861+00:00
1:0x72e95b8931767c79ba4eee721354d6e99a61d004,mainnet,1,0x72e95b8931767c79ba4eee721354d6e99a61d004,source_found,sourcify-v2,200,contracts/InitializableImmutableAdminUpgradeabilityProxy-mainnet-0x72e95b8931767c79ba4eee721354d6e99a61d004,InitializableImmutableAdminUpgradeabilityProxy,0.8.10+commit.fc410830,Solidity,6,exact_match,True,3,victim_trace,,21357582;21373643;21442669,,2026-08-24T10:08:43.048725+00:00
1:0x736bf902680e68989886e9807cd7db4b3e015d3c,mainnet,1,0x736bf902680e68989886e9807cd7db4b3e015d3c,source_found,sourcify-v2,200,contracts/PriceCapAdapterStable-mainnet-0x736bf902680e68989886e9807cd7db4b3e015d3c,PriceCapAdapterStable,0.8.21+commit.d9974bed,Solidity,25,exact_match,False,7,victim_trace,,21300107;21333683;21357447;21357582;21373643;21442669;21454349,,2026-08-24T10:08:43.723187+00:00
1:0x7407974ddbf539e552f1d051e44573090912cc3d,mainnet,1,0x7407974ddbf539e552f1d051e44573090912cc3d,source_found,sourcify-v2,200,contracts/SafeModuleAuth-mainnet-0x7407974ddbf539e552f1d051e44573090912cc3d,SafeModuleAuth,0.8.10+commit.fc410830,Solidity,1,match,False,1,victim_trace,,21322552,,2026-08-24T10:08:44.234651+00:00
1:0x7458bfdc30034eb860b265e6068121d18fa5aa72,mainnet,1,0x7458bfdc30034eb860b265e6068121d18fa5aa72,source_found,sourcify-v2,200,contracts/FiatTokenV2_1-mainnet-0x7458bfdc30034eb860b265e6068121d18fa5aa72,FiatTokenV2_1,0.6.12+commit.27d51765,Solidity,19,exact_match,False,2,shared_attack_victim_trace;victim_trace,,21335212;21357582,,2026-08-24T10:08:43.964381+00:00
1:0x74de5d4fcbf63e00296fd95d33236b9794016631,mainnet,1,0x74de5d4fcbf63e00296fd95d33236b9794016631,source_found,sourcify-v2,200,contracts/Spender-mainnet-0x74de5d4fcbf63e00296fd95d33236b9794016631,Spender,0.6.12+commit.27d51765,Solidity,2,match,False,9,victim_trace,,21304654;21317106;21317122;21376810;21401763;21410267;21473060;21500255;21501469,,2026-08-24T10:08:42.968428+00:00
1:0x750874e6fb8dca30ce41d445e4baf8c76971f912,mainnet,1,0x750874e6fb8dca30ce41d445e4baf8c76971f912,source_found,sourcify-v2,200,contracts/UniswapV2Pair-mainnet-0x750874e6fb8dca30ce41d445e4baf8c76971f912,UniswapV2Pair,0.5.16+commit.9c3226ce,Solidity,1,match,False,1,shared_attack_victim_trace;trading_pair;victim_trace,,21392828,,2026-08-24T10:08:43.973325+00:00
1:0x7518acf169ab501a7531bbbe1175f47e638ccf53,mainnet,1,0x7518acf169ab501a7531bbbe1175f47e638ccf53,not_in_sourcify,sourcify-v2,404,,,,,0,,,1,victim_trace,,21447928,,2026-08-24T10:08:43.450270+00:00
1:0x75382c52b6f90b3f8014bfcadac2386513f1e3bc,mainnet,1,0x75382c52b6f90b3f8014bfcadac2386513f1e3bc,source_found,sourcify-v2,200,contracts/UniswapV2Pair-mainnet-0x75382c52b6f90b3f8014bfcadac2386513f1e3bc,UniswapV2Pair,0.6.12+commit.27d51765,Solidity,1,match,False,1,shared_attack_victim_trace;victim_trace,,21309126,,2026-08-24T10:08:44.378760+00:00
1:0x755a967298c96d50216c6ed8d68869747b4f6878,mainnet,1,0x755a967298c96d50216c6ed8d68869747b4f6878,source_found,sourcify-v2,200,contracts/Portal-mainnet-0x755a967298c96d50216c6ed8d68869747b4f6878,Portal,0.8.19+commit.7dd6d404,Solidity,21,match,False,1,victim_trace,,21449019,,2026-08-24T10:08:45.282517+00:00
1:0x7570e6b01e43df1b0c67f99c4156285adc36c360,mainnet,1,0x7570e6b01e43df1b0c67f99c4156285adc36c360,source_found,sourcify-v2,200,contracts/OmniBridgeFacet-mainnet-0x7570e6b01e43df1b0c67f99c4156285adc36c360,OmniBridgeFacet,0.8.29+commit.ab55807c,Solidity,14,exact_match,False,4,proxy_implementation,OmniBridgeFacet,,,2026-08-24T10:16:59.767835+00:00
1:0x759bbc1be8f90ee6457c44abc7d443842a976d02,mainnet,1,0x759bbc1be8f90ee6457c44abc7d443842a976d02,source_found,sourcify-v2,200,contracts/EACAggregatorProxy-mainnet-0x759bbc1be8f90ee6457c44abc7d443842a976d02,EACAggregatorProxy,0.6.6+commit.6c089d02,Solidity,1,match,False,1,victim_trace,,21471722,,2026-08-24T10:08:45.830715+00:00
1:0x75ab076a00d76478e5fcc21cfd95113802f06d23,mainnet,1,0x75ab076a00d76478e5fcc21cfd95113802f06d23,not_in_sourcify,sourcify-v2,404,,,,,0,,,2,victim_top_level;victim_trace,,21317106;21317124,,2026-08-24T10:08:44.527174+00:00
1:0x75ae2c0993c927c26a481287749064d904e780b0,mainnet,1,0x75ae2c0993c927c26a481287749064d904e780b0,source_found,sourcify-v2,200,contracts/PermitAndCall-mainnet-0x75ae2c0993c927c26a481287749064d904e780b0,PermitAndCall,0.8.21+commit.d9974bed,Solidity,6,exact_match,False,1,victim_top_level;victim_trace,,21501469,,2026-08-24T10:08:46.053109+00:00
1:0x7651a37e9af4515090720eb1d53945fc7290bb94,mainnet,1,0x7651a37e9af4515090720eb1d53945fc7290bb94,source_found,sourcify-v2,200,contracts/InfernoVault-mainnet-0x7651a37e9af4515090720eb1d53945fc7290bb94,InfernoVault,0.8.27+commit.40a35a09,Solidity,37,match,False,1,victim_top_level;victim_trace,,21378116,,2026-08-24T10:08:47.202339+00:00
1:0x767af52d988d1241a346851a1b39ccd11357376e,mainnet,1,0x767af52d988d1241a346851a1b39ccd11357376e,not_in_sourcify,sourcify-v2,404,,,,,0,,,1,victim_top_level;victim_trace,,21452745,,2026-08-24T10:08:46.141734+00:00
1:0x7692f8cfdddb01b68c54e9b5b83fa7cd0db8f4de,mainnet,1,0x7692f8cfdddb01b68c54e9b5b83fa7cd0db8f4de,source_found,sourcify-v2,200,contracts/RTokenAsset-mainnet-0x7692f8cfdddb01b68c54e9b5b83fa7cd0db8f4de,RTokenAsset,0.8.19+commit.7dd6d404,Solidity,35,match,False,1,victim_trace,,21471722,,2026-08-24T10:08:46.953669+00:00
1:0x76a411f14a704099ba476ce8dffc288a53295218,mainnet,1,0x76a411f14a704099ba476ce8dffc288a53295218,source_found,sourcify-v2,200,contracts/UniswapV2Pair-mainnet-0x76a411f14a704099ba476ce8dffc288a53295218,UniswapV2Pair,0.5.16+commit.9c3226ce,Solidity,1,match,False,1,shared_attack_victim_trace;trading_pair;victim_trace,,21342275,,2026-08-24T10:08:46.422802+00:00
1:0x76b23a4bf3ffd9dc96844edf6d9d53a39165738a,mainnet,1,0x76b23a4bf3ffd9dc96844edf6d9d53a39165738a,source_found,sourcify-v2,200,contracts/ConnectV2Fluid-mainnet-0x76b23a4bf3ffd9dc96844edf6d9d53a39165738a,ConnectV2Fluid,0.8.27+commit.40a35a09,Solidity,8,exact_match,False,1,victim_trace,,21335212,,2026-08-24T10:08:46.435665+00:00
1:0x770756e43b9ac742538850003791def3020211f3,mainnet,1,0x770756e43b9ac742538850003791def3020211f3,source_found,sourcify-v2,200,contracts/RewardHandler-mainnet-0x770756e43b9ac742538850003791def3020211f3,RewardHandler,0.8.19+commit.7dd6d404,Solidity,17,exact_match,False,1,proxy_implementation,RewardHandler,,,2026-08-24T10:17:00.767629+00:00
1:0x7753f36e711b66a0350a753aba9f5651bae76a1d,mainnet,1,0x7753f36e711b66a0350a753aba9f5651bae76a1d,source_found,sourcify-v2,200,contracts/SmardexFactory-mainnet-0x7753f36e711b66a0350a753aba9f5651bae76a1d,SmardexFactory,0.8.17+commit.8df45f5f,Solidity,20,match,False,2,victim_trace,,21429278;21464031,,2026-08-24T10:08:48.467237+00:00
1:0x7762cbfa8f62999a8a40d800b751686e99a31c9a,mainnet,1,0x7762cbfa8f62999a8a40d800b751686e99a31c9a,source_found,sourcify-v2,200,contracts/PendleGaugeControllerMainchainUpg-mainnet-0x7762cbfa8f62999a8a40d800b751686e99a31c9a,PendleGaugeControllerMainchainUpg,0.8.24+commit.e11b9ed9,Solidity,35,exact_match,False,1,victim_trace,,21325864,,2026-08-24T10:08:48.317502+00:00
1:0x776c5c046322f8c286575df3b4f19d54868ab758,mainnet,1,0x776c5c046322f8c286575df3b4f19d54868ab758,not_in_sourcify,sourcify-v2,404,,,,,0,,,3,victim_trace,,21302296;21302391;21302398,,2026-08-24T10:08:46.792669+00:00
1:0x778152fa72761fffa4970f6dc2423c2b0005c86d,mainnet,1,0x778152fa72761fffa4970f6dc2423c2b0005c86d,not_in_sourcify,sourcify-v2,404,,,,,0,,,1,victim_trace,,21308869,,2026-08-24T10:08:46.981221+00:00
1:0x778a13d3eeb110a4f7bb6529f99c000119a08e92,mainnet,1,0x778a13d3eeb110a4f7bb6529f99c000119a08e92,source_found,sourcify-v2,200,contracts/InitializableImmutableAdminUpgradeabilityProxy-mainnet-0x778a13d3eeb110a4f7bb6529f99c000119a08e92,InitializableImmutableAdminUpgradeabilityProxy,0.6.12+commit.27d51765,Solidity,6,exact_match,True,1,victim_trace,,21439930,,2026-08-24T10:08:48.600014+00:00
1:0x778dcaa27e9c669a71c462b724a4e97fc4f1bcc5,mainnet,1,0x778dcaa27e9c669a71c462b724a4e97fc4f1bcc5,source_found,sourcify-v2,200,contracts/UniswapV2Pair-mainnet-0x778dcaa27e9c669a71c462b724a4e97fc4f1bcc5,UniswapV2Pair,0.5.16+commit.9c3226ce,Solidity,1,match,False,1,shared_attack_victim_trace;trading_pair;victim_trace,,21320028,,2026-08-24T10:08:49.266210+00:00
1:0x779d8c94342324fcf40af55aeae44a1e654c2550,mainnet,1,0x779d8c94342324fcf40af55aeae44a1e654c2550,source_found,sourcify-v2,200,contracts/UniswapV3Pool-mainnet-0x779d8c94342324fcf40af55aeae44a1e654c2550,UniswapV3Pool,0.7.6+commit.7338295f,Solidity,96,match,False,1,shared_attack_victim_trace;trading_pair;victim_trace,,21467447,,2026-08-24T10:08:50.608538+00:00
1:0x77a13abb679a0dafb4435d1fa4ccc95d1ab51cfc,mainnet,1,0x77a13abb679a0dafb4435d1fa4ccc95d1ab51cfc,source_found,sourcify-v2,200,contracts/AccessManagerFacet-mainnet-0x77a13abb679a0dafb4435d1fa4ccc95d1ab51cfc,AccessManagerFacet,0.8.17+commit.8df45f5f,Solidity,7,exact_match,False,4,proxy_implementation,AccessManagerFacet,,,2026-08-24T10:17:00.335954+00:00
1:0x77a917df7a084b7b3e43517ae28373c2a5492625,mainnet,1,0x77a917df7a084b7b3e43517ae28373c2a5492625,source_found,sourcify-v2,200,contracts/ApprovalProxy-mainnet-0x77a917df7a084b7b3e43517ae28373c2a5492625,ApprovalProxy,0.8.25+commit.b61c2a91,Solidity,15,exact_match,False,1,victim_top_level;victim_trace,,21500255,,2026-08-24T10:08:48.938015+00:00
1:0x7832310cd0de39c4ce0a635f34d9a4b5b47fd434,mainnet,1,0x7832310cd0de39c4ce0a635f34d9a4b5b47fd434,source_found,sourcify-v2,200,contracts/UniswapV3Pool-mainnet-0x7832310cd0de39c4ce0a635f34d9a4b5b47fd434,UniswapV3Pool,0.7.6+commit.7338295f,Solidity,96,match,False,1,victim_trace,,21361252,,2026-08-24T10:08:50.830525+00:00
1:0x7846be63392eb9953a36b210f103affd9d354fcb,mainnet,1,0x7846be63392eb9953a36b210f103affd9d354fcb,not_in_sourcify,sourcify-v2,404,,,,,0,,,1,victim_trace,,21442409,,2026-08-24T10:08:48.549744+00:00
1:0x784955641292b0014bc9ef82321300f0b6c7e36d,mainnet,1,0x784955641292b0014bc9ef82321300f0b6c7e36d,source_found,sourcify-v2,200,contracts/RTokenP1-mainnet-0x784955641292b0014bc9ef82321300f0b6c7e36d,RTokenP1,0.8.19+commit.7dd6d404,Solidity,53,exact_match,False,1,victim_trace,,21471722,,2026-08-24T10:08:52.222955+00:00
1:0x78680a9ac74b093571e7a5b76636248f031d9bc2,mainnet,1,0x78680a9ac74b093571e7a5b76636248f031d9bc2,source_found,sourcify-v2,200,contracts/PoolInstance-mainnet-0x78680a9ac74b093571e7a5b76636248f031d9bc2,PoolInstance,0.8.27+commit.40a35a09,Solidity,42,match,False,1,proxy_implementation,PoolInstance,,,2026-08-24T10:17:04.147123+00:00
1:0x786dbff3f1292ae8f92ea68cf93c30b34b1ed04b,mainnet,1,0x786dbff3f1292ae8f92ea68cf93c30b34b1ed04b,source_found,sourcify-v2,200,contracts/InitializableImmutableAdminUpgradeabilityProxy-mainnet-0x786dbff3f1292ae8f92ea68cf93c30b34b1ed04b,InitializableImmutableAdminUpgradeabilityProxy,0.8.10+commit.fc410830,Solidity,6,exact_match,True,2,victim_trace,,21333683;21414148,,2026-08-24T10:08:51.307626+00:00
1:0x78f8bd884c3d738b74b420540659c82f392820e0,mainnet,1,0x78f8bd884c3d738b74b420540659c82f392820e0,source_found,sourcify-v2,200,contracts/ParaSwapWithdrawSwapAdapter-mainnet-0x78f8bd884c3d738b74b420540659c82f392820e0,ParaSwapWithdrawSwapAdapter,0.8.10+commit.fc410830,Solidity,22,exact_match,False,1,victim_top_level;victim_trace,,21300107,,2026-08-24T10:08:51.723918+00:00
1:0x790d36e43188ffd8e48140e152f5c90d27c7c994,mainnet,1,0x790d36e43188ffd8e48140e152f5c90d27c7c994,not_in_sourcify,sourcify-v2,404,,,,,0,,,1,victim_trace,,21447928,,2026-08-24T10:08:49.747537+00:00
1:0x79a7d5af4829f30fcd4704ade006a4608d7ef569,mainnet,1,0x79a7d5af4829f30fcd4704ade006a4608d7ef569,not_in_sourcify,sourcify-v2,404,,,,,0,,,1,victim_trace,,21454032,,2026-08-24T10:08:50.426084+00:00
1:0x79f5c4562ec3e85c3103ce63ab94e92effdd6197,mainnet,1,0x79f5c4562ec3e85c3103ce63ab94e92effdd6197,source_found,blockscout-v2-fallback,200,contracts/VariableDebtTokenInstance-mainnet-0x79f5c4562ec3e85c3103ce63ab94e92effdd6197,VariableDebtTokenInstance,v0.8.27+commit.40a35a09,solidity,26,blockscout_verified,False,1,proxy_implementation,,,,2026-08-24T10:17:01.948249+00:00
1:0x79fdb46df5abc4083abbc44612ec0c499e115ba4,mainnet,1,0x79fdb46df5abc4083abbc44612ec0c499e115ba4,source_found,sourcify-v2,200,contracts/UniswapV2Pair-mainnet-0x79fdb46df5abc4083abbc44612ec0c499e115ba4,UniswapV2Pair,0.5.16+commit.9c3226ce,Solidity,1,match,False,1,shared_attack_victim_trace;trading_pair;victim_trace,,21471722,,2026-08-24T10:08:50.988359+00:00
1:0x7a250d5630b4cf539739df2c5dacb4c659f2488d,mainnet,1,0x7a250d5630b4cf539739df2c5dacb4c659f2488d,source_found,sourcify-v2,200,contracts/UniswapV2Router02-mainnet-0x7a250d5630b4cf539739df2c5dacb4c659f2488d,UniswapV2Router02,0.6.6+commit.6c089d02,Solidity,1,match,False,26,victim_top_level;victim_trace,,21302296;21302391;21302398;21308869;21320028;21332614;21342331;21355730;21357582;21363436;21371100;21376810;21378116;21392828;21414148;21420609;21429278;21432830;21452745;21460992;21485224;21490278;21496595;21501469;21501847;21510296,,2026-08-24T10:08:51.519290+00:00
1:0x7a27d380df0daeb778967ea7795c767894efa72f,mainnet,1,0x7a27d380df0daeb778967ea7795c767894efa72f,source_found,sourcify-v2,200,contracts/UniswapV3Pool-mainnet-0x7a27d380df0daeb778967ea7795c767894efa72f,UniswapV3Pool,0.7.6+commit.7338295f,Solidity,96,match,False,1,shared_attack_victim_trace;trading_pair;victim_trace,,21342275,,2026-08-24T10:08:53.603554+00:00
1:0x7a415b19932c0105c82fdb6b720bb01b0cc2cae3,mainnet,1,0x7a415b19932c0105c82fdb6b720bb01b0cc2cae3,source_found,sourcify-v2,200,contracts/UniswapV3Pool-mainnet-0x7a415b19932c0105c82fdb6b720bb01b0cc2cae3,UniswapV3Pool,0.7.6+commit.7338295f,Solidity,96,match,False,1,shared_attack_victim_trace;trading_pair;victim_trace,,21325864,,2026-08-24T10:08:53.823082+00:00
1:0x7a5c119ec5ddbf9631cf40f6e5db28f31d4332a0,mainnet,1,0x7a5c119ec5ddbf9631cf40f6e5db28f31d4332a0,source_found,sourcify-v2,200,contracts/CalldataVerificationFacet-mainnet-0x7a5c119ec5ddbf9631cf40f6e5db28f31d4332a0,CalldataVerificationFacet,0.8.17+commit.8df45f5f,Solidity,38,exact_match,False,4,proxy_implementation,CalldataVerificationFacet,,,2026-08-24T10:17:03.227243+00:00
1:0x7a819fa46734a49d0112796f9377e024c350fb26,mainnet,1,0x7a819fa46734a49d0112796f9377e024c350fb26,source_found,sourcify-v2,200,contracts/KyberSwapRFQ-mainnet-0x7a819fa46734a49d0112796f9377e024c350fb26,KyberSwapRFQ,0.8.9+commit.e5eed63a,Solidity,18,exact_match,False,3,victim_trace,,21335212;21410267;21500255,,2026-08-24T10:08:52.807537+00:00
1:0x7abc8a5768e6be61a6c693a6e4eacb5b60602c4d,mainnet,1,0x7abc8a5768e6be61a6c693a6e4eacb5b60602c4d,source_found,sourcify-v2,200,contracts/CovalentXToken-mainnet-0x7abc8a5768e6be61a6c693a6e4eacb5b60602c4d,CovalentXToken,0.8.21+commit.d9974bed,Solidity,24,exact_match,False,1,shared_attack_victim_trace;victim_trace,,21842016,,2026-08-24T10:08:53.184827+00:00
1:0x7ac070f096c6e20931c3dc54f927446be232618b,mainnet,1,0x7ac070f096c6e20931c3dc54f927446be232618b,not_in_sourcify,sourcify-v2,404,,,,,0,,,1,victim_trace,,21475088,,2026-08-24T10:08:52.090833+00:00
1:0x7ac1f230a436b0a5b49284cba1d1bcfc5065e91d,mainnet,1,0x7ac1f230a436b0a5b49284cba1d1bcfc5065e91d,source_found,sourcify-v2,200,contracts/BondTreasury-mainnet-0x7ac1f230a436b0a5b49284cba1d1bcfc5065e91d,BondTreasury,0.8.17+commit.8df45f5f,Solidity,13,exact_match,False,1,victim_trace,,21442409,,2026-08-24T10:08:53.908103+00:00
1:0x7ae5c4cf5cddfbda870a80d021997d8a04f4ff11,mainnet,1,0x7ae5c4cf5cddfbda870a80d021997d8a04f4ff11,source_found,sourcify-v2,200,contracts/PendleSwap-mainnet-0x7ae5c4cf5cddfbda870a80d021997d8a04f4ff11,PendleSwap,0.8.27+commit.40a35a09,Solidity,30,exact_match,False,2,victim_trace,,21508635;21510296,,2026-08-24T10:08:53.887274+00:00
1:0x7ae91b984da4795d9fd88419d051d0842f8d3677,mainnet,1,0x7ae91b984da4795d9fd88419d051d0842f8d3677,not_in_sourcify,sourcify-v2,404,,,,,0,,,1,victim_top_level;victim_trace,,21300863,,2026-08-24T10:08:52.889985+00:00
1:0x7afa9d836d2fccf172b66622625e56404e465dbd,mainnet,1,0x7afa9d836d2fccf172b66622625e56404e465dbd,not_in_sourcify,sourcify-v2,404,,,,,0,,,4,victim_trace,,21300863;21323348;21342331;21508635,,2026-08-24T10:08:53.238136+00:00
1:0x7afc1054133c4c8086eedc533a5e4c2c52e73ae5,mainnet,1,0x7afc1054133c4c8086eedc533a5e4c2c52e73ae5,source_found,sourcify-v2,200,contracts/dogef-mainnet-0x7afc1054133c4c8086eedc533a5e4c2c52e73ae5,dogef,0.8.23+commit.f704f362,Solidity,1,match,False,1,shared_attack_victim_trace;victim_trace,,21313675,,2026-08-24T10:08:54.801875+00:00
1:0x7b1e5d984a43ee732de195628d20d05cfabc3cc7,mainnet,1,0x7b1e5d984a43ee732de195628d20d05cfabc3cc7,source_found,sourcify-v2,200,contracts/UniswapV3Pool-mainnet-0x7b1e5d984a43ee732de195628d20d05cfabc3cc7,UniswapV3Pool,0.7.6+commit.7338295f,Solidity,96,match,False,1,shared_attack_victim_trace;trading_pair;victim_trace,,21500255,,2026-08-24T10:08:56.335639+00:00
1:0x7b2a3cf972c3193f26cdec6217d27379b6417bd0,mainnet,1,0x7b2a3cf972c3193f26cdec6217d27379b6417bd0,source_found,sourcify-v2,200,contracts/AToken-mainnet-0x7b2a3cf972c3193f26cdec6217d27379b6417bd0,AToken,0.6.12+commit.27d51765,Solidity,17,exact_match,False,1,victim_trace,,21439930,,2026-08-24T10:08:55.940850+00:00
1:0x7b4328c127b85369d9f82ca0503b000d09cf9180,mainnet,1,0x7b4328c127b85369d9f82ca0503b000d09cf9180,source_found,sourcify-v2,200,contracts/AnyswapV6ERC20-mainnet-0x7b4328c127b85369d9f82ca0503b000d09cf9180,AnyswapV6ERC20,0.8.6+commit.11564f7e,Solidity,1,match,False,1,shared_attack_victim_trace;victim_trace,,21376810,,2026-08-24T10:08:55.287297+00:00
1:0x7b463415d67b013d5f1106fd3df048973bc214dd,mainnet,1,0x7b463415d67b013d5f1106fd3df048973bc214dd,source_found,sourcify-v2,200,contracts/DN404Mirror-mainnet-0x7b463415d67b013d5f1106fd3df048973bc214dd,DN404Mirror,0.8.23+commit.f704f362,Solidity,1,exact_match,False,1,victim_trace,,21485224,,2026-08-24T10:17:03.035159+00:00
1:0x7b67d9d7993a258c4b2c31cdd9e6cbd5fb674985,mainnet,1,0x7b67d9d7993a258c4b2c31cdd9e6cbd5fb674985,source_found,sourcify-v2,200,contracts/ExchangeAggregatorRegistry-mainnet-0x7b67d9d7993a258c4b2c31cdd9e6cbd5fb674985,ExchangeAggregatorRegistry,0.8.10+commit.fc410830,Solidity,1,match,False,10,victim_trace,,21307275;21313468;21322552;21337846;21348336;21352108;21363251;21410530;21432613;21494726,,2026-08-24T10:17:03.347259+00:00
1:0x7baece5d47f1bc5e1953fbe0e9931d54dab6d810,mainnet,1,0x7baece5d47f1bc5e1953fbe0e9931d54dab6d810,source_found,sourcify-v2,200,contracts/UniswapV3Pool-mainnet-0x7baece5d47f1bc5e1953fbe0e9931d54dab6d810,UniswapV3Pool,0.7.6+commit.7338295f,Solidity,96,match,False,1,victim_trace,,21475088,,2026-08-24T10:17:06.346750+00:00
1:0x7c082bf85e01f9bb343dbb460a14e51f67c58cfb,mainnet,1,0x7c082bf85e01f9bb343dbb460a14e51f67c58cfb,source_found,sourcify-v2,200,contracts/UniswapV3Pool-mainnet-0x7c082bf85e01f9bb343dbb460a14e51f67c58cfb,UniswapV3Pool,0.7.6+commit.7338295f,Solidity,96,match,False,1,victim_trace,,21415780,,2026-08-24T10:17:07.579742+00:00
1:0x7c19e64904aba791dd653ecf7f355d65d7665a8b,mainnet,1,0x7c19e64904aba791dd653ecf7f355d65d7665a8b,source_found,sourcify-v2,200,contracts/BalancerLPComposableStableEthOracle-mainnet-0x7c19e64904aba791dd653ecf7f355d65d7665a8b,BalancerLPComposableStableEthOracle,0.8.17+commit.8df45f5f,Solidity,68,exact_match,False,1,victim_trace,,21447928,,2026-08-24T10:17:06.720420+00:00
1:0x7c3b1297ac649b36547b913de50919acb45a250c,mainnet,1,0x7c3b1297ac649b36547b913de50919acb45a250c,source_found,sourcify-v2,200,contracts/UniswapV3Pool-mainnet-0x7c3b1297ac649b36547b913de50919acb45a250c,UniswapV3Pool,0.7.6+commit.7338295f,Solidity,96,match,False,2,shared_attack_victim_trace;trading_pair;victim_trace,,21322552;21473060,,2026-08-24T10:17:08.213616+00:00
1:0x7c817806bf41946f1006ab72f2c8550948e9c0ec,mainnet,1,0x7c817806bf41946f1006ab72f2c8550948e9c0ec,source_found,sourcify-v2,200,contracts/LiFiProxyFacet-mainnet-0x7c817806bf41946f1006ab72f2c8550948e9c0ec,LiFiProxyFacet,0.8.23+commit.f704f362,Solidity,14,exact_match,False,1,victim_trace,,21432613,,2026-08-24T10:17:08.475320+00:00
1:0x7cdeb379d74221731f31cd0833a3c27e0bf406b1,mainnet,1,0x7cdeb379d74221731f31cd0833a3c27e0bf406b1,source_found,sourcify-v2,200,contracts/BlackListETH-mainnet-0x7cdeb379d74221731f31cd0833a3c27e0bf406b1,BlackListETH,0.5.17+commit.d19bba13,Solidity,1,match,False,1,shared_attack_victim_trace;victim_trace,,21361459,,2026-08-24T10:17:08.114622+00:00
1:0x7cdf68ce9a05413cbb76cb7f80eaf415a826e313,mainnet,1,0x7cdf68ce9a05413cbb76cb7f80eaf415a826e313,not_in_sourcify,sourcify-v2,404,,,,,0,,,5,victim_trace,,21317106;21317122;21376810;21401763;21501469,,2026-08-24T10:17:08.313457+00:00
1:0x7d0ccaa3fac1e5a943c5168b6ced828691b46b36,mainnet,1,0x7d0ccaa3fac1e5a943c5168b6ced828691b46b36,source_found,sourcify-v2,200,contracts/DexRouter-mainnet-0x7d0ccaa3fac1e5a943c5168b6ced828691b46b36,DexRouter,0.8.17+commit.8df45f5f,Solidity,34,exact_match,False,10,victim_top_level;victim_trace,,21302296;21311832;21317119;21327219;21379211;21403029;21414148;21475088;21475529;21842016,,2026-08-24T10:17:10.638506+00:00
1:0x7d128742816aa09af2e9f0ca8c96450ceec17d7a,mainnet,1,0x7d128742816aa09af2e9f0ca8c96450ceec17d7a,source_found,sourcify-v2,200,contracts/PendleYieldToken-mainnet-0x7d128742816aa09af2e9f0ca8c96450ceec17d7a,PendleYieldToken,0.8.24+commit.e11b9ed9,Solidity,23,exact_match,False,1,victim_trace,,21508635,,2026-08-24T10:17:11.340266+00:00
1:0x7d2768de32b0b80b7a3454c06bdac94a69ddc7a9,mainnet,1,0x7d2768de32b0b80b7a3454c06bdac94a69ddc7a9,source_found,sourcify-v2,200,contracts/InitializableImmutableAdminUpgradeabilityProxy-mainnet-0x7d2768de32b0b80b7a3454c06bdac94a69ddc7a9,InitializableImmutableAdminUpgradeabilityProxy,0.6.12+commit.27d51765,Solidity,6,exact_match,True,2,victim_trace,,21357447;21439930,,2026-08-24T10:17:10.675338+00:00
1:0x7d29a64504629172a429e64183d6673b9dacbfce,mainnet,1,0x7d29a64504629172a429e64183d6673b9dacbfce,source_found,sourcify-v2,200,contracts/VXV-mainnet-0x7d29a64504629172a429e64183d6673b9dacbfce,VXV,0.4.24+commit.e67f0147,Solidity,1,match,False,1,shared_attack_victim_trace;victim_trace,,21360349,,2026-08-24T10:17:12.363589+00:00
1:0x7d372819240d14fb477f17b964f95f33beb4c704,mainnet,1,0x7d372819240d14fb477f17b964f95f33beb4c704,source_found,sourcify-v2,200,contracts/PendleMarketV3-mainnet-0x7d372819240d14fb477f17b964f95f33beb4c704,PendleMarketV3,0.8.23+commit.f704f362,Solidity,48,match,False,1,victim_trace,,21325864,,2026-08-24T10:17:13.836329+00:00
1:0x7d3f3e1d841d38996bae7ccbc66041b7944d23fc,mainnet,1,0x7d3f3e1d841d38996bae7ccbc66041b7944d23fc,not_in_sourcify,sourcify-v2,404,,,,,0,,,1,victim_trace,,21495915,,2026-08-24T10:17:12.340251+00:00
1:0x7d4e742018fb52e48b08be73d041c18b21de6fb5,mainnet,1,0x7d4e742018fb52e48b08be73d041c18b21de6fb5,source_found,sourcify-v2,200,contracts/AccessControlledOCR2Aggregator-mainnet-0x7d4e742018fb52e48b08be73d041c18b21de6fb5,AccessControlledOCR2Aggregator,0.8.19+commit.7dd6d404,Solidity,18,exact_match,False,16,shared_attack_victim_trace;victim_trace,,21300107;21300863;21304654;21307275;21322552;21333683;21357447;21357582;21373643;21410530;21414148;21432613;21439930;21442669;21454349;21494726,,2026-08-24T10:17:15.637902+00:00
1:0x7d585b0e27bbb3d981b7757115ec11f47c476994,mainnet,1,0x7d585b0e27bbb3d981b7757115ec11f47c476994,source_found,sourcify-v2,200,contracts/EnsoShortcuts-mainnet-0x7d585b0e27bbb3d981b7757115ec11f47c476994,EnsoShortcuts,0.8.23+commit.f704f362,Solidity,21,exact_match,False,1,victim_trace,,21362910,,2026-08-24T10:09:25.460248+00:00
1:0x7db1a7529f406e1f57c4fd6b50ce2f5b7c1e0776,mainnet,1,0x7db1a7529f406e1f57c4fd6b50ce2f5b7c1e0776,not_in_sourcify,sourcify-v2,404,,,,,0,,,1,victim_trace,,21392828,,2026-08-24T10:09:23.846236+00:00
1:0x7e0209ab6fa3c7730603b68799bbe9327dab7e88,mainnet,1,0x7e0209ab6fa3c7730603b68799bbe9327dab7e88,source_found,sourcify-v2,200,contracts/PendleMarketV3-mainnet-0x7e0209ab6fa3c7730603b68799bbe9327dab7e88,PendleMarketV3,0.8.24+commit.e11b9ed9,Solidity,34,match,False,1,victim_trace,,21508635,,2026-08-24T10:09:27.336210+00:00
1:0x7e5828a3a6ae75426d739e798140513a2e2964e4,mainnet,1,0x7e5828a3a6ae75426d739e798140513a2e2964e4,source_found,sourcify-v2,200,contracts/AutopoolRegistry-mainnet-0x7e5828a3a6ae75426d739e798140513a2e2964e4,AutopoolRegistry,0.8.17+commit.8df45f5f,Solidity,58,exact_match,False,2,victim_trace,,21447928;21504557,,2026-08-24T10:09:22.913312+00:00
1:0x7e7d64d987cab6eed08a191c4c2459daf2f8ed0b,mainnet,1,0x7e7d64d987cab6eed08a191c4c2459daf2f8ed0b,source_found,sourcify-v2,200,contracts/EnsoShortcutsHelpers-mainnet-0x7e7d64d987cab6eed08a191c4c2459daf2f8ed0b,EnsoShortcutsHelpers,0.8.16+commit.07a7930e,Solidity,1,exact_match,False,1,victim_trace,,21362910,,2026-08-24T10:09:23.299389+00:00
1:0x7eb6d3466600b4857eb60a19e0d2115e65aa815e,mainnet,1,0x7eb6d3466600b4857eb60a19e0d2115e65aa815e,source_found,sourcify-v2,200,contracts/UniswapV2Pair-mainnet-0x7eb6d3466600b4857eb60a19e0d2115e65aa815e,UniswapV2Pair,0.5.16+commit.9c3226ce,Solidity,1,match,False,1,victim_trace,,21462778,,2026-08-24T10:09:23.558633+00:00
1:0x7ec2e51a9c4f088354ad8ad8703c12d81bf21677,mainnet,1,0x7ec2e51a9c4f088354ad8ad8703c12d81bf21677,source_found,sourcify-v2,200,contracts/DlnSource-mainnet-0x7ec2e51a9c4f088354ad8ad8703c12d81bf21677,DlnSource,0.8.17+commit.8df45f5f,Solidity,24,match,False,1,victim_trace,,21428934,,2026-08-24T10:09:25.515904+00:00
1:0x7ed439d2d363864885d2ea27d50accbf9f7318e6,mainnet,1,0x7ed439d2d363864885d2ea27d50accbf9f7318e6,not_in_sourcify,sourcify-v2,404,,,,,0,,,1,victim_top_level;victim_trace,,21501847,,2026-08-24T10:09:21.715013+00:00
1:0x7eeab3de47a475fd2dec438aef05b128887c6105,mainnet,1,0x7eeab3de47a475fd2dec438aef05b128887c6105,source_found,sourcify-v2,200,contracts/TROPPY-mainnet-0x7eeab3de47a475fd2dec438aef05b128887c6105,TROPPY,0.8.25+commit.b61c2a91,Solidity,9,match,False,1,shared_attack_victim_trace;victim_trace,,21332614,,2026-08-24T10:09:22.777982+00:00
1:0x7effd7b47bfd17e52fb7559d3f924201b9dbff3d,mainnet,1,0x7effd7b47bfd17e52fb7559d3f924201b9dbff3d,source_found,sourcify-v2,200,contracts/AToken-mainnet-0x7effd7b47bfd17e52fb7559d3f924201b9dbff3d,AToken,0.8.10+commit.fc410830,Solidity,21,exact_match,False,10,victim_trace,,21300107;21300863;21333683;21337846;21357582;21373643;21410530;21414148;21442669;21494726,,2026-08-24T10:09:25.224671+00:00
1:0x7f0ef73d9c4a16eaee9d445a40145ffce848e40f,mainnet,1,0x7f0ef73d9c4a16eaee9d445a40145ffce848e40f,source_found,sourcify-v2,200,contracts/KyberInputScalingHelper-mainnet-0x7f0ef73d9c4a16eaee9d445a40145ffce848e40f,KyberInputScalingHelper,0.8.10+commit.fc410830,Solidity,1,match,False,3,victim_trace,,21348336;21352108;21410530,,2026-08-24T10:09:24.956991+00:00
1:0x7f39c581f595b53c5cb19bd0b3f8da6c935e2ca0,mainnet,1,0x7f39c581f595b53c5cb19bd0b3f8da6c935e2ca0,source_found,sourcify-v2,200,contracts/WstETH-mainnet-0x7f39c581f595b53c5cb19bd0b3f8da6c935e2ca0,WstETH,0.6.12+commit.27d51765,Solidity,1,match,False,8,victim_trace,,21300107;21313675;21357582;21363251;21410530;21414148;21454349;21460192,,2026-08-24T10:09:25.126344+00:00
1:0x7f51b16394255dca3b784d1b1e7fcce221014e39,mainnet,1,0x7f51b16394255dca3b784d1b1e7fcce221014e39,source_found,sourcify-v2,200,contracts/ActionAddRemoveLiqV3-mainnet-0x7f51b16394255dca3b784d1b1e7fcce221014e39,ActionAddRemoveLiqV3,0.8.23+commit.f704f362,Solidity,28,exact_match,False,1,victim_trace,,21325864,,2026-08-24T10:09:26.739276+00:00
1:0x7f63306a62c345365881e0fff85cb2c8baaa13d5,mainnet,1,0x7f63306a62c345365881e0fff85cb2c8baaa13d5,source_found,sourcify-v2,200,contracts/UniswapV3Pool-mainnet-0x7f63306a62c345365881e0fff85cb2c8baaa13d5,UniswapV3Pool,0.7.6+commit.7338295f,Solidity,96,match,False,1,victim_trace,,21475529,,2026-08-24T10:09:28.381486+00:00
1:0x7f8fc14d462bdf93c681c1f2fd615389bf969fb2,mainnet,1,0x7f8fc14d462bdf93c681c1f2fd615389bf969fb2,source_found,sourcify-v2,200,contracts/ATokenInstance-mainnet-0x7f8fc14d462bdf93c681c1f2fd615389bf969fb2,ATokenInstance,0.8.19+commit.7dd6d404,Solidity,22,match,False,1,victim_trace,,21454349,,2026-08-24T10:09:27.427657+00:00
1:0x7fa95363c82b2baceb73627988dc12eeb17e4c2b,mainnet,1,0x7fa95363c82b2baceb73627988dc12eeb17e4c2b,source_found,sourcify-v2,200,contracts/LiFiValidator-mainnet-0x7fa95363c82b2baceb73627988dc12eeb17e4c2b,LiFiValidator,0.8.23+commit.f704f362,Solidity,22,exact_match,False,1,victim_trace,,21392828,,2026-08-24T10:09:27.463765+00:00
1:0x7fc66500c84a76ad7e9c93437bfc5ac33e2ddae9,mainnet,1,0x7fc66500c84a76ad7e9c93437bfc5ac33e2ddae9,source_found,sourcify-v2,200,contracts/InitializableAdminUpgradeabilityProxy-mainnet-0x7fc66500c84a76ad7e9c93437bfc5ac33e2ddae9,InitializableAdminUpgradeabilityProxy,0.6.10+commit.00c0fcaf,Solidity,19,exact_match,True,1,victim_trace,,21313675,,2026-08-24T10:09:26.935958+00:00
1:0x7fd4d7737597e7b4ee22acbf8d94362343ae0a79,mainnet,1,0x7fd4d7737597e7b4ee22acbf8d94362343ae0a79,source_found,sourcify-v2,200,contracts/WrappedMistCoin-mainnet-0x7fd4d7737597e7b4ee22acbf8d94362343ae0a79,WrappedMistCoin,0.8.4+commit.c7e474f2,Solidity,6,exact_match,False,1,shared_attack_victim_trace;victim_trace,,21355730,,2026-08-24T10:09:27.279390+00:00
1:0x80000e388ff462cb87a897c0b1cfa2cdf6526e78,mainnet,1,0x80000e388ff462cb87a897c0b1cfa2cdf6526e78,not_in_sourcify,sourcify-v2,404,,,,,0,,,3,victim_trace,,21302296;21302391;21302398,,2026-08-24T10:09:26.614318+00:00
1:0x800c32eaa2a6c93cf4cb51794450ed77fbfbb172,mainnet,1,0x800c32eaa2a6c93cf4cb51794450ed77fbfbb172,source_found,sourcify-v2,200,contracts/SignatureChecker-mainnet-0x800c32eaa2a6c93cf4cb51794450ed77fbfbb172,SignatureChecker,0.6.12+commit.27d51765,Solidity,3,exact_match,False,1,victim_trace,,21501469,,2026-08-24T10:09:27.530595+00:00
1:0x80122c6a83c8202ea365233363d3f4837d13e888,mainnet,1,0x80122c6a83c8202ea365233363d3f4837d13e888,source_found,sourcify-v2,200,contracts/M87-mainnet-0x80122c6a83c8202ea365233363d3f4837d13e888,M87,0.8.17+commit.8df45f5f,Solidity,1,match,False,1,victim_trace,,21460992,,2026-08-24T10:09:29.643407+00:00
1:0x80198434f7103c9002f48ee4205b95eb12270f54,mainnet,1,0x80198434f7103c9002f48ee4205b95eb12270f54,source_found,sourcify-v2,200,contracts/CurveAdapter-mainnet-0x80198434f7103c9002f48ee4205b95eb12270f54,CurveAdapter,0.8.9+commit.e5eed63a,Solidity,5,exact_match,False,1,victim_trace,,21304987,,2026-08-24T10:09:28.062668+00:00
1:0x80226fc0ee2b096224eeac085bb9a8cba1146f7d,mainnet,1,0x80226fc0ee2b096224eeac085bb9a8cba1146f7d,source_found,sourcify-v2,200,contracts/Router-mainnet-0x80226fc0ee2b096224eeac085bb9a8cba1146f7d,Router,0.8.19+commit.7dd6d404,Solidity,30,match,False,1,victim_trace,,21502174,,2026-08-24T10:09:30.029628+00:00
1:0x804f1a8d772f816aae16ffacd89b283821d097c4,mainnet,1,0x804f1a8d772f816aae16ffacd89b283821d097c4,not_in_sourcify,sourcify-v2,404,,,,,0,,,1,victim_trace,,21429278,,2026-08-24T10:09:28.315261+00:00
1:0x807cf9a772d5a3f9cefbc1192e939d62f0d9bd38,mainnet,1,0x807cf9a772d5a3f9cefbc1192e939d62f0d9bd38,not_in_sourcify,sourcify-v2,404,,,,,0,,,3,victim_trace,,21335212;21410267;21500255,,2026-08-24T10:09:28.544620+00:00
1:0x808507121b80c02388fad14726482e061b8da827,mainnet,1,0x808507121b80c02388fad14726482e061b8da827,source_found,sourcify-v2,200,contracts/PENDLE-mainnet-0x808507121b80c02388fad14726482e061b8da827,PENDLE,0.7.6+commit.7338295f,Solidity,8,match,False,1,victim_trace,,21325864,,2026-08-24T10:09:29.838219+00:00
1:0x80a64c6d7f12c47b7c66c5b4e20e72bc1fcd5d9e,mainnet,1,0x80a64c6d7f12c47b7c66c5b4e20e72bc1fcd5d9e,not_in_sourcify,sourcify-v2,404,,,,,0,,,1,victim_top_level;victim_trace,,21317106,,2026-08-24T10:09:29.906410+00:00
1:0x80c1969588bd9a017190ff4ed669e4e4b70e7768,mainnet,1,0x80c1969588bd9a017190ff4ed669e4e4b70e7768,not_in_sourcify,sourcify-v2,404,,,,,0,,,1,victim_trace,,21414148,,2026-08-24T10:09:30.148190+00:00
1:0x80d4c1f8c46ed2ae84d489d5da1df1f9651c3396,mainnet,1,0x80d4c1f8c46ed2ae84d489d5da1df1f9651c3396,source_found,sourcify-v2,200,contracts/UniswapV2Pair-mainnet-0x80d4c1f8c46ed2ae84d489d5da1df1f9651c3396,UniswapV2Pair,0.5.16+commit.9c3226ce,Solidity,1,match,False,1,shared_attack_victim_trace;trading_pair;victim_trace,,21311832,,2026-08-24T10:09:30.322600+00:00
1:0x80d786df608603ccdcc83f5712b97c185a6a948d,mainnet,1,0x80d786df608603ccdcc83f5712b97c185a6a948d,source_found,sourcify-v2,200,contracts/ATokenInstance-mainnet-0x80d786df608603ccdcc83f5712b97c185a6a948d,ATokenInstance,0.8.27+commit.40a35a09,Solidity,25,match,False,1,proxy_implementation,ATokenInstance,,,2026-08-24T10:17:15.488238+00:00
1:0x80eba3855878739f4710233a8a19d89bdd2ffb8e,mainnet,1,0x80eba3855878739f4710233a8a19d89bdd2ffb8e,source_found,sourcify-v2,200,contracts/EnsoShortcutRouter-mainnet-0x80eba3855878739f4710233a8a19d89bdd2ffb8e,EnsoShortcutRouter,0.8.23+commit.f704f362,Solidity,26,exact_match,False,1,victim_top_level;victim_trace,,21362910,,2026-08-24T10:09:31.652647+00:00
1:0x80ee5c641a8ffc607545219a3856562f56427fe9,mainnet,1,0x80ee5c641a8ffc607545219a3856562f56427fe9,source_found,sourcify-v2,200,contracts/Brett-mainnet-0x80ee5c641a8ffc607545219a3856562f56427fe9,Brett,0.8.20+commit.a1b79de6,Solidity,1,match,False,1,shared_attack_victim_trace;victim_trace,,21485224,,2026-08-24T10:09:30.820178+00:00
1:0x8105f69d9c41644c6a0803fda7d03aa70996cfd9,mainnet,1,0x8105f69d9c41644c6a0803fda7d03aa70996cfd9,source_found,sourcify-v2,200,contracts/AaveOracle-mainnet-0x8105f69d9c41644c6a0803fda7d03aa70996cfd9,AaveOracle,0.8.10+commit.fc410830,Solidity,7,exact_match,False,1,victim_trace,,21322552,,2026-08-24T10:09:30.904155+00:00
1:0x81117e3e98910c3dcf956b5fc97a7212e047acf4,mainnet,1,0x81117e3e98910c3dcf956b5fc97a7212e047acf4,source_found,sourcify-v2,200,contracts/ERC1967Proxy-mainnet-0x81117e3e98910c3dcf956b5fc97a7212e047acf4,ERC1967Proxy,0.8.19+commit.7dd6d404,Solidity,7,exact_match,True,1,victim_trace,,21471722,,2026-08-24T10:09:31.977555+00:00
1:0x8146cbbe327364b13d0699f2ced39c637f92501a,mainnet,1,0x8146cbbe327364b13d0699f2ced39c637f92501a,source_found,sourcify-v2,200,contracts/AffiliateFeeTransformer-mainnet-0x8146cbbe327364b13d0699f2ced39c637f92501a,AffiliateFeeTransformer,0.6.12+commit.27d51765,Solidity,12,exact_match,False,10,victim_trace,,21302398;21313675;21320028;21333683;21338761;21357447;21380283;21452745;21495915;21515974,,2026-08-24T10:09:31.474852+00:00
1:0x815d1efecb9cf5cb88b924b60de35ff34d15c9c8,mainnet,1,0x815d1efecb9cf5cb88b924b60de35ff34d15c9c8,source_found,sourcify-v2,200,contracts/DepositToken-mainnet-0x815d1efecb9cf5cb88b924b60de35ff34d15c9c8,DepositToken,0.6.12+commit.27d51765,Solidity,34,exact_match,False,1,victim_trace,,21447928,,2026-08-24T10:09:32.222582+00:00
1:0x8164cc65827dcfe994ab23944cbc90e0aa80bfcb,mainnet,1,0x8164cc65827dcfe994ab23944cbc90e0aa80bfcb,source_found,sourcify-v2,200,contracts/InitializableImmutableAdminUpgradeabilityProxy-mainnet-0x8164cc65827dcfe994ab23944cbc90e0aa80bfcb,InitializableImmutableAdminUpgradeabilityProxy,0.8.10+commit.fc410830,Solidity,6,exact_match,True,11,victim_trace,,21300107;21300863;21333683;21337846;21357582;21373643;21410530;21414148;21442669;21454349;21494726,,2026-08-24T10:09:32.854050+00:00
1:0x8193c8889086c2c47dfec8dd62a08f29c4897491,mainnet,1,0x8193c8889086c2c47dfec8dd62a08f29c4897491,source_found,sourcify-v2,200,contracts/UniswapV3Pool-mainnet-0x8193c8889086c2c47dfec8dd62a08f29c4897491,UniswapV3Pool,0.7.6+commit.7338295f,Solidity,96,match,False,1,shared_attack_victim_trace;trading_pair;victim_trace,,21485274,,2026-08-24T10:09:34.262171+00:00
1:0x81b9ae0740cca7cdc5211b2737de735fbc4beb3c,mainnet,1,0x81b9ae0740cca7cdc5211b2737de735fbc4beb3c,source_found,sourcify-v2,200,contracts/FacadeRead-mainnet-0x81b9ae0740cca7cdc5211b2737de735fbc4beb3c,FacadeRead,0.8.19+commit.7dd6d404,Solidity,65,exact_match,False,1,victim_trace,,21471722,,2026-08-24T10:09:33.794718+00:00
1:0x81be3526a71d9013a1a5bd38758e0f248231b523,mainnet,1,0x81be3526a71d9013a1a5bd38758e0f248231b523,source_found,sourcify-v2,200,contracts/eBtcRateProvider-mainnet-0x81be3526a71d9013a1a5bd38758e0f248231b523,eBtcRateProvider,0.8.24+commit.e11b9ed9,Solidity,1,exact_match,False,1,victim_trace,,21362910,,2026-08-24T10:09:32.225909+00:00
1:0x82a605d6d9114f4ad6d5ee461027477eeed31e34,mainnet,1,0x82a605d6d9114f4ad6d5ee461027477eeed31e34,source_found,sourcify-v2,200,contracts/Sensay-mainnet-0x82a605d6d9114f4ad6d5ee461027477eeed31e34,Sensay,0.8.22+commit.4fc1097e,Solidity,39,exact_match,False,2,shared_attack_victim_trace;victim_trace,,21320028;21447928,,2026-08-24T10:09:34.787432+00:00
1:0x836951eb21f3df98273517b7249dceff270d34bf,mainnet,1,0x836951eb21f3df98273517b7249dceff270d34bf,source_found,sourcify-v2,200,contracts/FluidDexT1-mainnet-0x836951eb21f3df98273517b7249dceff270d34bf,FluidDexT1,0.8.21+commit.d9974bed,Solidity,25,exact_match,False,1,victim_trace,,21495693,,2026-08-24T10:09:35.290929+00:00
1:0x839d6bdedff886404a6d7a788ef241e4e28f4802,mainnet,1,0x839d6bdedff886404a6d7a788ef241e4e28f4802,source_found,sourcify-v2,200,contracts/CurveStableSwapNG-mainnet-0x839d6bdedff886404a6d7a788ef241e4e28f4802,CurveStableSwapNG,0.3.10+commit.91361694,Vyper,1,match,False,1,victim_trace,,21335212,,2026-08-24T10:09:34.446346+00:00
1:0x83b70a80dee44fa7df8f580b539564f7f0bdb3d1,mainnet,1,0x83b70a80dee44fa7df8f580b539564f7f0bdb3d1,not_in_sourcify,sourcify-v2,404,,,,,0,,,1,victim_trace,,21363588,,2026-08-24T10:09:33.917495+00:00
1:0x83d491269720ce925f92c6bf9f66b7a0779a293a,mainnet,1,0x83d491269720ce925f92c6bf9f66b7a0779a293a,source_found,sourcify-v2,200,contracts/CometWithExtendedAssetList-mainnet-0x83d491269720ce925f92c6bf9f66b7a0779a293a,CometWithExtendedAssetList,0.8.15+commit.e14f2714,Solidity,11,exact_match,False,2,proxy_implementation,CometWithExtendedAssetList,,,2026-08-24T10:17:16.225912+00:00
1:0x83d6fa7f8904299f4a9499fe83b6ae3f21ffba57,mainnet,1,0x83d6fa7f8904299f4a9499fe83b6ae3f21ffba57,source_found,sourcify-v2,200,contracts/OracleLib-mainnet-0x83d6fa7f8904299f4a9499fe83b6ae3f21ffba57,OracleLib,0.8.24+commit.e11b9ed9,Solidity,2,exact_match,False,2,victim_trace,,21508635;21510296,,2026-08-24T10:09:33.873359+00:00
1:0x83f20f44975d03b1b09e64809b757c47f942beea,mainnet,1,0x83f20f44975d03b1b09e64809b757c47f942beea,source_found,sourcify-v2,200,contracts/SavingsDai-mainnet-0x83f20f44975d03b1b09e64809b757c47f942beea,SavingsDai,0.8.17+commit.8df45f5f,Solidity,1,match,False,3,victim_trace,,21325864;21471722;21510296,,2026-08-24T10:09:34.372916+00:00
1:0x84372e73e1a2e95510869d2d81a3ef1aec9e0da8,mainnet,1,0x84372e73e1a2e95510869d2d81a3ef1aec9e0da8,source_found,sourcify-v2,200,contracts/McdSupply-mainnet-0x84372e73e1a2e95510869d2d81a3ef1aec9e0da8,McdSupply,0.8.10+commit.fc410830,Solidity,1,match,False,2,victim_trace,,21313468;21363251,,2026-08-24T10:09:35.312953+00:00
1:0x844eb5c280f38c7462316aad3f338ef9bda62668,mainnet,1,0x844eb5c280f38c7462316aad3f338ef9bda62668,source_found,sourcify-v2,200,contracts/UniswapV3Pool-mainnet-0x844eb5c280f38c7462316aad3f338ef9bda62668,UniswapV3Pool,0.7.6+commit.7338295f,Solidity,96,match,False,1,shared_attack_victim_trace;trading_pair;victim_trace,,21410267,,2026-08-24T10:09:36.288370+00:00
1:0x8452788daad6af88fe88bc5dfc892974c11c32ad,mainnet,1,0x8452788daad6af88fe88bc5dfc892974c11c32ad,source_found,blockscout-v2-fallback,200,contracts/FraxFacet-mainnet-0x8452788daad6af88fe88bc5dfc892974c11c32ad,FraxFacet,v0.8.29+commit.ab55807c,solidity,16,blockscout_verified,False,4,proxy_implementation,,,,2026-08-24T10:17:15.034150+00:00
1:0x845b8b0a1c6db8318414d708da25fa28d4a0dc81,mainnet,1,0x845b8b0a1c6db8318414d708da25fa28d4a0dc81,source_found,sourcify-v2,200,contracts/FurnaceP1-mainnet-0x845b8b0a1c6db8318414d708da25fa28d4a0dc81,FurnaceP1,0.8.19+commit.7dd6d404,Solidity,39,exact_match,False,1,victim_trace,,21471722,,2026-08-24T10:09:36.355844+00:00
1:0x846bbe1925047023651de7ec289f329c24ded3a8,mainnet,1,0x846bbe1925047023651de7ec289f329c24ded3a8,source_found,sourcify-v2,200,contracts/GasRelayPaymasterFactory-mainnet-0x846bbe1925047023651de7ec289f329c24ded3a8,GasRelayPaymasterFactory,0.6.12+commit.27d51765,Solidity,6,exact_match,False,4,victim_trace,,21313675;21332614;21381403;21493359,,2026-08-24T10:09:35.602596+00:00
1:0x84fe6d4aad0ca1ce3af7153eecd11729fa7a74f0,mainnet,1,0x84fe6d4aad0ca1ce3af7153eecd11729fa7a74f0,source_found,sourcify-v2,200,contracts/Discount-mainnet-0x84fe6d4aad0ca1ce3af7153eecd11729fa7a74f0,Discount,0.8.10+commit.fc410830,Solidity,1,match,False,9,victim_trace,,21307275;21313468;21322552;21337846;21352108;21363251;21410530;21432613;21494726,,2026-08-24T10:09:35.762942+00:00
1:0x850d5097a9970dda56ef7067d79ca9ac5834450f,mainnet,1,0x850d5097a9970dda56ef7067d79ca9ac5834450f,source_found,sourcify-v2,200,contracts/SwapProxy-mainnet-0x850d5097a9970dda56ef7067d79ca9ac5834450f,SwapProxy,0.8.17+commit.8df45f5f,Solidity,1,match,False,1,victim_top_level;victim_trace,,21381654,,2026-08-24T10:09:36.308890+00:00
1:0x853d955acef822db058eb8505911ed77f175b99e,mainnet,1,0x853d955acef822db058eb8505911ed77f175b99e,source_found,sourcify-v2,200,contracts/FRAXStablecoin-mainnet-0x853d955acef822db058eb8505911ed77f175b99e,FRAXStablecoin,0.6.11+commit.5ef660b1,Solidity,71,match,False,2,shared_attack_victim_trace;victim_trace,,21304987;21342331,,2026-08-24T10:09:38.844294+00:00
1:0x85503c60a699a518854385ca59f370d17722ebb0,mainnet,1,0x85503c60a699a518854385ca59f370d17722ebb0,source_found,sourcify-v2,200,contracts/UniswapV2Pair-mainnet-0x85503c60a699a518854385ca59f370d17722ebb0,UniswapV2Pair,0.5.16+commit.9c3226ce,Solidity,1,match,False,1,shared_attack_victim_trace;trading_pair;victim_trace,,21433713,,2026-08-24T10:09:37.902677+00:00
1:0x85611e73a4d6ef11dd90029b7b0606714775ab72,mainnet,1,0x85611e73a4d6ef11dd90029b7b0606714775ab72,source_found,sourcify-v2,200,contracts/UniswapV2Pair-mainnet-0x85611e73a4d6ef11dd90029b7b0606714775ab72,UniswapV2Pair,0.5.16+commit.9c3226ce,Solidity,1,match,False,2,shared_attack_victim_trace;trading_pair;victim_trace,,21398236;21454713,,2026-08-24T10:09:37.127515+00:00
1:0x85673c92f0f27a9c4d8c221f6bfefa33b716338a,mainnet,1,0x85673c92f0f27a9c4d8c221f6bfefa33b716338a,source_found,sourcify-v2,200,contracts/UniswapV2Pair-mainnet-0x85673c92f0f27a9c4d8c221f6bfefa33b716338a,UniswapV2Pair,0.5.16+commit.9c3226ce,Solidity,1,match,False,1,shared_attack_victim_trace;trading_pair;victim_trace,,21376810,,2026-08-24T10:09:37.430496+00:00
1:0x8580a7b63d48190775c7ceb13eda5dd4cc01a6e2,mainnet,1,0x8580a7b63d48190775c7ceb13eda5dd4cc01a6e2,source_found,sourcify-v2,200,contracts/UniswapV2Pair-mainnet-0x8580a7b63d48190775c7ceb13eda5dd4cc01a6e2,UniswapV2Pair,0.5.16+commit.9c3226ce,Solidity,1,match,False,1,shared_attack_victim_trace;trading_pair;victim_trace,,21360349,,2026-08-24T10:09:37.655631+00:00
1:0x859f7092f56c43bb48bb46de7119d9c799716cdf,mainnet,1,0x859f7092f56c43bb48bb46de7119d9c799716cdf,source_found,sourcify-v2,200,contracts/UniswapV2Pair-mainnet-0x859f7092f56c43bb48bb46de7119d9c799716cdf,UniswapV2Pair,0.5.16+commit.9c3226ce,Solidity,1,match,False,1,shared_attack_victim_trace;trading_pair;victim_trace,,21501847,,2026-08-24T10:09:37.950425+00:00
1:0x85a471e728f8f0932694d349993dc9a599a5978c,mainnet,1,0x85a471e728f8f0932694d349993dc9a599a5978c,not_in_sourcify,sourcify-v2,404,,,,,0,,,1,victim_trace,,21471722,,2026-08-24T10:09:37.486596+00:00
1:0x8607ba6540af378cba64f4e3497fbb2d1385f862,mainnet,1,0x8607ba6540af378cba64f4e3497fbb2d1385f862,source_found,sourcify-v2,200,contracts/IncentivePricingStats-mainnet-0x8607ba6540af378cba64f4e3497fbb2d1385f862,IncentivePricingStats,0.8.17+commit.8df45f5f,Solidity,59,exact_match,False,2,victim_trace,,21447928;21504557,,2026-08-24T10:09:39.234648+00:00
1:0x865377367054516e17014ccded1e7d814edc9ce4,mainnet,1,0x865377367054516e17014ccded1e7d814edc9ce4,source_found,sourcify-v2,200,contracts/ERC20-mainnet-0x865377367054516e17014ccded1e7d814edc9ce4,ERC20,0.5.16+commit.9c3226ce,Solidity,2,match,False,1,victim_trace,,21415780,,2026-08-24T10:09:38.478921+00:00
1:0x86c71796ccdb31c3997f8ec5c2e3db3e9e40b985,mainnet,1,0x86c71796ccdb31c3997f8ec5c2e3db3e9e40b985,source_found,sourcify-v2,200,contracts/VariableDebtToken-mainnet-0x86c71796ccdb31c3997f8ec5c2e3db3e9e40b985,VariableDebtToken,0.8.10+commit.fc410830,Solidity,22,exact_match,False,1,victim_trace,,21322552,,2026-08-24T10:09:39.425922+00:00
1:0x86dd824585375b115c84f52ee07274cfa0cf7a54,mainnet,1,0x86dd824585375b115c84f52ee07274cfa0cf7a54,source_found,sourcify-v2,200,contracts/GnosisSafeProxy-mainnet-0x86dd824585375b115c84f52ee07274cfa0cf7a54,GnosisSafeProxy,0.7.6+commit.7338295f,Solidity,1,match,True,1,victim_top_level;victim_trace,,21337846,,2026-08-24T10:09:38.719721+00:00
1:0x86e9bd5e42a9afde8d9c2594e84e49cc7718f381,mainnet,1,0x86e9bd5e42a9afde8d9c2594e84e49cc7718f381,source_found,sourcify-v2,200,contracts/PancakeV3LmPool-mainnet-0x86e9bd5e42a9afde8d9c2594e84e49cc7718f381,PancakeV3LmPool,0.7.6+commit.7338295f,Solidity,19,exact_match,False,2,victim_trace,,21373643;21502376,,2026-08-24T10:09:39.514190+00:00
1:0x86fef14c27c78deaeb4349fd959caa11fc5b5d75,mainnet,1,0x86fef14c27c78deaeb4349fd959caa11fc5b5d75,source_found,sourcify-v2,200,contracts/UniswapV2Pair-mainnet-0x86fef14c27c78deaeb4349fd959caa11fc5b5d75,UniswapV2Pair,0.5.16+commit.9c3226ce,Solidity,1,match,False,1,shared_attack_victim_trace;trading_pair;victim_trace,,21420182,,2026-08-24T10:09:40.598149+00:00
1:0x8709b88c5cbca830d63f726a6f6f8c6573486223,mainnet,1,0x8709b88c5cbca830d63f726a6f6f8c6573486223,source_found,sourcify-v2,200,contracts/Autopool4626-mainnet-0x8709b88c5cbca830d63f726a6f6f8c6573486223,Autopool4626,0.8.17+commit.8df45f5f,Solidity,56,match,False,2,victim_trace,,21447928;21504557,,2026-08-24T10:09:40.479347+00:00
1:0x870ac11d48b15db9a138cf899d20f13f79ba00bc,mainnet,1,0x870ac11d48b15db9a138cf899d20f13f79ba00bc,source_found,sourcify-v2,200,contracts/AdaptiveCurveIrm-mainnet-0x870ac11d48b15db9a138cf899d20f13f79ba00bc,AdaptiveCurveIrm,0.8.19+commit.7dd6d404,Solidity,11,exact_match,False,1,victim_trace,,21325864,,2026-08-24T10:09:40.036707+00:00
1:0x871a7f0ef4917a1534e651d1fde3763a52a23ece,mainnet,1,0x871a7f0ef4917a1534e651d1fde3763a52a23ece,source_found,sourcify-v2,200,contracts/ParaSwapV5Adapter-mainnet-0x871a7f0ef4917a1534e651d1fde3763a52a23ece,ParaSwapV5Adapter,0.6.12+commit.27d51765,Solidity,15,exact_match,False,1,victim_trace,,21381403,,2026-08-24T10:09:40.950656+00:00
1:0x8731d54e9d02c286767d56ac03e8037c07e01e98,mainnet,1,0x8731d54e9d02c286767d56ac03e8037c07e01e98,source_found,sourcify-v2,200,contracts/Router-mainnet-0x8731d54e9d02c286767d56ac03e8037c07e01e98,Router,0.7.6+commit.7338295f,Solidity,16,exact_match,False,1,victim_trace,,21338761,,2026-08-24T10:09:41.167630+00:00
1:0x874376be8231dad99aabf9ef0767b3cc054c60ee,mainnet,1,0x874376be8231dad99aabf9ef0767b3cc054c60ee,source_found,sourcify-v2,200,contracts/UniswapV2Pair-mainnet-0x874376be8231dad99aabf9ef0767b3cc054c60ee,UniswapV2Pair,0.5.16+commit.9c3226ce,Solidity,1,match,False,1,shared_attack_victim_trace;trading_pair;victim_trace,,21332614,,2026-08-24T10:09:40.629947+00:00
1:0x8751f736e94f6cd167e8c5b97e245680fbd9cc36,mainnet,1,0x8751f736e94f6cd167e8c5b97e245680fbd9cc36,source_found,sourcify-v2,200,contracts/TransparentUpgradeableProxy-mainnet-0x8751f736e94f6cd167e8c5b97e245680fbd9cc36,TransparentUpgradeableProxy,0.8.9+commit.e5eed63a,Solidity,14,exact_match,True,2,victim_trace,,21447928;21504557,,2026-08-24T10:09:41.181400+00:00
1:0x877193009a881359e80df3ded7c6e055be9cc144,mainnet,1,0x877193009a881359e80df3ded7c6e055be9cc144,source_found,sourcify-v2,200,contracts/JamUniswapV2Pair-mainnet-0x877193009a881359e80df3ded7c6e055be9cc144,JamUniswapV2Pair,0.5.16+commit.9c3226ce,Solidity,1,match,False,1,victim_trace,,21363436,,2026-08-24T10:09:41.450699+00:00
1:0x87870bca3f3fd6335c3f4ce8392d69350b4fa4e2,mainnet,1,0x87870bca3f3fd6335c3f4ce8392d69350b4fa4e2,source_found,sourcify-v2,200,contracts/InitializableImmutableAdminUpgradeabilityProxy-mainnet-0x87870bca3f3fd6335c3f4ce8392d69350b4fa4e2,InitializableImmutableAdminUpgradeabilityProxy,0.8.10+commit.fc410830,Solidity,6,exact_match,True,10,victim_top_level;victim_trace,,21300107;21300863;21333683;21337846;21357582;21373643;21410530;21414148;21442669;21494726,,2026-08-24T10:09:42.365450+00:00
1:0x881d40237659c251811cec9c364ef91dc08d300c,mainnet,1,0x881d40237659c251811cec9c364ef91dc08d300c,source_found,sourcify-v2,200,contracts/MetaSwap-mainnet-0x881d40237659c251811cec9c364ef91dc08d300c,MetaSwap,0.6.12+commit.27d51765,Solidity,12,match,False,9,victim_top_level;victim_trace,,21304654;21317106;21317122;21376810;21401763;21410267;21473060;21500255;21501469,,2026-08-24T10:09:41.930449+00:00
1:0x88609e7dfd32011721a7e334f604278114ce34a1,mainnet,1,0x88609e7dfd32011721a7e334f604278114ce34a1,not_in_sourcify,sourcify-v2,404,,,,,0,,,3,victim_trace,,21302296;21302391;21302398,,2026-08-24T10:09:41.482157+00:00
1:0x8865564fab7e32c81ecd8f4d30693f60c0757d56,mainnet,1,0x8865564fab7e32c81ecd8f4d30693f60c0757d56,not_in_sourcify,sourcify-v2,404,,,,,0,,,1,victim_trace,,21420182,,2026-08-24T10:09:41.730035+00:00
1:0x8867f20c1c63baccec7617626254a060eeb0e61e,mainnet,1,0x8867f20c1c63baccec7617626254a060eeb0e61e,source_found,sourcify-v2,200,contracts/JamUniswapV2Pair-mainnet-0x8867f20c1c63baccec7617626254a060eeb0e61e,JamUniswapV2Pair,0.5.16+commit.9c3226ce,Solidity,1,match,False,1,shared_attack_victim_trace;trading_pair;victim_trace,,21495693,,2026-08-24T10:09:42.664847+00:00
1:0x88794c65550deb6b4087b7552ecf295113794410,mainnet,1,0x88794c65550deb6b4087b7552ecf295113794410,source_found,sourcify-v2,200,contracts/ComposableStablePool-mainnet-0x88794c65550deb6b4087b7552ecf295113794410,ComposableStablePool,0.7.1+commit.f4a555be,Solidity,52,exact_match,False,1,victim_trace,,21447928,,2026-08-24T10:09:45.486231+00:00
1:0x888888888889758f76e7103c6cbf23abbf58f946,mainnet,1,0x888888888889758f76e7103c6cbf23abbf58f946,source_found,sourcify-v2,200,contracts/PendleRouterV4-mainnet-0x888888888889758f76e7103c6cbf23abbf58f946,PendleRouterV4,0.8.24+commit.e11b9ed9,Solidity,4,exact_match,False,2,victim_top_level;victim_trace,,21508635;21510296,,2026-08-24T10:09:43.404127+00:00
1:0x888c1a341ce9d9ae9c2d2a75a72a7f0d2551a2dc,mainnet,1,0x888c1a341ce9d9ae9c2d2a75a72a7f0d2551a2dc,source_found,sourcify-v2,200,contracts/CSI-mainnet-0x888c1a341ce9d9ae9c2d2a75a72a7f0d2551a2dc,CSI,0.8.26+commit.8a97fa7a,Solidity,1,match,False,1,shared_attack_victim_trace;victim_trace,,21332257,,2026-08-24T10:09:43.490139+00:00
1:0x88e0dd83e6da24bf317323e5ca06842406d57ed0,mainnet,1,0x88e0dd83e6da24bf317323e5ca06842406d57ed0,source_found,sourcify-v2,200,contracts/RelayDepositoryFacet-mainnet-0x88e0dd83e6da24bf317323e5ca06842406d57ed0,RelayDepositoryFacet,0.8.17+commit.8df45f5f,Solidity,14,exact_match,False,4,proxy_implementation,RelayDepositoryFacet,,,2026-08-24T10:17:16.669175+00:00
1:0x88e6a0c2ddd26feeb64f039a2c41296fcb3f5640,mainnet,1,0x88e6a0c2ddd26feeb64f039a2c41296fcb3f5640,source_found,sourcify-v2,200,contracts/UniswapV3Pool-mainnet-0x88e6a0c2ddd26feeb64f039a2c41296fcb3f5640,UniswapV3Pool,0.7.6+commit.7338295f,Solidity,96,match,False,17,shared_attack_victim_trace;trading_pair;victim_trace,,21300863;21304987;21311832;21313675;21323348;21332614;21371100;21373643;21421410;21428934;21439930;21460992;21467447;21485274;21494726;21495915;21501469,,2026-08-24T10:09:45.600637+00:00
1:0x891dee0483ebaa922e274ddd2ebbaa2d33468a38,mainnet,1,0x891dee0483ebaa922e274ddd2ebbaa2d33468a38,source_found,sourcify-v2,200,contracts/VaultLib-mainnet-0x891dee0483ebaa922e274ddd2ebbaa2d33468a38,VaultLib,0.6.12+commit.27d51765,Solidity,33,exact_match,False,4,victim_trace,,21313675;21332614;21381403;21493359,,2026-08-24T10:09:45.378915+00:00
1:0x8958b1c39269167527821f8c276ef7504883f2fa,mainnet,1,0x8958b1c39269167527821f8c276ef7504883f2fa,source_found,sourcify-v2,200,contracts/DefaultReserveInterestRateStrategyV2-mainnet-0x8958b1c39269167527821f8c276ef7504883f2fa,DefaultReserveInterestRateStrategyV2,0.8.20+commit.a1b79de6,Solidity,9,match,False,1,victim_trace,,21454349,,2026-08-24T10:09:45.189975+00:00
1:0x898fcb7b4e3bee37ebb0ca3a3fbd08cefdc8c995,mainnet,1,0x898fcb7b4e3bee37ebb0ca3a3fbd08cefdc8c995,source_found,sourcify-v2,200,contracts/UniswapV2Pair-mainnet-0x898fcb7b4e3bee37ebb0ca3a3fbd08cefdc8c995,UniswapV2Pair,0.5.16+commit.9c3226ce,Solidity,1,match,False,1,shared_attack_victim_trace;trading_pair;victim_trace,,21460192,,2026-08-24T10:09:45.356989+00:00
1:0x89f5ac00e0d56c50219ee6006048179c8cbf0ea1,mainnet,1,0x89f5ac00e0d56c50219ee6006048179c8cbf0ea1,source_found,sourcify-v2,200,contracts/StakingProxyConvex-mainnet-0x89f5ac00e0d56c50219ee6006048179c8cbf0ea1,StakingProxyConvex,0.8.10+commit.fc410830,Solidity,15,match,False,1,victim_trace,,21304987,,2026-08-24T10:09:45.035606+00:00
1:0x89fe77af04db303d612d7e7f4c1c5e8664edbef6,mainnet,1,0x89fe77af04db303d612d7e7f4c1c5e8664edbef6,source_found,sourcify-v2,200,contracts/RangoMiddlewaresWhitelistsStorage-mainnet-0x89fe77af04db303d612d7e7f4c1c5e8664edbef6,RangoMiddlewaresWhitelistsStorage,0.8.25+commit.b61c2a91,Solidity,2,exact_match,False,1,victim_trace,,21495693,,2026-08-24T10:09:45.633370+00:00
1:0x8a189f2b951b02552d3f0b1cc1625031a2d8aeac,mainnet,1,0x8a189f2b951b02552d3f0b1cc1625031a2d8aeac,source_found,sourcify-v2,200,contracts/GnosisSafeProxy-mainnet-0x8a189f2b951b02552d3f0b1cc1625031a2d8aeac,GnosisSafeProxy,0.7.6+commit.7338295f,Solidity,1,match,True,1,victim_top_level;victim_trace,,21432613,,2026-08-24T10:09:44.835790+00:00
1:0x8a26c73f5c4597e086254cb815403b98dc494e53,mainnet,1,0x8a26c73f5c4597e086254cb815403b98dc494e53,source_found,sourcify-v2,200,contracts/ProxyLSTCalculator-mainnet-0x8a26c73f5c4597e086254cb815403b98dc494e53,ProxyLSTCalculator,0.8.17+commit.8df45f5f,Solidity,60,exact_match,False,2,victim_trace,,21447928;21504557,,2026-08-24T10:09:46.969964+00:00
1:0x8a32f49ffba88aba6eff96f45d8bd1d4b3f35c7d,mainnet,1,0x8a32f49ffba88aba6eff96f45d8bd1d4b3f35c7d,source_found,sourcify-v2,200,contracts/LendingRateOracle-mainnet-0x8a32f49ffba88aba6eff96f45d8bd1d4b3f35c7d,LendingRateOracle,0.6.12+commit.27d51765,Solidity,1,match,False,2,victim_trace,,21357447;21439930,,2026-08-24T10:09:46.089542+00:00
1:0x8a47b431a7d947c6a3ed6e42d501803615a97eaa,mainnet,1,0x8a47b431a7d947c6a3ed6e42d501803615a97eaa,source_found,sourcify-v2,200,contracts/PendlePrincipalToken-mainnet-0x8a47b431a7d947c6a3ed6e42d501803615a97eaa,PendlePrincipalToken,0.8.24+commit.e11b9ed9,Solidity,17,exact_match,False,1,victim_trace,,21510296,,2026-08-24T10:09:46.909359+00:00
1:0x8a5419cfc711b2343c17a6abf4b2bafabb06957f,mainnet,1,0x8a5419cfc711b2343c17a6abf4b2bafabb06957f,source_found,sourcify-v2,200,contracts/InstaMemory-mainnet-0x8a5419cfc711b2343c17a6abf4b2bafabb06957f,InstaMemory,0.6.0+commit.26b70077,Solidity,1,match,False,1,victim_trace,,21335212,,2026-08-24T10:09:46.404502+00:00
1:0x8aaa49650c4908156efac3b47e00745a319c806c,mainnet,1,0x8aaa49650c4908156efac3b47e00745a319c806c,not_in_sourcify,sourcify-v2,404,,,,,0,,,1,victim_trace,,21304987,,2026-08-24T10:09:46.501730+00:00
1:0x8ab5a8cd559ea64fef5f66050acfcd91557fd312,mainnet,1,0x8ab5a8cd559ea64fef5f66050acfcd91557fd312,not_in_sourcify,sourcify-v2,404,,,,,0,,,1,victim_trace,,21381665,,2026-08-24T10:09:46.765953+00:00
1:0x8ab7404063ec4dbcfd4598215992dc3f8ec853d7,mainnet,1,0x8ab7404063ec4dbcfd4598215992dc3f8ec853d7,source_found,sourcify-v2,200,contracts/TokenProxy-mainnet-0x8ab7404063ec4dbcfd4598215992dc3f8ec853d7,TokenProxy,0.4.24+commit.e67f0147,Solidity,1,match,True,1,victim_trace,,21363251,,2026-08-24T10:09:47.467204+00:00
1:0x8ae720a71622e824f576b4a8c03031066548a3b1,mainnet,1,0x8ae720a71622e824f576b4a8c03031066548a3b1,source_found,sourcify-v2,200,contracts/UniswapV2Pair-mainnet-0x8ae720a71622e824f576b4a8c03031066548a3b1,UniswapV2Pair,0.5.16+commit.9c3226ce,Solidity,1,match,False,1,victim_trace,,21496595,,2026-08-24T10:09:47.916154+00:00
1:0x8b1a87076077ede7932d44d8462518ca6feb5c98,mainnet,1,0x8b1a87076077ede7932d44d8462518ca6feb5c98,source_found,sourcify-v2,200,contracts/KyberAggregatorWrapper-mainnet-0x8b1a87076077ede7932d44d8462518ca6feb5c98,KyberAggregatorWrapper,0.8.10+commit.fc410830,Solidity,1,match,False,3,victim_trace,,21348336;21352108;21410530,,2026-08-24T10:09:49.113390+00:00
1:0x8b267e238a77c42c065dde3a6b711768571e9f34,mainnet,1,0x8b267e238a77c42c065dde3a6b711768571e9f34,source_found,sourcify-v2,200,contracts/UniswapV2Pair-mainnet-0x8b267e238a77c42c065dde3a6b711768571e9f34,UniswapV2Pair,0.5.16+commit.9c3226ce,Solidity,1,match,False,1,shared_attack_victim_trace;trading_pair;victim_trace,,21363436,,2026-08-24T10:09:48.141155+00:00
1:0x8b3572164d369067ddf9a99afa654c27a42d9e69,mainnet,1,0x8b3572164d369067ddf9a99afa654c27a42d9e69,not_in_sourcify,sourcify-v2,404,,,,,0,,,1,victim_trace,,21325864,,2026-08-24T10:09:47.994627+00:00
1:0x8baf5d75cae25c7df6d1e0d26c52d19ee848301a,mainnet,1,0x8baf5d75cae25c7df6d1e0d26c52d19ee848301a,source_found,sourcify-v2,200,contracts/Contract-mainnet-0x8baf5d75cae25c7df6d1e0d26c52d19ee848301a,Contract,0.8.17+commit.8df45f5f,Solidity,1,match,False,1,shared_attack_victim_trace;victim_trace,,21392828,,2026-08-24T10:09:49.274708+00:00
1:0x8bb2b57ab1f110c5720d54e07d87a9f6b40d9fea,mainnet,1,0x8bb2b57ab1f110c5720d54e07d87a9f6b40d9fea,source_found,sourcify-v2,200,contracts/AutopoolFees-mainnet-0x8bb2b57ab1f110c5720d54e07d87a9f6b40d9fea,AutopoolFees,0.8.17+commit.8df45f5f,Solidity,55,match,False,2,victim_trace,,21447928;21504557,,2026-08-24T10:09:49.687601+00:00
1:0x8bb9cd887dd51c5aa8d7da9e244c94bec035e47c,mainnet,1,0x8bb9cd887dd51c5aa8d7da9e244c94bec035e47c,source_found,sourcify-v2,200,contracts/UniswapV3Pool-mainnet-0x8bb9cd887dd51c5aa8d7da9e244c94bec035e47c,UniswapV3Pool,0.7.6+commit.7338295f,Solidity,96,match,False,2,shared_attack_victim_trace;trading_pair;victim_trace,,21392828;21481165,,2026-08-24T10:09:51.012007+00:00
1:0x8bd1661da98ebdd3bd080f0be4e6d9be8ce9858c,mainnet,1,0x8bd1661da98ebdd3bd080f0be4e6d9be8ce9858c,source_found,sourcify-v2,200,contracts/UniswapV2Pair-mainnet-0x8bd1661da98ebdd3bd080f0be4e6d9be8ce9858c,UniswapV2Pair,0.5.16+commit.9c3226ce,Solidity,1,match,False,1,shared_attack_victim_trace;trading_pair;victim_trace,,21333683,,2026-08-24T10:09:49.699779+00:00
1:0x8be303612f380ff7d2394dca36bdac0f83a4411c,mainnet,1,0x8be303612f380ff7d2394dca36bdac0f83a4411c,source_found,sourcify-v2,200,contracts/MANEKI-mainnet-0x8be303612f380ff7d2394dca36bdac0f83a4411c,MANEKI,0.8.23+commit.f704f362,Solidity,1,match,False,1,shared_attack_victim_trace;victim_trace,,21322552,,2026-08-24T10:09:51.026422+00:00
1:0x8c3085d9a554884124c998cdb7f6d7219e9c1e6f,mainnet,1,0x8c3085d9a554884124c998cdb7f6d7219e9c1e6f,source_found,sourcify-v2,200,contracts/StargateFeeLibraryV07-mainnet-0x8c3085d9a554884124c998cdb7f6d7219e9c1e6f,StargateFeeLibraryV07,0.7.6+commit.7338295f,Solidity,16,exact_match,False,1,victim_trace,,21338761,,2026-08-24T10:09:50.932859+00:00
1:0x8c9dba771220ed09580b77f0765e7153fbde7790,mainnet,1,0x8c9dba771220ed09580b77f0765e7153fbde7790,source_found,sourcify-v2,200,contracts/GenericSwapFacetV3-mainnet-0x8c9dba771220ed09580b77f0765e7153fbde7790,GenericSwapFacetV3,0.8.29+commit.ab55807c,Solidity,1,match,False,4,proxy_implementation,GenericSwapFacetV3,,,2026-08-24T10:17:17.439398+00:00
1:0x8cb77ea869def8f7fdeab9e4da6cf02897bbf076,mainnet,1,0x8cb77ea869def8f7fdeab9e4da6cf02897bbf076,source_found,sourcify-v2,200,contracts/UniswapV2Pair-mainnet-0x8cb77ea869def8f7fdeab9e4da6cf02897bbf076,UniswapV2Pair,0.5.16+commit.9c3226ce,Solidity,1,match,False,1,victim_trace,,21363251,,2026-08-24T10:09:50.457056+00:00
1:0x8ccd897ca6160ed76755383b201c1948394328c7,mainnet,1,0x8ccd897ca6160ed76755383b201c1948394328c7,source_found,sourcify-v2,200,contracts/wBAI-mainnet-0x8ccd897ca6160ed76755383b201c1948394328c7,wBAI,0.8.19+commit.7dd6d404,Solidity,1,match,False,1,victim_trace,,21311832,,2026-08-24T10:09:51.045328+00:00
1:0x8cd89ea14345f24d0299c2180aec97a417ca34e3,mainnet,1,0x8cd89ea14345f24d0299c2180aec97a417ca34e3,source_found,sourcify-v2,200,contracts/AcrossFacetPackedV4-mainnet-0x8cd89ea14345f24d0299c2180aec97a417ca34e3,AcrossFacetPackedV4,0.8.17+commit.8df45f5f,Solidity,20,exact_match,False,4,proxy_implementation,AcrossFacetPackedV4,,,2026-08-24T10:17:19.493123+00:00
1:0x8dff7fda82976452b6fb957f549944e7af7a3e6f,mainnet,1,0x8dff7fda82976452b6fb957f549944e7af7a3e6f,source_found,sourcify-v2,200,contracts/StableDebtToken-mainnet-0x8dff7fda82976452b6fb957f549944e7af7a3e6f,StableDebtToken,0.6.12+commit.27d51765,Solidity,17,exact_match,False,1,victim_trace,,21357447,,2026-08-24T10:09:51.120380+00:00
1:0x8e0c00ed546602fd9927df742bbabf726d5b0d16,mainnet,1,0x8e0c00ed546602fd9927df742bbabf726d5b0d16,source_found,blockscout-v2-fallback,200,contracts/Vyper_contract-mainnet-0x8e0c00ed546602fd9927df742bbabf726d5b0d16,Vyper_contract,v0.2.15+commit.6e7dba7a,vyper,1,blockscout_verified,False,1,victim_trace,,21504557,,2026-08-24T10:09:50.508793+00:00
1:0x8e1ce8013262fadeee1292c814cc8b6a6a336920,mainnet,1,0x8e1ce8013262fadeee1292c814cc8b6a6a336920,source_found,sourcify-v2,200,contracts/Tweet-mainnet-0x8e1ce8013262fadeee1292c814cc8b6a6a336920,Tweet,0.8.23+commit.f704f362,Solidity,1,match,False,1,shared_attack_victim_trace;victim_trace,,21421410,,2026-08-24T10:09:51.230379+00:00
1:0x8e2bfe61abc48435283be78ca0fe053b1bf24e69,mainnet,1,0x8e2bfe61abc48435283be78ca0fe053b1bf24e69,source_found,sourcify-v2,200,contracts/ConnectV2KyberAggregator-mainnet-0x8e2bfe61abc48435283be78ca0fe053b1bf24e69,ConnectV2KyberAggregator,0.7.6+commit.7338295f,Solidity,7,exact_match,False,1,victim_trace,,21335212,,2026-08-24T10:09:52.468043+00:00
1:0x8e66aaa84513bfb93222ff1a7f836e6a2fae74e6,mainnet,1,0x8e66aaa84513bfb93222ff1a7f836e6a2fae74e6,source_found,sourcify-v2,200,contracts/XSwapRouter-mainnet-0x8e66aaa84513bfb93222ff1a7f836e6a2fae74e6,XSwapRouter,0.8.17+commit.8df45f5f,Solidity,29,match,False,1,proxy_implementation,XSwapRouter,,,2026-08-24T10:17:19.679513+00:00
1:0x8e6e5b431826f88db8bd7ae07864463ef2ffdf8b,mainnet,1,0x8e6e5b431826f88db8bd7ae07864463ef2ffdf8b,not_in_sourcify,sourcify-v2,404,,,,,0,,,1,victim_trace,,21452745,,2026-08-24T10:09:51.394976+00:00
1:0x8ebae255823b7bb5331da070992f98846d31aafc,mainnet,1,0x8ebae255823b7bb5331da070992f98846d31aafc,source_found,sourcify-v2,200,contracts/UniswapV2Pair-mainnet-0x8ebae255823b7bb5331da070992f98846d31aafc,UniswapV2Pair,0.5.16+commit.9c3226ce,Solidity,1,match,False,1,shared_attack_victim_trace;trading_pair;victim_trace,,21300107,,2026-08-24T10:09:53.264466+00:00
1:0x8ed97a637a790be1feff5e888d43629dc05408f6,mainnet,1,0x8ed97a637a790be1feff5e888d43629dc05408f6,source_found,sourcify-v2,200,contracts/NPC-mainnet-0x8ed97a637a790be1feff5e888d43629dc05408f6,NPC,0.8.17+commit.8df45f5f,Solidity,1,match,False,1,victim_trace,,21301621,,2026-08-24T10:09:52.517486+00:00
1:0x8f1df6d7f2db73eece86a18b4381f4707b918fb1,mainnet,1,0x8f1df6d7f2db73eece86a18b4381f4707b918fb1,source_found,sourcify-v2,200,contracts/EACAggregatorProxy-mainnet-0x8f1df6d7f2db73eece86a18b4381f4707b918fb1,EACAggregatorProxy,0.6.6+commit.6c089d02,Solidity,1,match,False,1,victim_trace,,21471722,,2026-08-24T10:09:52.848937+00:00
1:0x8f68f4810cce3194b6cb6f3d50fa58c2c9bdd1d5,mainnet,1,0x8f68f4810cce3194b6cb6f3d50fa58c2c9bdd1d5,source_found,blockscout-v2-fallback,200,contracts/Vyper_contract-mainnet-0x8f68f4810cce3194b6cb6f3d50fa58c2c9bdd1d5,Vyper_contract,v0.2.12+commit.2c6842cd,vyper,1,blockscout_verified,False,1,victim_trace,,21360349,,2026-08-24T10:09:52.359032+00:00
1:0x8f693ca8d21b157107184d29d398a8d082b38b76,mainnet,1,0x8f693ca8d21b157107184d29d398a8d082b38b76,source_found,sourcify-v2,200,contracts/DATAv2-mainnet-0x8f693ca8d21b157107184d29d398a8d082b38b76,DATAv2,0.8.6+commit.11564f7e,Solidity,1,match,False,2,shared_attack_victim_trace;victim_trace,,21322552;21473060,,2026-08-24T10:09:53.758338+00:00
1:0x8fac8031e079f409135766c7d5de29cf22ef897c,mainnet,1,0x8fac8031e079f409135766c7d5de29cf22ef897c,source_found,sourcify-v2,200,contracts/TransparentUpgradeableProxy-mainnet-0x8fac8031e079f409135766c7d5de29cf22ef897c,TransparentUpgradeableProxy,0.8.2+commit.661d1103,Solidity,15,exact_match,True,1,shared_attack_victim_trace;victim_trace,,21332257,,2026-08-24T10:09:53.586356+00:00
1:0x8fc8f8269ebca376d046ce292dc7eac40c8d358a,mainnet,1,0x8fc8f8269ebca376d046ce292dc7eac40c8d358a,source_found,sourcify-v2,200,contracts/DFI-mainnet-0x8fc8f8269ebca376d046ce292dc7eac40c8d358a,DFI,0.7.6+commit.7338295f,Solidity,1,match,False,1,shared_attack_victim_trace;victim_trace,,21361459,,2026-08-24T10:09:53.982073+00:00
1:0x8ff1c814719096b61abf00bb46ead0c9a529dd7d,mainnet,1,0x8ff1c814719096b61abf00bb46ead0c9a529dd7d,source_found,sourcify-v2,200,contracts/EVault-mainnet-0x8ff1c814719096b61abf00bb46ead0c9a529dd7d,EVault,0.8.24+commit.e11b9ed9,Solidity,52,exact_match,False,1,proxy_implementation;victim_trace,EVault,21481165,,2026-08-24T10:17:22.505601+00:00
1:0x8fffffd4afb6115b954bd326cbe7b4ba576818f6,mainnet,1,0x8fffffd4afb6115b954bd326cbe7b4ba576818f6,source_found,sourcify-v2,200,contracts/EACAggregatorProxy-mainnet-0x8fffffd4afb6115b954bd326cbe7b4ba576818f6,EACAggregatorProxy,0.6.6+commit.6c089d02,Solidity,1,match,False,12,victim_trace,,21300107;21307275;21325864;21333683;21335212;21357447;21357582;21373643;21442669;21454349;21471722;21481165,,2026-08-24T10:09:54.320063+00:00
1:0x9008d19f58aabd9ed0d60971565aa8510560ab41,mainnet,1,0x9008d19f58aabd9ed0d60971565aa8510560ab41,source_found,sourcify-v2,200,contracts/GPv2Settlement-mainnet-0x9008d19f58aabd9ed0d60971565aa8510560ab41,GPv2Settlement,0.7.6+commit.7338295f,Solidity,16,exact_match,False,1,victim_top_level;victim_trace,,21376810,,2026-08-24T10:09:55.220702+00:00
1:0x901a610b25ed7152c87f5fd4435e831d8391dbe8,mainnet,1,0x901a610b25ed7152c87f5fd4435e831d8391dbe8,source_found,sourcify-v2,200,contracts/Token-mainnet-0x901a610b25ed7152c87f5fd4435e831d8391dbe8,Token,0.8.24+commit.e11b9ed9,Solidity,15,exact_match,False,1,victim_trace,,21396987,,2026-08-24T10:09:55.592456+00:00
1:0x901d383c37b30cefad9b6e2bbb0539a40e02c5f4,mainnet,1,0x901d383c37b30cefad9b6e2bbb0539a40e02c5f4,source_found,sourcify-v2,200,contracts/DFSSell-mainnet-0x901d383c37b30cefad9b6e2bbb0539a40e02c5f4,DFSSell,0.8.24+commit.e11b9ed9,Solidity,1,match,False,10,victim_trace,,21307275;21313468;21322552;21337846;21348336;21352108;21363251;21410530;21432613;21494726,,2026-08-24T10:17:20.174658+00:00
1:0x902f09715b6303d4173037652fa7377e5b98089e,mainnet,1,0x902f09715b6303d4173037652fa7377e5b98089e,source_found,sourcify-v2,200,contracts/OptimizedTransparentUpgradeableProxy-mainnet-0x902f09715b6303d4173037652fa7377e5b98089e,OptimizedTransparentUpgradeableProxy,0.7.6+commit.7338295f,Solidity,8,exact_match,True,2,victim_trace,,21338761;21454713,,2026-08-24T10:17:21.743810+00:00
1:0x908c0c476c0dc8f7b6d6b6aa34f0349a714380b8,mainnet,1,0x908c0c476c0dc8f7b6d6b6aa34f0349a714380b8,source_found,sourcify-v2,200,contracts/ThreeOneThirdAdapter-mainnet-0x908c0c476c0dc8f7b6d6b6aa34f0349a714380b8,ThreeOneThirdAdapter,0.8.19+commit.7dd6d404,Solidity,20,match,False,1,victim_trace,,21313675,,2026-08-24T10:17:21.780136+00:00
1:0x90d56586ce35348d3ecdcc23af591d80bc6afec9,mainnet,1,0x90d56586ce35348d3ecdcc23af591d80bc6afec9,source_found,sourcify-v2,200,contracts/StashToken-mainnet-0x90d56586ce35348d3ecdcc23af591d80bc6afec9,StashToken,0.6.12+commit.27d51765,Solidity,42,match,False,1,victim_trace,,21447928,,2026-08-24T10:17:23.615253+00:00
1:0x90e00ace148ca3b23ac1bc8c240c2a7dd9c2d7f5,mainnet,1,0x90e00ace148ca3b23ac1bc8c240c2a7dd9c2d7f5,source_found,blockscout-v2-fallback,200,contracts/Vyper_contract-mainnet-0x90e00ace148ca3b23ac1bc8c240c2a7dd9c2d7f5,Vyper_contract,v0.2.11+commit.5db35ef4,vyper,1,blockscout_verified,False,1,victim_trace,,21504557,,2026-08-24T10:17:22.382591+00:00
1:0x9149e311b70a7e61cce4c963cbefc6bc72746a22,mainnet,1,0x9149e311b70a7e61cce4c963cbefc6bc72746a22,source_found,sourcify-v2,200,contracts/GenericSwapFacet-mainnet-0x9149e311b70a7e61cce4c963cbefc6bc72746a22,GenericSwapFacet,0.8.17+commit.8df45f5f,Solidity,27,exact_match,False,1,proxy_implementation;victim_trace,GenericSwapFacet,21381665,,2026-08-24T10:17:24.265829+00:00
1:0x919fa96e88d67499339577fa202345436bcdaf79,mainnet,1,0x919fa96e88d67499339577fa202345436bcdaf79,source_found,sourcify-v2,200,contracts/UniswapV3Pool-mainnet-0x919fa96e88d67499339577fa202345436bcdaf79,UniswapV3Pool,0.7.6+commit.7338295f,Solidity,96,match,False,1,shared_attack_victim_trace;trading_pair;victim_trace,,21304987,,2026-08-24T10:17:26.753082+00:00
1:0x91b3fccea2f2e0622cc1fb54e12f5ac5aaa55a87,mainnet,1,0x91b3fccea2f2e0622cc1fb54e12f5ac5aaa55a87,source_found,sourcify-v2,200,contracts/AaveV3Supply-mainnet-0x91b3fccea2f2e0622cc1fb54e12f5ac5aaa55a87,AaveV3Supply,0.8.10+commit.fc410830,Solidity,1,match,False,1,victim_trace,,21410530,,2026-08-24T10:17:25.858083+00:00
1:0x93060a26fc2c646acd3465faab65d6e2e9d4eee5,mainnet,1,0x93060a26fc2c646acd3465faab65d6e2e9d4eee5,not_in_sourcify,sourcify-v2,404,,,,,0,,,1,victim_trace,,21332614,,2026-08-24T10:17:25.912803+00:00
1:0x93313cf5189847d35083d20ebac7931039a9a360,mainnet,1,0x93313cf5189847d35083d20ebac7931039a9a360,source_found,sourcify-v2,200,contracts/Incentives-mainnet-0x93313cf5189847d35083d20ebac7931039a9a360,Incentives,0.8.17+commit.8df45f5f,Solidity,16,match,False,2,victim_trace,,21447928;21504557,,2026-08-24T10:17:26.370316+00:00
1:0x933597a323eb81cae705c5bc29985172fd5a3973,mainnet,1,0x933597a323eb81cae705c5bc29985172fd5a3973,source_found,sourcify-v2,200,contracts/StargatePoolMigratable-mainnet-0x933597a323eb81cae705c5bc29985172fd5a3973,StargatePoolMigratable,0.8.22+commit.4fc1097e,Solidity,47,match,False,1,victim_trace,,21342507,,2026-08-24T10:17:29.578680+00:00
1:0x93bf01510c16c69664db699e74db522b7b65461c,mainnet,1,0x93bf01510c16c69664db699e74db522b7b65461c,source_found,sourcify-v2,200,contracts/StructHash-mainnet-0x93bf01510c16c69664db699e74db522b7b65461c,StructHash,0.8.15+commit.e14f2714,Solidity,1,exact_match,False,1,victim_trace,,21467447,,2026-08-24T10:17:27.487429+00:00
1:0x93f6a87eb364bf59b95a1f523a2c23e33c0eebda,mainnet,1,0x93f6a87eb364bf59b95a1f523a2c23e33c0eebda,source_found,sourcify-v2,200,contracts/UniswapV2Pair-mainnet-0x93f6a87eb364bf59b95a1f523a2c23e33c0eebda,UniswapV2Pair,0.5.16+commit.9c3226ce,Solidity,1,match,False,1,shared_attack_victim_trace;trading_pair;victim_trace,,21434016,,2026-08-24T10:17:29.461187+00:00
1:0x942f9ce5d9a33a82f88d233aeb3292e680230348,mainnet,1,0x942f9ce5d9a33a82f88d233aeb3292e680230348,not_in_sourcify,sourcify-v2,404,,,,,0,,,1,victim_trace,,21322741,,2026-08-24T10:17:28.519505+00:00
1:0x948e4b70338561d279b74a91fe5e8cb8f3f2b11e,mainnet,1,0x948e4b70338561d279b74a91fe5e8cb8f3f2b11e,source_found,sourcify-v2,200,contracts/CometWithExtendedAssetList-mainnet-0x948e4b70338561d279b74a91fe5e8cb8f3f2b11e,CometWithExtendedAssetList,0.8.15+commit.e14f2714,Solidity,11,exact_match,False,1,proxy_implementation,CometWithExtendedAssetList,,,2026-08-24T10:17:31.684060+00:00
1:0x94ef6d1702ac7e30a5cef39dee26fab180c251fe,mainnet,1,0x94ef6d1702ac7e30a5cef39dee26fab180c251fe,source_found,sourcify-v2,200,contracts/WithdrawFacet-mainnet-0x94ef6d1702ac7e30a5cef39dee26fab180c251fe,WithdrawFacet,0.8.29+commit.ab55807c,Solidity,10,match,False,4,proxy_implementation,WithdrawFacet,,,2026-08-24T10:17:30.494285+00:00
1:0x9556ec186526c028c3260737ea26a53eb51ce47b,mainnet,1,0x9556ec186526c028c3260737ea26a53eb51ce47b,not_in_sourcify,sourcify-v2,404,,,,,0,,,1,proxy_implementation,,,,2026-08-24T10:17:31.338504+00:00
1:0x955ff4cc738cdc009d2903196d1c94c8cfb4d55d,mainnet,1,0x955ff4cc738cdc009d2903196d1c94c8cfb4d55d,source_found,sourcify-v2,200,contracts/ManagedRatiosOracle-mainnet-0x955ff4cc738cdc009d2903196d1c94c8cfb4d55d,ManagedRatiosOracle,0.8.25+commit.b61c2a91,Solidity,26,exact_match,False,1,victim_trace,,21508635,,2026-08-24T10:17:32.059156+00:00
1:0x95801ba4892afb7c8df0c240d30880b442c1d61a,mainnet,1,0x95801ba4892afb7c8df0c240d30880b442c1d61a,source_found,sourcify-v2,200,contracts/AkropolisToken-mainnet-0x95801ba4892afb7c8df0c240d30880b442c1d61a,AkropolisToken,0.4.24+commit.e67f0147,Solidity,1,match,False,1,proxy_implementation,AkropolisToken,,,2026-08-24T10:17:33.041187+00:00
1:0x95cfa1f48fad82232772d3b1415ad4393517f3b5,mainnet,1,0x95cfa1f48fad82232772d3b1415ad4393517f3b5,source_found,sourcify-v2,200,contracts/UniswapV2Pair-mainnet-0x95cfa1f48fad82232772d3b1415ad4393517f3b5,UniswapV2Pair,0.6.12+commit.27d51765,Solidity,1,match,False,1,victim_trace,,21420182,,2026-08-24T10:10:23.644230+00:00
1:0x95f2610d0475d72e75bfcbd8bb7ecafe1f351b8d,mainnet,1,0x95f2610d0475d72e75bfcbd8bb7ecafe1f351b8d,source_found,sourcify-v2,200,contracts/UniswapV2Pair-mainnet-0x95f2610d0475d72e75bfcbd8bb7ecafe1f351b8d,UniswapV2Pair,0.5.16+commit.9c3226ce,Solidity,1,match,False,1,shared_attack_victim_trace;trading_pair;victim_trace,,21485224,,2026-08-24T10:10:22.361396+00:00
1:0x95ff25a59dc9c5a41cf0709dc916041e5dc7fd95,mainnet,1,0x95ff25a59dc9c5a41cf0709dc916041e5dc7fd95,source_found,sourcify-v2,200,contracts/StarknetEthBridge-mainnet-0x95ff25a59dc9c5a41cf0709dc916041e5dc7fd95,StarknetEthBridge,0.8.20+commit.a1b79de6,Solidity,30,match,False,1,victim_trace,,21325864,,2026-08-24T10:10:26.168218+00:00
1:0x960692640ac4986ffce41620b7e3aa03cf1a0e8f,mainnet,1,0x960692640ac4986ffce41620b7e3aa03cf1a0e8f,source_found,sourcify-v2,200,contracts/MeTeorite-mainnet-0x960692640ac4986ffce41620b7e3aa03cf1a0e8f,MeTeorite,0.8.26+commit.8a97fa7a,Solidity,11,exact_match,False,1,shared_attack_victim_trace;victim_trace,,21401763,,2026-08-24T10:10:25.859620+00:00
1:0x96884d6429151e84c2d79e0ff1e85e8fbd60aa83,mainnet,1,0x96884d6429151e84c2d79e0ff1e85e8fbd60aa83,not_in_sourcify,sourcify-v2,404,,,,,0,,,1,victim_trace,,21357582,,2026-08-24T10:10:24.257808+00:00
1:0x96c195f6643a3d797cb90cb6ba0ae2776d51b5f3,mainnet,1,0x96c195f6643a3d797cb90cb6ba0ae2776d51b5f3,not_in_sourcify,sourcify-v2,404,,,,,0,,,1,victim_trace,,21317119,,2026-08-24T10:10:21.370048+00:00
1:0x97172f9dd773b1b24e139d0ff0c29cdd6572917c,mainnet,1,0x97172f9dd773b1b24e139d0ff0c29cdd6572917c,not_in_sourcify,sourcify-v2,404,,,,,0,,,1,proxy_implementation,,,,2026-08-24T10:17:32.564919+00:00
1:0x972d92f4563ac9581c730a13a47ae9d6dcdf18b7,mainnet,1,0x972d92f4563ac9581c730a13a47ae9d6dcdf18b7,source_found,sourcify-v2,200,contracts/FraxUnifiedFarm_ERC20_Convex_Generic-mainnet-0x972d92f4563ac9581c730a13a47ae9d6dcdf18b7,FraxUnifiedFarm_ERC20_Convex_Generic,0.8.23+commit.f704f362,Solidity,1,match,False,1,victim_trace,,21304987,,2026-08-24T10:10:24.129642+00:00
1:0x9730b014700e78593fe62c06cad47ad1e0e5dff9,mainnet,1,0x9730b014700e78593fe62c06cad47ad1e0e5dff9,source_found,sourcify-v2,200,contracts/UniswapV2Pair-mainnet-0x9730b014700e78593fe62c06cad47ad1e0e5dff9,UniswapV2Pair,0.5.16+commit.9c3226ce,Solidity,1,match,False,1,shared_attack_victim_trace;trading_pair;victim_trace,,21335212,,2026-08-24T10:10:22.710748+00:00
1:0x9759a6ac90977b93b58547b4a71c78317f391a28,mainnet,1,0x9759a6ac90977b93b58547b4a71c78317f391a28,source_found,sourcify-v2,200,contracts/DaiJoin-mainnet-0x9759a6ac90977b93b58547b4a71c78317f391a28,DaiJoin,0.5.12+commit.7709ece9,Solidity,1,match,False,9,victim_trace,,21313468;21325864;21352108;21363251;21371100;21422852;21471722;21494726;21510296,,2026-08-24T10:10:22.460863+00:00
1:0x977b6fc5de62598b08c85ac8cf2b745874e8b78c,mainnet,1,0x977b6fc5de62598b08c85ac8cf2b745874e8b78c,source_found,sourcify-v2,200,contracts/InitializableImmutableAdminUpgradeabilityProxy-mainnet-0x977b6fc5de62598b08c85ac8cf2b745874e8b78c,InitializableImmutableAdminUpgradeabilityProxy,0.8.10+commit.fc410830,Solidity,6,exact_match,True,1,victim_trace,,21357582,,2026-08-24T10:10:23.653597+00:00
1:0x97b0b3a8bdefe8cb9563a3c610019ad10db8ad11,mainnet,1,0x97b0b3a8bdefe8cb9563a3c610019ad10db8ad11,source_found,sourcify-v2,200,contracts/InstaConnectorsV2-mainnet-0x97b0b3a8bdefe8cb9563a3c610019ad10db8ad11,InstaConnectorsV2,0.7.0+commit.9e61f92b,Solidity,1,exact_match,False,1,victim_trace,,21335212,,2026-08-24T10:10:24.088439+00:00
1:0x97b8210dfe6e970190c7496511f7318c91756a8b,mainnet,1,0x97b8210dfe6e970190c7496511f7318c91756a8b,source_found,sourcify-v2,200,contracts/UnizenDexAggrETH-mainnet-0x97b8210dfe6e970190c7496511f7318c91756a8b,UnizenDexAggrETH,0.8.12+commit.f00d7308,Solidity,1,match,False,2,victim_trace,,21308869;21360349,,2026-08-24T10:10:26.122857+00:00
1:0x9801098ee481ed6806c61a4de259fbddd5bb84a8,mainnet,1,0x9801098ee481ed6806c61a4de259fbddd5bb84a8,not_in_sourcify,sourcify-v2,404,,,,,0,,,1,victim_trace,,21447928,,2026-08-24T10:10:24.438066+00:00
1:0x9813037ee2218799597d83d4a5b6f3b6778218d9,mainnet,1,0x9813037ee2218799597d83d4a5b6f3b6778218d9,source_found,sourcify-v2,200,contracts/BoneToken-mainnet-0x9813037ee2218799597d83d4a5b6f3b6778218d9,BoneToken,0.6.12+commit.27d51765,Solidity,6,match,False,1,victim_trace,,21421410,,2026-08-24T10:10:25.703272+00:00
1:0x989a7efabb9be76ac3424b940862d9cf55334873,mainnet,1,0x989a7efabb9be76ac3424b940862d9cf55334873,source_found,sourcify-v2,200,contracts/UnitFacet-mainnet-0x989a7efabb9be76ac3424b940862d9cf55334873,UnitFacet,0.8.29+commit.ab55807c,Solidity,15,exact_match,False,4,proxy_implementation,UnitFacet,,,2026-08-24T10:17:35.646691+00:00
1:0x989aeb4d175e16225e39e87d0d97a3360524ad80,mainnet,1,0x989aeb4d175e16225e39e87d0d97a3360524ad80,source_found,sourcify-v2,200,contracts/CurveVoterProxy-mainnet-0x989aeb4d175e16225e39e87d0d97a3360524ad80,CurveVoterProxy,0.6.12+commit.27d51765,Solidity,1,match,False,1,victim_trace,,21504557,,2026-08-24T10:10:25.666763+00:00
1:0x98c23e9d8f34fefb1b7bd6a91b7ff122f4e16f5c,mainnet,1,0x98c23e9d8f34fefb1b7bd6a91b7ff122f4e16f5c,source_found,sourcify-v2,200,contracts/InitializableImmutableAdminUpgradeabilityProxy-mainnet-0x98c23e9d8f34fefb1b7bd6a91b7ff122f4e16f5c,InitializableImmutableAdminUpgradeabilityProxy,0.8.10+commit.fc410830,Solidity,6,exact_match,True,2,victim_trace,,21333683;21373643,,2026-08-24T10:10:25.652787+00:00
1:0x98e72c67e1d0b694049a03ecefcca2a31bdab99c,mainnet,1,0x98e72c67e1d0b694049a03ecefcca2a31bdab99c,source_found,sourcify-v2,200,contracts/LTC-mainnet-0x98e72c67e1d0b694049a03ecefcca2a31bdab99c,LTC,0.8.23+commit.f704f362,Solidity,1,exact_match,False,1,shared_attack_victim_trace;victim_trace,,21304654,,2026-08-24T10:10:26.017225+00:00
1:0x98ee851a00abee0d95d08cf4ca2bdce32aeaaf7f,mainnet,1,0x98ee851a00abee0d95d08cf4ca2bdce32aeaaf7f,source_found,sourcify-v2,200,contracts/CurveTwocryptoFactory-mainnet-0x98ee851a00abee0d95d08cf4ca2bdce32aeaaf7f,CurveTwocryptoFactory,0.3.10+commit.91361694,Vyper,1,match,False,1,victim_trace,,21504557,,2026-08-24T10:10:27.131006+00:00
1:0x98f3c9e6e3face36baad05fe09d375ef1464288b,mainnet,1,0x98f3c9e6e3face36baad05fe09d375ef1464288b,source_found,sourcify-v2,200,contracts/Wormhole-mainnet-0x98f3c9e6e3face36baad05fe09d375ef1464288b,Wormhole,0.8.4+commit.c7e474f2,Solidity,7,exact_match,True,1,victim_trace,,21475529,,2026-08-24T10:10:26.757957+00:00
1:0x98f90bfc702ec548d21b5a566a4df6853e2890d4,mainnet,1,0x98f90bfc702ec548d21b5a566a4df6853e2890d4,source_found,sourcify-v2,200,contracts/UniswapV2Pair-mainnet-0x98f90bfc702ec548d21b5a566a4df6853e2890d4,UniswapV2Pair,0.5.16+commit.9c3226ce,Solidity,1,match,False,1,victim_trace,,21363251,,2026-08-24T10:10:27.245429+00:00
1:0x997fbc511a8ad11f84a400feacd66e2a3fa805d2,mainnet,1,0x997fbc511a8ad11f84a400feacd66e2a3fa805d2,source_found,sourcify-v2,200,contracts/ActionCallbackV3-mainnet-0x997fbc511a8ad11f84a400feacd66e2a3fa805d2,ActionCallbackV3,0.8.24+commit.e11b9ed9,Solidity,21,exact_match,False,1,victim_trace,,21508635,,2026-08-24T10:10:27.268057+00:00
1:0x9983c1f1e7695b88f9e14bf8b15950f73967a8e7,mainnet,1,0x9983c1f1e7695b88f9e14bf8b15950f73967a8e7,source_found,sourcify-v2,200,contracts/DefaultBondStrategy-mainnet-0x9983c1f1e7695b88f9e14bf8b15950f73967a8e7,DefaultBondStrategy,0.8.25+commit.b61c2a91,Solidity,36,exact_match,False,1,victim_trace,,21508635,,2026-08-24T10:10:27.974433+00:00
1:0x99920e0ba2b8aead4d10de769b28ecc29693c011,mainnet,1,0x99920e0ba2b8aead4d10de769b28ecc29693c011,source_found,sourcify-v2,200,contracts/UniswapV2Pair-mainnet-0x99920e0ba2b8aead4d10de769b28ecc29693c011,UniswapV2Pair,0.5.16+commit.9c3226ce,Solidity,1,match,False,1,shared_attack_victim_trace;trading_pair;victim_trace,,21515974,,2026-08-24T10:10:28.903355+00:00
1:0x99a58482bd75cbab83b27ec03ca68ff489b5788f,mainnet,1,0x99a58482bd75cbab83b27ec03ca68ff489b5788f,source_found,sourcify-v2,200,contracts/Vyper_contract-mainnet-0x99a58482bd75cbab83b27ec03ca68ff489b5788f,Vyper_contract,0.3.3+commit.48e326f0,Vyper,1,match,False,1,victim_trace,,21304987,,2026-08-24T10:10:28.678988+00:00
1:0x99b5fa03a5ea4315725c43346e55a6a6fbd94098,mainnet,1,0x99b5fa03a5ea4315725c43346e55a6a6fbd94098,source_found,sourcify-v2,200,contracts/AxelarGateway-mainnet-0x99b5fa03a5ea4315725c43346e55a6a6fbd94098,AxelarGateway,0.8.9+commit.e5eed63a,Solidity,62,exact_match,False,1,victim_trace,,21460992,,2026-08-24T10:10:29.935282+00:00
1:0x99fb0babba2c437153d25aff79dc80b905a27a5a,mainnet,1,0x99fb0babba2c437153d25aff79dc80b905a27a5a,source_found,sourcify-v2,200,contracts/PolygonBridgeFacet-mainnet-0x99fb0babba2c437153d25aff79dc80b905a27a5a,PolygonBridgeFacet,0.8.29+commit.ab55807c,Solidity,14,exact_match,False,4,proxy_implementation,PolygonBridgeFacet,,,2026-08-24T10:17:35.948843+00:00
1:0x99fe8557a8f322525262720c52b7d57c56924012,mainnet,1,0x99fe8557a8f322525262720c52b7d57c56924012,source_found,sourcify-v2,200,contracts/Getters-mainnet-0x99fe8557a8f322525262720c52b7d57c56924012,Getters,0.8.22+commit.4fc1097e,Solidity,26,exact_match,False,1,proxy_implementation,Getters,,,2026-08-24T10:17:36.674131+00:00
1:0x9a02ae403d6ae970748b889bb4e36fd89ae7e5eb,mainnet,1,0x9a02ae403d6ae970748b889bb4e36fd89ae7e5eb,source_found,sourcify-v2,200,contracts/Swapper-mainnet-0x9a02ae403d6ae970748b889bb4e36fd89ae7e5eb,Swapper,0.8.9+commit.e5eed63a,Solidity,14,exact_match,False,1,victim_trace,,21304987,,2026-08-24T10:10:29.984859+00:00
1:0x9a27cb5ae0b2cee0bb71f9a85c0d60f3920757b4,mainnet,1,0x9a27cb5ae0b2cee0bb71f9a85c0d60f3920757b4,source_found,sourcify-v2,200,contracts/EtherVistaFactory-mainnet-0x9a27cb5ae0b2cee0bb71f9a85c0d60f3920757b4,EtherVistaFactory,0.5.16+commit.9c3226ce,Solidity,2,match,False,1,shared_attack_victim_trace;victim_trace,,21304654,,2026-08-24T10:10:29.210158+00:00
1:0x9a32af1a11d9c937aea61a3790c2983257ea8bc0,mainnet,1,0x9a32af1a11d9c937aea61a3790c2983257ea8bc0,source_found,sourcify-v2,200,contracts/Vyper_contract-mainnet-0x9a32af1a11d9c937aea61a3790c2983257ea8bc0,Vyper_contract,0.3.7+commit.6020b8bb,Vyper,1,match,False,1,victim_trace,,21504557,,2026-08-24T10:10:29.481472+00:00
1:0x9a47f3289794e9bbc6a3c571f6d96ad4e7baed16,mainnet,1,0x9a47f3289794e9bbc6a3c571f6d96ad4e7baed16,not_in_sourcify,sourcify-v2,404,,,,,0,,,1,victim_trace,,21475088,,2026-08-24T10:10:28.814570+00:00
1:0x9a772018fbd77fcd2d25657e5c547baff3fd7d16,mainnet,1,0x9a772018fbd77fcd2d25657e5c547baff3fd7d16,source_found,sourcify-v2,200,contracts/UniswapV3Pool-mainnet-0x9a772018fbd77fcd2d25657e5c547baff3fd7d16,UniswapV3Pool,0.7.6+commit.7338295f,Solidity,96,match,False,8,shared_attack_victim_trace;trading_pair;victim_trace,,21300863;21301621;21313675;21333683;21335212;21337846;21401763;21499181,,2026-08-24T10:10:32.022064+00:00
1:0x9a82bb477c30d92dab74875027e14d1de3510ef9,mainnet,1,0x9a82bb477c30d92dab74875027e14d1de3510ef9,source_found,sourcify-v2,200,contracts/GnosisBridgeFacet-mainnet-0x9a82bb477c30d92dab74875027e14d1de3510ef9,GnosisBridgeFacet,0.8.29+commit.ab55807c,Solidity,14,exact_match,False,4,proxy_implementation,GnosisBridgeFacet,,,2026-08-24T10:17:36.155572+00:00
1:0x9ad204436656b71ce217297768812bb1d4ffd356,mainnet,1,0x9ad204436656b71ce217297768812bb1d4ffd356,source_found,sourcify-v2,200,contracts/DOLPHY-mainnet-0x9ad204436656b71ce217297768812bb1d4ffd356,DOLPHY,0.8.23+commit.f704f362,Solidity,1,match,False,1,shared_attack_victim_trace;victim_trace,,21471722,,2026-08-24T10:10:30.248934+00:00
1:0x9ae452e5bd703f0fe1afc79776137b38024d4f2e,mainnet,1,0x9ae452e5bd703f0fe1afc79776137b38024d4f2e,not_in_sourcify,sourcify-v2,404,,,,,0,,,1,victim_trace,,21363436,,2026-08-24T10:10:30.518670+00:00
1:0x9af1b56acb3f0af84be68ce1a5284acc0615fadd,mainnet,1,0x9af1b56acb3f0af84be68ce1a5284acc0615fadd,source_found,sourcify-v2,200,contracts/Okx-mainnet-0x9af1b56acb3f0af84be68ce1a5284acc0615fadd,Okx,0.7.6+commit.7338295f,Solidity,11,match,False,2,victim_trace,,21467447;21500255,,2026-08-24T10:10:30.466966+00:00
1:0x9afd2948f573dd8684347924ebce1847d50621ed,mainnet,1,0x9afd2948f573dd8684347924ebce1847d50621ed,source_found,sourcify-v2,200,contracts/BKRegistry-mainnet-0x9afd2948f573dd8684347924ebce1847d50621ed,BKRegistry,0.8.17+commit.8df45f5f,Solidity,11,exact_match,False,1,victim_trace,,21308869,,2026-08-24T10:10:31.102780+00:00
1:0x9b99cca871be05119b2012fd4474731dd653febe,mainnet,1,0x9b99cca871be05119b2012fd4474731dd653febe,source_found,sourcify-v2,200,contracts/AdminUpgradeabilityProductProxy-mainnet-0x9b99cca871be05119b2012fd4474731dd653febe,__AdminUpgradeabilityProductProxy__,0.6.12+commit.27d51765,Solidity,1,match,True,1,shared_attack_victim_trace;victim_trace,,21307539,,2026-08-24T10:10:31.405163+00:00
1:0x9ba021b0a9b958b5e75ce9f6dff97c7ee52cb3e6,mainnet,1,0x9ba021b0a9b958b5e75ce9f6dff97c7ee52cb3e6,source_found,sourcify-v2,200,contracts/AutoPxEth-mainnet-0x9ba021b0a9b958b5e75ce9f6dff97c7ee52cb3e6,AutoPxEth,0.8.19+commit.7dd6d404,Solidity,11,match,False,1,victim_trace,,21447928,,2026-08-24T10:10:32.502507+00:00
1:0x9ba0b9c177846e6e447a5293c0f687e18df9da08,mainnet,1,0x9ba0b9c177846e6e447a5293c0f687e18df9da08,source_found,sourcify-v2,200,contracts/OpenOceanExchange-mainnet-0x9ba0b9c177846e6e447a5293c0f687e18df9da08,OpenOceanExchange,0.8.9+commit.e5eed63a,Solidity,1,match,False,5,victim_trace,,21401763;21424564;21434016;21473060;21475088,,2026-08-24T10:10:32.710425+00:00
1:0x9bafa0a091d29da4ce4b574f98d064bd26522aea,mainnet,1,0x9bafa0a091d29da4ce4b574f98d064bd26522aea,source_found,sourcify-v2,200,contracts/Comet-mainnet-0x9bafa0a091d29da4ce4b574f98d064bd26522aea,Comet,0.8.15+commit.e14f2714,Solidity,8,exact_match,False,1,victim_trace,,21307275,,2026-08-24T10:10:33.605558+00:00
1:0x9bc5a2d6e732006b8a993546a9b73ee77d9ec4a3,mainnet,1,0x9bc5a2d6e732006b8a993546a9b73ee77d9ec4a3,source_found,sourcify-v2,200,contracts/blackhole-mainnet-0x9bc5a2d6e732006b8a993546a9b73ee77d9ec4a3,blackhole,0.8.26+commit.8a97fa7a,Solidity,1,match,False,3,proxy_implementation,blackhole,,,2026-08-24T10:17:36.362078+00:00
1:0x9be264469ef954c139da4a45cf76cbcc5e3a6a73,mainnet,1,0x9be264469ef954c139da4a45cf76cbcc5e3a6a73,source_found,sourcify-v2,200,contracts/Adapter01-mainnet-0x9be264469ef954c139da4a45cf76cbcc5e3a6a73,Adapter01,0.7.5+commit.eb77ed08,Solidity,35,match,False,2,victim_trace,,21381403;21413153,,2026-08-24T10:10:33.686073+00:00
1:0x9c39809dec7f95f5e0713634a4d0701329b3b4d2,mainnet,1,0x9c39809dec7f95f5e0713634a4d0701329b3b4d2,source_found,sourcify-v2,200,contracts/InitializableImmutableAdminUpgradeabilityProxy-mainnet-0x9c39809dec7f95f5e0713634a4d0701329b3b4d2,InitializableImmutableAdminUpgradeabilityProxy,0.6.12+commit.27d51765,Solidity,6,exact_match,True,1,victim_trace,,21357447,,2026-08-24T10:10:32.964987+00:00
1:0x9c86b72d0d8f83d130ecc4048f6844118b878438,mainnet,1,0x9c86b72d0d8f83d130ecc4048f6844118b878438,not_in_sourcify,sourcify-v2,404,,,,,0,,,1,victim_trace,,21501847,,2026-08-24T10:10:31.884731+00:00
1:0x9cb562083d29e027f21fac4d8b66573dea972153,mainnet,1,0x9cb562083d29e027f21fac4d8b66573dea972153,not_in_sourcify,sourcify-v2,404,,,,,0,,,1,victim_trace,,21447928,,2026-08-24T10:10:32.161856+00:00
1:0x9cd1ce284a7c10cbd8857ce01976105ed5947a4f,mainnet,1,0x9cd1ce284a7c10cbd8857ce01976105ed5947a4f,not_in_sourcify,sourcify-v2,404,,,,,0,,,1,victim_trace,,21442409,,2026-08-24T10:10:33.627636+00:00
1:0x9cf7e7d9f02caedce2286199c0c20dd92580433d,mainnet,1,0x9cf7e7d9f02caedce2286199c0c20dd92580433d,source_found,sourcify-v2,200,contracts/FlashBorrowerSolver-mainnet-0x9cf7e7d9f02caedce2286199c0c20dd92580433d,FlashBorrowerSolver,0.8.17+commit.8df45f5f,Solidity,21,exact_match,False,1,victim_top_level;victim_trace,,21447928,,2026-08-24T10:10:34.994995+00:00
1:0x9d39a5de30e57443bff2a8307a4256c8797a3497,mainnet,1,0x9d39a5de30e57443bff2a8307a4256c8797a3497,source_found,sourcify-v2,200,contracts/StakedUSDeV2-mainnet-0x9d39a5de30e57443bff2a8307a4256c8797a3497,StakedUSDeV2,0.8.19+commit.7dd6d404,Solidity,33,exact_match,False,1,victim_trace,,21510296,,2026-08-24T10:10:36.718699+00:00
1:0x9d4e4b26a5e2e6dad30c5d95f5ce78a8310f04c2,mainnet,1,0x9d4e4b26a5e2e6dad30c5d95f5ce78a8310f04c2,source_found,sourcify-v2,200,contracts/AaveV3Withdraw-mainnet-0x9d4e4b26a5e2e6dad30c5d95f5ce78a8310f04c2,AaveV3Withdraw,0.8.10+commit.fc410830,Solidity,1,match,False,2,victim_trace,,21337846;21494726,,2026-08-24T10:10:35.040303+00:00
1:0x9db9e0e53058c89e5b94e29621a205198648425b,mainnet,1,0x9db9e0e53058c89e5b94e29621a205198648425b,source_found,sourcify-v2,200,contracts/UniswapV3Pool-mainnet-0x9db9e0e53058c89e5b94e29621a205198648425b,UniswapV3Pool,0.7.6+commit.7338295f,Solidity,96,match,False,2,victim_trace,,21373643;21432830,,2026-08-24T10:10:37.839944+00:00
1:0x9e0fc414e8d5c45b0890c32ab9329ac90b3ab534,mainnet,1,0x9e0fc414e8d5c45b0890c32ab9329ac90b3ab534,source_found,sourcify-v2,200,contracts/UniswapV3Pool-mainnet-0x9e0fc414e8d5c45b0890c32ab9329ac90b3ab534,UniswapV3Pool,0.7.6+commit.7338295f,Solidity,96,match,False,1,victim_trace,,21381654,,2026-08-24T10:10:38.188142+00:00
1:0x9e109bd99d7de623f59df82cefdcebc1038b4662,mainnet,1,0x9e109bd99d7de623f59df82cefdcebc1038b4662,not_in_sourcify,sourcify-v2,404,,,,,0,,,1,victim_trace,,21501847,,2026-08-24T10:10:35.117140+00:00
1:0x9e274bbdd72b18fd7cfec9f4f16f6060d128351b,mainnet,1,0x9e274bbdd72b18fd7cfec9f4f16f6060d128351b,source_found,sourcify-v2,200,contracts/StarknetPoolingManager-mainnet-0x9e274bbdd72b18fd7cfec9f4f16f6060d128351b,StarknetPoolingManager,0.8.20+commit.a1b79de6,Solidity,23,match,False,1,victim_trace,,21325864,,2026-08-24T10:10:36.923450+00:00
1:0x9e59ea5333cd4f402dac320a04fafa023fe3810d,mainnet,1,0x9e59ea5333cd4f402dac320a04fafa023fe3810d,source_found,sourcify-v2,200,contracts/RelayHub-mainnet-0x9e59ea5333cd4f402dac320a04fafa023fe3810d,RelayHub,0.7.6+commit.7338295f,Solidity,14,exact_match,False,1,victim_top_level;victim_trace,,21332614,,2026-08-24T10:10:36.935224+00:00
1:0x9e7ae8bdba9aa346739792d219a808884996db67,mainnet,1,0x9e7ae8bdba9aa346739792d219a808884996db67,source_found,sourcify-v2,200,contracts/GPv2AllowListAuthentication-mainnet-0x9e7ae8bdba9aa346739792d219a808884996db67,GPv2AllowListAuthentication,0.7.6+commit.7338295f,Solidity,5,exact_match,False,1,victim_trace,,21376810,,2026-08-24T10:10:37.077132+00:00
1:0x9ec6f08190dea04a54f8afc53db96134e5e3fdfb,mainnet,1,0x9ec6f08190dea04a54f8afc53db96134e5e3fdfb,source_found,sourcify-v2,200,contracts/DefaultReserveInterestRateStrategyV2-mainnet-0x9ec6f08190dea04a54f8afc53db96134e5e3fdfb,DefaultReserveInterestRateStrategyV2,0.8.20+commit.a1b79de6,Solidity,9,match,False,10,victim_trace,,21300107;21300863;21333683;21337846;21357582;21373643;21410530;21414148;21442669;21494726,,2026-08-24T10:10:36.655838+00:00
1:0x9ec9620e1fda9c1e57c46782bc3232903cacb59b,mainnet,1,0x9ec9620e1fda9c1e57c46782bc3232903cacb59b,source_found,sourcify-v2,200,contracts/UniswapV2Pair-mainnet-0x9ec9620e1fda9c1e57c46782bc3232903cacb59b,UniswapV2Pair,0.5.16+commit.9c3226ce,Solidity,1,match,False,2,shared_attack_victim_trace;trading_pair;victim_trace,,21308869;21342331,,2026-08-24T10:10:36.845500+00:00
1:0x9ecdfacca946614cc32af63f3dbe50959244f3af,mainnet,1,0x9ecdfacca946614cc32af63f3dbe50959244f3af,source_found,sourcify-v2,200,contracts/PriceCapAdapterStable-mainnet-0x9ecdfacca946614cc32af63f3dbe50959244f3af,PriceCapAdapterStable,0.8.21+commit.d9974bed,Solidity,25,exact_match,False,1,victim_trace,,21357582,,2026-08-24T10:10:37.988252+00:00
1:0x9f185d15d1c14982ffb5e21e1073faa1373987d1,mainnet,1,0x9f185d15d1c14982ffb5e21e1073faa1373987d1,source_found,sourcify-v2,200,contracts/AIPAD-mainnet-0x9f185d15d1c14982ffb5e21e1073faa1373987d1,AIPAD,0.6.12+commit.27d51765,Solidity,1,match,False,1,shared_attack_victim_trace;victim_trace,,21377018,,2026-08-24T10:10:38.593488+00:00
1:0x9f2493d59def0fba23e6afcbdc82c6f844ba31b5,mainnet,1,0x9f2493d59def0fba23e6afcbdc82c6f844ba31b5,not_in_sourcify,sourcify-v2,404,,,,,0,,,1,victim_trace,,21325864,,2026-08-24T10:10:37.819719+00:00
1:0x9f2817536cfd48bf59243d9d8802a5670f5be05d,mainnet,1,0x9f2817536cfd48bf59243d9d8802a5670f5be05d,source_found,sourcify-v2,200,contracts/CLSynchronicityPriceAdapterBaseToPeg-mainnet-0x9f2817536cfd48bf59243d9d8802a5670f5be05d,CLSynchronicityPriceAdapterBaseToPeg,0.8.21+commit.d9974bed,Solidity,3,exact_match,False,1,victim_trace,,21357447,,2026-08-24T10:10:38.410297+00:00
1:0x9f37832fd555bfcce14d6a4555e5d0880e5ecd8e,mainnet,1,0x9f37832fd555bfcce14d6a4555e5d0880e5ecd8e,source_found,sourcify-v2,200,contracts/UniswapV3Pool-mainnet-0x9f37832fd555bfcce14d6a4555e5d0880e5ecd8e,UniswapV3Pool,0.7.6+commit.7338295f,Solidity,96,match,False,1,shared_attack_victim_trace;trading_pair;victim_trace,,21308869,,2026-08-24T10:10:40.550893+00:00
1:0x9f50f4122b3d66397859c146e3489b4c0f66e17d,mainnet,1,0x9f50f4122b3d66397859c146e3489b4c0f66e17d,source_found,sourcify-v2,200,contracts/TransferFacet-mainnet-0x9f50f4122b3d66397859c146e3489b4c0f66e17d,TransferFacet,0.8.17+commit.8df45f5f,Solidity,23,exact_match,False,1,proxy_implementation,TransferFacet,,,2026-08-24T10:17:38.125565+00:00
1:0x9f8f72aa9304c8b593d555f12ef6589cc3a579a2,mainnet,1,0x9f8f72aa9304c8b593d555f12ef6589cc3a579a2,source_found,sourcify-v2,200,contracts/DSToken-mainnet-0x9f8f72aa9304c8b593d555f12ef6589cc3a579a2,DSToken,0.4.18+commit.9cf6e910,Solidity,1,match,False,1,victim_trace,,21313675,,2026-08-24T10:10:39.087404+00:00
1:0x9fb4a77dae553aea1e5ab1cfaca0ff1adddff483,mainnet,1,0x9fb4a77dae553aea1e5ab1cfaca0ff1adddff483,source_found,sourcify-v2,200,contracts/CurveNGConvexDestinationVault-mainnet-0x9fb4a77dae553aea1e5ab1cfaca0ff1adddff483,CurveNGConvexDestinationVault,0.8.17+commit.8df45f5f,Solidity,78,match,False,1,victim_trace,,21504557,,2026-08-24T10:10:41.896096+00:00
1:0x9fcf8f5bd54db123470c96620441ca5c342a8bd4,mainnet,1,0x9fcf8f5bd54db123470c96620441ca5c342a8bd4,source_found,sourcify-v2,200,contracts/SmardexPair-mainnet-0x9fcf8f5bd54db123470c96620441ca5c342a8bd4,SmardexPair,0.8.17+commit.8df45f5f,Solidity,19,match,False,1,victim_trace,,21429278,,2026-08-24T10:10:40.704087+00:00
1:0x9ff58067bd8d239000010c154c6983a325df138e,mainnet,1,0x9ff58067bd8d239000010c154c6983a325df138e,source_found,sourcify-v2,200,contracts/PlatformToken-mainnet-0x9ff58067bd8d239000010c154c6983a325df138e,PlatformToken,0.8.19+commit.7dd6d404,Solidity,19,exact_match,False,1,victim_trace,,21300863,,2026-08-24T10:10:40.237304+00:00
1:0x9ff58f4ffb29fa2266ab25e75e2a8b3503311656,mainnet,1,0x9ff58f4ffb29fa2266ab25e75e2a8b3503311656,source_found,sourcify-v2,200,contracts/InitializableImmutableAdminUpgradeabilityProxy-mainnet-0x9ff58f4ffb29fa2266ab25e75e2a8b3503311656,InitializableImmutableAdminUpgradeabilityProxy,0.6.12+commit.27d51765,Solidity,6,exact_match,True,1,victim_trace,,21357447,,2026-08-24T10:10:39.943176+00:00
1:0xa0353221443ca4e2e6a040f30a57b47f5a6d479d,mainnet,1,0xa0353221443ca4e2e6a040f30a57b47f5a6d479d,source_found,sourcify-v2,200,contracts/SymbiosisFacet-mainnet-0xa0353221443ca4e2e6a040f30a57b47f5a6d479d,SymbiosisFacet,0.8.29+commit.ab55807c,Solidity,17,exact_match,False,4,proxy_implementation,SymbiosisFacet,,,2026-08-24T10:17:39.037605+00:00
1:0xa09735efbcff6e76e6efff82a9ad996a85cd0725,mainnet,1,0xa09735efbcff6e76e6efff82a9ad996a85cd0725,source_found,sourcify-v2,200,contracts/Redeemer-mainnet-0xa09735efbcff6e76e6efff82a9ad996a85cd0725,Redeemer,0.8.22+commit.4fc1097e,Solidity,31,exact_match,False,1,proxy_implementation,Redeemer,,,2026-08-24T10:17:40.226295+00:00
1:0xa0b86991c6218b36c1d19d4a2e9eb0ce3606eb48,mainnet,1,0xa0b86991c6218b36c1d19d4a2e9eb0ce3606eb48,source_found,sourcify-v2,200,contracts/FiatTokenProxy-mainnet-0xa0b86991c6218b36c1d19d4a2e9eb0ce3606eb48,FiatTokenProxy,0.4.24+commit.e67f0147,Solidity,1,match,True,67,shared_attack_victim_trace;victim_trace,,21300107;21300863;21301621;21304654;21304987;21307275;21307539;21309126;21311832;21313468;21313675;21320028;21323348;21325864;21332614;21333683;21335212;21337846;21348336;21355730;21362910;21363251;21371100;21373643;21376810;21377018;21381403;21381665;21392828;21396987;21401763;21410530;21413153;21414148;21415780;21415913;21421410;21424564;21428934;21433713;21439930;21442409;21449019;21454032;21454349;21460192;21460992;21462778;21464031;21467447;21471722;21475088;21475529;21481165;21485274;21490278;21493359;21494726;21495693;21495915;21499181;21500255;21501469;21502174;21502376;21508635;21842016,,2026-08-24T10:10:40.241526+00:00
1:0xa0ef786bf476fe0810408caba05e536ac800ff86,mainnet,1,0xa0ef786bf476fe0810408caba05e536ac800ff86,source_found,sourcify-v2,200,contracts/MyriaToken-mainnet-0xa0ef786bf476fe0810408caba05e536ac800ff86,MyriaToken,0.8.12+commit.f00d7308,Solidity,6,exact_match,False,3,shared_attack_victim_trace;victim_trace,,21302398;21380283;21510296,,2026-08-24T10:10:40.573680+00:00
1:0xa1444ac5b8ac4f20f748558fe4e848087f528e00,mainnet,1,0xa1444ac5b8ac4f20f748558fe4e848087f528e00,source_found,sourcify-v2,200,contracts/UniswapV2Pair-mainnet-0xa1444ac5b8ac4f20f748558fe4e848087f528e00,UniswapV2Pair,0.5.16+commit.9c3226ce,Solidity,1,match,False,1,shared_attack_victim_trace;trading_pair;victim_trace,,21311832,,2026-08-24T10:10:40.981968+00:00
1:0xa1686ee049a745211d64ef2b305495d9425e7bd3,mainnet,1,0xa1686ee049a745211d64ef2b305495d9425e7bd3,source_found,sourcify-v2,200,contracts/VersionFacet-mainnet-0xa1686ee049a745211d64ef2b305495d9425e7bd3,VersionFacet,0.8.22+commit.4fc1097e,Solidity,2,match,False,19,proxy_implementation,VersionFacet,,,2026-08-24T10:17:39.088181+00:00
1:0xa16b7560b2ffe514fbafa42345d6cc01005d6af9,mainnet,1,0xa16b7560b2ffe514fbafa42345d6cc01005d6af9,not_in_sourcify,sourcify-v2,404,,,,,0,,,1,victim_trace,,21355730,,2026-08-24T10:10:40.601891+00:00
1:0xa188eec8f81263234da3622a406892f3d630f98c,mainnet,1,0xa188eec8f81263234da3622a406892f3d630f98c,source_found,sourcify-v2,200,contracts/UsdsPsmWrapper-mainnet-0xa188eec8f81263234da3622a406892f3d630f98c,UsdsPsmWrapper,0.8.21+commit.d9974bed,Solidity,1,exact_match,False,1,victim_trace,,21494726,,2026-08-24T10:10:41.136755+00:00
1:0xa1952f7f47c04ea85ad6f306cb12c3d5f122c360,mainnet,1,0xa1952f7f47c04ea85ad6f306cb12c3d5f122c360,not_in_sourcify,sourcify-v2,404,,,,,0,,,1,victim_trace,,21300107,,2026-08-24T10:10:41.192506+00:00
1:0xa1bea5fe917450041748dbbbe7e9ac57a4bbebab,mainnet,1,0xa1bea5fe917450041748dbbbe7e9ac57a4bbebab,source_found,sourcify-v2,200,contracts/ERC20Router-mainnet-0xa1bea5fe917450041748dbbbe7e9ac57a4bbebab,ERC20Router,0.8.25+commit.b61c2a91,Solidity,16,exact_match,False,2,victim_top_level;victim_trace,,21420609;21500255,,2026-08-24T10:10:42.381303+00:00
1:0xa1db2fc9b2ceaf3cdf41fd11ffcb38404eae3906,mainnet,1,0xa1db2fc9b2ceaf3cdf41fd11ffcb38404eae3906,source_found,sourcify-v2,200,contracts/UniswapV2Pair-mainnet-0xa1db2fc9b2ceaf3cdf41fd11ffcb38404eae3906,UniswapV2Pair,0.5.16+commit.9c3226ce,Solidity,1,match,False,2,shared_attack_victim_trace;trading_pair;victim_trace,,21304654;21442409,,2026-08-24T10:10:43.357794+00:00
1:0xa20d724c81ddde4a65f682a766881970245b31af,mainnet,1,0xa20d724c81ddde4a65f682a766881970245b31af,source_found,sourcify-v2,200,contracts/GardenFacet-mainnet-0xa20d724c81ddde4a65f682a766881970245b31af,GardenFacet,0.8.29+commit.ab55807c,Solidity,15,exact_match,False,4,proxy_implementation,GardenFacet,,,2026-08-24T10:17:40.714478+00:00
1:0xa21af1050f7b26e0cff45ee51548254c41ed6b5c,mainnet,1,0xa21af1050f7b26e0cff45ee51548254c41ed6b5c,source_found,sourcify-v2,200,contracts/TokenMintERC20Token-mainnet-0xa21af1050f7b26e0cff45ee51548254c41ed6b5c,TokenMintERC20Token,0.5.0+commit.1d4f565a,Solidity,1,match,False,1,victim_trace,,21361459,,2026-08-24T10:10:42.387148+00:00
1:0xa250cc729bb3323e7933022a67b52200fe354767,mainnet,1,0xa250cc729bb3323e7933022a67b52200fe354767,source_found,sourcify-v2,200,contracts/FewWrappedToken-mainnet-0xa250cc729bb3323e7933022a67b52200fe354767,FewWrappedToken,0.6.6+commit.6c089d02,Solidity,9,exact_match,False,1,victim_trace,,21460192,,2026-08-24T10:10:42.839467+00:00
1:0xa26e15c895efc0616177b7c1e7270a4c7d51c997,mainnet,1,0xa26e15c895efc0616177b7c1e7270a4c7d51c997,source_found,sourcify-v2,200,contracts/DSProxyFactory-mainnet-0xa26e15c895efc0616177b7c1e7270a4c7d51c997,DSProxyFactory,0.4.23+commit.124ca40d,Solidity,1,match,False,4,victim_trace,,21322552;21337846;21352108;21494726,,2026-08-24T10:10:42.651318+00:00
1:0xa29fe6ef9592b5d408cca961d0fb9b1faf497d6d,mainnet,1,0xa29fe6ef9592b5d408cca961d0fb9b1faf497d6d,source_found,sourcify-v2,200,contracts/UniswapV2Pair-mainnet-0xa29fe6ef9592b5d408cca961d0fb9b1faf497d6d,UniswapV2Pair,0.5.16+commit.9c3226ce,Solidity,1,match,False,1,victim_trace,,21332257,,2026-08-24T10:10:44.383786+00:00
1:0xa2b0067002df61df015c11b2cf0be4f34fc41cf8,mainnet,1,0xa2b0067002df61df015c11b2cf0be4f34fc41cf8,source_found,sourcify-v2,200,contracts/EthereumPriceFeedWeethethWithoutRoundsV1-mainnet-0xa2b0067002df61df015c11b2cf0be4f34fc41cf8,EthereumPriceFeedWeethethWithoutRoundsV1,0.8.17+commit.8df45f5f,Solidity,12,exact_match,False,2,proxy_implementation,EthereumPriceFeedWeethethWithoutRoundsV1,,,2026-08-24T10:17:41.094136+00:00
1:0xa2c39d2a6b51e572b9611a061da69090ea53b2c6,mainnet,1,0xa2c39d2a6b51e572b9611a061da69090ea53b2c6,source_found,sourcify-v2,200,contracts/FluidWalletFactory-mainnet-0xa2c39d2a6b51e572b9611a061da69090ea53b2c6,FluidWalletFactory,0.8.21+commit.d9974bed,Solidity,18,exact_match,False,1,victim_trace,,21335212,,2026-08-24T10:10:44.000986+00:00
1:0xa2cd3d43c775978a96bdbf12d733d5a1ed94fb18,mainnet,1,0xa2cd3d43c775978a96bdbf12d733d5a1ed94fb18,source_found,sourcify-v2,200,contracts/Chain-mainnet-0xa2cd3d43c775978a96bdbf12d733d5a1ed94fb18,Chain,0.5.16+commit.9c3226ce,Solidity,1,match,False,1,shared_attack_victim_trace;victim_trace,,21501847,,2026-08-24T10:10:44.777295+00:00
1:0xa2f1f3a93921299f071a002b77a5f3175492bc6a,mainnet,1,0xa2f1f3a93921299f071a002b77a5f3175492bc6a,source_found,sourcify-v2,200,contracts/EthereumBridgeAdapter-mainnet-0xa2f1f3a93921299f071a002b77a5f3175492bc6a,EthereumBridgeAdapter,0.6.12+commit.27d51765,Solidity,35,exact_match,False,11,victim_trace,,21302398;21313675;21320028;21333683;21337846;21338761;21357447;21380283;21452745;21495915;21515974,,2026-08-24T10:10:45.638013+00:00
1:0xa2fde9de6e6ebfe068d3ec0b515669817a9c3808,mainnet,1,0xa2fde9de6e6ebfe068d3ec0b515669817a9c3808,source_found,sourcify-v2,200,contracts/ZeroExProxy-mainnet-0xa2fde9de6e6ebfe068d3ec0b515669817a9c3808,ZeroExProxy,0.6.12+commit.27d51765,Solidity,12,exact_match,False,6,victim_top_level;victim_trace,,21302398;21320028;21333683;21338761;21357447;21452745,,2026-08-24T10:10:44.036001+00:00
1:0xa301ea1e3cab036abe8fa70e5526a51cb41799b6,mainnet,1,0xa301ea1e3cab036abe8fa70e5526a51cb41799b6,source_found,sourcify-v2,200,contracts/DefaultCollateral-mainnet-0xa301ea1e3cab036abe8fa70e5526a51cb41799b6,DefaultCollateral,0.8.25+commit.b61c2a91,Solidity,18,exact_match,False,1,victim_trace,,21508635,,2026-08-24T10:10:45.092915+00:00
1:0xa35923162c49cf95e6bf26623385eb431ad920d3,mainnet,1,0xa35923162c49cf95e6bf26623385eb431ad920d3,source_found,sourcify-v2,200,contracts/Turbo-mainnet-0xa35923162c49cf95e6bf26623385eb431ad920d3,Turbo,0.8.18+commit.87f61d96,Solidity,1,match,False,1,victim_trace,,21475088,,2026-08-24T10:10:44.798953+00:00
1:0xa35cab7e3a18d17ad08dbaf031ab6602dd336879,mainnet,1,0xa35cab7e3a18d17ad08dbaf031ab6602dd336879,not_in_sourcify,sourcify-v2,404,,,,,0,,,1,victim_trace,,21361252,,2026-08-24T10:10:45.259989+00:00
1:0xa3628eb6a30e8fdab5ee21fb24080e0f0179e64b,mainnet,1,0xa3628eb6a30e8fdab5ee21fb24080e0f0179e64b,not_in_sourcify,sourcify-v2,404,,,,,0,,,1,victim_trace,,21481165,,2026-08-24T10:10:45.565028+00:00
1:0xa37331ed1fe0394ef4ac11a19b084661f693c547,mainnet,1,0xa37331ed1fe0394ef4ac11a19b084661f693c547,source_found,sourcify-v2,200,contracts/UniswapV3Pool-mainnet-0xa37331ed1fe0394ef4ac11a19b084661f693c547,UniswapV3Pool,0.7.6+commit.7338295f,Solidity,96,match,False,1,shared_attack_victim_trace;trading_pair;victim_trace,,21379211,,2026-08-24T10:10:46.662070+00:00
1:0xa386067eb5f7dc9b731fe1130745b0fb00c615c3,mainnet,1,0xa386067eb5f7dc9b731fe1130745b0fb00c615c3,source_found,sourcify-v2,200,contracts/PointsHook-mainnet-0xa386067eb5f7dc9b731fe1130745b0fb00c615c3,PointsHook,0.8.17+commit.8df45f5f,Solidity,59,match,False,1,victim_trace,,21504557,,2026-08-24T10:10:47.540603+00:00
1:0xa3ad1aaf0306179f0e6e1ac7566fc60cd24d4289,mainnet,1,0xa3ad1aaf0306179f0e6e1ac7566fc60cd24d4289,source_found,sourcify-v2,200,contracts/UniswapV2Pair-mainnet-0xa3ad1aaf0306179f0e6e1ac7566fc60cd24d4289,UniswapV2Pair,0.5.16+commit.9c3226ce,Solidity,1,match,False,1,shared_attack_victim_trace;trading_pair;victim_trace,,21333683,,2026-08-24T10:10:46.106746+00:00
1:0xa3e57d464bf5a469c1669fabab49164221005c4b,mainnet,1,0xa3e57d464bf5a469c1669fabab49164221005c4b,source_found,blockscout-v2-fallback,200,contracts/Swapper-mainnet-0xa3e57d464bf5a469c1669fabab49164221005c4b,Swapper,v0.8.24+commit.e11b9ed9,solidity,14,blockscout_verified,False,1,proxy_implementation,,,,2026-08-24T10:17:40.969187+00:00
1:0xa3ee21c306a700e682abcdfe9baa6a08f3820419,mainnet,1,0xa3ee21c306a700e682abcdfe9baa6a08f3820419,source_found,sourcify-v2,200,contracts/GluwaCreditcoinVestingToken-mainnet-0xa3ee21c306a700e682abcdfe9baa6a08f3820419,GluwaCreditcoinVestingToken,0.5.1+commit.c8a2cb62,Solidity,1,match,False,1,shared_attack_victim_trace;victim_trace,,21434016,,2026-08-24T10:10:46.439769+00:00
1:0xa3f558aebaecaf0e11ca4b2199cc5ed341edfd74,mainnet,1,0xa3f558aebaecaf0e11ca4b2199cc5ed341edfd74,source_found,sourcify-v2,200,contracts/UniswapV3Pool-mainnet-0xa3f558aebaecaf0e11ca4b2199cc5ed341edfd74,UniswapV3Pool,0.7.6+commit.7338295f,Solidity,96,match,False,2,victim_trace,,21313675;21322741,,2026-08-24T10:10:48.502891+00:00
1:0xa42184927cf5cf8400416790a55123527d153a1a,mainnet,1,0xa42184927cf5cf8400416790a55123527d153a1a,source_found,sourcify-v2,200,contracts/FluidWalletImplementation-mainnet-0xa42184927cf5cf8400416790a55123527d153a1a,FluidWalletImplementation,0.8.21+commit.d9974bed,Solidity,15,exact_match,False,1,victim_trace,,21335212,,2026-08-24T10:10:47.118120+00:00
1:0xa43fe16908251ee70ef74718545e4fe6c5ccec9f,mainnet,1,0xa43fe16908251ee70ef74718545e4fe6c5ccec9f,source_found,sourcify-v2,200,contracts/UniswapV2Pair-mainnet-0xa43fe16908251ee70ef74718545e4fe6c5ccec9f,UniswapV2Pair,0.5.16+commit.9c3226ce,Solidity,1,match,False,1,victim_trace,,21413153,,2026-08-24T10:10:47.167051+00:00
1:0xa478c2975ab1ea89e8196811f51a7b7ade33eb11,mainnet,1,0xa478c2975ab1ea89e8196811f51a7b7ade33eb11,source_found,sourcify-v2,200,contracts/UniswapV2Pair-mainnet-0xa478c2975ab1ea89e8196811f51a7b7ade33eb11,UniswapV2Pair,0.5.16+commit.9c3226ce,Solidity,1,match,False,1,victim_trace,,21410530,,2026-08-24T10:10:47.408046+00:00
1:0xa4b93d80ceeaf2960927bb719092a1529979ac93,mainnet,1,0xa4b93d80ceeaf2960927bb719092a1529979ac93,source_found,sourcify-v2,200,contracts/GnosisSafeProxy-mainnet-0xa4b93d80ceeaf2960927bb719092a1529979ac93,GnosisSafeProxy,0.7.6+commit.7338295f,Solidity,1,match,True,1,victim_top_level;victim_trace,,21464031,,2026-08-24T10:10:47.178883+00:00
1:0xa50ba011c48153de246e5192c8f9258a2ba79ca9,mainnet,1,0xa50ba011c48153de246e5192c8f9258a2ba79ca9,source_found,sourcify-v2,200,contracts/AaveOracle-mainnet-0xa50ba011c48153de246e5192c8f9258a2ba79ca9,AaveOracle,0.6.12+commit.27d51765,Solidity,1,match,False,2,victim_trace,,21357447;21439930,,2026-08-24T10:10:47.548641+00:00
1:0xa5588f7cdf560811710a2d82d3c9c99769db1dcb,mainnet,1,0xa5588f7cdf560811710a2d82d3c9c99769db1dcb,source_found,sourcify-v2,200,contracts/CurveStableSwapNG-mainnet-0xa5588f7cdf560811710a2d82d3c9c99769db1dcb,CurveStableSwapNG,0.3.10+commit.91361694,Vyper,1,match,False,1,victim_trace,,21304987,,2026-08-24T10:10:48.396576+00:00
1:0xa57b8d98dae62b26ec3bcc4a365338157060b234,mainnet,1,0xa57b8d98dae62b26ec3bcc4a365338157060b234,source_found,sourcify-v2,200,contracts/Booster-mainnet-0xa57b8d98dae62b26ec3bcc4a365338157060b234,Booster,0.6.12+commit.27d51765,Solidity,34,exact_match,False,1,victim_trace,,21447928,,2026-08-24T10:10:49.837146+00:00
1:0xa5cde4fb1132daf8f4a0d3140859271208d944e9,mainnet,1,0xa5cde4fb1132daf8f4a0d3140859271208d944e9,source_found,sourcify-v2,200,contracts/FiatCollateral-mainnet-0xa5cde4fb1132daf8f4a0d3140859271208d944e9,FiatCollateral,0.8.19+commit.7dd6d404,Solidity,32,exact_match,False,1,victim_trace,,21471722,,2026-08-24T10:10:48.694845+00:00
1:0xa5d1ee5c5380af8454d76bb5fd40d0b3c612762d,mainnet,1,0xa5d1ee5c5380af8454d76bb5fd40d0b3c612762d,source_found,sourcify-v2,200,contracts/UniswapV2Pair-mainnet-0xa5d1ee5c5380af8454d76bb5fd40d0b3c612762d,UniswapV2Pair,0.5.16+commit.9c3226ce,Solidity,1,match,False,1,shared_attack_victim_trace;trading_pair;victim_trace,,21313675,,2026-08-24T10:10:49.088259+00:00
1:0xa5e3a55cea42b86560a5215094981c300899199d,mainnet,1,0xa5e3a55cea42b86560a5215094981c300899199d,source_found,sourcify-v2,200,contracts/AccessControlledOCR2Aggregator-mainnet-0xa5e3a55cea42b86560a5215094981c300899199d,AccessControlledOCR2Aggregator,0.8.19+commit.7dd6d404,Solidity,18,exact_match,False,6,victim_trace,,21300863;21333683;21357447;21357582;21373643;21414148,,2026-08-24T10:10:49.982108+00:00
1:0xa5f2211b9b8170f694421f2046281775e8468044,mainnet,1,0xa5f2211b9b8170f694421f2046281775e8468044,source_found,sourcify-v2,200,contracts/ThorToken-mainnet-0xa5f2211b9b8170f694421f2046281775e8468044,ThorToken,0.8.6+commit.11564f7e,Solidity,13,match,False,1,victim_trace,,21420182,,2026-08-24T10:10:49.720662+00:00
1:0xa61a6e696b7c566da42b80da27d96e7104bcec99,mainnet,1,0xa61a6e696b7c566da42b80da27d96e7104bcec99,source_found,sourcify-v2,200,contracts/ERC1967Proxy-mainnet-0xa61a6e696b7c566da42b80da27d96e7104bcec99,ERC1967Proxy,0.8.20+commit.a1b79de6,Solidity,13,exact_match,True,1,victim_trace,,21515974,,2026-08-24T10:10:49.632619+00:00
1:0xa639d9c66dfa096d5a5a8bf0bbb482a0c295193c,mainnet,1,0xa639d9c66dfa096d5a5a8bf0bbb482a0c295193c,not_in_sourcify,sourcify-v2,404,,,,,0,,,1,victim_trace,,21447928,,2026-08-24T10:10:49.271646+00:00
1:0xa68bea62dc4034a689aa0f58a76681433caca663,mainnet,1,0xa68bea62dc4034a689aa0f58a76681433caca663,source_found,sourcify-v2,200,contracts/AugustusRegistry-mainnet-0xa68bea62dc4034a689aa0f58a76681433caca663,AugustusRegistry,0.7.5+commit.eb77ed08,Solidity,1,exact_match,False,10,victim_trace,,21300107;21300863;21333683;21357447;21357582;21373643;21414148;21439930;21442669;21454349,,2026-08-24T10:10:49.838325+00:00
1:0xa6a21fce6220f9c4c4e4f5e5e2653bfe73470c76,mainnet,1,0xa6a21fce6220f9c4c4e4f5e5e2653bfe73470c76,source_found,sourcify-v2,200,contracts/UniswapV2Pair-mainnet-0xa6a21fce6220f9c4c4e4f5e5e2653bfe73470c76,UniswapV2Pair,0.5.16+commit.9c3226ce,Solidity,1,match,False,4,shared_attack_victim_trace;trading_pair;victim_trace,,21355730;21357582;21361252;21452745,,2026-08-24T10:10:50.443922+00:00
1:0xa6a2e09cc2a7a316c03335f8de92f85c4fca689e,mainnet,1,0xa6a2e09cc2a7a316c03335f8de92f85c4fca689e,source_found,sourcify-v2,200,contracts/OfficialSameChainSwap-mainnet-0xa6a2e09cc2a7a316c03335f8de92f85c4fca689e,OfficialSameChainSwap,0.8.20+commit.a1b79de6,Solidity,17,exact_match,False,1,victim_top_level;victim_trace,,21309126,,2026-08-24T10:10:52.060352+00:00
1:0xa6ca0607190d03cf16fe6f2865cf40c3d160ccf3,mainnet,1,0xa6ca0607190d03cf16fe6f2865cf40c3d160ccf3,source_found,sourcify-v2,200,contracts/WeETH-mainnet-0xa6ca0607190d03cf16fe6f2865cf40c3d160ccf3,WeETH,0.8.27+commit.40a35a09,Solidity,37,match,False,3,proxy_implementation,WeETH,,,2026-08-24T10:17:44.466665+00:00
1:0xa704fbbe2f7ea8ef45a8280f6bf96939ebc73252,mainnet,1,0xa704fbbe2f7ea8ef45a8280f6bf96939ebc73252,source_found,sourcify-v2,200,contracts/McdWithdraw-mainnet-0xa704fbbe2f7ea8ef45a8280f6bf96939ebc73252,McdWithdraw,0.8.10+commit.fc410830,Solidity,1,match,False,1,victim_trace,,21352108,,2026-08-24T10:10:51.151443+00:00
1:0xa70d458a4d9bc0e6571565faee18a48da5c0d593,mainnet,1,0xa70d458a4d9bc0e6571565faee18a48da5c0d593,source_found,sourcify-v2,200,contracts/JamUniswapV2Pair-mainnet-0xa70d458a4d9bc0e6571565faee18a48da5c0d593,JamUniswapV2Pair,0.5.16+commit.9c3226ce,Solidity,1,match,False,1,victim_trace,,21313675,,2026-08-24T10:10:51.225956+00:00
1:0xa741b0877589ae76c1fefa5142489e1ed7ebfa22,mainnet,1,0xa741b0877589ae76c1fefa5142489e1ed7ebfa22,source_found,sourcify-v2,200,contracts/UniswapV2Pair-mainnet-0xa741b0877589ae76c1fefa5142489e1ed7ebfa22,UniswapV2Pair,0.5.16+commit.9c3226ce,Solidity,1,match,False,1,shared_attack_victim_trace;trading_pair;victim_trace,,21501847,,2026-08-24T10:10:51.481808+00:00
1:0xa7600c4fbddb57e44018bee74a5f6b636cb68352,mainnet,1,0xa7600c4fbddb57e44018bee74a5f6b636cb68352,source_found,sourcify-v2,200,contracts/UniswapV3Pool-mainnet-0xa7600c4fbddb57e44018bee74a5f6b636cb68352,UniswapV3Pool,0.7.6+commit.7338295f,Solidity,96,match,False,1,victim_trace,,21442409,,2026-08-24T10:10:55.518103+00:00
1:0xa79882a5bcd455c6e582dad43f3f3f2c9c8264eb,mainnet,1,0xa79882a5bcd455c6e582dad43f3f3f2c9c8264eb,source_found,sourcify-v2,200,contracts/NineInchRouter-mainnet-0xa79882a5bcd455c6e582dad43f3f3f2c9c8264eb,NineInchRouter,0.8.19+commit.7dd6d404,Solidity,10,exact_match,False,1,victim_top_level;victim_trace,,21403029,,2026-08-24T10:10:52.296810+00:00
1:0xa7ca2c8673bcfa5a26d8ceec2887f2cc2b0db22a,mainnet,1,0xa7ca2c8673bcfa5a26d8ceec2887f2cc2b0db22a,not_in_sourcify,sourcify-v2,404,,,,,0,,,1,victim_trace,,21332257,,2026-08-24T10:10:51.550281+00:00
1:0xa81c617256de45c189d60cec3bbf5aea9a7c684a,mainnet,1,0xa81c617256de45c189d60cec3bbf5aea9a7c684a,not_in_sourcify,sourcify-v2,404,,,,,0,,,1,shared_attack_victim_trace;victim_trace,,21363436,,2026-08-24T10:10:53.014240+00:00
1:0xa87930c4e51ce635065c9f5356a8578e94d4a71e,mainnet,1,0xa87930c4e51ce635065c9f5356a8578e94d4a71e,source_found,sourcify-v2,200,contracts/EethLSTCalculator-mainnet-0xa87930c4e51ce635065c9f5356a8578e94d4a71e,EethLSTCalculator,0.8.17+commit.8df45f5f,Solidity,65,exact_match,False,2,victim_trace,,21447928;21504557,,2026-08-24T10:10:54.127270+00:00
1:0xa8a8be862ba6301e5949abde93b1d892c14ffb1f,mainnet,1,0xa8a8be862ba6301e5949abde93b1d892c14ffb1f,source_found,sourcify-v2,200,contracts/LiquidityPool-mainnet-0xa8a8be862ba6301e5949abde93b1d892c14ffb1f,LiquidityPool,0.8.24+commit.e11b9ed9,Solidity,44,exact_match,False,4,shared_attack_victim_trace;victim_trace,,21325864;21447928;21500255;21504557,,2026-08-24T10:10:57.466332+00:00
1:0xa986f2a12d85c44429f574ba50c0e21052b18ba1,mainnet,1,0xa986f2a12d85c44429f574ba50c0e21052b18ba1,source_found,sourcify-v2,200,contracts/UniswapV2Pair-mainnet-0xa986f2a12d85c44429f574ba50c0e21052b18ba1,UniswapV2Pair,0.5.16+commit.9c3226ce,Solidity,1,match,False,2,shared_attack_victim_trace;trading_pair;victim_trace,,21307275;21322741,,2026-08-24T10:10:54.500476+00:00
1:0xa99a587e484e4e1a741b30939bd9b9a8bc058c2b,mainnet,1,0xa99a587e484e4e1a741b30939bd9b9a8bc058c2b,source_found,sourcify-v2,200,contracts/GnosisSafeProxy-mainnet-0xa99a587e484e4e1a741b30939bd9b9a8bc058c2b,GnosisSafeProxy,0.7.6+commit.7338295f,Solidity,1,match,True,1,victim_top_level;victim_trace,,21494726,,2026-08-24T10:10:53.228616+00:00
1:0xa9e8acf069c58aec8825542845fd754e41a9489a,mainnet,1,0xa9e8acf069c58aec8825542845fd754e41a9489a,source_found,sourcify-v2,200,contracts/pepeCoin-mainnet-0xa9e8acf069c58aec8825542845fd754e41a9489a,pepeCoin,0.8.18+commit.87f61d96,Solidity,1,match,False,1,shared_attack_victim_trace;victim_trace,,21373643,,2026-08-24T10:10:53.840816+00:00
1:0xaa573a9bf7560870a925ea1704c061546486df81,mainnet,1,0xaa573a9bf7560870a925ea1704c061546486df81,source_found,sourcify-v2,200,contracts/EethOracle-mainnet-0xaa573a9bf7560870a925ea1704c061546486df81,EethOracle,0.8.17+commit.8df45f5f,Solidity,60,exact_match,False,2,victim_trace,,21447928;21504557,,2026-08-24T10:10:54.590732+00:00
1:0xaa5a3d7f04e15b22eb3664b56310aa18a3527ec7,mainnet,1,0xaa5a3d7f04e15b22eb3664b56310aa18a3527ec7,source_found,sourcify-v2,200,contracts/ExchangeSettlementLib-mainnet-0xaa5a3d7f04e15b22eb3664b56310aa18a3527ec7,ExchangeSettlementLib,0.5.16+commit.9c3226ce,Solidity,1,exact_match,False,1,shared_attack_victim_trace;victim_trace,,21464031,,2026-08-24T10:10:54.308573+00:00
1:0xaa707c3a9a1c5656af5a8d73e198c90ea930155a,mainnet,1,0xaa707c3a9a1c5656af5a8d73e198c90ea930155a,source_found,sourcify-v2,200,contracts/VaultProxy-mainnet-0xaa707c3a9a1c5656af5a8d73e198c90ea930155a,VaultProxy,0.6.12+commit.27d51765,Solidity,138,exact_match,True,1,victim_trace,,21493359,,2026-08-24T10:10:55.847132+00:00
1:0xaa95f26e30001251fb905d264aa7b00ee9df6c18,mainnet,1,0xaa95f26e30001251fb905d264aa7b00ee9df6c18,source_found,sourcify-v2,200,contracts/Kendu-mainnet-0xaa95f26e30001251fb905d264aa7b00ee9df6c18,Kendu,0.8.13+commit.abaa5c0e,Solidity,1,match,False,1,shared_attack_victim_trace;victim_trace,,21308869,,2026-08-24T10:17:44.350960+00:00
1:0xaaa1c95ac191ccbc6b81e56b16f3128d01100282,mainnet,1,0xaaa1c95ac191ccbc6b81e56b16f3128d01100282,not_in_sourcify,sourcify-v2,404,,,,,0,,,3,victim_trace,,21302296;21302391;21302398,,2026-08-24T10:17:43.000423+00:00
1:0xaaee1a9723aadb7afa2810263653a34ba2c21c7a,mainnet,1,0xaaee1a9723aadb7afa2810263653a34ba2c21c7a,source_found,sourcify-v2,200,contracts/MOG-mainnet-0xaaee1a9723aadb7afa2810263653a34ba2c21c7a,MOG,0.8.18+commit.87f61d96,Solidity,1,match,False,1,victim_trace,,21361252,,2026-08-24T10:17:45.518410+00:00
1:0xab322bfaa8363e8c40356c479bfe9808fb7a31a2,mainnet,1,0xab322bfaa8363e8c40356c479bfe9808fb7a31a2,source_found,sourcify-v2,200,contracts/UniswapV2Pair-mainnet-0xab322bfaa8363e8c40356c479bfe9808fb7a31a2,UniswapV2Pair,0.5.16+commit.9c3226ce,Solidity,1,match,False,1,shared_attack_victim_trace;trading_pair;victim_trace,,21454032,,2026-08-24T10:17:45.126230+00:00
1:0xabab3b0db38f2303acbcab672905e41a18e396d8,mainnet,1,0xabab3b0db38f2303acbcab672905e41a18e396d8,source_found,sourcify-v2,200,contracts/APEMAN-mainnet-0xabab3b0db38f2303acbcab672905e41a18e396d8,APEMAN,0.8.20+commit.a1b79de6,Solidity,1,match,False,1,shared_attack_victim_trace;victim_trace,,21508635,,2026-08-24T10:17:45.683405+00:00
1:0xabaf76590478f2fe0b396996f55f0b61101e9502,mainnet,1,0xabaf76590478f2fe0b396996f55f0b61101e9502,source_found,sourcify-v2,200,contracts/CurveStableSwapNG-mainnet-0xabaf76590478f2fe0b396996f55f0b61101e9502,CurveStableSwapNG,0.3.10+commit.91361694,Vyper,1,match,False,1,victim_trace,,21362910,,2026-08-24T10:17:46.622885+00:00
1:0xabb88d388ef22d431f4eec3ca1283e81e9e0c859,mainnet,1,0xabb88d388ef22d431f4eec3ca1283e81e9e0c859,source_found,sourcify-v2,200,contracts/DSProxy-mainnet-0xabb88d388ef22d431f4eec3ca1283e81e9e0c859,DSProxy,0.4.23+commit.124ca40d,Solidity,1,match,False,1,victim_top_level;victim_trace,,21313468,,2026-08-24T10:17:47.517985+00:00
1:0xabc99f366d2be1f4e5b8dfc0f561a751dd836246,mainnet,1,0xabc99f366d2be1f4e5b8dfc0f561a751dd836246,source_found,sourcify-v2,200,contracts/CappedFallbackRateSource-mainnet-0xabc99f366d2be1f4e5b8dfc0f561a751dd836246,CappedFallbackRateSource,0.8.20+commit.a1b79de6,Solidity,2,exact_match,False,1,victim_trace,,21322552,,2026-08-24T10:17:47.213944+00:00
1:0xabd4c63d2616a5201454168269031355f4764337,mainnet,1,0xabd4c63d2616a5201454168269031355f4764337,source_found,sourcify-v2,200,contracts/OrderToken-mainnet-0xabd4c63d2616a5201454168269031355f4764337,OrderToken,0.8.20+commit.a1b79de6,Solidity,6,match,False,1,victim_trace,,21349927,,2026-08-24T10:17:48.200986+00:00
1:0xabe104560d0b390309bcf20b73dca335457aa32e,mainnet,1,0xabe104560d0b390309bcf20b73dca335457aa32e,not_in_sourcify,sourcify-v2,404,,,,,0,,,1,victim_trace,,21447928,,2026-08-24T10:17:48.376376+00:00
1:0xac0047886a985071476a1186be89222659970d65,mainnet,1,0xac0047886a985071476a1186be89222659970d65,source_found,sourcify-v2,200,contracts/PendleWEEthSY-mainnet-0xac0047886a985071476a1186be89222659970d65,PendleWEEthSY,0.8.23+commit.f704f362,Solidity,35,exact_match,False,1,victim_trace,,21325864,,2026-08-24T10:17:50.841691+00:00
1:0xac1d3d7a8878e655cbb063d58e453540641f4117,mainnet,1,0xac1d3d7a8878e655cbb063d58e453540641f4117,source_found,sourcify-v2,200,contracts/AcidToad-mainnet-0xac1d3d7a8878e655cbb063d58e453540641f4117,AcidToad,0.8.19+commit.7dd6d404,Solidity,1,match,False,2,shared_attack_victim_trace;victim_trace,,21381403;21454713,,2026-08-24T10:17:50.793421+00:00
1:0xac4b3dacb91461209ae9d41ec517c2b9cb1b7daf,mainnet,1,0xac4b3dacb91461209ae9d41ec517c2b9cb1b7daf,source_found,sourcify-v2,200,contracts/UniswapV3Pool-mainnet-0xac4b3dacb91461209ae9d41ec517c2b9cb1b7daf,UniswapV3Pool,0.7.6+commit.7338295f,Solidity,96,match,False,1,shared_attack_victim_trace;trading_pair;victim_trace,,21420609,,2026-08-24T10:17:53.016068+00:00
1:0xac725cb59d16c81061bdea61041a8a5e73da9ec6,mainnet,1,0xac725cb59d16c81061bdea61041a8a5e73da9ec6,source_found,sourcify-v2,200,contracts/VariableDebtToken-mainnet-0xac725cb59d16c81061bdea61041a8a5e73da9ec6,VariableDebtToken,0.8.10+commit.fc410830,Solidity,22,exact_match,False,10,victim_trace,,21300107;21300863;21333683;21337846;21357582;21373643;21410530;21414148;21442669;21494726,,2026-08-24T10:17:53.600446+00:00
1:0xac82fa2d953ee5c61d87686ade620b0728f484e6,mainnet,1,0xac82fa2d953ee5c61d87686ade620b0728f484e6,source_found,sourcify-v2,200,contracts/ArbitrumBridgeFacet-mainnet-0xac82fa2d953ee5c61d87686ade620b0728f484e6,ArbitrumBridgeFacet,0.8.29+commit.ab55807c,Solidity,14,exact_match,False,4,proxy_implementation,ArbitrumBridgeFacet,,,2026-08-24T10:17:53.779105+00:00
1:0xad01c20d5886137e056775af56915de824c8fce5,mainnet,1,0xad01c20d5886137e056775af56915de824c8fce5,not_in_sourcify,sourcify-v2,404,,,,,0,,,7,victim_trace,,21332257;21360349;21381665;21420182;21475529;21495693;21496595,,2026-08-24T10:17:52.358925+00:00
1:0xad3f1634a917924cbb54a0f76e43ca035d2b6bcd,mainnet,1,0xad3f1634a917924cbb54a0f76e43ca035d2b6bcd,source_found,sourcify-v2,200,contracts/AcrossFacetV4-mainnet-0xad3f1634a917924cbb54a0f76e43ca035d2b6bcd,AcrossFacetV4,0.8.17+commit.8df45f5f,Solidity,17,exact_match,False,4,proxy_implementation,AcrossFacetV4,,,2026-08-24T10:17:54.353900+00:00
1:0xad6cea45f98444a922a2b4fe96b8c90f0862d2f4,mainnet,1,0xad6cea45f98444a922a2b4fe96b8c90f0862d2f4,source_found,sourcify-v2,200,contracts/SquidMulticall-mainnet-0xad6cea45f98444a922a2b4fe96b8c90f0862d2f4,SquidMulticall,0.8.23+commit.f704f362,Solidity,9,exact_match,False,1,victim_trace,,21460992,,2026-08-24T10:17:54.249374+00:00
1:0xadc0a53095a0af87f3aa29fe0715b5c28016364e,mainnet,1,0xadc0a53095a0af87f3aa29fe0715b5c28016364e,source_found,sourcify-v2,200,contracts/ParaSwapLiquiditySwapAdapter-mainnet-0xadc0a53095a0af87f3aa29fe0715b5c28016364e,ParaSwapLiquiditySwapAdapter,0.8.10+commit.fc410830,Solidity,22,exact_match,False,4,victim_top_level;victim_trace,,21300863;21357582;21373643;21414148,,2026-08-24T10:11:26.816562+00:00
1:0xadc45df3cf1584624c97338bef33363bf5b97ada,mainnet,1,0xadc45df3cf1584624c97338bef33363bf5b97ada,source_found,sourcify-v2,200,contracts/ATokenInstance-mainnet-0xadc45df3cf1584624c97338bef33363bf5b97ada,ATokenInstance,0.8.27+commit.40a35a09,Solidity,25,match,False,10,proxy_implementation,ATokenInstance,,,2026-08-24T10:17:55.584998+00:00
1:0xadd39272e83895e7d3f244f696b7a25635f34234,mainnet,1,0xadd39272e83895e7d3f244f696b7a25635f34234,source_found,sourcify-v2,200,contracts/Token-mainnet-0xadd39272e83895e7d3f244f696b7a25635f34234,Token,0.8.9+commit.e5eed63a,Solidity,1,exact_match,False,7,shared_attack_victim_trace;victim_trace,,21380283;21381665;21398236;21401763;21422808;21422852;21473060,,2026-08-24T10:11:22.714345+00:00
1:0xaddc3e67a500f7037cd622b11df291a6351bfb64,mainnet,1,0xaddc3e67a500f7037cd622b11df291a6351bfb64,source_found,sourcify-v2,200,contracts/XTokenUpgradeable-mainnet-0xaddc3e67a500f7037cd622b11df291a6351bfb64,XTokenUpgradeable,0.8.4+commit.c7e474f2,Solidity,1,match,False,1,victim_trace,,21320028,,2026-08-24T10:11:23.620286+00:00
1:0xade6cba6c45aa8e9d0337cac3d2619eabc39d901,mainnet,1,0xade6cba6c45aa8e9d0337cac3d2619eabc39d901,source_found,sourcify-v2,200,contracts/StETHtoETHSynchronicityPriceAdapter-mainnet-0xade6cba6c45aa8e9d0337cac3d2619eabc39d901,StETHtoETHSynchronicityPriceAdapter,0.8.19+commit.7dd6d404,Solidity,3,exact_match,False,1,victim_trace,,21439930,,2026-08-24T10:11:22.393774+00:00
1:0xadf5a8db090627b153ef0c5726ccfdc1c7aed7bd,mainnet,1,0xadf5a8db090627b153ef0c5726ccfdc1c7aed7bd,source_found,sourcify-v2,200,contracts/PolicyManager-mainnet-0xadf5a8db090627b153ef0c5726ccfdc1c7aed7bd,PolicyManager,0.6.12+commit.27d51765,Solidity,20,exact_match,False,4,victim_trace,,21313675;21332614;21381403;21493359,,2026-08-24T10:11:23.704523+00:00
1:0xae0ee0a63a2ce6baeeffe56e7714fb4efe48d419,mainnet,1,0xae0ee0a63a2ce6baeeffe56e7714fb4efe48d419,source_found,sourcify-v2,200,contracts/Proxy-mainnet-0xae0ee0a63a2ce6baeeffe56e7714fb4efe48d419,Proxy,0.6.12+commit.27d51765,Solidity,8,match,False,1,victim_trace,,21325864,,2026-08-24T10:11:24.659739+00:00
1:0xae26485acddefd486fe9ad7c2b34169d360737c7,mainnet,1,0xae26485acddefd486fe9ad7c2b34169d360737c7,source_found,sourcify-v2,200,contracts/SwapVerifier-mainnet-0xae26485acddefd486fe9ad7c2b34169d360737c7,SwapVerifier,0.8.24+commit.e11b9ed9,Solidity,3,exact_match,False,1,victim_trace,,21481165,,2026-08-24T10:11:22.748111+00:00
1:0xae4045ffeddf61d570e6d1fe2d71ded1a2e85a88,mainnet,1,0xae4045ffeddf61d570e6d1fe2d71ded1a2e85a88,source_found,sourcify-v2,200,contracts/UniswapV3Pool-mainnet-0xae4045ffeddf61d570e6d1fe2d71ded1a2e85a88,UniswapV3Pool,0.7.6+commit.7338295f,Solidity,96,match,False,1,shared_attack_victim_trace;trading_pair;victim_trace,,21342331,,2026-08-24T10:11:25.819997+00:00
1:0xae78736cd615f374d3085123a210448e74fc6393,mainnet,1,0xae78736cd615f374d3085123a210448e74fc6393,source_found,sourcify-v2,200,contracts/RocketTokenRETH-mainnet-0xae78736cd615f374d3085123a210448e74fc6393,RocketTokenRETH,0.7.6+commit.7338295f,Solidity,11,match,False,3,shared_attack_victim_trace;victim_trace,,21332614;21357582;21447928,,2026-08-24T10:11:25.003336+00:00
1:0xae7ab96520de3a18e5e111b5eaab095312d7fe84,mainnet,1,0xae7ab96520de3a18e5e111b5eaab095312d7fe84,source_found,sourcify-v2,200,contracts/AppProxyUpgradeable-mainnet-0xae7ab96520de3a18e5e111b5eaab095312d7fe84,AppProxyUpgradeable,0.4.24+commit.e67f0147,Solidity,1,match,False,8,victim_trace,,21300107;21357582;21363588;21410530;21414148;21439930;21454349;21493359,,2026-08-24T10:11:23.660349+00:00
1:0xaea0065e146fd75dc24465961a583827284d405a,mainnet,1,0xaea0065e146fd75dc24465961a583827284d405a,source_found,sourcify-v2,200,contracts/ExchangerWithFeeRecAlternatives-mainnet-0xaea0065e146fd75dc24465961a583827284d405a,ExchangerWithFeeRecAlternatives,0.5.16+commit.9c3226ce,Solidity,1,exact_match,False,1,shared_attack_victim_trace;victim_trace,,21464031,,2026-08-24T10:11:25.132510+00:00
1:0xaeb897e1dc6bbdced3b9d551c71a8cf172f27ac4,mainnet,1,0xaeb897e1dc6bbdced3b9d551c71a8cf172f27ac4,source_found,sourcify-v2,200,contracts/PriceCapAdapterStable-mainnet-0xaeb897e1dc6bbdced3b9d551c71a8cf172f27ac4,PriceCapAdapterStable,0.8.21+commit.d9974bed,Solidity,25,exact_match,False,5,victim_trace,,21357582;21373643;21439930;21442669;21494726,,2026-08-24T10:11:25.187429+00:00
1:0xaed0c38402a5d19df6e4c03f4e2dced6e29c1ee9,mainnet,1,0xaed0c38402a5d19df6e4c03f4e2dced6e29c1ee9,source_found,sourcify-v2,200,contracts/EACAggregatorProxy-mainnet-0xaed0c38402a5d19df6e4c03f4e2dced6e29c1ee9,EACAggregatorProxy,0.6.6+commit.6c089d02,Solidity,1,match,False,7,victim_trace,,21333683;21357582;21373643;21439930;21442669;21471722;21494726,,2026-08-24T10:11:26.184211+00:00
1:0xaed535d737e80597452d1f04d1b64b4f2ab8a92b,mainnet,1,0xaed535d737e80597452d1f04d1b64b4f2ab8a92b,source_found,sourcify-v2,200,contracts/CurveV1StableEthOracle-mainnet-0xaed535d737e80597452d1f04d1b64b4f2ab8a92b,CurveV1StableEthOracle,0.8.17+commit.8df45f5f,Solidity,61,exact_match,False,1,victim_trace,,21504557,,2026-08-24T10:11:26.363093+00:00
1:0xaf108ae0ad8700ac41346acb620e828c03bb8848,mainnet,1,0xaf108ae0ad8700ac41346acb620e828c03bb8848,source_found,sourcify-v2,200,contracts/Vault-mainnet-0xaf108ae0ad8700ac41346acb620e828c03bb8848,Vault,0.8.25+commit.b61c2a91,Solidity,32,exact_match,False,1,victim_trace,,21508635,,2026-08-24T10:11:29.333178+00:00
1:0xaf52695e1bb01a16d33d7194c28c42b10e0dbec2,mainnet,1,0xaf52695e1bb01a16d33d7194c28c42b10e0dbec2,source_found,sourcify-v2,200,contracts/VoterProxy-mainnet-0xaf52695e1bb01a16d33d7194c28c42b10e0dbec2,VoterProxy,0.6.12+commit.27d51765,Solidity,1,match,False,1,victim_trace,,21447928,,2026-08-24T10:11:26.787727+00:00
1:0xaf5c88245cd02ff3df332ef1e1ffd5bc5d1d87cd,mainnet,1,0xaf5c88245cd02ff3df332ef1e1ffd5bc5d1d87cd,source_found,sourcify-v2,200,contracts/ParaSwapDebtSwapAdapterV2-mainnet-0xaf5c88245cd02ff3df332ef1e1ffd5bc5d1d87cd,ParaSwapDebtSwapAdapterV2,0.8.10+commit.fc410830,Solidity,30,exact_match,False,1,victim_top_level;victim_trace,,21439930,,2026-08-24T10:11:27.423221+00:00
1:0xaf780de01dc9c6ff4c29c6556b4666e852951584,mainnet,1,0xaf780de01dc9c6ff4c29c6556b4666e852951584,source_found,sourcify-v2,200,contracts/TwapRelayer-mainnet-0xaf780de01dc9c6ff4c29c6556b4666e852951584,TwapRelayer,0.7.6+commit.7338295f,Solidity,27,match,False,1,victim_trace,,21301621,,2026-08-24T10:11:28.708156+00:00
1:0xafd3d38fecebcdda6d934979d4ac7f17330a96ca,mainnet,1,0xafd3d38fecebcdda6d934979d4ac7f17330a96ca,source_found,sourcify-v2,200,contracts/MultiRewards-mainnet-0xafd3d38fecebcdda6d934979d4ac7f17330a96ca,MultiRewards,0.8.10+commit.fc410830,Solidity,1,match,False,1,victim_trace,,21304987,,2026-08-24T10:11:27.456012+00:00
1:0xb00300c01c00a230b0dc106140047040a20b0c00,mainnet,1,0xb00300c01c00a230b0dc106140047040a20b0c00,source_found,sourcify-v2,200,contracts/ProPartnerFacet-mainnet-0xb00300c01c00a230b0dc106140047040a20b0c00,ProPartnerFacet,0.8.22+commit.4fc1097e,Solidity,13,match,False,19,proxy_implementation,ProPartnerFacet,,,2026-08-24T10:17:57.058408+00:00
1:0xb003df4b243f938132e8cadbeb237abc5a889fb4,mainnet,1,0xb003df4b243f938132e8cadbeb237abc5a889fb4,source_found,sourcify-v2,200,contracts/UniswapV3Pool-mainnet-0xb003df4b243f938132e8cadbeb237abc5a889fb4,UniswapV3Pool,0.7.6+commit.7338295f,Solidity,96,match,False,1,victim_trace,,21501469,,2026-08-24T10:11:30.332515+00:00
1:0xb02045ad2ca16e8f4675088140e369260bb280c8,mainnet,1,0xb02045ad2ca16e8f4675088140e369260bb280c8,source_found,sourcify-v2,200,contracts/UniswapV3Pool-mainnet-0xb02045ad2ca16e8f4675088140e369260bb280c8,UniswapV3Pool,0.7.6+commit.7338295f,Solidity,96,match,False,1,victim_trace,,21342275,,2026-08-24T10:11:29.910668+00:00
1:0xb02f39e382c90160eb816de5e0e428ac771d77b5,mainnet,1,0xb02f39e382c90160eb816de5e0e428ac771d77b5,not_in_sourcify,sourcify-v2,404,,,,,0,,,2,victim_trace,,21311832;21322741,,2026-08-24T10:11:27.488982+00:00
1:0xb03922e93c386b045b2a7f7e6732ef4f3b93f993,mainnet,1,0xb03922e93c386b045b2a7f7e6732ef4f3b93f993,source_found,sourcify-v2,200,contracts/InstaFlashPaybackV2-mainnet-0xb03922e93c386b045b2a7f7e6732ef4f3b93f993,InstaFlashPaybackV2,0.8.17+commit.8df45f5f,Solidity,9,match,False,1,victim_trace,,21335212,,2026-08-24T10:11:28.046996+00:00
1:0xb079d6be3faf5771e354586dbc47d0a3d37c34fb,mainnet,1,0xb079d6be3faf5771e354586dbc47d0a3d37c34fb,source_found,sourcify-v2,200,contracts/UniswapV2Pair-mainnet-0xb079d6be3faf5771e354586dbc47d0a3d37c34fb,UniswapV2Pair,0.5.16+commit.9c3226ce,Solidity,1,match,False,1,shared_attack_victim_trace;trading_pair;victim_trace,,21361459,,2026-08-24T10:11:28.863094+00:00
1:0xb0961cbc78b97e75f69b7310c749a661918f706a,mainnet,1,0xb0961cbc78b97e75f69b7310c749a661918f706a,source_found,sourcify-v2,200,contracts/DestinationVaultMainRewarder-mainnet-0xb0961cbc78b97e75f69b7310c749a661918f706a,DestinationVaultMainRewarder,0.8.17+commit.8df45f5f,Solidity,60,exact_match,False,1,victim_trace,,21504557,,2026-08-24T10:11:30.572179+00:00
1:0xb0ac2b5a73da0e67a8e5489ba922b3f8d582e058,mainnet,1,0xb0ac2b5a73da0e67a8e5489ba922b3f8d582e058,source_found,sourcify-v2,200,contracts/ShiroToken-mainnet-0xb0ac2b5a73da0e67a8e5489ba922b3f8d582e058,ShiroToken,0.8.28+commit.7893614a,Solidity,13,exact_match,False,6,shared_attack_victim_trace;victim_trace,,21317106;21317119;21317122;21317124;21317129;21403029,,2026-08-24T10:11:29.557501+00:00
1:0xb0d502e938ed5f4df2e681fe6e419ff29631d62b,mainnet,1,0xb0d502e938ed5f4df2e681fe6e419ff29631d62b,source_found,sourcify-v2,200,contracts/LPStaking-mainnet-0xb0d502e938ed5f4df2e681fe6e419ff29631d62b,LPStaking,0.7.6+commit.7338295f,Solidity,14,exact_match,False,1,victim_trace,,21338761,,2026-08-24T10:11:29.668280+00:00
1:0xb0d548ef82b2de6690f99567e6a34c8ad0f888c8,mainnet,1,0xb0d548ef82b2de6690f99567e6a34c8ad0f888c8,not_in_sourcify,sourcify-v2,404,,,,,0,,,1,victim_trace,,21325864,,2026-08-24T10:11:30.258832+00:00
1:0xb0f4a77bde7fee134265307c5cc19abff0ba409b,mainnet,1,0xb0f4a77bde7fee134265307c5cc19abff0ba409b,source_found,sourcify-v2,200,contracts/UniswapV3Pool-mainnet-0xb0f4a77bde7fee134265307c5cc19abff0ba409b,UniswapV3Pool,0.7.6+commit.7338295f,Solidity,96,match,False,1,shared_attack_victim_trace;trading_pair;victim_trace,,21462778,,2026-08-24T10:11:32.028965+00:00
1:0xb0fd105dad6b9b07f36d5f8496712a36114279ad,mainnet,1,0xb0fd105dad6b9b07f36d5f8496712a36114279ad,source_found,sourcify-v2,200,contracts/AccessControlledOCR2Aggregator-mainnet-0xb0fd105dad6b9b07f36d5f8496712a36114279ad,AccessControlledOCR2Aggregator,0.8.19+commit.7dd6d404,Solidity,18,exact_match,False,1,victim_trace,,21357447,,2026-08-24T10:11:30.917113+00:00
1:0xb10302fc8bd7653d03e0add6083262d4b67bb247,mainnet,1,0xb10302fc8bd7653d03e0add6083262d4b67bb247,source_found,sourcify-v2,200,contracts/UniswapV2Pair-mainnet-0xb10302fc8bd7653d03e0add6083262d4b67bb247,UniswapV2Pair,0.5.16+commit.9c3226ce,Solidity,1,match,False,1,shared_attack_victim_trace;trading_pair;victim_trace,,21473060,,2026-08-24T10:11:31.001361+00:00
1:0xb112f9b950695c71a7e3dedd00472df07f4393bb,mainnet,1,0xb112f9b950695c71a7e3dedd00472df07f4393bb,source_found,sourcify-v2,200,contracts/UniswapV2Pair-mainnet-0xb112f9b950695c71a7e3dedd00472df07f4393bb,UniswapV2Pair,0.5.16+commit.9c3226ce,Solidity,1,match,False,1,shared_attack_victim_trace;trading_pair;victim_trace,,21401763,,2026-08-24T10:11:31.165629+00:00
1:0xb15da0515a1194203ad5b2d6a9ee0583fafc9334,mainnet,1,0xb15da0515a1194203ad5b2d6a9ee0583fafc9334,not_in_sourcify,sourcify-v2,404,,,,,0,,,1,victim_trace,,21502174,,2026-08-24T10:11:31.586758+00:00
1:0xb15ea9b9140e3f26e543ca302a447ce6e0f0f858,mainnet,1,0xb15ea9b9140e3f26e543ca302a447ce6e0f0f858,source_found,sourcify-v2,200,contracts/UniswapV3Pool-mainnet-0xb15ea9b9140e3f26e543ca302a447ce6e0f0f858,UniswapV3Pool,0.7.6+commit.7338295f,Solidity,96,match,False,1,shared_attack_victim_trace;trading_pair;victim_trace,,21381654,,2026-08-24T10:11:33.315855+00:00
1:0xb1bbeea2da2905e6b0a30203aef55c399c53d042,mainnet,1,0xb1bbeea2da2905e6b0a30203aef55c399c53d042,source_found,sourcify-v2,200,contracts/UniswapV2Pair-mainnet-0xb1bbeea2da2905e6b0a30203aef55c399c53d042,UniswapV2Pair,0.5.16+commit.9c3226ce,Solidity,1,match,False,1,shared_attack_victim_trace;trading_pair;victim_trace,,21396987,,2026-08-24T10:11:32.843302+00:00
1:0xb1df4293de4526602a49994e520b9171ea668356,mainnet,1,0xb1df4293de4526602a49994e520b9171ea668356,not_in_sourcify,sourcify-v2,404,,,,,0,,,1,proxy_implementation,,,,2026-08-24T10:17:55.689107+00:00
1:0xb1f05c103cdd519e9f9785cda23c03635a598be4,mainnet,1,0xb1f05c103cdd519e9f9785cda23c03635a598be4,not_in_sourcify,sourcify-v2,404,,,,,0,,,1,victim_trace,,21363251,,2026-08-24T10:11:31.487924+00:00
1:0xb22764f98dd05c789929716d677382df22c05cb6,mainnet,1,0xb22764f98dd05c789929716d677382df22c05cb6,source_found,sourcify-v2,200,contracts/TokenAdminRegistry-mainnet-0xb22764f98dd05c789929716d677382df22c05cb6,TokenAdminRegistry,0.8.24+commit.e11b9ed9,Solidity,22,match,False,1,victim_trace,,21502174,,2026-08-24T10:11:32.614365+00:00
1:0xb2617246d0c6c0087f18703d576831899ca94f01,mainnet,1,0xb2617246d0c6c0087f18703d576831899ca94f01,source_found,sourcify-v2,200,contracts/ZigCoin-mainnet-0xb2617246d0c6c0087f18703d576831899ca94f01,ZigCoin,0.7.6+commit.7338295f,Solidity,4,match,False,1,shared_attack_victim_trace;victim_trace,,21420609,,2026-08-24T10:11:32.352592+00:00
1:0xb27c52c7f84819e3157993489741cb60786ae330,mainnet,1,0xb27c52c7f84819e3157993489741cb60786ae330,source_found,sourcify-v2,200,contracts/VariableDebtTokenInstance-mainnet-0xb27c52c7f84819e3157993489741cb60786ae330,VariableDebtTokenInstance,0.8.27+commit.40a35a09,Solidity,26,match,False,10,proxy_implementation,VariableDebtTokenInstance,,,2026-08-24T10:17:57.706935+00:00
1:0xb28ca7e465c452ce4252598e0bc96aeba553cf82,mainnet,1,0xb28ca7e465c452ce4252598e0bc96aeba553cf82,not_in_sourcify,sourcify-v2,404,,,,,0,,,7,victim_trace,,21301621;21322741;21363436;21415913;21464031;21499181;21510296,,2026-08-24T10:11:33.106825+00:00
1:0xb28dd740d27853a91639795223ab409088a73e23,mainnet,1,0xb28dd740d27853a91639795223ab409088a73e23,source_found,sourcify-v2,200,contracts/WhitelistManagerFacet-mainnet-0xb28dd740d27853a91639795223ab409088a73e23,WhitelistManagerFacet,0.8.17+commit.8df45f5f,Solidity,14,exact_match,False,4,proxy_implementation,WhitelistManagerFacet,,,2026-08-24T10:17:58.229398+00:00
1:0xb2912397566dafc9cdee555a38e980661858a61a,mainnet,1,0xb2912397566dafc9cdee555a38e980661858a61a,source_found,sourcify-v2,200,contracts/DepositToken-mainnet-0xb2912397566dafc9cdee555a38e980661858a61a,DepositToken,0.6.12+commit.27d51765,Solidity,34,exact_match,False,1,victim_trace,,21447928,,2026-08-24T10:11:34.599779+00:00
1:0xb29dc1703facd2967bb8ade2e392385644c6dca9,mainnet,1,0xb29dc1703facd2967bb8ade2e392385644c6dca9,source_found,sourcify-v2,200,contracts/GagaPepe-mainnet-0xb29dc1703facd2967bb8ade2e392385644c6dca9,GagaPepe,0.8.9+commit.e5eed63a,Solidity,1,match,False,1,shared_attack_victim_trace;victim_trace,,21495693,,2026-08-24T10:11:33.686166+00:00
1:0xb2bc06a4efb20fc6553a69dbfa49b7be938034a7,mainnet,1,0xb2bc06a4efb20fc6553a69dbfa49b7be938034a7,source_found,sourcify-v2,200,contracts/WethTransformer-mainnet-0xb2bc06a4efb20fc6553a69dbfa49b7be938034a7,WethTransformer,0.6.12+commit.27d51765,Solidity,13,exact_match,False,7,victim_trace,,21302398;21320028;21333683;21338761;21357447;21452745;21515974,,2026-08-24T10:11:33.600665+00:00
1:0xb2c435f236ae7697341beb0d98eced5ab7d35052,mainnet,1,0xb2c435f236ae7697341beb0d98eced5ab7d35052,source_found,sourcify-v2,200,contracts/TransparentUpgradeableProxy-mainnet-0xb2c435f236ae7697341beb0d98eced5ab7d35052,TransparentUpgradeableProxy,0.8.9+commit.e5eed63a,Solidity,14,exact_match,True,1,victim_top_level;victim_trace,,21300107,,2026-08-24T10:11:34.004296+00:00
1:0xb2dc4d7627501338b578985c214208eb32283086,mainnet,1,0xb2dc4d7627501338b578985c214208eb32283086,source_found,sourcify-v2,200,contracts/PancakeV3Pool-mainnet-0xb2dc4d7627501338b578985c214208eb32283086,PancakeV3Pool,0.7.6+commit.7338295f,Solidity,46,match,False,1,victim_trace,,21349927,,2026-08-24T10:11:35.109457+00:00
1:0xb2ecc25c0b3af0039d4d9dddfcec19e958618963,mainnet,1,0xb2ecc25c0b3af0039d4d9dddfcec19e958618963,source_found,sourcify-v2,200,contracts/SwapRouter-mainnet-0xb2ecc25c0b3af0039d4d9dddfcec19e958618963,SwapRouter,0.7.6+commit.7338295f,Solidity,34,exact_match,False,1,victim_top_level;victim_trace,,21487605,,2026-08-24T10:11:34.474667+00:00
1:0xb2f38107a18f8599331677c14374fd3a952fb2c8,mainnet,1,0xb2f38107a18f8599331677c14374fd3a952fb2c8,source_found,sourcify-v2,200,contracts/Message-mainnet-0xb2f38107a18f8599331677c14374fd3a952fb2c8,Message,0.7.6+commit.7338295f,Solidity,1,match,False,1,victim_trace,,21502174,,2026-08-24T10:11:34.246498+00:00
1:0xb2f72662ed42067ccce278f8462a0215b6adcabb,mainnet,1,0xb2f72662ed42067ccce278f8462a0215b6adcabb,source_found,sourcify-v2,200,contracts/SwapExecutor-mainnet-0xb2f72662ed42067ccce278f8462a0215b6adcabb,SwapExecutor,0.8.15+commit.e14f2714,Solidity,36,exact_match,False,1,victim_trace,,21362910,,2026-08-24T10:11:35.598896+00:00
1:0xb300000b72deaeb607a12d5f54773d1c19c7028d,mainnet,1,0xb300000b72deaeb607a12d5f54773d1c19c7028d,source_found,sourcify-v2,200,contracts/Diamond-mainnet-0xb300000b72deaeb607a12d5f54773d1c19c7028d,Diamond,0.8.23+commit.f704f362,Solidity,6,exact_match,False,8,victim_top_level;victim_trace,,21309126;21317124;21363251;21381665;21429278;21432613;21433713;21447928,,2026-08-24T10:11:34.877169+00:00
1:0xb32381fefff45ee9f47fd2f2cf83c832637d6ef0,mainnet,1,0xb32381fefff45ee9f47fd2f2cf83c832637d6ef0,source_found,sourcify-v2,200,contracts/FlashLoanLogic-mainnet-0xb32381fefff45ee9f47fd2f2cf83c832637d6ef0,FlashLoanLogic,0.8.20+commit.a1b79de6,Solidity,37,match,False,4,victim_trace,,21300863;21333683;21414148;21454349,,2026-08-24T10:11:36.888430+00:00
1:0xb342d142d50b193427f570adb261a4a4734665c8,mainnet,1,0xb342d142d50b193427f570adb261a4a4734665c8,source_found,sourcify-v2,200,contracts/SavingDaiStrategy-mainnet-0xb342d142d50b193427f570adb261a4a4734665c8,SavingDaiStrategy,0.8.20+commit.a1b79de6,Solidity,16,exact_match,False,1,victim_trace,,21325864,,2026-08-24T10:11:36.123197+00:00
1:0xb36ec83d844c0579ec2493f10b2087e96bb65460,mainnet,1,0xb36ec83d844c0579ec2493f10b2087e96bb65460,source_found,sourcify-v2,200,contracts/UniswapV2Pair-mainnet-0xb36ec83d844c0579ec2493f10b2087e96bb65460,UniswapV2Pair,0.5.16+commit.9c3226ce,Solidity,1,match,False,1,shared_attack_victim_trace;trading_pair;victim_trace,,21420609,,2026-08-24T10:11:35.949187+00:00
1:0xb3805e5f44b97dab82bc00d63f7f8c5a56b96d8d,mainnet,1,0xb3805e5f44b97dab82bc00d63f7f8c5a56b96d8d,source_found,sourcify-v2,200,contracts/ZapperExecutor-mainnet-0xb3805e5f44b97dab82bc00d63f7f8c5a56b96d8d,ZapperExecutor,0.8.17+commit.8df45f5f,Solidity,14,exact_match,False,1,victim_trace,,21471722,,2026-08-24T10:11:36.346794+00:00
1:0xb395a148a97822f1f66fda85990be6872400fa4d,mainnet,1,0xb395a148a97822f1f66fda85990be6872400fa4d,not_in_sourcify,sourcify-v2,404,,,,,0,,,1,victim_trace,,21352108,,2026-08-24T10:11:36.593460+00:00
1:0xb425a037e8aad658c2861ea887858c1c791f46fe,mainnet,1,0xb425a037e8aad658c2861ea887858c1c791f46fe,not_in_sourcify,sourcify-v2,404,,,,,0,,,1,victim_trace,,21381665,,2026-08-24T10:11:35.998793+00:00
1:0xb44fe5fa7a8fcf508984be58ba807a22343b4493,mainnet,1,0xb44fe5fa7a8fcf508984be58ba807a22343b4493,source_found,sourcify-v2,200,contracts/StableDebtToken-mainnet-0xb44fe5fa7a8fcf508984be58ba807a22343b4493,StableDebtToken,0.6.12+commit.27d51765,Solidity,17,exact_match,False,1,victim_trace,,21439930,,2026-08-24T10:11:37.298504+00:00
1:0xb451a36c8b6b2eac77ad0737ba732818143a0e25,mainnet,1,0xb451a36c8b6b2eac77ad0737ba732818143a0e25,source_found,sourcify-v2,200,contracts/PendleMarketV3-mainnet-0xb451a36c8b6b2eac77ad0737ba732818143a0e25,PendleMarketV3,0.8.24+commit.e11b9ed9,Solidity,34,match,False,1,victim_trace,,21510296,,2026-08-24T10:11:37.976488+00:00
1:0xb469951558fc196efe3ff2fd94dd92022a67184d,mainnet,1,0xb469951558fc196efe3ff2fd94dd92022a67184d,source_found,sourcify-v2,200,contracts/Comet-mainnet-0xb469951558fc196efe3ff2fd94dd92022a67184d,Comet,0.8.15+commit.e14f2714,Solidity,8,exact_match,False,1,victim_trace,,21432613,,2026-08-24T10:11:37.637087+00:00
1:0xb4ab0c94159bc2d8c133946e7241368fc2f2a010,mainnet,1,0xb4ab0c94159bc2d8c133946e7241368fc2f2a010,source_found,sourcify-v2,200,contracts/WstETHPriceCapAdapter-mainnet-0xb4ab0c94159bc2d8c133946e7241368fc2f2a010,WstETHPriceCapAdapter,0.8.21+commit.d9974bed,Solidity,25,exact_match,False,5,victim_trace,,21300107;21357582;21410530;21414148;21454349,,2026-08-24T10:11:39.071790+00:00
1:0xb4ad4d9c02c01b01cf586c16f01c58c73c7f0188,mainnet,1,0xb4ad4d9c02c01b01cf586c16f01c58c73c7f0188,source_found,sourcify-v2,200,contracts/Vault-mainnet-0xb4ad4d9c02c01b01cf586c16f01c58c73c7f0188,Vault,0.8.24+commit.e11b9ed9,Solidity,36,exact_match,False,1,victim_trace,,21481165,,2026-08-24T10:11:40.149948+00:00
1:0xb4e16d0168e52d35cacd2c6185b44281ec28c9dc,mainnet,1,0xb4e16d0168e52d35cacd2c6185b44281ec28c9dc,source_found,sourcify-v2,200,contracts/UniswapV2Pair-mainnet-0xb4e16d0168e52d35cacd2c6185b44281ec28c9dc,UniswapV2Pair,0.5.16+commit.9c3226ce,Solidity,1,match,False,6,victim_trace,,21309126;21313675;21376810;21414148;21494726;21501469,,2026-08-24T10:11:38.234623+00:00
1:0xb517850510997a34b4ddc8c3797b4f83fad510c4,mainnet,1,0xb517850510997a34b4ddc8c3797b4f83fad510c4,source_found,sourcify-v2,200,contracts/ERC1967Proxy-mainnet-0xb517850510997a34b4ddc8c3797b4f83fad510c4,ERC1967Proxy,0.8.9+commit.e5eed63a,Solidity,68,exact_match,True,1,victim_top_level;victim_trace,,21485274,,2026-08-24T10:11:38.615980+00:00
1:0xb53c1a33016b2dc2ff3653530bff1848a515c8c5,mainnet,1,0xb53c1a33016b2dc2ff3653530bff1848a515c8c5,source_found,sourcify-v2,200,contracts/LendingPoolAddressesProvider-mainnet-0xb53c1a33016b2dc2ff3653530bff1848a515c8c5,LendingPoolAddressesProvider,0.6.12+commit.27d51765,Solidity,10,exact_match,False,2,victim_trace,,21357447;21439930,,2026-08-24T10:11:38.581123+00:00
1:0xb5761dbce0b6dad590c46b6e95839d60f0b888e8,mainnet,1,0xb5761dbce0b6dad590c46b6e95839d60f0b888e8,source_found,sourcify-v2,200,contracts/Lif3V3Pool-mainnet-0xb5761dbce0b6dad590c46b6e95839d60f0b888e8,Lif3V3Pool,0.7.6+commit.7338295f,Solidity,1,match,False,1,shared_attack_victim_trace;trading_pair;victim_trace,,21490278,,2026-08-24T10:11:39.853352+00:00
1:0xb576491f1e6e5e62f1d8f26062ee822b40b0e0d4,mainnet,1,0xb576491f1e6e5e62f1d8f26062ee822b40b0e0d4,source_found,sourcify-v2,200,contracts/Vyper_contract-mainnet-0xb576491f1e6e5e62f1d8f26062ee822b40b0e0d4,Vyper_contract,0.3.1,Vyper,1,match,False,1,victim_trace,,21304987,,2026-08-24T10:11:39.799220+00:00
1:0xb5eb8cb6ced6b6f8e13bcd502fb489db4a726c7b,mainnet,1,0xb5eb8cb6ced6b6f8e13bcd502fb489db4a726c7b,source_found,sourcify-v2,200,contracts/Exchange-mainnet-0xb5eb8cb6ced6b6f8e13bcd502fb489db4a726c7b,Exchange,0.7.6+commit.7338295f,Solidity,6,exact_match,False,2,victim_trace,,21371100;21422852,,2026-08-24T10:11:39.446563+00:00
1:0xb5fa7edfd5e3c27480763a066c2fa6b12fce24e8,mainnet,1,0xb5fa7edfd5e3c27480763a066c2fa6b12fce24e8,source_found,sourcify-v2,200,contracts/UniswapV2Pair-mainnet-0xb5fa7edfd5e3c27480763a066c2fa6b12fce24e8,UniswapV2Pair,0.5.16+commit.9c3226ce,Solidity,1,match,False,1,shared_attack_victim_trace;trading_pair;victim_trace,,21304654,,2026-08-24T10:11:39.604343+00:00
1:0xb611401574061947abac7d2406711f115be22a6e,mainnet,1,0xb611401574061947abac7d2406711f115be22a6e,source_found,sourcify-v2,200,contracts/AccessControlledOCR2Aggregator-mainnet-0xb611401574061947abac7d2406711f115be22a6e,AccessControlledOCR2Aggregator,0.8.19+commit.7dd6d404,Solidity,18,exact_match,False,1,victim_trace,,21471722,,2026-08-24T10:11:40.611792+00:00
1:0xb634316e06cc0b358437cbadd4dc94f1d3a92b3b,mainnet,1,0xb634316e06cc0b358437cbadd4dc94f1d3a92b3b,source_found,sourcify-v2,200,contracts/TradeHandler-mainnet-0xb634316e06cc0b358437cbadd4dc94f1d3a92b3b,TradeHandler,0.8.17+commit.8df45f5f,Solidity,4,match,False,1,victim_trace,,21415780,,2026-08-24T10:11:41.102044+00:00
1:0xb64508b9f7b81407549e13db970dd5bb5c19107f,mainnet,1,0xb64508b9f7b81407549e13db970dd5bb5c19107f,source_found,sourcify-v2,200,contracts/UniswapV3Pool-mainnet-0xb64508b9f7b81407549e13db970dd5bb5c19107f,UniswapV3Pool,0.7.6+commit.7338295f,Solidity,96,match,False,1,victim_trace,,21304987,,2026-08-24T10:11:42.137919+00:00
1:0xb656f9b94505d8454781ef2f556443a423d70fec,mainnet,1,0xb656f9b94505d8454781ef2f556443a423d70fec,source_found,sourcify-v2,200,contracts/PendleMellowVaultSYBaseV2Upg-mainnet-0xb656f9b94505d8454781ef2f556443a423d70fec,PendleMellowVaultSYBaseV2Upg,0.8.24+commit.e11b9ed9,Solidity,47,exact_match,False,1,proxy_implementation,PendleMellowVaultSYBaseV2Upg,,,2026-08-24T10:17:59.697823+00:00
1:0xb699853be792ce85a4fab963e772648f6dd28315,mainnet,1,0xb699853be792ce85a4fab963e772648f6dd28315,source_found,sourcify-v2,200,contracts/UniswapV2Pair-mainnet-0xb699853be792ce85a4fab963e772648f6dd28315,UniswapV2Pair,0.5.16+commit.9c3226ce,Solidity,1,match,False,1,shared_attack_victim_trace;trading_pair;victim_trace,,21415913,,2026-08-24T10:11:40.912685+00:00
1:0xb6b7c33ccf084ec1ad1a0e9049aa0a5b2b822782,mainnet,1,0xb6b7c33ccf084ec1ad1a0e9049aa0a5b2b822782,source_found,sourcify-v2,200,contracts/ComptrollerProxy-mainnet-0xb6b7c33ccf084ec1ad1a0e9049aa0a5b2b822782,ComptrollerProxy,0.6.12+commit.27d51765,Solidity,2,exact_match,True,1,victim_trace,,21332614,,2026-08-24T10:11:40.646261+00:00
1:0xb6c228e27b11a41cdb664cd765fe8d4261a18abe,mainnet,1,0xb6c228e27b11a41cdb664cd765fe8d4261a18abe,source_found,sourcify-v2,200,contracts/UniswapV3Pool-mainnet-0xb6c228e27b11a41cdb664cd765fe8d4261a18abe,UniswapV3Pool,0.7.6+commit.7338295f,Solidity,96,match,False,1,victim_trace,,21309126,,2026-08-24T10:11:42.918180+00:00
1:0xb712d62fe84258292d1961b5150a19bc4ab49026,mainnet,1,0xb712d62fe84258292d1961b5150a19bc4ab49026,source_found,sourcify-v2,200,contracts/XCHNGToken-mainnet-0xb712d62fe84258292d1961b5150a19bc4ab49026,XCHNGToken,0.8.24+commit.e11b9ed9,Solidity,1,match,False,1,shared_attack_victim_trace;victim_trace,,21381654,,2026-08-24T10:11:41.079951+00:00
1:0xb8028f58e5de9cb330c544df41d9681cdf05062e,mainnet,1,0xb8028f58e5de9cb330c544df41d9681cdf05062e,source_found,sourcify-v2,200,contracts/AutopoolDestinations-mainnet-0xb8028f58e5de9cb330c544df41d9681cdf05062e,AutopoolDestinations,0.8.17+commit.8df45f5f,Solidity,55,match,False,2,victim_trace,,21447928;21504557,,2026-08-24T10:11:42.423643+00:00
1:0xb815b47ad429436892fc3c6ed1d401f515c7f763,mainnet,1,0xb815b47ad429436892fc3c6ed1d401f515c7f763,source_found,sourcify-v2,200,contracts/CelerCircleBridgeFacet-mainnet-0xb815b47ad429436892fc3c6ed1d401f515c7f763,CelerCircleBridgeFacet,0.8.29+commit.ab55807c,Solidity,17,exact_match,False,4,proxy_implementation,CelerCircleBridgeFacet,,,2026-08-24T10:18:00.173485+00:00
1:0xb830a5afcbebb936c30c607a18bbba9f5b0a592f,mainnet,1,0xb830a5afcbebb936c30c607a18bbba9f5b0a592f,source_found,blockscout-v2-fallback,200,contracts/RelayerV2-mainnet-0xb830a5afcbebb936c30c607a18bbba9f5b0a592f,RelayerV2,v0.7.6,solidity,14,blockscout_verified,False,2,victim_trace,,21338761;21454713,,2026-08-24T10:11:41.384246+00:00
1:0xb8384eb4a38c216711184209a205edd7d0552ddc,mainnet,1,0xb8384eb4a38c216711184209a205edd7d0552ddc,source_found,sourcify-v2,200,contracts/UniswapV2Pair-mainnet-0xb8384eb4a38c216711184209a205edd7d0552ddc,UniswapV2Pair,0.5.16+commit.9c3226ce,Solidity,1,match,False,1,shared_attack_victim_trace;trading_pair;victim_trace,,21337846,,2026-08-24T10:11:43.226226+00:00
1:0xb8819cd07b042b4f514e4ab381f675614cb7b37d,mainnet,1,0xb8819cd07b042b4f514e4ab381f675614cb7b37d,source_found,sourcify-v2,200,contracts/UsualX-mainnet-0xb8819cd07b042b4f514e4ab381f675614cb7b37d,UsualX,0.8.20+commit.a1b79de6,Solidity,33,match,False,1,shared_attack_victim_trace;victim_trace,,21467447,,2026-08-24T10:11:43.967500+00:00
1:0xb8975328aa52c00b9ec1e11e518c4900f2e6c62a,mainnet,1,0xb8975328aa52c00b9ec1e11e518c4900f2e6c62a,source_found,sourcify-v2,200,contracts/DefaultReserveInterestRateStrategy-mainnet-0xb8975328aa52c00b9ec1e11e518c4900f2e6c62a,DefaultReserveInterestRateStrategy,0.6.12+commit.27d51765,Solidity,9,exact_match,False,2,victim_trace,,21357447;21439930,,2026-08-24T10:11:42.660587+00:00
1:0xb8f275fbf7a959f4bce59999a2ef122a099e81a8,mainnet,1,0xb8f275fbf7a959f4bce59999a2ef122a099e81a8,source_found,sourcify-v2,200,contracts/TransparentUpgradeableProxy-mainnet-0xb8f275fbf7a959f4bce59999a2ef122a099e81a8,TransparentUpgradeableProxy,0.8.2+commit.661d1103,Solidity,15,exact_match,True,1,victim_trace,,21449019,,2026-08-24T10:11:43.999815+00:00
1:0xb8f6534f3459d583ba30e7e7f9b16e7bda26c2a0,mainnet,1,0xb8f6534f3459d583ba30e7e7f9b16e7bda26c2a0,not_in_sourcify,sourcify-v2,404,,,,,0,,,1,proxy_implementation,,,,2026-08-24T10:17:59.020988+00:00
1:0xb8ffc3cd6e7cf5a098a1c92f48009765b24088dc,mainnet,1,0xb8ffc3cd6e7cf5a098a1c92f48009765b24088dc,source_found,sourcify-v2,200,contracts/KernelProxy-mainnet-0xb8ffc3cd6e7cf5a098a1c92f48009765b24088dc,KernelProxy,0.4.24+commit.e67f0147,Solidity,12,match,False,10,victim_trace,,21300107;21313675;21322741;21357582;21363588;21410530;21414148;21439930;21454349;21493359,,2026-08-24T10:11:42.925831+00:00
1:0xb906a1b335916e38204c09522d682f1977f2c95f,mainnet,1,0xb906a1b335916e38204c09522d682f1977f2c95f,not_in_sourcify,sourcify-v2,404,,,,,0,,,1,victim_trace,,21304987,,2026-08-24T10:11:42.873161+00:00
1:0xb930dd4ea22cd4404c30d68b72e18453adcf93a2,mainnet,1,0xb930dd4ea22cd4404c30d68b72e18453adcf93a2,source_found,sourcify-v2,200,contracts/PendlePrincipalToken-mainnet-0xb930dd4ea22cd4404c30d68b72e18453adcf93a2,PendlePrincipalToken,0.8.24+commit.e11b9ed9,Solidity,17,exact_match,False,1,victim_trace,,21508635,,2026-08-24T10:11:44.058942+00:00
1:0xb9fc157394af804a3578134a6585c0dc9cc990d4,mainnet,1,0xb9fc157394af804a3578134a6585c0dc9cc990d4,source_found,sourcify-v2,200,contracts/Vyper_contract-mainnet-0xb9fc157394af804a3578134a6585c0dc9cc990d4,Vyper_contract,0.2.15+commit.6e7dba7,Vyper,1,match,False,1,victim_trace,,21504557,,2026-08-24T10:11:44.305333+00:00
1:0xba100000625a3754423978a60c9317c58a424e3d,mainnet,1,0xba100000625a3754423978a60c9317c58a424e3d,source_found,sourcify-v2,200,contracts/BalancerGovernanceToken-mainnet-0xba100000625a3754423978a60c9317c58a424e3d,BalancerGovernanceToken,0.6.8+commit.0bbfe453,Solidity,1,match,False,2,victim_trace,,21313675;21447928,,2026-08-24T10:11:44.167283+00:00
1:0xba12222222228d8ba445958a75a0704d566bf2c8,mainnet,1,0xba12222222228d8ba445958a75a0704d566bf2c8,source_found,sourcify-v2,200,contracts/Vault-mainnet-0xba12222222228d8ba445958a75a0704d566bf2c8,Vault,0.7.1+commit.f4a555be,Solidity,45,exact_match,False,2,victim_trace,,21335212;21447928,,2026-08-24T10:11:45.946490+00:00
1:0xba3335588d9403515223f109edc4eb7269a9ab5d,mainnet,1,0xba3335588d9403515223f109edc4eb7269a9ab5d,source_found,sourcify-v2,200,contracts/GearToken-mainnet-0xba3335588d9403515223f109edc4eb7269a9ab5d,GearToken,0.7.6+commit.7338295f,Solidity,2,exact_match,False,1,shared_attack_victim_trace;victim_trace,,21429278,,2026-08-24T10:11:45.962054+00:00
1:0xba445823018a83ed48a04a30cfbbeb4b70ceedad,mainnet,1,0xba445823018a83ed48a04a30cfbbeb4b70ceedad,not_in_sourcify,sourcify-v2,404,,,,,0,,,2,victim_trace,,21311832;21379211,,2026-08-24T10:11:44.380254+00:00
1:0xba540701dbcc2e4f8f753c3b14c9217f51248662,mainnet,1,0xba540701dbcc2e4f8f753c3b14c9217f51248662,not_in_sourcify,sourcify-v2,404,,,,,0,,,1,victim_trace,,21504557,,2026-08-24T10:11:44.616044+00:00
1:0xbb03b17c3d63e9707cff789bed922bf0ab98d0c2,mainnet,1,0xbb03b17c3d63e9707cff789bed922bf0ab98d0c2,source_found,sourcify-v2,200,contracts/SocketSwapImpl-mainnet-0xbb03b17c3d63e9707cff789bed922bf0ab98d0c2,SocketSwapImpl,0.8.22+commit.4fc1097e,Solidity,100,match,False,1,victim_trace,,21434016,,2026-08-24T10:11:46.239611+00:00
1:0xbb2b8038a1640196fbe3e38816f3e67cba72d940,mainnet,1,0xbb2b8038a1640196fbe3e38816f3e67cba72d940,source_found,sourcify-v2,200,contracts/UniswapV2Pair-mainnet-0xbb2b8038a1640196fbe3e38816f3e67cba72d940,UniswapV2Pair,0.5.16+commit.9c3226ce,Solidity,1,match,False,1,victim_trace,,21432830,,2026-08-24T10:11:45.703797+00:00
1:0xbb60df6afce822e69a1a6fa43c4d8b29b365aca0,mainnet,1,0xbb60df6afce822e69a1a6fa43c4d8b29b365aca0,not_in_sourcify,sourcify-v2,404,,,,,0,,,3,victim_trace,,21335212;21410267;21500255,,2026-08-24T10:11:45.391260+00:00
1:0xbbbbbbb520d69a9775e85b458c58c648259fad5f,mainnet,1,0xbbbbbbb520d69a9775e85b458c58c648259fad5f,source_found,sourcify-v2,200,contracts/BebopSettlement-mainnet-0xbbbbbbb520d69a9775e85b458c58c648259fad5f,BebopSettlement,0.8.19+commit.7dd6d404,Solidity,20,match,False,1,victim_trace,,21494726,,2026-08-24T10:11:48.409719+00:00
1:0xbbbbbbbbbb9cc5e90e3b3af64bdaf62c37eeffcb,mainnet,1,0xbbbbbbbbbb9cc5e90e3b3af64bdaf62c37eeffcb,source_found,sourcify-v2,200,contracts/Morpho-mainnet-0xbbbbbbbbbb9cc5e90e3b3af64bdaf62c37eeffcb,Morpho,0.8.19+commit.7dd6d404,Solidity,14,exact_match,False,4,victim_trace,,21322552;21325864;21337846;21494726,,2026-08-24T10:11:47.042796+00:00
1:0xbbbdb106a806173d1eea1640961533ff3114d69a,mainnet,1,0xbbbdb106a806173d1eea1640961533ff3114d69a,source_found,sourcify-v2,200,contracts/UniswapV2Pair-mainnet-0xbbbdb106a806173d1eea1640961533ff3114d69a,UniswapV2Pair,0.6.12+commit.27d51765,Solidity,1,match,False,2,shared_attack_victim_trace;trading_pair;victim_trace,,21320028;21363251,,2026-08-24T10:11:47.786284+00:00
1:0xbc1e6bb54b987e47b011d17ee6c09dfbe414aa84,mainnet,1,0xbc1e6bb54b987e47b011d17ee6c09dfbe414aa84,source_found,sourcify-v2,200,contracts/SwapX-mainnet-0xbc1e6bb54b987e47b011d17ee6c09dfbe414aa84,SwapX,0.8.20+commit.a1b79de6,Solidity,23,exact_match,False,1,proxy_implementation,SwapX,,,2026-08-24T10:18:01.283851+00:00
1:0xbc5d5fb38227c8da51fad6f5f5ac6652585b6cbc,mainnet,1,0xbc5d5fb38227c8da51fad6f5f5ac6652585b6cbc,source_found,sourcify-v2,200,contracts/DexSpan-mainnet-0xbc5d5fb38227c8da51fad6f5f5ac6652585b6cbc,DexSpan,0.8.21+commit.d9974bed,Solidity,39,exact_match,False,1,victim_top_level;victim_trace,,21424564,,2026-08-24T10:11:48.255494+00:00
1:0xbd233d4ffdaa9b7d1d3e6b18cccb8d091142893a,mainnet,1,0xbd233d4ffdaa9b7d1d3e6b18cccb8d091142893a,source_found,sourcify-v2,200,contracts/AStETH-mainnet-0xbd233d4ffdaa9b7d1d3e6b18cccb8d091142893a,AStETH,0.6.12+commit.27d51765,Solidity,17,match,False,1,victim_trace,,21439930,,2026-08-24T10:11:47.822551+00:00
1:0xbd3fa81b58ba92a82136038b25adec7066af3155,mainnet,1,0xbd3fa81b58ba92a82136038b25adec7066af3155,source_found,sourcify-v2,200,contracts/TokenMessenger-mainnet-0xbd3fa81b58ba92a82136038b25adec7066af3155,TokenMessenger,0.7.6+commit.7338295f,Solidity,1,match,False,1,victim_trace,,21502174,,2026-08-24T10:11:48.200684+00:00
1:0xbd7b550d2e7571383d84acf597a00d341e5c406e,mainnet,1,0xbd7b550d2e7571383d84acf597a00d341e5c406e,source_found,sourcify-v2,200,contracts/MultiPath-mainnet-0xbd7b550d2e7571383d84acf597a00d341e5c406e,MultiPath,0.7.5+commit.eb77ed08,Solidity,15,match,False,2,victim_trace,,21381403;21413153,,2026-08-24T10:11:49.064306+00:00
1:0xbd7f4c3f40d79e421ae2ce67fcbf74cc9601dcce,mainnet,1,0xbd7f4c3f40d79e421ae2ce67fcbf74cc9601dcce,not_in_sourcify,sourcify-v2,404,,,,,0,,,1,proxy_implementation,,,,2026-08-24T10:18:00.347688+00:00
1:0xbe05538f48d76504953c5d1068898c6642937427,mainnet,1,0xbe05538f48d76504953c5d1068898c6642937427,source_found,sourcify-v2,200,contracts/PendleYieldToken-mainnet-0xbe05538f48d76504953c5d1068898c6642937427,PendleYieldToken,0.8.24+commit.e11b9ed9,Solidity,23,exact_match,False,1,victim_trace,,21510296,,2026-08-24T10:11:49.584739+00:00
1:0xbe07e5eb5e4b6ca700586b41e4ecab614ad3a05b,mainnet,1,0xbe07e5eb5e4b6ca700586b41e4ecab614ad3a05b,source_found,sourcify-v2,200,contracts/SgInfo-mainnet-0xbe07e5eb5e4b6ca700586b41e4ecab614ad3a05b,SgInfo,0.8.14+commit.80d49f37,Solidity,4,exact_match,False,1,victim_trace,,21338761,,2026-08-24T10:11:48.085934+00:00
1:0xbe4e645caaae7c1d0874bb8d1c8d337f31d79dd8,mainnet,1,0xbe4e645caaae7c1d0874bb8d1c8d337f31d79dd8,not_in_sourcify,sourcify-v2,404,,,,,0,,,3,victim_trace,,21335212;21410267;21500255,,2026-08-24T10:11:49.277313+00:00
1:0xbe6fee3756f7be3a0cd492059341cb5b77dd81f9,mainnet,1,0xbe6fee3756f7be3a0cd492059341cb5b77dd81f9,source_found,sourcify-v2,200,contracts/FloozMultichainRouter-mainnet-0xbe6fee3756f7be3a0cd492059341cb5b77dd81f9,FloozMultichainRouter,0.6.6+commit.6c089d02,Solidity,21,exact_match,False,1,victim_top_level;victim_trace,,21380283,,2026-08-24T10:11:50.344583+00:00
1:0xbe86f647b167567525ccaafcd6f881f1ee558216,mainnet,1,0xbe86f647b167567525ccaafcd6f881f1ee558216,source_found,sourcify-v2,200,contracts/AdminUpgradeabilityProxy-mainnet-0xbe86f647b167567525ccaafcd6f881f1ee558216,AdminUpgradeabilityProxy,0.6.8+commit.0bbfe453,Solidity,4,exact_match,True,1,shared_attack_victim_trace;victim_trace,,21320028,,2026-08-24T10:11:49.695121+00:00
1:0xbe918565d076198e5b59361faf10315d3126b8a9,mainnet,1,0xbe918565d076198e5b59361faf10315d3126b8a9,not_in_sourcify,sourcify-v2,404,,,,,0,,,1,victim_trace,,21381665,,2026-08-24T10:11:49.191021+00:00
1:0xbe9895146f7af43049ca1c1ae358b0541ea49704,mainnet,1,0xbe9895146f7af43049ca1c1ae358b0541ea49704,source_found,sourcify-v2,200,contracts/FiatTokenProxy-mainnet-0xbe9895146f7af43049ca1c1ae358b0541ea49704,FiatTokenProxy,0.6.12+commit.27d51765,Solidity,5,exact_match,True,1,victim_trace,,21357582,,2026-08-24T10:11:49.852154+00:00
1:0xbeae521df7728f9fb4b6a3c0cbec91dd59d8f99d,mainnet,1,0xbeae521df7728f9fb4b6a3c0cbec91dd59d8f99d,not_in_sourcify,sourcify-v2,404,,,,,0,,,1,victim_trace,,21398236,,2026-08-24T10:11:50.674034+00:00
1:0xbeb3fd6315f43922367f93d1721cd3f67b0b2707,mainnet,1,0xbeb3fd6315f43922367f93d1721cd3f67b0b2707,source_found,sourcify-v2,200,contracts/UniswapV3Pool-mainnet-0xbeb3fd6315f43922367f93d1721cd3f67b0b2707,UniswapV3Pool,0.7.6+commit.7338295f,Solidity,96,match,False,1,victim_trace,,21508635,,2026-08-24T10:11:52.588079+00:00
1:0xbebc44782c7db0a1a60cb6fe97d0b483032ff1c7,mainnet,1,0xbebc44782c7db0a1a60cb6fe97d0b483032ff1c7,source_found,sourcify-v2,200,contracts/Vyper_contract-mainnet-0xbebc44782c7db0a1a60cb6fe97d0b483032ff1c7,Vyper_contract,0.2.4+commit.7949850,Vyper,1,match,False,5,victim_trace,,21371100;21410530;21471722;21495693;21510296,,2026-08-24T10:11:51.285124+00:00
1:0xbeef01735c132ada46aa9aa4c54623caa92a64cb,mainnet,1,0xbeef01735c132ada46aa9aa4c54623caa92a64cb,source_found,sourcify-v2,200,contracts/MetaMorpho-mainnet-0xbeef01735c132ada46aa9aa4c54623caa92a64cb,MetaMorpho,0.8.21+commit.d9974bed,Solidity,41,exact_match,False,1,victim_trace,,21325864,,2026-08-24T10:11:54.562490+00:00
1:0xbf16540c857b4e32ce6c37d2f7725c8eec869b8b,mainnet,1,0xbf16540c857b4e32ce6c37d2f7725c8eec869b8b,source_found,sourcify-v2,200,contracts/UniswapV2Pair-mainnet-0xbf16540c857b4e32ce6c37d2f7725c8eec869b8b,UniswapV2Pair,0.5.16+commit.9c3226ce,Solidity,1,match,False,1,shared_attack_victim_trace;trading_pair;victim_trace,,21381654,,2026-08-24T10:11:52.292671+00:00
1:0xbf1c0206de440b2cf76ea4405e1dbf2fc227a463,mainnet,1,0xbf1c0206de440b2cf76ea4405e1dbf2fc227a463,source_found,sourcify-v2,200,contracts/AssetRegistryP1-mainnet-0xbf1c0206de440b2cf76ea4405e1dbf2fc227a463,AssetRegistryP1,0.8.19+commit.7dd6d404,Solidity,40,exact_match,False,1,victim_trace,,21471722,,2026-08-24T10:11:52.654004+00:00
1:0xbf4ad13fa0e6e05916a78c201f147c5152dbe1c9,mainnet,1,0xbf4ad13fa0e6e05916a78c201f147c5152dbe1c9,source_found,sourcify-v2,200,contracts/StargateFacetV2-mainnet-0xbf4ad13fa0e6e05916a78c201f147c5152dbe1c9,StargateFacetV2,0.8.29+commit.ab55807c,Solidity,15,exact_match,False,4,proxy_implementation,StargateFacetV2,,,2026-08-24T10:18:02.059054+00:00
1:0xbf85f94d3233ee588f0907a9147fbb59d7246b54,mainnet,1,0xbf85f94d3233ee588f0907a9147fbb59d7246b54,source_found,sourcify-v2,200,contracts/UniswapV3Pool-mainnet-0xbf85f94d3233ee588f0907a9147fbb59d7246b54,UniswapV3Pool,0.7.6+commit.7338295f,Solidity,96,match,False,3,shared_attack_victim_trace;trading_pair;victim_trace,,21302398;21380283;21510296,,2026-08-24T10:11:53.259859+00:00
1:0xbfcae9f989e47436fd1678ef5f9182d94b81dbac,mainnet,1,0xbfcae9f989e47436fd1678ef5f9182d94b81dbac,source_found,sourcify-v2,200,contracts/UniswapV3Pool-mainnet-0xbfcae9f989e47436fd1678ef5f9182d94b81dbac,UniswapV3Pool,0.7.6+commit.7338295f,Solidity,96,match,False,1,shared_attack_victim_trace;trading_pair;victim_trace,,21420609,,2026-08-24T10:11:54.053845+00:00
1:0xc00e94cb662c3520282e6f5717214004a7f26888,mainnet,1,0xc00e94cb662c3520282e6f5717214004a7f26888,source_found,sourcify-v2,200,contracts/Comp-mainnet-0xc00e94cb662c3520282e6f5717214004a7f26888,Comp,0.5.16+commit.9c3226ce,Solidity,1,match,False,2,victim_trace,,21313675;21420182,,2026-08-24T10:11:52.335449+00:00
1:0xc02aaa39b223fe8d0a0e5c4f27ead9083c756cc2,mainnet,1,0xc02aaa39b223fe8d0a0e5c4f27ead9083c756cc2,source_found,sourcify-v2,200,contracts/WETH9-mainnet-0xc02aaa39b223fe8d0a0e5c4f27ead9083c756cc2,WETH9,0.4.19+commit.c4cbbb05,Solidity,1,match,False,126,shared_attack_victim_trace;victim_trace,,21300107;21300863;21301621;21302296;21302391;21302398;21304307;21304654;21304987;21307275;21307539;21308869;21309126;21311832;21313468;21313675;21317106;21317119;21317122;21317124;21317129;21320028;21320466;21322552;21322741;21323348;21325864;21327219;21330552;21332257;21332614;21333683;21335212;21337846;21338761;21342275;21342331;21342507;21348336;21349927;21352108;21355730;21356992;21357447;21357582;21360349;21361252;21361459;21362910;21363251;21363436;21363588;21371100;21373643;21376810;21377018;21378116;21379211;21380283;21381403;21381654;21381665;21392828;21396987;21398236;21401763;21403029;21410267;21410530;21413153;21414148;21415780;21415913;21420182;21420609;21421410;21422808;21422852;21424564;21428934;21429278;21432613;21432830;21433713;21434016;21439930;21442409;21442669;21447928;21449019;21452745;21454032;21454349;21454713;21460192;21460992;21462778;21464031;21467447;21471722;21473060;21475088;21475529;21481165;21482599;21485224;21485274;21487605;21490278;21493359;21494726;21495693;21495915;21496595;21499181;21500255;21501469;21501847;21502174;21502376;21504557;21508635;21510296;21515974;21842016;21842172,,2026-08-24T10:11:53.295929+00:00
1:0xc035a7cf15375ce2706766804551791ad035e0c2,mainnet,1,0xc035a7cf15375ce2706766804551791ad035e0c2,source_found,sourcify-v2,200,contracts/InitializableImmutableAdminUpgradeabilityProxy-mainnet-0xc035a7cf15375ce2706766804551791ad035e0c2,InitializableImmutableAdminUpgradeabilityProxy,0.8.19+commit.7dd6d404,Solidity,12,match,True,1,victim_trace,,21454349,,2026-08-24T10:11:53.627503+00:00
1:0xc03f31fd86a9077785b7bcf6598ce3598fa91113,mainnet,1,0xc03f31fd86a9077785b7bcf6598ce3598fa91113,source_found,sourcify-v2,200,contracts/OptimizedTransparentUpgradeableProxy-mainnet-0xc03f31fd86a9077785b7bcf6598ce3598fa91113,OptimizedTransparentUpgradeableProxy,0.8.10+commit.fc410830,Solidity,16,exact_match,True,2,victim_trace,,21338761;21454713,,2026-08-24T10:11:54.149182+00:00
1:0xc066dddb8f9c27f1f452d8ff9b5cdd7fea3efaf5,mainnet,1,0xc066dddb8f9c27f1f452d8ff9b5cdd7fea3efaf5,source_found,sourcify-v2,200,contracts/BalancerAuraDestinationVault-mainnet-0xc066dddb8f9c27f1f452d8ff9b5cdd7fea3efaf5,BalancerAuraDestinationVault,0.8.17+commit.8df45f5f,Solidity,83,match,False,1,victim_trace,,21447928,,2026-08-24T10:11:56.747499+00:00
1:0xc085e9e994ec8ec0e0cab96d606be75cf2c5c8c4,mainnet,1,0xc085e9e994ec8ec0e0cab96d606be75cf2c5c8c4,source_found,sourcify-v2,200,contracts/BITCOINERS-mainnet-0xc085e9e994ec8ec0e0cab96d606be75cf2c5c8c4,BITCOINERS,0.8.23+commit.f704f362,Solidity,1,match,False,1,shared_attack_victim_trace;victim_trace,,21337846,,2026-08-24T10:11:54.571653+00:00
1:0xc0aee478e3658e2610c5f7a4a2e1777ce9e4f2ac,mainnet,1,0xc0aee478e3658e2610c5f7a4a2e1777ce9e4f2ac,source_found,sourcify-v2,200,contracts/UniswapV2Factory-mainnet-0xc0aee478e3658e2610c5f7a4a2e1777ce9e4f2ac,UniswapV2Factory,0.6.12+commit.27d51765,Solidity,1,exact_match,False,1,victim_trace,,21420182,,2026-08-24T10:11:54.568241+00:00
1:0xc0c293ce456ff0ed870add98a0828dd4d2903dbf,mainnet,1,0xc0c293ce456ff0ed870add98a0828dd4d2903dbf,source_found,sourcify-v2,200,contracts/AuraToken-mainnet-0xc0c293ce456ff0ed870add98a0828dd4d2903dbf,AuraToken,0.8.11+commit.d7f03943,Solidity,6,match,False,1,victim_trace,,21447928,,2026-08-24T10:18:02.357481+00:00
1:0xc128468b7ce63ea702c1f104d55a2566b13d3abd,mainnet,1,0xc128468b7ce63ea702c1f104d55a2566b13d3abd,source_found,sourcify-v2,200,contracts/Vyper_contract-mainnet-0xc128468b7ce63ea702c1f104d55a2566b13d3abd,Vyper_contract,0.3.1,Vyper,1,match,False,1,victim_trace,,21447928,,2026-08-24T10:18:04.209982+00:00
1:0xc128a9954e6c874ea3d62ce62b468ba073093f25,mainnet,1,0xc128a9954e6c874ea3d62ce62b468ba073093f25,source_found,blockscout-v2-fallback,200,contracts/Vyper_contract-mainnet-0xc128a9954e6c874ea3d62ce62b468ba073093f25,Vyper_contract,v0.3.1+commit.0463ea4c,vyper,1,blockscout_verified,False,1,victim_trace,,21447928,,2026-08-24T10:18:03.016095+00:00
1:0xc13e21b648a5ee794902342038ff3adab66be987,mainnet,1,0xc13e21b648a5ee794902342038ff3adab66be987,source_found,sourcify-v2,200,contracts/InitializableImmutableAdminUpgradeabilityProxy-mainnet-0xc13e21b648a5ee794902342038ff3adab66be987,InitializableImmutableAdminUpgradeabilityProxy,0.8.10+commit.fc410830,Solidity,6,exact_match,True,1,victim_trace,,21322552,,2026-08-24T10:18:04.443471+00:00
1:0xc14d550632db8592d1243edc8b95b0ad06703867,mainnet,1,0xc14d550632db8592d1243edc8b95b0ad06703867,source_found,sourcify-v2,200,contracts/FraxswapRouter-mainnet-0xc14d550632db8592d1243edc8b95b0ad06703867,FraxswapRouter,0.8.15+commit.e14f2714,Solidity,1,match,False,1,victim_top_level;victim_trace,,21342331,,2026-08-24T10:18:06.428414+00:00
1:0xc19cf0eaa43ee080c3cb8fb7db388091d3a13eb7,mainnet,1,0xc19cf0eaa43ee080c3cb8fb7db388091d3a13eb7,source_found,sourcify-v2,200,contracts/StashTokenWrapper-mainnet-0xc19cf0eaa43ee080c3cb8fb7db388091d3a13eb7,StashTokenWrapper,0.6.12+commit.27d51765,Solidity,8,match,False,1,victim_trace,,21504557,,2026-08-24T10:18:05.624080+00:00
1:0xc1f4ecd6398ffc97d81cb3015aa6ef7b19773a08,mainnet,1,0xc1f4ecd6398ffc97d81cb3015aa6ef7b19773a08,source_found,sourcify-v2,200,contracts/JamUniswapV2Pair-mainnet-0xc1f4ecd6398ffc97d81cb3015aa6ef7b19773a08,JamUniswapV2Pair,0.5.16+commit.9c3226ce,Solidity,1,match,False,1,shared_attack_victim_trace;trading_pair;victim_trace,,21377018,,2026-08-24T10:18:06.466701+00:00
1:0xc21e4ebd1d92036cb467b53fe3258f219d909eb9,mainnet,1,0xc21e4ebd1d92036cb467b53fe3258f219d909eb9,source_found,sourcify-v2,200,contracts/AssetForwarder-mainnet-0xc21e4ebd1d92036cb467b53fe3258f219d909eb9,AssetForwarder,0.8.18+commit.87f61d96,Solidity,1,match,False,1,victim_trace,,21424564,,2026-08-24T10:18:08.935750+00:00
1:0xc26d4a1c46d884cff6de9800b6ae7a8cf48b4ff8,mainnet,1,0xc26d4a1c46d884cff6de9800b6ae7a8cf48b4ff8,source_found,sourcify-v2,200,contracts/PriceCapAdapterStable-mainnet-0xc26d4a1c46d884cff6de9800b6ae7a8cf48b4ff8,PriceCapAdapterStable,0.8.21+commit.d9974bed,Solidity,25,exact_match,False,5,victim_trace,,21300863;21357582;21373643;21410530;21442669,,2026-08-24T10:18:09.108817+00:00
1:0xc2a6798447bb70e5abcf1b0d6aeec90bc14fca55,mainnet,1,0xc2a6798447bb70e5abcf1b0d6aeec90bc14fca55,source_found,sourcify-v2,200,contracts/UniswapV3Pool-mainnet-0xc2a6798447bb70e5abcf1b0d6aeec90bc14fca55,UniswapV3Pool,0.7.6+commit.7338295f,Solidity,96,match,False,1,shared_attack_victim_trace;trading_pair;victim_trace,,21362910,,2026-08-24T10:18:09.958475+00:00
1:0xc2aacf6553d20d1e9d78e365aaba8032af9c85b0,mainnet,1,0xc2aacf6553d20d1e9d78e365aaba8032af9c85b0,source_found,sourcify-v2,200,contracts/ACLManager-mainnet-0xc2aacf6553d20d1e9d78e365aaba8032af9c85b0,ACLManager,0.8.10+commit.fc410830,Solidity,10,exact_match,False,1,victim_trace,,21333683,,2026-08-24T10:18:09.487483+00:00
1:0xc2b92b6c69e5c3b6b29385c1a17fee906e0ca910,mainnet,1,0xc2b92b6c69e5c3b6b29385c1a17fee906e0ca910,source_found,sourcify-v2,200,contracts/FLAction-mainnet-0xc2b92b6c69e5c3b6b29385c1a17fee906e0ca910,FLAction,0.8.10+commit.fc410830,Solidity,1,match,False,1,victim_trace,,21322552,,2026-08-24T10:18:10.892332+00:00
1:0xc2e3a3c18ccb634622b57ff119a1c8c7f12e8c0c,mainnet,1,0xc2e3a3c18ccb634622b57ff119a1c8c7f12e8c0c,source_found,sourcify-v2,200,contracts/HybridLockReleaseUSDCTokenPool-mainnet-0xc2e3a3c18ccb634622b57ff119a1c8c7f12e8c0c,HybridLockReleaseUSDCTokenPool,0.8.24+commit.e11b9ed9,Solidity,26,match,False,1,victim_trace,,21502174,,2026-08-24T10:18:13.603626+00:00
1:0xc2f8037a31a4f12b07d20d3f382b1aa03c94519b,mainnet,1,0xc2f8037a31a4f12b07d20d3f382b1aa03c94519b,source_found,sourcify-v2,200,contracts/Keeper-mainnet-0xc2f8037a31a4f12b07d20d3f382b1aa03c94519b,Keeper,0.8.9+commit.e5eed63a,Solidity,11,exact_match,False,1,proxy_implementation;victim_trace,Keeper,21304987,,2026-08-24T10:18:12.000697+00:00
1:0xc2fcab14ec1f2dfa82a23c639c4770345085a50f,mainnet,1,0xc2fcab14ec1f2dfa82a23c639c4770345085a50f,source_found,sourcify-v2,200,contracts/AToken-mainnet-0xc2fcab14ec1f2dfa82a23c639c4770345085a50f,AToken,0.6.12+commit.27d51765,Solidity,17,exact_match,False,1,victim_trace,,21357447,,2026-08-24T10:18:13.769343+00:00
1:0xc351e45db65d68585e180795537563d33b3716e7,mainnet,1,0xc351e45db65d68585e180795537563d33b3716e7,source_found,sourcify-v2,200,contracts/ParaswapWrapper-mainnet-0xc351e45db65d68585e180795537563d33b3716e7,ParaswapWrapper,0.8.10+commit.fc410830,Solidity,1,match,False,3,victim_trace,,21307275;21432613;21494726,,2026-08-24T10:18:13.656531+00:00
1:0xc36442b4a4522e871399cd717abdd847ab11fe88,mainnet,1,0xc36442b4a4522e871399cd717abdd847ab11fe88,source_found,sourcify-v2,200,contracts/NonfungiblePositionManager-mainnet-0xc36442b4a4522e871399cd717abdd847ab11fe88,NonfungiblePositionManager,0.7.6+commit.7338295f,Solidity,301,match,False,6,victim_top_level;victim_trace,,21396987;21410267;21432830;21467447;21499181;21500255,,2026-08-24T10:12:29.067993+00:00
1:0xc38e4e6a15593f908255214653d3d947ca1c2338,mainnet,1,0xc38e4e6a15593f908255214653d3d947ca1c2338,source_found,sourcify-v2,200,contracts/MayanSwift-mainnet-0xc38e4e6a15593f908255214653d3d947ca1c2338,MayanSwift,0.8.4+commit.c7e474f2,Solidity,11,match,False,1,victim_trace,,21475529,,2026-08-24T10:12:23.029627+00:00
1:0xc39e83fe4e412a885c0577c08eb53bdb6548004a,mainnet,1,0xc39e83fe4e412a885c0577c08eb53bdb6548004a,source_found,sourcify-v2,200,contracts/UniswapV3Pool-mainnet-0xc39e83fe4e412a885c0577c08eb53bdb6548004a,UniswapV3Pool,0.7.6+commit.7338295f,Solidity,96,match,False,1,shared_attack_victim_trace;trading_pair;victim_trace,,21363588,,2026-08-24T10:12:27.445919+00:00
1:0xc3c35c886736b9e7b87864479d8ba3f5c7ce108a,mainnet,1,0xc3c35c886736b9e7b87864479d8ba3f5c7ce108a,source_found,sourcify-v2,200,contracts/xrp-mainnet-0xc3c35c886736b9e7b87864479d8ba3f5c7ce108a,xrp,0.8.22+commit.4fc1097e,Solidity,1,match,False,1,shared_attack_victim_trace;victim_trace,,21304654,,2026-08-24T10:12:25.644735+00:00
1:0xc3d688b66703497daa19211eedff47f25384cdc3,mainnet,1,0xc3d688b66703497daa19211eedff47f25384cdc3,source_found,sourcify-v2,200,contracts/TransparentUpgradeableProxy-mainnet-0xc3d688b66703497daa19211eedff47f25384cdc3,TransparentUpgradeableProxy,0.8.15+commit.e14f2714,Solidity,8,exact_match,True,2,victim_trace,,21307275;21471722,,2026-08-24T10:12:23.832552+00:00
1:0xc3db44adc1fcdfd5671f555236eae49f4a8eea18,mainnet,1,0xc3db44adc1fcdfd5671f555236eae49f4a8eea18,source_found,sourcify-v2,200,contracts/UniswapV3Pool-mainnet-0xc3db44adc1fcdfd5671f555236eae49f4a8eea18,UniswapV3Pool,0.7.6+commit.7338295f,Solidity,96,match,False,1,victim_trace,,21508635,,2026-08-24T10:12:27.328128+00:00
1:0xc3f279090a47e80990fe3a9c30d24cb117ef91a8,mainnet,1,0xc3f279090a47e80990fe3a9c30d24cb117ef91a8,source_found,sourcify-v2,200,contracts/UniswapV2Pair-mainnet-0xc3f279090a47e80990fe3a9c30d24cb117ef91a8,UniswapV2Pair,0.6.12+commit.27d51765,Solidity,1,match,False,1,victim_trace,,21420182,,2026-08-24T10:12:22.800223+00:00
1:0xc40d16476380e4037e6b1a2594caf6a6cc8da967,mainnet,1,0xc40d16476380e4037e6b1a2594caf6a6cc8da967,source_found,sourcify-v2,200,contracts/UniswapV2Pair-mainnet-0xc40d16476380e4037e6b1a2594caf6a6cc8da967,UniswapV2Pair,0.6.12+commit.27d51765,Solidity,1,match,False,1,victim_trace,,21420182,,2026-08-24T10:12:23.267494+00:00
1:0xc4441c2be5d8fa8126822b9929ca0b81ea0de38e,mainnet,1,0xc4441c2be5d8fa8126822b9929ca0b81ea0de38e,source_found,sourcify-v2,200,contracts/TransparentUpgradeableProxy-mainnet-0xc4441c2be5d8fa8126822b9929ca0b81ea0de38e,TransparentUpgradeableProxy,0.8.20+commit.a1b79de6,Solidity,11,exact_match,True,3,shared_attack_victim_trace;victim_trace,,21432830;21433713;21467447,,2026-08-24T10:12:24.413300+00:00
1:0xc4922d64a24675e16e1586e3e3aa56c06fabe907,mainnet,1,0xc4922d64a24675e16e1586e3e3aa56c06fabe907,source_found,sourcify-v2,200,contracts/TokenMinter-mainnet-0xc4922d64a24675e16e1586e3e3aa56c06fabe907,TokenMinter,0.7.6+commit.7338295f,Solidity,1,match,False,1,victim_trace,,21502174,,2026-08-24T10:12:25.874734+00:00
1:0xc4a8c243d8cf7891d6282bb293e7a0aa4ef1ae51,mainnet,1,0xc4a8c243d8cf7891d6282bb293e7a0aa4ef1ae51,source_found,sourcify-v2,200,contracts/UniswapV2Pair-mainnet-0xc4a8c243d8cf7891d6282bb293e7a0aa4ef1ae51,UniswapV2Pair,0.5.16+commit.9c3226ce,Solidity,1,match,False,1,shared_attack_victim_trace;trading_pair;victim_trace,,21342331,,2026-08-24T10:12:25.202983+00:00
1:0xc4ad29ba4b3c580e6d59105fff484999997675ff,mainnet,1,0xc4ad29ba4b3c580e6d59105fff484999997675ff,source_found,sourcify-v2,200,contracts/Vyper_contract-mainnet-0xc4ad29ba4b3c580e6d59105fff484999997675ff,Vyper_contract,0.2.12+commit.2c6842c,Vyper,1,match,False,1,victim_trace,,21360349,,2026-08-24T10:12:24.960181+00:00
1:0xc4bea6ff17879e27f266909397e5e0ad3d301946,mainnet,1,0xc4bea6ff17879e27f266909397e5e0ad3d301946,source_found,sourcify-v2,200,contracts/VariableDebtTokenMainnetInstanceGHO-mainnet-0xc4bea6ff17879e27f266909397e5e0ad3d301946,VariableDebtTokenMainnetInstanceGHO,0.8.27+commit.40a35a09,Solidity,26,match,False,2,proxy_implementation,VariableDebtTokenMainnetInstanceGHO,,,2026-08-24T10:18:15.477573+00:00
1:0xc4c2614e694cf534d407ee49f8e44d125e4681c4,mainnet,1,0xc4c2614e694cf534d407ee49f8e44d125e4681c4,source_found,sourcify-v2,200,contracts/AdminUpgradeabilityProxy-mainnet-0xc4c2614e694cf534d407ee49f8e44d125e4681c4,AdminUpgradeabilityProxy,0.5.3+commit.10d17f24,Solidity,1,match,True,1,shared_attack_victim_trace;victim_trace,,21302391,,2026-08-24T10:12:25.542347+00:00
1:0xc4ce8e63921b8b6cbdb8fcb6bd64cc701fb926f2,mainnet,1,0xc4ce8e63921b8b6cbdb8fcb6bd64cc701fb926f2,source_found,sourcify-v2,200,contracts/UniswapV3Pool-mainnet-0xc4ce8e63921b8b6cbdb8fcb6bd64cc701fb926f2,UniswapV3Pool,0.7.6+commit.7338295f,Solidity,96,match,False,3,shared_attack_victim_trace;trading_pair;victim_trace,,21361252;21363436;21363588,,2026-08-24T10:12:28.828777+00:00
1:0xc4d0900cb1bac79fd7c106fae3eedd0f9554f1e4,mainnet,1,0xc4d0900cb1bac79fd7c106fae3eedd0f9554f1e4,source_found,sourcify-v2,200,contracts/UniswapV2Pair-mainnet-0xc4d0900cb1bac79fd7c106fae3eedd0f9554f1e4,UniswapV2Pair,0.5.16+commit.9c3226ce,Solidity,1,match,False,1,shared_attack_victim_trace;trading_pair;victim_trace,,21501469,,2026-08-24T10:12:26.553846+00:00
1:0xc4eb861e7b66f593482a3d7e8adc314f6eeda30b,mainnet,1,0xc4eb861e7b66f593482a3d7e8adc314f6eeda30b,not_in_sourcify,sourcify-v2,404,,,,,0,,,1,victim_trace,,21447928,,2026-08-24T10:12:26.208628+00:00
1:0xc4f389020002396143b863f6325aa6ae481d19ce,mainnet,1,0xc4f389020002396143b863f6325aa6ae481d19ce,source_found,sourcify-v2,200,contracts/Vyper_contract-mainnet-0xc4f389020002396143b863f6325aa6ae481d19ce,Vyper_contract,0.3.4+commit.f31f0ec4,Vyper,1,match,False,1,victim_trace,,21504557,,2026-08-24T10:12:27.139846+00:00
1:0xc527a1b514796a6519f236dd906e73cab5aa2e71,mainnet,1,0xc527a1b514796a6519f236dd906e73cab5aa2e71,source_found,sourcify-v2,200,contracts/RateTargetBaseInterestRateStrategy-mainnet-0xc527a1b514796a6519f236dd906e73cab5aa2e71,RateTargetBaseInterestRateStrategy,0.8.20+commit.a1b79de6,Solidity,11,exact_match,False,1,victim_trace,,21322552,,2026-08-24T10:12:28.281599+00:00
1:0xc55943fa6509004b2903ed8f8ab7347bfc47d0ba,mainnet,1,0xc55943fa6509004b2903ed8f8ab7347bfc47d0ba,source_found,sourcify-v2,200,contracts/RouterExchange-mainnet-0xc55943fa6509004b2903ed8f8ab7347bfc47d0ba,RouterExchange,0.8.16+commit.07a7930e,Solidity,11,exact_match,False,1,victim_trace,,21454032,,2026-08-24T10:12:27.666301+00:00
1:0xc566940cf6ddbf6836185a6ba9edf2c00e84d362,mainnet,1,0xc566940cf6ddbf6836185a6ba9edf2c00e84d362,not_in_sourcify,sourcify-v2,404,,,,,0,,,1,victim_trace,,21323348,,2026-08-24T10:12:27.196088+00:00
1:0xc575bd129848ce06a460a19466c30e1d0328f52c,mainnet,1,0xc575bd129848ce06a460a19466c30e1d0328f52c,source_found,sourcify-v2,200,contracts/REPLOY-mainnet-0xc575bd129848ce06a460a19466c30e1d0328f52c,REPLOY,0.8.23+commit.f704f362,Solidity,1,match,False,4,shared_attack_victim_trace;victim_trace,,21471722;21481165;21485274;21508635,,2026-08-24T10:12:28.429819+00:00
1:0xc593fe9193b745447e86b45ea0bf62565ee030cc,mainnet,1,0xc593fe9193b745447e86b45ea0bf62565ee030cc,source_found,sourcify-v2,200,contracts/UniswapV3Pool-mainnet-0xc593fe9193b745447e86b45ea0bf62565ee030cc,UniswapV3Pool,0.7.6+commit.7338295f,Solidity,96,match,False,1,victim_trace,,21313675,,2026-08-24T10:12:30.242496+00:00
1:0xc5bf686cfb85786fcfff557297d4aff8f4e15e44,mainnet,1,0xc5bf686cfb85786fcfff557297d4aff8f4e15e44,source_found,blockscout-v2-fallback,200,contracts/MainP1-mainnet-0xc5bf686cfb85786fcfff557297d4aff8f4e15e44,MainP1,v0.8.28+commit.7893614a,solidity,68,blockscout_verified,False,1,proxy_implementation,,,,2026-08-24T10:18:15.149234+00:00
1:0xc618990a58638b9adbacc2dcd342b9afdc5e8864,mainnet,1,0xc618990a58638b9adbacc2dcd342b9afdc5e8864,not_in_sourcify,sourcify-v2,404,,,,,0,,,1,victim_trace,,21415913,,2026-08-24T10:12:28.322066+00:00
1:0xc6378a93725e499a20df8f00ae31d9ce9d09f1ca,mainnet,1,0xc6378a93725e499a20df8f00ae31d9ce9d09f1ca,source_found,sourcify-v2,200,contracts/OracleLib-mainnet-0xc6378a93725e499a20df8f00ae31d9ce9d09f1ca,OracleLib,0.8.23+commit.f704f362,Solidity,2,exact_match,False,1,victim_trace,,21325864,,2026-08-24T10:12:29.811271+00:00
1:0xc65433845ecd16688eda196497fa9130d6c47bd8,mainnet,1,0xc65433845ecd16688eda196497fa9130d6c47bd8,source_found,sourcify-v2,200,contracts/TransparentUpgradeableProxy-mainnet-0xc65433845ecd16688eda196497fa9130d6c47bd8,TransparentUpgradeableProxy,0.8.25+commit.b61c2a91,Solidity,11,exact_match,True,1,victim_trace,,21508635,,2026-08-24T10:12:29.845782+00:00
1:0xc662c410c0ecf747543f5ba90660f6abebd9c8c4,mainnet,1,0xc662c410c0ecf747543f5ba90660f6abebd9c8c4,source_found,sourcify-v2,200,contracts/Proxy-mainnet-0xc662c410c0ecf747543f5ba90660f6abebd9c8c4,Proxy,0.6.12+commit.27d51765,Solidity,8,match,False,1,victim_trace,,21325864,,2026-08-24T10:12:29.691947+00:00
1:0xc6678da09d7cd2f53a4bda3487434ee131260b1a,mainnet,1,0xc6678da09d7cd2f53a4bda3487434ee131260b1a,source_found,sourcify-v2,200,contracts/SADDOG-mainnet-0xc6678da09d7cd2f53a4bda3487434ee131260b1a,SADDOG,0.8.23+commit.f704f362,Solidity,1,match,False,1,shared_attack_victim_trace;victim_trace,,21473060,,2026-08-24T10:12:29.992778+00:00
1:0xc72abb13b6bdfa64770cb5b1f57bebd36a91a29e,mainnet,1,0xc72abb13b6bdfa64770cb5b1f57bebd36a91a29e,source_found,sourcify-v2,200,contracts/UniswapV3Pool-mainnet-0xc72abb13b6bdfa64770cb5b1f57bebd36a91a29e,UniswapV3Pool,0.7.6+commit.7338295f,Solidity,96,match,False,1,victim_trace,,21307539,,2026-08-24T10:12:32.286661+00:00
1:0xc757acba3c0506218b3022266a9dc7f3612d85f5,mainnet,1,0xc757acba3c0506218b3022266a9dc7f3612d85f5,source_found,sourcify-v2,200,contracts/FlexibleStorage-mainnet-0xc757acba3c0506218b3022266a9dc7f3612d85f5,FlexibleStorage,0.5.16+commit.9c3226ce,Solidity,1,exact_match,False,1,shared_attack_victim_trace;victim_trace,,21464031,,2026-08-24T10:12:30.554770+00:00
1:0xc75d9e8a7c11687dff42973b9df8d58db08c5455,mainnet,1,0xc75d9e8a7c11687dff42973b9df8d58db08c5455,source_found,sourcify-v2,200,contracts/Empyreal-mainnet-0xc75d9e8a7c11687dff42973b9df8d58db08c5455,Empyreal,0.8.20+commit.a1b79de6,Solidity,25,exact_match,False,1,shared_attack_victim_trace;victim_trace,,21376810,,2026-08-24T10:12:31.560863+00:00
1:0xc77904cd2ca0806cc3db0819e9630ff3e2f6093d,mainnet,1,0xc77904cd2ca0806cc3db0819e9630ff3e2f6093d,source_found,sourcify-v2,200,contracts/AccessControlledOCR2Aggregator-mainnet-0xc77904cd2ca0806cc3db0819e9630ff3e2f6093d,AccessControlledOCR2Aggregator,0.8.19+commit.7dd6d404,Solidity,18,exact_match,False,1,victim_trace,,21447928,,2026-08-24T10:12:31.727657+00:00
1:0xc783d210c483d76d158fd502af6b48439ffed9c5,mainnet,1,0xc783d210c483d76d158fd502af6b48439ffed9c5,source_found,sourcify-v2,200,contracts/UniswapV2Pair-mainnet-0xc783d210c483d76d158fd502af6b48439ffed9c5,UniswapV2Pair,0.5.16+commit.9c3226ce,Solidity,1,match,False,1,shared_attack_victim_trace;trading_pair;victim_trace,,21842016,,2026-08-24T10:12:31.294561+00:00
1:0xc7bbec68d12a0d1830360f8ec58fa599ba1b0e9b,mainnet,1,0xc7bbec68d12a0d1830360f8ec58fa599ba1b0e9b,source_found,sourcify-v2,200,contracts/UniswapV3Pool-mainnet-0xc7bbec68d12a0d1830360f8ec58fa599ba1b0e9b,UniswapV3Pool,0.7.6+commit.7338295f,Solidity,96,match,False,27,shared_attack_victim_trace;trading_pair;victim_trace,,21300863;21307275;21313468;21313675;21322741;21327219;21338761;21342275;21348336;21352108;21357447;21363251;21373643;21378116;21379211;21410267;21410530;21422852;21429278;21432613;21432830;21434016;21475088;21485274;21493359;21495693;21842172,,2026-08-24T10:12:34.057903+00:00
1:0xc7c77b3a2c2641c6ee6c52bbd72ecfc86b53ba38,mainnet,1,0xc7c77b3a2c2641c6ee6c52bbd72ecfc86b53ba38,source_found,sourcify-v2,200,contracts/CurveResolverMainnet-mainnet-0xc7c77b3a2c2641c6ee6c52bbd72ecfc86b53ba38,CurveResolverMainnet,0.8.17+commit.8df45f5f,Solidity,7,exact_match,False,1,victim_trace,,21504557,,2026-08-24T10:12:31.609268+00:00
1:0xc8219b876753a85025156b22176c2edea17aac53,mainnet,1,0xc8219b876753a85025156b22176c2edea17aac53,source_found,sourcify-v2,200,contracts/UniswapV3Pool-mainnet-0xc8219b876753a85025156b22176c2edea17aac53,UniswapV3Pool,0.7.6+commit.7338295f,Solidity,96,match,False,1,victim_trace,,21500255,,2026-08-24T10:12:33.855755+00:00
1:0xc825e06333a1d0f72334d2d929ef4d9eb928d691,mainnet,1,0xc825e06333a1d0f72334d2d929ef4d9eb928d691,source_found,sourcify-v2,200,contracts/CompV3Payback-mainnet-0xc825e06333a1d0f72334d2d929ef4d9eb928d691,CompV3Payback,0.8.10+commit.fc410830,Solidity,1,match,False,1,victim_trace,,21432613,,2026-08-24T10:12:32.338733+00:00
1:0xc8418af6358ffdda74e09ca9cc3fe03ca6adc5b0,mainnet,1,0xc8418af6358ffdda74e09ca9cc3fe03ca6adc5b0,source_found,sourcify-v2,200,contracts/Vyper_contract-mainnet-0xc8418af6358ffdda74e09ca9cc3fe03ca6adc5b0,Vyper_contract,0.2.8+commit.069936f,Vyper,1,match,False,1,victim_trace,,21304987,,2026-08-24T10:12:32.864706+00:00
1:0xc844639e2f6fb4834cb4e373f1377dbd05d6fc93,mainnet,1,0xc844639e2f6fb4834cb4e373f1377dbd05d6fc93,source_found,sourcify-v2,200,contracts/GnosisSafeProxy-mainnet-0xc844639e2f6fb4834cb4e373f1377dbd05d6fc93,GnosisSafeProxy,0.7.6+commit.7338295f,Solidity,1,match,True,1,victim_top_level;victim_trace,,21415780,,2026-08-24T10:12:32.473382+00:00
1:0xc859bf9d7b8c557bbd229565124c2c09269f3aef,mainnet,1,0xc859bf9d7b8c557bbd229565124c2c09269f3aef,not_in_sourcify,sourcify-v2,404,,,,,0,,,1,victim_trace,,21447928,,2026-08-24T10:12:32.459903+00:00
1:0xc8c10815be32536685d12ce8305425163f0c6897,mainnet,1,0xc8c10815be32536685d12ce8305425163f0c6897,not_in_sourcify,sourcify-v2,404,,,,,0,,,1,victim_trace,,21501469,,2026-08-24T10:12:32.785192+00:00
1:0xc8dff706dd3698c95ca84469e6382fd17ed5cd40,mainnet,1,0xc8dff706dd3698c95ca84469e6382fd17ed5cd40,not_in_sourcify,sourcify-v2,404,,,,,0,,,1,victim_trace,,21322741,,2026-08-24T10:12:33.853873+00:00
1:0xc8e335482b46444e950629b4b07ef9ba58be723a,mainnet,1,0xc8e335482b46444e950629b4b07ef9ba58be723a,source_found,sourcify-v2,200,contracts/DestinationVaultMainRewarder-mainnet-0xc8e335482b46444e950629b4b07ef9ba58be723a,DestinationVaultMainRewarder,0.8.17+commit.8df45f5f,Solidity,60,exact_match,False,1,victim_trace,,21447928,,2026-08-24T10:12:35.755833+00:00
1:0xc8eb2cf2f792f77af0cd9e203305a585e588179d,mainnet,1,0xc8eb2cf2f792f77af0cd9e203305a585e588179d,source_found,sourcify-v2,200,contracts/CurveStableSwapNG-mainnet-0xc8eb2cf2f792f77af0cd9e203305a585e588179d,CurveStableSwapNG,0.3.10+commit.91361694,Vyper,1,match,False,1,victim_trace,,21447928,,2026-08-24T10:12:34.763536+00:00
1:0xc8eb4db04b58842f280a9f9506f09322557bae3a,mainnet,1,0xc8eb4db04b58842f280a9f9506f09322557bae3a,not_in_sourcify,sourcify-v2,404,,,,,0,,,1,shared_attack_victim_trace;victim_trace,,21302391,,2026-08-24T10:12:33.738280+00:00
1:0xc90b47731f9cd4db0df36c1e59fdca1fe9806475,mainnet,1,0xc90b47731f9cd4db0df36c1e59fdca1fe9806475,source_found,sourcify-v2,200,contracts/TimelockRewardDistributionTokenImpl-mainnet-0xc90b47731f9cd4db0df36c1e59fdca1fe9806475,TimelockRewardDistributionTokenImpl,0.8.4+commit.c7e474f2,Solidity,1,match,False,1,victim_trace,,21320028,,2026-08-24T10:12:34.909800+00:00
1:0xc92e8bdf79f0507f65a392b0ab4667716bfe0110,mainnet,1,0xc92e8bdf79f0507f65a392b0ab4667716bfe0110,source_found,sourcify-v2,200,contracts/GPv2VaultRelayer-mainnet-0xc92e8bdf79f0507f65a392b0ab4667716bfe0110,GPv2VaultRelayer,0.7.6+commit.7338295f,Solidity,31,exact_match,False,1,victim_trace,,21376810,,2026-08-24T10:12:36.247858+00:00
1:0xc944e90c64b2c07662a292be6244bdf05cda44a7,mainnet,1,0xc944e90c64b2c07662a292be6244bdf05cda44a7,source_found,sourcify-v2,200,contracts/GraphToken-mainnet-0xc944e90c64b2c07662a292be6244bdf05cda44a7,GraphToken,0.7.4+commit.3f05b770,Solidity,1,match,False,1,victim_trace,,21499181,,2026-08-24T10:12:35.006908+00:00
1:0xc96113eed8cab59cd8a66813bcb0ceb29f06d2e4,mainnet,1,0xc96113eed8cab59cd8a66813bcb0ceb29f06d2e4,source_found,sourcify-v2,200,contracts/InitializableImmutableAdminUpgradeabilityProxy-mainnet-0xc96113eed8cab59cd8a66813bcb0ceb29f06d2e4,InitializableImmutableAdminUpgradeabilityProxy,0.8.10+commit.fc410830,Solidity,6,exact_match,True,4,victim_trace,,21300107;21357582;21410530;21414148,,2026-08-24T10:12:36.209782+00:00
1:0xc967387f1dc6d350a3732e69581708462d2afffa,mainnet,1,0xc967387f1dc6d350a3732e69581708462d2afffa,source_found,sourcify-v2,200,contracts/ReferralRegistry-mainnet-0xc967387f1dc6d350a3732e69581708462d2afffa,ReferralRegistry,0.6.6+commit.6c089d02,Solidity,3,exact_match,False,1,victim_trace,,21380283,,2026-08-24T10:12:36.180797+00:00
1:0xc9acb83ada68413a6aa57007bc720ee2e2b3c46d,mainnet,1,0xc9acb83ada68413a6aa57007bc720ee2e2b3c46d,source_found,sourcify-v2,200,contracts/FeeRegistry-mainnet-0xc9acb83ada68413a6aa57007bc720ee2e2b3c46d,FeeRegistry,0.8.10+commit.fc410830,Solidity,1,match,False,1,victim_trace,,21304987,,2026-08-24T10:12:36.309336+00:00
1:0xc9bca88b04581699fab5aa276ccaff7df957cbbf,mainnet,1,0xc9bca88b04581699fab5aa276ccaff7df957cbbf,source_found,sourcify-v2,200,contracts/Ethervista-mainnet-0xc9bca88b04581699fab5aa276ccaff7df957cbbf,Ethervista,0.8.20+commit.a1b79de6,Solidity,1,match,False,1,shared_attack_victim_trace;victim_trace,,21304654,,2026-08-24T10:12:35.804011+00:00
1:0xc9cbc565a9f4120a2740ec6f64cc24aeb2bb3e5e,mainnet,1,0xc9cbc565a9f4120a2740ec6f64cc24aeb2bb3e5e,source_found,sourcify-v2,200,contracts/CurveStableSwapNGMath-mainnet-0xc9cbc565a9f4120a2740ec6f64cc24aeb2bb3e5e,CurveStableSwapNGMath,0.3.10+commit.91361694,Vyper,1,match,False,1,victim_trace,,21304987,,2026-08-24T10:12:36.031779+00:00
1:0xc9e1a09622afdb659913fefe800feae5dbbfe9d7,mainnet,1,0xc9e1a09622afdb659913fefe800feae5dbbfe9d7,source_found,sourcify-v2,200,contracts/AccessControlledOCR2Aggregator-mainnet-0xc9e1a09622afdb659913fefe800feae5dbbfe9d7,AccessControlledOCR2Aggregator,0.8.19+commit.7dd6d404,Solidity,18,exact_match,False,12,victim_trace,,21300107;21307275;21325864;21333683;21335212;21357447;21357582;21373643;21442669;21454349;21471722;21481165,,2026-08-24T10:12:37.275112+00:00
1:0xca10e8825fa9f1db0651cd48a9097997dbf7615d,mainnet,1,0xca10e8825fa9f1db0651cd48a9097997dbf7615d,source_found,sourcify-v2,200,contracts/WooCrossChainRouterV4-mainnet-0xca10e8825fa9f1db0651cd48a9097997dbf7615d,WooCrossChainRouterV4,0.8.14+commit.80d49f37,Solidity,16,exact_match,False,1,victim_top_level;victim_trace,,21338761,,2026-08-24T10:12:37.495015+00:00
1:0xca14057f85f2662257fd2637fdec558626bce554,mainnet,1,0xca14057f85f2662257fd2637fdec558626bce554,source_found,sourcify-v2,200,contracts/Proxy-mainnet-0xca14057f85f2662257fd2637fdec558626bce554,Proxy,0.8.20+commit.a1b79de6,Solidity,9,match,False,1,victim_trace,,21325864,,2026-08-24T10:12:37.770217+00:00
1:0xca57e5d6218aeb093d76372b51ba355cfb3c6cd0,mainnet,1,0xca57e5d6218aeb093d76372b51ba355cfb3c6cd0,source_found,sourcify-v2,200,contracts/AcceptsContractSignaturesForwarder-mainnet-0xca57e5d6218aeb093d76372b51ba355cfb3c6cd0,AcceptsContractSignaturesForwarder,0.8.7+commit.e28d00a7,Solidity,5,exact_match,False,1,victim_trace,,21332614,,2026-08-24T10:12:37.538919+00:00
1:0xca80e9daa3ce851416003fbf4ab7b970563cf0cc,mainnet,1,0xca80e9daa3ce851416003fbf4ab7b970563cf0cc,source_found,sourcify-v2,200,contracts/SoulZapRouter-mainnet-0xca80e9daa3ce851416003fbf4ab7b970563cf0cc,SoulZapRouter,0.8.19+commit.7dd6d404,Solidity,15,exact_match,False,1,victim_top_level;victim_trace,,21442409,,2026-08-24T10:12:38.134607+00:00
1:0xca81eaed90b3c2d4fd2c22bb066c5fff4068a7c0,mainnet,1,0xca81eaed90b3c2d4fd2c22bb066c5fff4068a7c0,not_in_sourcify,sourcify-v2,404,,,,,0,,,1,victim_trace,,21501847,,2026-08-24T10:12:37.407081+00:00
1:0xca90d843288e35beeadfce14e5f906e3f1afc7cb,mainnet,1,0xca90d843288e35beeadfce14e5f906e3f1afc7cb,not_in_sourcify,sourcify-v2,404,,,,,0,,,1,shared_attack_victim_trace;victim_trace,,21304654,,2026-08-24T10:12:37.679988+00:00
1:0xcaa004418eb42cdf00cb057b7c9e28f0ffd840a5,mainnet,1,0xcaa004418eb42cdf00cb057b7c9e28f0ffd840a5,source_found,sourcify-v2,200,contracts/JamUniswapV2Pair-mainnet-0xcaa004418eb42cdf00cb057b7c9e28f0ffd840a5,JamUniswapV2Pair,0.5.16+commit.9c3226ce,Solidity,1,match,False,2,shared_attack_victim_trace;trading_pair;victim_trace,,21323348;21392828,,2026-08-24T10:12:38.658463+00:00
1:0xcab3644bdeef0fdb41de86d386c967c5a31f172d,mainnet,1,0xcab3644bdeef0fdb41de86d386c967c5a31f172d,not_in_sourcify,sourcify-v2,404,,,,,0,,,1,victim_trace,,21308869,,2026-08-24T10:12:38.151526+00:00
1:0xcaefac1ea4dec8fd866cbc5b6dd3054f80d49b80,mainnet,1,0xcaefac1ea4dec8fd866cbc5b6dd3054f80d49b80,source_found,sourcify-v2,200,contracts/ThorSwapFacet-mainnet-0xcaefac1ea4dec8fd866cbc5b6dd3054f80d49b80,ThorSwapFacet,0.8.29+commit.ab55807c,Solidity,14,exact_match,False,4,proxy_implementation,ThorSwapFacet,,,2026-08-24T10:18:15.874903+00:00
1:0xcb253fa948135ab7dd220aad42ae38590650cd82,mainnet,1,0xcb253fa948135ab7dd220aad42ae38590650cd82,source_found,sourcify-v2,200,contracts/ExchangeAdapterRegistry-mainnet-0xcb253fa948135ab7dd220aad42ae38590650cd82,ExchangeAdapterRegistry,0.8.16+commit.07a7930e,Solidity,3,exact_match,False,1,victim_trace,,21313675,,2026-08-24T10:12:38.685438+00:00
1:0xcb30bc4a1175de202eb579c1e506e9277237d694,mainnet,1,0xcb30bc4a1175de202eb579c1e506e9277237d694,not_in_sourcify,sourcify-v2,404,,,,,0,,,1,victim_trace,,21304654,,2026-08-24T10:12:38.715140+00:00
1:0xcb50a91c0f12f439b8bf11e9474b9c1ed62bf7a3,mainnet,1,0xcb50a91c0f12f439b8bf11e9474b9c1ed62bf7a3,source_found,sourcify-v2,200,contracts/McdGenerate-mainnet-0xcb50a91c0f12f439b8bf11e9474b9c1ed62bf7a3,McdGenerate,0.8.10+commit.fc410830,Solidity,1,match,False,2,victim_trace,,21313468;21363251,,2026-08-24T10:12:39.693444+00:00
1:0xcb554b9c16bdb5e5fc421b6477cb42fac20e72b9,mainnet,1,0xcb554b9c16bdb5e5fc421b6477cb42fac20e72b9,source_found,sourcify-v2,200,contracts/VirtualBalanceRewardPool-mainnet-0xcb554b9c16bdb5e5fc421b6477cb42fac20e72b9,VirtualBalanceRewardPool,0.6.12+commit.27d51765,Solidity,34,exact_match,False,1,victim_trace,,21447928,,2026-08-24T10:12:40.635120+00:00
1:0xcb5c784dcf8ff342625dbc53b356ed0cbb0ebb9b,mainnet,1,0xcb5c784dcf8ff342625dbc53b356ed0cbb0ebb9b,source_found,sourcify-v2,200,contracts/AxelarGasService-mainnet-0xcb5c784dcf8ff342625dbc53b356ed0cbb0ebb9b,AxelarGasService,0.8.23+commit.f704f362,Solidity,15,exact_match,False,1,victim_trace,,21460992,,2026-08-24T10:12:41.963164+00:00
1:0xcb76314c2540199f4b844d4ebbc7998c604880ca,mainnet,1,0xcb76314c2540199f4b844d4ebbc7998c604880ca,source_found,sourcify-v2,200,contracts/Strawberry-mainnet-0xcb76314c2540199f4b844d4ebbc7998c604880ca,Strawberry,0.8.24+commit.e11b9ed9,Solidity,7,exact_match,False,1,victim_trace,,21485274,,2026-08-24T10:12:40.299790+00:00
1:0xcb859ea579b28e02b87a1fde08d087ab9dbe5149,mainnet,1,0xcb859ea579b28e02b87a1fde08d087ab9dbe5149,source_found,sourcify-v2,200,contracts/DODOApprove-mainnet-0xcb859ea579b28e02b87a1fde08d087ab9dbe5149,DODOApprove,0.6.9+commit.3e3065ac,Solidity,1,match,False,1,victim_trace,,21379211,,2026-08-24T10:12:40.284851+00:00
1:0xcbb7c0000ab88b473b1f5afd9ef808440eed33bf,mainnet,1,0xcbb7c0000ab88b473b1f5afd9ef808440eed33bf,source_found,sourcify-v2,200,contracts/FiatTokenProxy-mainnet-0xcbb7c0000ab88b473b1f5afd9ef808440eed33bf,FiatTokenProxy,0.6.12+commit.27d51765,Solidity,5,exact_match,True,2,shared_attack_victim_trace;victim_trace,,21335212;21357582,,2026-08-24T10:12:41.039200+00:00
1:0xcbbc981bd5b358d09a9346726115d3ac8822d00b,mainnet,1,0xcbbc981bd5b358d09a9346726115d3ac8822d00b,source_found,sourcify-v2,200,contracts/UniswapV3Pool-mainnet-0xcbbc981bd5b358d09a9346726115d3ac8822d00b,UniswapV3Pool,0.7.6+commit.7338295f,Solidity,96,match,False,1,victim_trace,,21360349,,2026-08-24T10:12:42.841365+00:00
1:0xcbc1be39ba277525e774976c61660f29fa75c5a4,mainnet,1,0xcbc1be39ba277525e774976c61660f29fa75c5a4,source_found,sourcify-v2,200,contracts/CurveTricryptoFactoryHandler-mainnet-0xcbc1be39ba277525e774976c61660f29fa75c5a4,CurveTricryptoFactoryHandler,0.3.10+commit.91361694,Vyper,1,match,False,1,victim_trace,,21504557,,2026-08-24T10:12:41.212748+00:00
1:0xcbc9b61177444a793b85442d3a953b90f6170b7d,mainnet,1,0xcbc9b61177444a793b85442d3a953b90f6170b7d,source_found,sourcify-v2,200,contracts/BeaconProxy-mainnet-0xcbc9b61177444a793b85442d3a953b90f6170b7d,BeaconProxy,0.8.24+commit.e11b9ed9,Solidity,1,exact_match,True,1,victim_trace,,21481165,,2026-08-24T10:12:41.369992+00:00
1:0xcbde0453d4e7d748077c1b0ac2216c011dd2f406,mainnet,1,0xcbde0453d4e7d748077c1b0ac2216c011dd2f406,source_found,sourcify-v2,200,contracts/TERMINUS-mainnet-0xcbde0453d4e7d748077c1b0ac2216c011dd2f406,TERMINUS,0.8.23+commit.f704f362,Solidity,1,exact_match,False,1,shared_attack_victim_trace;victim_trace,,21378116,,2026-08-24T10:12:41.997049+00:00
1:0xcc073e12fe8d8035389954bf2bf6c3aacadadc39,mainnet,1,0xcc073e12fe8d8035389954bf2bf6c3aacadadc39,source_found,sourcify-v2,200,contracts/CompV3Supply-mainnet-0xcc073e12fe8d8035389954bf2bf6c3aacadadc39,CompV3Supply,0.8.10+commit.fc410830,Solidity,1,match,False,1,victim_trace,,21307275,,2026-08-24T10:12:42.146119+00:00
1:0xcc331daf69752bece3dc98dbc63eacd5092266a2,mainnet,1,0xcc331daf69752bece3dc98dbc63eacd5092266a2,source_found,sourcify-v2,200,contracts/FluidLiquidityDummyImpl-mainnet-0xcc331daf69752bece3dc98dbc63eacd5092266a2,FluidLiquidityDummyImpl,0.8.29+commit.ab55807c,Solidity,4,exact_match,False,2,proxy_implementation,FluidLiquidityDummyImpl,,,2026-08-24T10:18:16.326754+00:00
1:0xcc64e129d2a80adee32d9bf2bcbecf0e9226bfa6,mainnet,1,0xcc64e129d2a80adee32d9bf2bcbecf0e9226bfa6,source_found,sourcify-v2,200,contracts/DiamondCutFacet-mainnet-0xcc64e129d2a80adee32d9bf2bcbecf0e9226bfa6,DiamondCutFacet,0.8.17+commit.8df45f5f,Solidity,6,exact_match,False,1,proxy_implementation,DiamondCutFacet,,,2026-08-24T10:18:17.899773+00:00
1:0xcc6f7439147338e0401a76db978d7d0ca6e5bfee,mainnet,1,0xcc6f7439147338e0401a76db978d7d0ca6e5bfee,source_found,sourcify-v2,200,contracts/UniswapV2Pair-mainnet-0xcc6f7439147338e0401a76db978d7d0ca6e5bfee,UniswapV2Pair,0.5.16+commit.9c3226ce,Solidity,1,match,False,2,shared_attack_victim_trace;trading_pair;victim_trace,,21323348;21325864,,2026-08-24T10:12:42.515535+00:00
1:0xcc9ee9483f662091a1de4795249e24ac0ac2630f,mainnet,1,0xcc9ee9483f662091a1de4795249e24ac0ac2630f,source_found,sourcify-v2,200,contracts/InitializableImmutableAdminUpgradeabilityProxy-mainnet-0xcc9ee9483f662091a1de4795249e24ac0ac2630f,InitializableImmutableAdminUpgradeabilityProxy,0.8.10+commit.fc410830,Solidity,6,exact_match,True,1,victim_trace,,21357582,,2026-08-24T10:12:42.429293+00:00
1:0xccb1cfc9caa2b73a82ad23a9b3219da900485880,mainnet,1,0xccb1cfc9caa2b73a82ad23a9b3219da900485880,source_found,sourcify-v2,200,contracts/NFTXInventoryStaking-mainnet-0xccb1cfc9caa2b73a82ad23a9b3219da900485880,NFTXInventoryStaking,0.8.4+commit.c7e474f2,Solidity,19,exact_match,False,1,victim_trace,,21320028,,2026-08-24T10:12:43.400060+00:00
1:0xccc8cb5229b0ac8069c51fd58367fd1e622afd97,mainnet,1,0xccc8cb5229b0ac8069c51fd58367fd1e622afd97,source_found,sourcify-v2,200,contracts/GODS-mainnet-0xccc8cb5229b0ac8069c51fd58367fd1e622afd97,GODS,0.8.0+commit.c7dfd78e,Solidity,8,exact_match,False,1,shared_attack_victim_trace;victim_trace,,21356992,,2026-08-24T10:12:43.188341+00:00
1:0xcd29a689eb1fd7f333dbe6855dcdd38796f78567,mainnet,1,0xcd29a689eb1fd7f333dbe6855dcdd38796f78567,source_found,sourcify-v2,200,contracts/StructuredLinkedList-mainnet-0xcd29a689eb1fd7f333dbe6855dcdd38796f78567,StructuredLinkedList,0.8.17+commit.8df45f5f,Solidity,1,match,False,2,victim_trace,,21447928;21504557,,2026-08-24T10:12:43.033066+00:00
1:0xcd5fe23c85820f7b72d0926fc9b05b43e359b7ee,mainnet,1,0xcd5fe23c85820f7b72d0926fc9b05b43e359b7ee,source_found,sourcify-v2,200,contracts/UUPSProxy-mainnet-0xcd5fe23c85820f7b72d0926fc9b05b43e359b7ee,UUPSProxy,0.8.13+commit.abaa5c0e,Solidity,8,exact_match,True,3,shared_attack_victim_trace;victim_trace,,21325864;21447928;21504557,,2026-08-24T10:12:44.350297+00:00
1:0xcd846f619a3d83730f5bef28976ed8cd64e374bd,mainnet,1,0xcd846f619a3d83730f5bef28976ed8cd64e374bd,not_in_sourcify,sourcify-v2,404,,,,,0,,,3,victim_trace,,21302296;21302391;21302398,,2026-08-24T10:12:43.173263+00:00
1:0xcd8875014ac31fcbea5890d79834c90033518192,mainnet,1,0xcd8875014ac31fcbea5890d79834c90033518192,source_found,sourcify-v2,200,contracts/AdminFacet-mainnet-0xcd8875014ac31fcbea5890d79834c90033518192,AdminFacet,0.8.22+commit.4fc1097e,Solidity,8,match,False,19,proxy_implementation,AdminFacet,,,2026-08-24T10:18:18.282950+00:00
1:0xcdb4a8742ed7d0259b51e3454c46c9d6c48d5e88,mainnet,1,0xcdb4a8742ed7d0259b51e3454c46c9d6c48d5e88,source_found,sourcify-v2,200,contracts/GPTProtocol-mainnet-0xcdb4a8742ed7d0259b51e3454c46c9d6c48d5e88,GPTProtocol,0.8.19+commit.7dd6d404,Solidity,6,match,False,1,victim_trace,,21442409,,2026-08-24T10:12:44.898091+00:00
1:0xcdb863bfefa32d7eb05317e6ba8425a3e8f2ea84,mainnet,1,0xcdb863bfefa32d7eb05317e6ba8425a3e8f2ea84,not_in_sourcify,sourcify-v2,404,,,,,0,,,1,victim_trace,,21454032,,2026-08-24T10:12:43.731696+00:00
1:0xcde3eb49d53d932c605efbc1bc425c6affa5eac2,mainnet,1,0xcde3eb49d53d932c605efbc1bc425c6affa5eac2,not_in_sourcify,sourcify-v2,404,,,,,0,,,4,victim_trace,,21325864;21342331;21428934;21442669,,2026-08-24T10:12:43.899448+00:00
1:0xce0e626058d3e0718d3dc5cc248df17acb5cc9c2,mainnet,1,0xce0e626058d3e0718d3dc5cc248df17acb5cc9c2,source_found,sourcify-v2,200,contracts/FastTransferGateway-mainnet-0xce0e626058d3e0718d3dc5cc248df17acb5cc9c2,FastTransferGateway,0.8.25+commit.b61c2a91,Solidity,22,exact_match,False,1,victim_trace,,21355730,,2026-08-24T10:12:45.984997+00:00
1:0xce16f69375520ab01377ce7b88f5ba8c48f8d666,mainnet,1,0xce16f69375520ab01377ce7b88f5ba8c48f8d666,source_found,sourcify-v2,200,contracts/SquidRouterProxy-mainnet-0xce16f69375520ab01377ce7b88f5ba8c48f8d666,SquidRouterProxy,0.8.17+commit.8df45f5f,Solidity,25,exact_match,True,1,victim_top_level;victim_trace,,21460992,,2026-08-24T10:12:45.218187+00:00
1:0xce52856e4d95220389350a822c60779d0d921e30,mainnet,1,0xce52856e4d95220389350a822c60779d0d921e30,source_found,sourcify-v2,200,contracts/EmergencyPauseFacet-mainnet-0xce52856e4d95220389350a822c60779d0d921e30,EmergencyPauseFacet,0.8.29+commit.ab55807c,Solidity,9,match,False,4,proxy_implementation,EmergencyPauseFacet,,,2026-08-24T10:18:19.142597+00:00
1:0xce56012e880851baa234cd092af516a0fca9cfe3,mainnet,1,0xce56012e880851baa234cd092af516a0fca9cfe3,source_found,blockscout-v2-fallback,200,contracts/DeBridgeRouter-mainnet-0xce56012e880851baa234cd092af516a0fca9cfe3,DeBridgeRouter,v0.8.28+commit.7893614a,solidity,59,blockscout_verified,False,1,proxy_implementation,,,,2026-08-24T10:18:18.282560+00:00
1:0xce57c3984a549f28b5173ebae96d3e662f3760a7,mainnet,1,0xce57c3984a549f28b5173ebae96d3e662f3760a7,not_in_sourcify,sourcify-v2,404,,,,,0,,,4,victim_trace,,21429278;21432613;21433713;21447928,,2026-08-24T10:12:44.984604+00:00
1:0xce7a977cac4a481bc84ac06b2da0df614e621cf3,mainnet,1,0xce7a977cac4a481bc84ac06b2da0df614e621cf3,source_found,sourcify-v2,200,contracts/DefisaverLogger-mainnet-0xce7a977cac4a481bc84ac06b2da0df614e621cf3,DefisaverLogger,0.8.10+commit.fc410830,Solidity,1,match,False,10,victim_trace,,21307275;21313468;21322552;21337846;21348336;21352108;21363251;21410530;21432613;21494726,,2026-08-24T10:12:45.048440+00:00
1:0xce88686553686da562ce7cea497ce749da109f9f,mainnet,1,0xce88686553686da562ce7cea497ce749da109f9f,source_found,sourcify-v2,200,contracts/ProtocolFeesCollector-mainnet-0xce88686553686da562ce7cea497ce749da109f9f,ProtocolFeesCollector,0.7.1+commit.f4a555be,Solidity,15,match,False,2,victim_trace,,21335212;21447928,,2026-08-24T10:12:45.598883+00:00
1:0xcedd366065a146a039b92db35756ecd7688fcc77,mainnet,1,0xcedd366065a146a039b92db35756ecd7688fcc77,source_found,sourcify-v2,200,contracts/EtherVistaRouter-mainnet-0xcedd366065a146a039b92db35756ecd7688fcc77,EtherVistaRouter,0.6.6+commit.6c089d02,Solidity,2,exact_match,False,1,shared_attack_victim_trace;victim_top_level;victim_trace,,21304654,,2026-08-24T10:12:47.209961+00:00
1:0xceff51756c56ceffca006cd410b03ffc46dd3a58,mainnet,1,0xceff51756c56ceffca006cd410b03ffc46dd3a58,source_found,sourcify-v2,200,contracts/UniswapV2Pair-mainnet-0xceff51756c56ceffca006cd410b03ffc46dd3a58,UniswapV2Pair,0.6.12+commit.27d51765,Solidity,1,match,False,1,victim_trace,,21313675,,2026-08-24T10:12:47.306449+00:00
1:0xcf3f7d858444f78ed16a339fed8c3fd9819ec235,mainnet,1,0xcf3f7d858444f78ed16a339fed8c3fd9819ec235,source_found,sourcify-v2,200,contracts/JamUniswapV2Pair-mainnet-0xcf3f7d858444f78ed16a339fed8c3fd9819ec235,JamUniswapV2Pair,0.5.16+commit.9c3226ce,Solidity,1,match,False,1,shared_attack_victim_trace;trading_pair;victim_trace,,21494726,,2026-08-24T10:12:46.636232+00:00
1:0xcf5540fffcdc3d510b18bfca6d2b9987b0772559,mainnet,1,0xcf5540fffcdc3d510b18bfca6d2b9987b0772559,source_found,sourcify-v2,200,contracts/OdosRouterV2-mainnet-0xcf5540fffcdc3d510b18bfca6d2b9987b0772559,OdosRouterV2,0.8.8+commit.dddeac2f,Solidity,1,match,False,7,victim_top_level;victim_trace,,21301621;21322741;21363436;21415913;21464031;21499181;21510296,,2026-08-24T10:12:47.203202+00:00
1:0xcf8d0c70c850859266f5c338b38f9d663181c314,mainnet,1,0xcf8d0c70c850859266f5c338b38f9d663181c314,source_found,sourcify-v2,200,contracts/InitializableImmutableAdminUpgradeabilityProxy-mainnet-0xcf8d0c70c850859266f5c338b38f9d663181c314,InitializableImmutableAdminUpgradeabilityProxy,0.8.10+commit.fc410830,Solidity,6,exact_match,True,3,victim_trace,,21357582;21442669;21494726,,2026-08-24T10:12:47.927883+00:00
1:0xcf91b70017eabde82c9671e30e5502d312ea6eb2,mainnet,1,0xcf91b70017eabde82c9671e30e5502d312ea6eb2,source_found,sourcify-v2,200,contracts/puppies-mainnet-0xcf91b70017eabde82c9671e30e5502d312ea6eb2,puppies,0.8.23+commit.f704f362,Solidity,1,match,False,2,shared_attack_victim_trace;victim_trace,,21309126;21432613,,2026-08-24T10:12:47.508867+00:00
1:0xcfbf336fe147d643b9cb705648500e101504b16d,mainnet,1,0xcfbf336fe147d643b9cb705648500e101504b16d,source_found,sourcify-v2,200,contracts/PoolAddressesProvider-mainnet-0xcfbf336fe147d643b9cb705648500e101504b16d,PoolAddressesProvider,0.8.19+commit.7dd6d404,Solidity,10,match,False,1,victim_trace,,21454349,,2026-08-24T10:12:47.657675+00:00
1:0xcff252a3299be44fa73402966f30a0159308b2ad,mainnet,1,0xcff252a3299be44fa73402966f30a0159308b2ad,source_found,sourcify-v2,200,contracts/ENVOYAI-mainnet-0xcff252a3299be44fa73402966f30a0159308b2ad,ENVOYAI,0.8.23+commit.f704f362,Solidity,1,match,False,1,shared_attack_victim_trace;victim_trace,,21398236,,2026-08-24T10:12:47.833575+00:00
1:0xd02fe65f8bc8eb870dd337a85c0dd6518a912204,mainnet,1,0xd02fe65f8bc8eb870dd337a85c0dd6518a912204,source_found,sourcify-v2,200,contracts/GnosisSafeProxy-mainnet-0xd02fe65f8bc8eb870dd337a85c0dd6518a912204,GnosisSafeProxy,0.7.6+commit.7338295f,Solidity,1,match,True,1,victim_top_level;victim_trace,,21373643,,2026-08-24T10:12:47.700804+00:00
1:0xd072ff8184e873a938cb15b20f2ad5cc1a02d8bf,mainnet,1,0xd072ff8184e873a938cb15b20f2ad5cc1a02d8bf,source_found,sourcify-v2,200,contracts/PoolLogic-mainnet-0xd072ff8184e873a938cb15b20f2ad5cc1a02d8bf,PoolLogic,0.8.10+commit.fc410830,Solidity,33,match,False,1,victim_trace,,21322552,,2026-08-24T10:12:50.056544+00:00
1:0xd110cac5d8682a3b045d5524a9903e031d70fccd,mainnet,1,0xd110cac5d8682a3b045d5524a9903e031d70fccd,source_found,sourcify-v2,200,contracts/GhoOracle-mainnet-0xd110cac5d8682a3b045d5524a9903e031d70fccd,GhoOracle,0.8.10+commit.fc410830,Solidity,1,exact_match,False,2,victim_trace,,21333683;21414148,,2026-08-24T10:12:49.008241+00:00
1:0xd12c3f807f5b84372b5660eb4eb55702b0ab7097,mainnet,1,0xd12c3f807f5b84372b5660eb4eb55702b0ab7097,source_found,sourcify-v2,200,contracts/UniswapV2Pair-mainnet-0xd12c3f807f5b84372b5660eb4eb55702b0ab7097,UniswapV2Pair,0.5.16+commit.9c3226ce,Solidity,1,match,False,1,shared_attack_victim_trace;trading_pair;victim_trace,,21462778,,2026-08-24T10:12:49.090318+00:00
1:0xd1373e7ffc30486079f7215b90c49c2251c0d8f8,mainnet,1,0xd1373e7ffc30486079f7215b90c49c2251c0d8f8,source_found,sourcify-v2,200,contracts/SquidRouter-mainnet-0xd1373e7ffc30486079f7215b90c49c2251c0d8f8,SquidRouter,0.8.23+commit.f704f362,Solidity,40,exact_match,False,1,victim_trace,,21460992,,2026-08-24T10:12:50.896924+00:00
1:0xd17b3c9784510e33cd5b87b490e79253bcd81e2e,mainnet,1,0xd17b3c9784510e33cd5b87b490e79253bcd81e2e,source_found,sourcify-v2,200,contracts/Proxy-mainnet-0xd17b3c9784510e33cd5b87b490e79253bcd81e2e,Proxy,0.7.6+commit.7338295f,Solidity,1,exact_match,True,1,victim_top_level;victim_trace,,21301621,,2026-08-24T10:12:49.167672+00:00
1:0xd1853218db7e0d3ace181e34e82b848a0248573e,mainnet,1,0xd1853218db7e0d3ace181e34e82b848a0248573e,source_found,sourcify-v2,200,contracts/UniswapV2Pair-mainnet-0xd1853218db7e0d3ace181e34e82b848a0248573e,UniswapV2Pair,0.5.16+commit.9c3226ce,Solidity,1,match,False,1,shared_attack_victim_trace;trading_pair;victim_trace,,21460992,,2026-08-24T10:12:49.817431+00:00
1:0xd18bac6d95119237b225db48ec29155a8cd08743,mainnet,1,0xd18bac6d95119237b225db48ec29155a8cd08743,source_found,sourcify-v2,200,contracts/AutopoolDebt-mainnet-0xd18bac6d95119237b225db48ec29155a8cd08743,AutopoolDebt,0.8.17+commit.8df45f5f,Solidity,54,match,False,2,victim_trace,,21447928;21504557,,2026-08-24T10:12:52.184419+00:00
1:0xd1901dd36cbf4a81386d0162df2707f7ddb60527,mainnet,1,0xd1901dd36cbf4a81386d0162df2707f7ddb60527,not_in_sourcify,sourcify-v2,404,,,,,0,,,4,proxy_implementation,,,,2026-08-24T10:25:43.110199+00:00
1:0xd1ca1f4dbb645710f5d5a9917aa984a47524f49a,mainnet,1,0xd1ca1f4dbb645710f5d5a9917aa984a47524f49a,source_found,sourcify-v2,200,contracts/BKSwapRouter-mainnet-0xd1ca1f4dbb645710f5d5a9917aa984a47524f49a,BKSwapRouter,0.8.17+commit.8df45f5f,Solidity,13,exact_match,False,1,victim_top_level;victim_trace,,21308869,,2026-08-24T10:12:51.528088+00:00
1:0xd1e668ea38c68740eec6ebad453a082211c98709,mainnet,1,0xd1e668ea38c68740eec6ebad453a082211c98709,source_found,sourcify-v2,200,contracts/ConvexCalculator-mainnet-0xd1e668ea38c68740eec6ebad453a082211c98709,ConvexCalculator,0.8.17+commit.8df45f5f,Solidity,66,exact_match,False,1,victim_trace,,21504557,,2026-08-24T10:12:51.935696+00:00
1:0xd1f2586790a5bd6da1e443441df53af6ec213d83,mainnet,1,0xd1f2586790a5bd6da1e443441df53af6ec213d83,source_found,sourcify-v2,200,contracts/Ledger-mainnet-0xd1f2586790a5bd6da1e443441df53af6ec213d83,Ledger,0.8.23+commit.f704f362,Solidity,17,exact_match,False,1,shared_attack_victim_trace;victim_trace,,21842016,,2026-08-24T10:12:52.753709+00:00
1:0xd1faf8baca90e86d2b12650173e972526c48a7cc,mainnet,1,0xd1faf8baca90e86d2b12650173e972526c48a7cc,source_found,sourcify-v2,200,contracts/PancakeV3LmPool-mainnet-0xd1faf8baca90e86d2b12650173e972526c48a7cc,PancakeV3LmPool,0.7.6+commit.7338295f,Solidity,19,exact_match,False,1,victim_trace,,21311832,,2026-08-24T10:12:51.208305+00:00
1:0xd20c024560cca40288c05bab650ac087ae9b0f6e,mainnet,1,0xd20c024560cca40288c05bab650ac087ae9b0f6e,source_found,sourcify-v2,200,contracts/BatchTrade-mainnet-0xd20c024560cca40288c05bab650ac087ae9b0f6e,BatchTrade,0.8.16+commit.07a7930e,Solidity,15,exact_match,False,1,victim_trace,,21313675,,2026-08-24T10:12:52.053770+00:00
1:0xd22c061a1ee043c75f642fcfb643f9541997fb85,mainnet,1,0xd22c061a1ee043c75f642fcfb643f9541997fb85,source_found,sourcify-v2,200,contracts/VaultProxy-mainnet-0xd22c061a1ee043c75f642fcfb643f9541997fb85,VaultProxy,0.6.12+commit.27d51765,Solidity,138,exact_match,True,1,victim_trace,,21313675,,2026-08-24T10:12:52.532143+00:00
1:0xd288755556c235afffb6316702719c32bd8706e8,mainnet,1,0xd288755556c235afffb6316702719c32bd8706e8,source_found,sourcify-v2,200,contracts/PendleSUSDESY-mainnet-0xd288755556c235afffb6316702719c32bd8706e8,PendleSUSDESY,0.8.24+commit.e11b9ed9,Solidity,36,exact_match,False,1,victim_trace,,21510296,,2026-08-24T10:12:53.279626+00:00
1:0xd293d05e83035a757d510e2a5ebfe705c4f05b1f,mainnet,1,0xd293d05e83035a757d510e2a5ebfe705c4f05b1f,source_found,sourcify-v2,200,contracts/UniswapV2Pair-mainnet-0xd293d05e83035a757d510e2a5ebfe705c4f05b1f,UniswapV2Pair,0.5.16+commit.9c3226ce,Solidity,1,match,False,6,shared_attack_victim_trace;trading_pair;victim_trace,,21317106;21317119;21317122;21317124;21317129;21403029,,2026-08-24T10:12:52.636182+00:00
1:0xd29f8980852c2c76fc3f6e96a7aa06e0bedcc1b1,mainnet,1,0xd29f8980852c2c76fc3f6e96a7aa06e0bedcc1b1,source_found,sourcify-v2,200,contracts/CurveStableSwapNG-mainnet-0xd29f8980852c2c76fc3f6e96a7aa06e0bedcc1b1,CurveStableSwapNG,0.3.10+commit.91361694,Vyper,1,match,False,1,victim_trace,,21510296,,2026-08-24T10:12:53.414172+00:00
1:0xd2a52f45c74b358abe1428bc43f0ce9ddf130780,mainnet,1,0xd2a52f45c74b358abe1428bc43f0ce9ddf130780,not_in_sourcify,sourcify-v2,404,,,,,0,,,1,victim_trace,,21485274,,2026-08-24T10:12:52.653430+00:00
1:0xd2c99a9cf5af26cc7e7ccd81a117f62e06c568ac,mainnet,1,0xd2c99a9cf5af26cc7e7ccd81a117f62e06c568ac,not_in_sourcify,sourcify-v2,404,,,,,0,,,1,victim_trace,,21381665,,2026-08-24T10:12:53.736521+00:00
1:0xd300c31a23c2300c601a44da8e3df36c4e1b78c5,mainnet,1,0xd300c31a23c2300c601a44da8e3df36c4e1b78c5,source_found,sourcify-v2,200,contracts/UniswapV2Pair-mainnet-0xd300c31a23c2300c601a44da8e3df36c4e1b78c5,UniswapV2Pair,0.5.16+commit.9c3226ce,Solidity,10,match,False,3,shared_attack_victim_trace;trading_pair;victim_trace,,21307539;21360349;21454713,,2026-08-24T10:12:53.885003+00:00
1:0xd31a59c85ae9d8edefec411d448f90841571b89c,mainnet,1,0xd31a59c85ae9d8edefec411d448f90841571b89c,source_found,sourcify-v2,200,contracts/BridgeToken-mainnet-0xd31a59c85ae9d8edefec411d448f90841571b89c,BridgeToken,0.8.4+commit.c7e474f2,Solidity,7,match,True,1,victim_trace,,21313675,,2026-08-24T10:12:54.048912+00:00
1:0xd37a6aa3d8460bd2b6536d608103d880695a23cd,mainnet,1,0xd37a6aa3d8460bd2b6536d608103d880695a23cd,source_found,sourcify-v2,200,contracts/BoostDelegationV3-mainnet-0xd37a6aa3d8460bd2b6536d608103d880695a23cd,BoostDelegationV3,0.3.10+commit.91361694,Vyper,1,match,False,1,victim_trace,,21504557,,2026-08-24T10:12:54.094590+00:00
1:0xd38b839b70f607b7147c1190e4ec15cd32b06c3e,mainnet,1,0xd38b839b70f607b7147c1190e4ec15cd32b06c3e,source_found,sourcify-v2,200,contracts/GnosisSafeProxy-mainnet-0xd38b839b70f607b7147c1190e4ec15cd32b06c3e,GnosisSafeProxy,0.7.6+commit.7338295f,Solidity,1,match,True,1,victim_top_level;victim_trace,,21460192,,2026-08-24T10:12:54.217090+00:00
1:0xd3b09cae7ced7727c23c07486077ef7f97c878c2,mainnet,1,0xd3b09cae7ced7727c23c07486077ef7f97c878c2,source_found,sourcify-v2,200,contracts/ComptrollerProxy-mainnet-0xd3b09cae7ced7727c23c07486077ef7f97c878c2,ComptrollerProxy,0.6.12+commit.27d51765,Solidity,2,exact_match,True,1,victim_trace,,21313675,,2026-08-24T10:18:20.023690+00:00
1:0xd3e87d6b69d09527624919d6d68868331ae39df6,mainnet,1,0xd3e87d6b69d09527624919d6d68868331ae39df6,source_found,sourcify-v2,200,contracts/CompV3Borrow-mainnet-0xd3e87d6b69d09527624919d6d68868331ae39df6,CompV3Borrow,0.8.10+commit.fc410830,Solidity,1,match,False,1,victim_trace,,21307275,,2026-08-24T10:18:20.350305+00:00
1:0xd3f64baa732061f8b3626ee44bab354f854877ac,mainnet,1,0xd3f64baa732061f8b3626ee44bab354f854877ac,source_found,sourcify-v2,200,contracts/TransparentUpgradeableProxy-mainnet-0xd3f64baa732061f8b3626ee44bab354f854877ac,TransparentUpgradeableProxy,0.8.2+commit.661d1103,Solidity,15,exact_match,True,2,victim_top_level;victim_trace,,21308869;21360349,,2026-08-24T10:18:21.006960+00:00
1:0xd486fe27aab0b3cad1462d767292dd7a84f06e58,mainnet,1,0xd486fe27aab0b3cad1462d767292dd7a84f06e58,source_found,sourcify-v2,200,contracts/CLSynchronicityPriceAdapterBaseToPeg-mainnet-0xd486fe27aab0b3cad1462d767292dd7a84f06e58,CLSynchronicityPriceAdapterBaseToPeg,0.8.21+commit.d9974bed,Solidity,3,exact_match,False,1,victim_trace,,21439930,,2026-08-24T10:18:21.230552+00:00
1:0xd48a39a087fc4dd152867c5059c2667ec5fa0e4d,mainnet,1,0xd48a39a087fc4dd152867c5059c2667ec5fa0e4d,source_found,sourcify-v2,200,contracts/CurveV1PoolNoRebasingStatsCalculator-mainnet-0xd48a39a087fc4dd152867c5059c2667ec5fa0e4d,CurveV1PoolNoRebasingStatsCalculator,0.8.17+commit.8df45f5f,Solidity,65,exact_match,False,1,victim_trace,,21504557,,2026-08-24T10:18:25.535009+00:00
1:0xd4e7a6e2d03e4e48dfc27dd3f46df1c176647e38,mainnet,1,0xd4e7a6e2d03e4e48dfc27dd3f46df1c176647e38,source_found,sourcify-v2,200,contracts/UniswapV2Pair-mainnet-0xd4e7a6e2d03e4e48dfc27dd3f46df1c176647e38,UniswapV2Pair,0.6.12+commit.27d51765,Solidity,1,match,False,1,victim_trace,,21420182,,2026-08-24T10:18:22.917270+00:00
1:0xd51a44d3fae010294c616388b506acda1bfaae46,mainnet,1,0xd51a44d3fae010294c616388b506acda1bfaae46,source_found,sourcify-v2,200,contracts/Vyper_contract-mainnet-0xd51a44d3fae010294c616388b506acda1bfaae46,Vyper_contract,0.2.12+commit.2c6842c,Vyper,1,match,False,1,victim_trace,,21360349,,2026-08-24T10:18:24.767732+00:00
1:0xd533a949740bb3306d119cc777fa900ba034cd52,mainnet,1,0xd533a949740bb3306d119cc777fa900ba034cd52,source_found,sourcify-v2,200,contracts/Vyper_contract-mainnet-0xd533a949740bb3306d119cc777fa900ba034cd52,Vyper_contract,0.2.4+commit.7949850,Vyper,1,match,False,5,shared_attack_victim_trace;victim_trace,,21304987;21313675;21415780;21420182;21504557,,2026-08-24T10:18:24.177530+00:00
1:0xd56e4eab23cb81f43168f9f45211eb027b9ac7cc,mainnet,1,0xd56e4eab23cb81f43168f9f45211eb027b9ac7cc,source_found,sourcify-v2,200,contracts/VerifierNetwork-mainnet-0xd56e4eab23cb81f43168f9f45211eb027b9ac7cc,VerifierNetwork,0.8.19+commit.7dd6d404,Solidity,31,match,False,1,victim_trace,,21338761,,2026-08-24T10:18:27.350477+00:00
1:0xd5c7176ec638ef466c2fee761762d9eab673997d,mainnet,1,0xd5c7176ec638ef466c2fee761762d9eab673997d,source_found,sourcify-v2,200,contracts/RangoAcrossMiddleware-mainnet-0xd5c7176ec638ef466c2fee761762d9eab673997d,RangoAcrossMiddleware,0.8.25+commit.b61c2a91,Solidity,18,exact_match,False,1,victim_trace,,21495693,,2026-08-24T10:18:27.785803+00:00
1:0xd5ec61bca0af24ad06be431585a0920142c98890,mainnet,1,0xd5ec61bca0af24ad06be431585a0920142c98890,source_found,sourcify-v2,200,contracts/ConveyorRouterV1-mainnet-0xd5ec61bca0af24ad06be431585a0920142c98890,ConveyorRouterV1,0.8.21+commit.d9974bed,Solidity,23,match,False,1,victim_top_level;victim_trace,,21433713,,2026-08-24T10:18:27.269514+00:00
1:0xd6203889c22d9fe5e938a9200f50fdffe9dd8e02,mainnet,1,0xd6203889c22d9fe5e938a9200f50fdffe9dd8e02,source_found,sourcify-v2,200,contracts/STRATEGICBITCOINRESERVE-mainnet-0xd6203889c22d9fe5e938a9200f50fdffe9dd8e02,STRATEGICBITCOINRESERVE,0.8.28+commit.7893614a,Solidity,1,match,False,2,shared_attack_victim_trace;victim_trace,,21323348;21325864,,2026-08-24T10:18:27.313453+00:00
1:0xd667fd12ed4a084427186c2a8a72331934af2561,mainnet,1,0xd667fd12ed4a084427186c2a8a72331934af2561,not_in_sourcify,sourcify-v2,404,,,,,0,,,1,victim_trace,,21429278,,2026-08-24T10:18:28.001399+00:00
1:0xd69e5ea7458abff098e9240f81f733898535c7a0,mainnet,1,0xd69e5ea7458abff098e9240f81f733898535c7a0,source_found,sourcify-v2,200,contracts/GlacisFacet-mainnet-0xd69e5ea7458abff098e9240f81f733898535c7a0,GlacisFacet,0.8.29+commit.ab55807c,Solidity,17,exact_match,False,4,proxy_implementation,GlacisFacet,,,2026-08-24T10:18:30.179856+00:00
1:0xd6b2f415bbe91255167da2c96b7412b15b18e761,mainnet,1,0xd6b2f415bbe91255167da2c96b7412b15b18e761,source_found,sourcify-v2,200,contracts/SharpeAI-mainnet-0xd6b2f415bbe91255167da2c96b7412b15b18e761,SharpeAI,0.8.20+commit.a1b79de6,Solidity,28,exact_match,False,1,shared_attack_victim_trace;victim_trace,,21475529,,2026-08-24T10:18:33.094570+00:00
1:0xd6e13a57fa2781104ee3447f5265a70511225109,mainnet,1,0xd6e13a57fa2781104ee3447f5265a70511225109,source_found,sourcify-v2,200,contracts/InstaFluidFlashAggregator-mainnet-0xd6e13a57fa2781104ee3447f5265a70511225109,InstaFluidFlashAggregator,0.8.18+commit.87f61d96,Solidity,8,exact_match,False,1,proxy_implementation,InstaFluidFlashAggregator,,,2026-08-24T10:25:45.427677+00:00
1:0xd6e420f6b1c4035ffd566963301b92067a8c34cd,mainnet,1,0xd6e420f6b1c4035ffd566963301b92067a8c34cd,source_found,sourcify-v2,200,contracts/UniswapV3Pool-mainnet-0xd6e420f6b1c4035ffd566963301b92067a8c34cd,UniswapV3Pool,0.7.6+commit.7338295f,Solidity,96,match,False,1,shared_attack_victim_trace;trading_pair;victim_trace,,21454713,,2026-08-24T10:18:34.565463+00:00
1:0xd71da6caba81c7d5c3314a72a5387d9a66508a4a,mainnet,1,0xd71da6caba81c7d5c3314a72a5387d9a66508a4a,source_found,sourcify-v2,200,contracts/SummaryStats-mainnet-0xd71da6caba81c7d5c3314a72a5387d9a66508a4a,SummaryStats,0.8.17+commit.8df45f5f,Solidity,60,match,False,2,victim_trace,,21447928;21504557,,2026-08-24T10:18:32.133177+00:00
1:0xd75c9768c8ec003b792afac35d0bbacb44b5e500,mainnet,1,0xd75c9768c8ec003b792afac35d0bbacb44b5e500,source_found,sourcify-v2,200,contracts/ERC1967Proxy-mainnet-0xd75c9768c8ec003b792afac35d0bbacb44b5e500,ERC1967Proxy,0.8.19+commit.7dd6d404,Solidity,7,exact_match,True,1,victim_trace,,21471722,,2026-08-24T10:13:26.144249+00:00
1:0xd76d3bc1e2d5954de690cd9987cc073458ec0e0d,mainnet,1,0xd76d3bc1e2d5954de690cd9987cc073458ec0e0d,source_found,sourcify-v2,200,contracts/UniswapV2Pair-mainnet-0xd76d3bc1e2d5954de690cd9987cc073458ec0e0d,UniswapV2Pair,0.5.16+commit.9c3226ce,Solidity,1,match,False,1,shared_attack_victim_trace;trading_pair;victim_trace,,21485224,,2026-08-24T10:13:26.939381+00:00
1:0xd784927ff2f95ba542bfc824c8a8a98f3495f6b5,mainnet,1,0xd784927ff2f95ba542bfc824c8a8a98f3495f6b5,source_found,sourcify-v2,200,contracts/InitializableImmutableAdminUpgradeabilityProxy-mainnet-0xd784927ff2f95ba542bfc824c8a8a98f3495f6b5,InitializableImmutableAdminUpgradeabilityProxy,0.6.12+commit.27d51765,Solidity,1,match,True,2,victim_trace,,21357447;21439930,,2026-08-24T10:13:23.282267+00:00
1:0xd7852e139a7097e119623de0751ae53a61efb442,mainnet,1,0xd7852e139a7097e119623de0751ae53a61efb442,source_found,sourcify-v2,200,contracts/ParaSwapDebtSwapAdapterV3GHO-mainnet-0xd7852e139a7097e119623de0751ae53a61efb442,ParaSwapDebtSwapAdapterV3GHO,0.8.10+commit.fc410830,Solidity,31,exact_match,False,1,victim_top_level;victim_trace,,21333683,,2026-08-24T10:13:24.142645+00:00
1:0xd7b0610db501b15bfb9b7ddad8b3869de262a327,mainnet,1,0xd7b0610db501b15bfb9b7ddad8b3869de262a327,source_found,sourcify-v2,200,contracts/ValueInterpreter-mainnet-0xd7b0610db501b15bfb9b7ddad8b3869de262a327,ValueInterpreter,0.6.12+commit.27d51765,Solidity,13,exact_match,False,4,victim_trace,,21313675;21332614;21381403;21493359,,2026-08-24T10:13:24.433656+00:00
1:0xd7bd9b248b5a160289a60c022a15744e05a43c11,mainnet,1,0xd7bd9b248b5a160289a60c022a15744e05a43c11,source_found,sourcify-v2,200,contracts/EOA-mainnet-0xd7bd9b248b5a160289a60c022a15744e05a43c11,EOA,0.8.19+commit.7dd6d404,Solidity,12,exact_match,False,1,victim_top_level;victim_trace,,21452745,,2026-08-24T10:13:24.387732+00:00
1:0xd7f185d0bff9e41b3e454c7fda07b4a4fe1911c5,mainnet,1,0xd7f185d0bff9e41b3e454c7fda07b4a4fe1911c5,source_found,sourcify-v2,200,contracts/UniswapV2Pair-mainnet-0xd7f185d0bff9e41b3e454c7fda07b4a4fe1911c5,UniswapV2Pair,0.5.16+commit.9c3226ce,Solidity,1,match,False,1,shared_attack_victim_trace;trading_pair;victim_trace,,21396987,,2026-08-24T10:13:24.542737+00:00
1:0xd7f70a72e1693804a42afd9d73c77b2f1f8f8f6d,mainnet,1,0xd7f70a72e1693804a42afd9d73c77b2f1f8f8f6d,source_found,sourcify-v2,200,contracts/UniswapV3Pool-mainnet-0xd7f70a72e1693804a42afd9d73c77b2f1f8f8f6d,UniswapV3Pool,0.7.6+commit.7338295f,Solidity,96,match,False,1,shared_attack_victim_trace;trading_pair;victim_trace,,21508635,,2026-08-24T10:13:26.017808+00:00
1:0xd8063123bba3b480569244ae66bfe72b6c84b00d,mainnet,1,0xd8063123bba3b480569244ae66bfe72b6c84b00d,source_found,sourcify-v2,200,contracts/YearnV3Vault-mainnet-0xd8063123bba3b480569244ae66bfe72b6c84b00d,YearnV3Vault,0.3.7+commit.6020b8bb,Vyper,1,match,False,1,victim_trace,,21510296,,2026-08-24T10:13:25.698205+00:00
1:0xd82f02203c341ac3660e27df6c350c5ef9cdadd5,mainnet,1,0xd82f02203c341ac3660e27df6c350c5ef9cdadd5,not_in_sourcify,sourcify-v2,404,,,,,0,,,1,victim_trace,,21842172,,2026-08-24T10:13:24.825503+00:00
1:0xd838bf7fb3b420ac93a7d9f5b40230f78b33536f,mainnet,1,0xd838bf7fb3b420ac93a7d9f5b40230f78b33536f,source_found,sourcify-v2,200,contracts/Swapper-mainnet-0xd838bf7fb3b420ac93a7d9f5b40230f78b33536f,Swapper,0.8.22+commit.4fc1097e,Solidity,31,exact_match,False,1,victim_trace,,21325864,,2026-08-24T10:13:27.403012+00:00
1:0xd8619769fed318714d362bff01ca98ac938bdf9b,mainnet,1,0xd8619769fed318714d362bff01ca98ac938bdf9b,source_found,sourcify-v2,200,contracts/DefaultBondModule-mainnet-0xd8619769fed318714d362bff01ca98ac938bdf9b,DefaultBondModule,0.8.25+commit.b61c2a91,Solidity,11,exact_match,False,1,victim_trace,,21508635,,2026-08-24T10:13:25.870351+00:00
1:0xd8ae986159e350b6535539b8a1e488658452f25e,mainnet,1,0xd8ae986159e350b6535539b8a1e488658452f25e,source_found,sourcify-v2,200,contracts/FluidWalletFactoryProxy-mainnet-0xd8ae986159e350b6535539b8a1e488658452f25e,FluidWalletFactoryProxy,0.8.21+commit.d9974bed,Solidity,8,exact_match,True,1,victim_trace,,21335212,,2026-08-24T10:13:27.114779+00:00
1:0xd8d200d9a713a1c71cf1e7f694b14e5f1d948b15,mainnet,1,0xd8d200d9a713a1c71cf1e7f694b14e5f1d948b15,source_found,sourcify-v2,200,contracts/ActionSwapPTV3-mainnet-0xd8d200d9a713a1c71cf1e7f694b14e5f1d948b15,ActionSwapPTV3,0.8.28+commit.7893614a,Solidity,32,exact_match,False,1,victim_trace,,21510296,,2026-08-24T10:13:28.845694+00:00
1:0xd8f7a6d4fa4a68e8d49c71622627c46108665a94,mainnet,1,0xd8f7a6d4fa4a68e8d49c71622627c46108665a94,source_found,sourcify-v2,200,contracts/BillNft-mainnet-0xd8f7a6d4fa4a68e8d49c71622627c46108665a94,BillNft,0.8.17+commit.8df45f5f,Solidity,28,exact_match,False,1,victim_trace,,21442409,,2026-08-24T10:13:28.181829+00:00
1:0xd9016a907dc0ecfa3ca425ab20b6b785b42f2373,mainnet,1,0xd9016a907dc0ecfa3ca425ab20b6b785b42f2373,source_found,sourcify-v2,200,contracts/GAMEE-mainnet-0xd9016a907dc0ecfa3ca425ab20b6b785b42f2373,GAMEE,0.6.8+commit.0bbfe453,Solidity,1,match,False,1,shared_attack_victim_trace;victim_trace,,21464031,,2026-08-24T10:13:27.458184+00:00
1:0xd98af3ccdcb634f78dd2f82067ab78778ef50c53,mainnet,1,0xd98af3ccdcb634f78dd2f82067ab78778ef50c53,source_found,sourcify-v2,200,contracts/GnosisSafeProxy-mainnet-0xd98af3ccdcb634f78dd2f82067ab78778ef50c53,GnosisSafeProxy,0.7.6+commit.7338295f,Solidity,1,match,True,1,victim_top_level;victim_trace,,21307275,,2026-08-24T10:13:27.348951+00:00
1:0xd9db270c1b5e3bd161e8c8503c55ceabee709552,mainnet,1,0xd9db270c1b5e3bd161e8c8503c55ceabee709552,source_found,sourcify-v2,200,contracts/GnosisSafe-mainnet-0xd9db270c1b5e3bd161e8c8503c55ceabee709552,GnosisSafe,0.7.6+commit.7338295f,Solidity,43,exact_match,False,23,victim_trace,,21307275;21308869;21313675;21317106;21317122;21322552;21337846;21352108;21363251;21373643;21376810;21401763;21410267;21410530;21414148;21415780;21421410;21432613;21460192;21475088;21494726;21501469;21510296,,2026-08-24T10:13:29.713596+00:00
1:0xd9e1ce17f2641f24ae83637ab66a2cca9c378b9f,mainnet,1,0xd9e1ce17f2641f24ae83637ab66a2cca9c378b9f,source_found,sourcify-v2,200,contracts/UniswapV2Router02-mainnet-0xd9e1ce17f2641f24ae83637ab66a2cca9c378b9f,UniswapV2Router02,0.6.12+commit.27d51765,Solidity,1,match,False,4,victim_top_level;victim_trace,,21304307;21313675;21320028;21333683,,2026-08-24T10:13:28.132974+00:00
1:0xd9ed413bcf58c266f95fe6ba63b13cf79299ce31,mainnet,1,0xd9ed413bcf58c266f95fe6ba63b13cf79299ce31,source_found,sourcify-v2,200,contracts/StakedTokenIncentivesController-mainnet-0xd9ed413bcf58c266f95fe6ba63b13cf79299ce31,StakedTokenIncentivesController,0.7.5+commit.eb77ed08,Solidity,14,exact_match,False,2,victim_trace,,21357447;21439930,,2026-08-24T10:13:28.674307+00:00
1:0xd9f2a7471d1998c69de5cae6df5d3f070f01df9f,mainnet,1,0xd9f2a7471d1998c69de5cae6df5d3f070f01df9f,source_found,sourcify-v2,200,contracts/UniswapV2Pair-mainnet-0xd9f2a7471d1998c69de5cae6df5d3f070f01df9f,UniswapV2Pair,0.5.16+commit.9c3226ce,Solidity,1,match,False,1,shared_attack_victim_trace;trading_pair;victim_trace,,21308869,,2026-08-24T10:13:29.806642+00:00
1:0xd9fcd98c322942075a5c3860693e9f4f03aae07b,mainnet,1,0xd9fcd98c322942075a5c3860693e9f4f03aae07b,source_found,sourcify-v2,200,contracts/Eul-mainnet-0xd9fcd98c322942075a5c3860693e9f4f03aae07b,Eul,0.8.4+commit.c7e474f2,Solidity,18,exact_match,False,1,shared_attack_victim_trace;victim_trace,,21501469,,2026-08-24T10:13:29.602102+00:00
1:0xda088d602fa07375eb349bc44cfd7a846f51c622,mainnet,1,0xda088d602fa07375eb349bc44cfd7a846f51c622,source_found,sourcify-v2,200,contracts/VirtualBalanceRewardPool-mainnet-0xda088d602fa07375eb349bc44cfd7a846f51c622,VirtualBalanceRewardPool,0.6.12+commit.27d51765,Solidity,1,match,False,1,victim_trace,,21304987,,2026-08-24T10:13:30.200818+00:00
1:0xda86006036540822e0cd2861dbd2fd7ff9caa0e8,mainnet,1,0xda86006036540822e0cd2861dbd2fd7ff9caa0e8,source_found,sourcify-v2,200,contracts/TubeToken-mainnet-0xda86006036540822e0cd2861dbd2fd7ff9caa0e8,TubeToken,0.6.12+commit.27d51765,Solidity,2,match,False,3,shared_attack_victim_trace;victim_trace,,21307539;21360349;21454713,,2026-08-24T10:13:30.199697+00:00
1:0xdab143548832194c8f2677eba9830e0b453b37c6,mainnet,1,0xdab143548832194c8f2677eba9830e0b453b37c6,source_found,sourcify-v2,200,contracts/UniswapV2Pair-mainnet-0xdab143548832194c8f2677eba9830e0b453b37c6,UniswapV2Pair,0.5.16+commit.9c3226ce,Solidity,1,match,False,1,shared_attack_victim_trace;trading_pair;victim_trace,,21485224,,2026-08-24T10:13:29.797241+00:00
1:0xdac17f958d2ee523a2206206994597c13d831ec7,mainnet,1,0xdac17f958d2ee523a2206206994597c13d831ec7,source_found,sourcify-v2,200,contracts/TetherToken-mainnet-0xdac17f958d2ee523a2206206994597c13d831ec7,TetherToken,0.4.18+commit.9cf6e910,Solidity,1,match,False,56,shared_attack_victim_trace;victim_trace,,21300863;21304307;21304654;21307275;21307539;21311832;21313468;21313675;21322741;21327219;21330552;21333683;21337846;21338761;21342275;21342507;21348336;21352108;21356992;21357447;21360349;21361459;21363251;21373643;21378116;21379211;21380283;21381654;21410267;21410530;21414148;21415780;21415913;21420182;21422852;21428934;21429278;21432613;21432830;21433713;21434016;21442669;21452745;21460192;21462778;21471722;21475088;21485274;21493359;21495693;21500255;21502376;21510296;21515974;21842016;21842172,,2026-08-24T10:13:30.069850+00:00
1:0xdb0d70eada73105a184198b1d6fcb89b158078b0,mainnet,1,0xdb0d70eada73105a184198b1d6fcb89b158078b0,source_found,sourcify-v2,200,contracts/ApeBondRefillable-mainnet-0xdb0d70eada73105a184198b1d6fcb89b158078b0,ApeBondRefillable,0.8.17+commit.8df45f5f,Solidity,34,exact_match,False,1,victim_trace,,21442409,,2026-08-24T10:13:31.752579+00:00
1:0xdb192d77e480873ae341aa41f89429b02209da5a,mainnet,1,0xdb192d77e480873ae341aa41f89429b02209da5a,source_found,sourcify-v2,200,contracts/StashToken-mainnet-0xdb192d77e480873ae341aa41f89429b02209da5a,StashToken,0.6.12+commit.27d51765,Solidity,42,match,False,1,victim_trace,,21447928,,2026-08-24T10:13:32.461565+00:00
1:0xdb3cf8597d795c1eaa3be49289d7538ed195c767,mainnet,1,0xdb3cf8597d795c1eaa3be49289d7538ed195c767,source_found,sourcify-v2,200,contracts/UniswapV2Pair-mainnet-0xdb3cf8597d795c1eaa3be49289d7538ed195c767,UniswapV2Pair,0.5.16+commit.9c3226ce,Solidity,1,match,False,2,shared_attack_victim_trace;trading_pair;victim_trace,,21454032;21454349,,2026-08-24T10:13:31.133602+00:00
1:0xdb74dfdd3bb46be8ce6c33dc9d82777bcfc3ded5,mainnet,1,0xdb74dfdd3bb46be8ce6c33dc9d82777bcfc3ded5,source_found,sourcify-v2,200,contracts/CurveStableSwapNG-mainnet-0xdb74dfdd3bb46be8ce6c33dc9d82777bcfc3ded5,CurveStableSwapNG,0.3.10+commit.91361694,Vyper,1,match,False,1,victim_trace,,21504557,,2026-08-24T10:13:32.936378+00:00
1:0xdb99b0477574ac0b2d9c8cec56b42277da3fdb82,mainnet,1,0xdb99b0477574ac0b2d9c8cec56b42277da3fdb82,source_found,sourcify-v2,200,contracts/DECToken-mainnet-0xdb99b0477574ac0b2d9c8cec56b42277da3fdb82,DECToken,0.8.26+commit.8a97fa7a,Solidity,1,match,False,1,shared_attack_victim_trace;victim_trace,,21485274,,2026-08-24T10:13:31.349834+00:00
1:0xdbd020caef83efd542f4de03e3cf0c28a4428bd5,mainnet,1,0xdbd020caef83efd542f4de03e3cf0c28a4428bd5,source_found,sourcify-v2,200,contracts/EACAggregatorProxy-mainnet-0xdbd020caef83efd542f4de03e3cf0c28a4428bd5,EACAggregatorProxy,0.6.6+commit.6c089d02,Solidity,1,match,False,1,victim_trace,,21471722,,2026-08-24T10:13:31.991094+00:00
1:0xdbdb4d16eda451d0503b854cf79d55697f90c8df,mainnet,1,0xdbdb4d16eda451d0503b854cf79d55697f90c8df,source_found,sourcify-v2,200,contracts/AlchemixToken-mainnet-0xdbdb4d16eda451d0503b854cf79d55697f90c8df,AlchemixToken,0.6.12+commit.27d51765,Solidity,10,match,False,1,victim_trace,,21420182,,2026-08-24T10:13:31.933568+00:00
1:0xdbfb637873d16dc5efa43db75ff846934caaa43f,mainnet,1,0xdbfb637873d16dc5efa43db75ff846934caaa43f,not_in_sourcify,sourcify-v2,404,,,,,0,,,2,victim_trace,,21447928;21504557,,2026-08-24T10:13:31.783781+00:00
1:0xdc035d45d973e3ec169d2276ddab16f1e407384f,mainnet,1,0xdc035d45d973e3ec169d2276ddab16f1e407384f,source_found,sourcify-v2,200,contracts/ERC1967Proxy-mainnet-0xdc035d45d973e3ec169d2276ddab16f1e407384f,ERC1967Proxy,0.8.21+commit.d9974bed,Solidity,6,match,True,1,victim_trace,,21494726,,2026-08-24T10:13:32.460895+00:00
1:0xdc1f743e614dda16d7967ece82700ff90427c572,mainnet,1,0xdc1f743e614dda16d7967ece82700ff90427c572,source_found,sourcify-v2,200,contracts/AuraStaking-mainnet-0xdc1f743e614dda16d7967ece82700ff90427c572,AuraStaking,0.8.17+commit.8df45f5f,Solidity,9,match,False,1,victim_trace,,21447928,,2026-08-24T10:13:32.564114+00:00
1:0xdc24316b9ae028f1497c275eb9192a3ea0f67022,mainnet,1,0xdc24316b9ae028f1497c275eb9192a3ea0f67022,source_found,sourcify-v2,200,contracts/Vyper_contract-mainnet-0xdc24316b9ae028f1497c275eb9192a3ea0f67022,Vyper_contract,0.2.8+commit.069936f,Vyper,1,match,False,1,victim_trace,,21493359,,2026-08-24T10:13:33.371128+00:00
1:0xdc3e1e07dc7f57f9bca42a6f521d5ebfdc8f93fa,mainnet,1,0xdc3e1e07dc7f57f9bca42a6f521d5ebfdc8f93fa,not_in_sourcify,sourcify-v2,404,,,,,0,,,1,victim_trace,,21313468,,2026-08-24T10:13:32.767212+00:00
1:0xdc66f6313973ab834b3b79923fb6bb843cff18c9,mainnet,1,0xdc66f6313973ab834b3b79923fb6bb843cff18c9,source_found,sourcify-v2,200,contracts/UniswapV3Adapter-mainnet-0xdc66f6313973ab834b3b79923fb6bb843cff18c9,UniswapV3Adapter,0.8.9+commit.e5eed63a,Solidity,11,exact_match,False,1,victim_trace,,21304987,,2026-08-24T10:13:33.734690+00:00
1:0xdc6929c38f641ec27bbef24af5749aa68943df08,mainnet,1,0xdc6929c38f641ec27bbef24af5749aa68943df08,source_found,sourcify-v2,200,contracts/UniswapV2Pair-mainnet-0xdc6929c38f641ec27bbef24af5749aa68943df08,UniswapV2Pair,0.5.16+commit.9c3226ce,Solidity,1,match,False,1,shared_attack_victim_trace;trading_pair;victim_trace,,21378116,,2026-08-24T10:13:33.982639+00:00
1:0xdcd48419bd5cd9d1b097695f2af4ee125aadf84f,mainnet,1,0xdcd48419bd5cd9d1b097695f2af4ee125aadf84f,source_found,sourcify-v2,200,contracts/RMN-mainnet-0xdcd48419bd5cd9d1b097695f2af4ee125aadf84f,RMN,0.8.24+commit.e11b9ed9,Solidity,16,match,False,1,victim_trace,,21502174,,2026-08-24T10:13:35.890968+00:00
1:0xdcef968d416a41cdac0ed8702fac8128a64241a2,mainnet,1,0xdcef968d416a41cdac0ed8702fac8128a64241a2,source_found,sourcify-v2,200,contracts/Vyper_contract-mainnet-0xdcef968d416a41cdac0ed8702fac8128a64241a2,Vyper_contract,0.3.1,Vyper,1,match,False,1,victim_trace,,21304987,,2026-08-24T10:13:34.527348+00:00
1:0xdd1797f29936cbbd34500f99ad9dbaf68ffd21c8,mainnet,1,0xdd1797f29936cbbd34500f99ad9dbaf68ffd21c8,source_found,sourcify-v2,200,contracts/EulerRouter-mainnet-0xdd1797f29936cbbd34500f99ad9dbaf68ffd21c8,EulerRouter,0.8.24+commit.e11b9ed9,Solidity,9,match,False,1,victim_trace,,21481165,,2026-08-24T10:13:34.866388+00:00
1:0xdd1d8693e82208441b7d8e196a941274b6472f4a,mainnet,1,0xdd1d8693e82208441b7d8e196a941274b6472f4a,not_in_sourcify,sourcify-v2,404,,,,,0,,,1,victim_trace,,21447928,,2026-08-24T10:13:34.253526+00:00
1:0xdd949d1fe117744a38319c7b7dcc045d630bcc8d,mainnet,1,0xdd949d1fe117744a38319c7b7dcc045d630bcc8d,source_found,sourcify-v2,200,contracts/UniswapV3Pool-mainnet-0xdd949d1fe117744a38319c7b7dcc045d630bcc8d,UniswapV3Pool,0.7.6+commit.7338295f,Solidity,96,match,False,1,victim_trace,,21485274,,2026-08-24T10:13:37.150476+00:00
1:0xdda8f002925a0dfb151c0eacb48d7136ce6a999f,mainnet,1,0xdda8f002925a0dfb151c0eacb48d7136ce6a999f,source_found,sourcify-v2,200,contracts/SettersGuardian-mainnet-0xdda8f002925a0dfb151c0eacb48d7136ce6a999f,SettersGuardian,0.8.19+commit.7dd6d404,Solidity,27,exact_match,False,1,proxy_implementation,SettersGuardian,,,2026-08-24T10:18:34.188379+00:00
1:0xddd23787a6b80a794d952f5fb036d0b31a8e6aff,mainnet,1,0xddd23787a6b80a794d952f5fb036d0b31a8e6aff,source_found,sourcify-v2,200,contracts/UniswapV2Pair-mainnet-0xddd23787a6b80a794d952f5fb036d0b31a8e6aff,UniswapV2Pair,0.5.16+commit.9c3226ce,Solidity,1,match,False,1,shared_attack_victim_trace;trading_pair;victim_trace,,21373643,,2026-08-24T10:13:35.483247+00:00
1:0xddde1fa049209bc24b69d5fa316a56efec918d79,mainnet,1,0xddde1fa049209bc24b69d5fa316a56efec918d79,source_found,sourcify-v2,200,contracts/VariableDebtToken-mainnet-0xddde1fa049209bc24b69d5fa316a56efec918d79,VariableDebtToken,0.6.12+commit.27d51765,Solidity,18,exact_match,False,2,victim_trace,,21357447;21439930,,2026-08-24T10:13:36.084879+00:00
1:0xde3a93028f2283cc28756b3674bd657eafb992f4,mainnet,1,0xde3a93028f2283cc28756b3674bd657eafb992f4,source_found,sourcify-v2,200,contracts/TokenManager-mainnet-0xde3a93028f2283cc28756b3674bd657eafb992f4,TokenManager,0.4.24+commit.e67f0147,Solidity,1,match,False,2,victim_trace,,21313675;21322741,,2026-08-24T10:13:36.356234+00:00
1:0xdea04ef31c4b4fdf31cb58923f37869739280d49,mainnet,1,0xdea04ef31c4b4fdf31cb58923f37869739280d49,source_found,sourcify-v2,200,contracts/VerifierFeeLib-mainnet-0xdea04ef31c4b4fdf31cb58923f37869739280d49,VerifierFeeLib,0.8.19+commit.7dd6d404,Solidity,13,match,False,1,victim_trace,,21338761,,2026-08-24T10:13:36.030725+00:00
1:0xdeb288f737066589598e9214e782fa5a8ed689e8,mainnet,1,0xdeb288f737066589598e9214e782fa5a8ed689e8,source_found,sourcify-v2,200,contracts/EACAggregatorProxy-mainnet-0xdeb288f737066589598e9214e782fa5a8ed689e8,EACAggregatorProxy,0.6.6+commit.6c089d02,Solidity,1,match,False,1,victim_trace,,21357447,,2026-08-24T10:13:37.417122+00:00
1:0xdeb361babf4c8277f0b2ee30914fb155b1a67de3,mainnet,1,0xdeb361babf4c8277f0b2ee30914fb155b1a67de3,source_found,sourcify-v2,200,contracts/EthPeggedOracle-mainnet-0xdeb361babf4c8277f0b2ee30914fb155b1a67de3,EthPeggedOracle,0.8.17+commit.8df45f5f,Solidity,57,exact_match,False,2,victim_trace,,21447928;21504557,,2026-08-24T10:13:37.216053+00:00
1:0xdeba8fd61c1c87b6321a501ebb19e61e610421bf,mainnet,1,0xdeba8fd61c1c87b6321a501ebb19e61e610421bf,source_found,sourcify-v2,200,contracts/UniswapV2Pair-mainnet-0xdeba8fd61c1c87b6321a501ebb19e61e610421bf,UniswapV2Pair,0.5.16+commit.9c3226ce,Solidity,1,match,False,1,shared_attack_victim_trace;trading_pair;victim_trace,,21371100,,2026-08-24T10:13:37.964574+00:00
1:0xdeddee0019045d044b3430e3c8879cf8815bf2c9,mainnet,1,0xdeddee0019045d044b3430e3c8879cf8815bf2c9,source_found,sourcify-v2,200,contracts/Taker-mainnet-0xdeddee0019045d044b3430e3c8879cf8815bf2c9,Taker,0.8.16+commit.07a7930e,Solidity,14,exact_match,False,1,victim_top_level;victim_trace,,21454032,,2026-08-24T10:13:38.257303+00:00
1:0xdee29b7b6df3576280bfbbc088ee9ebaa767c0bd,mainnet,1,0xdee29b7b6df3576280bfbbc088ee9ebaa767c0bd,not_in_sourcify,sourcify-v2,404,,,,,0,,,1,victim_trace,,21447928,,2026-08-24T10:13:37.638590+00:00
1:0xdef171fe48cf0115b1d80b88dc8eab59176fee57,mainnet,1,0xdef171fe48cf0115b1d80b88dc8eab59176fee57,source_found,sourcify-v2,200,contracts/AugustusSwapper-mainnet-0xdef171fe48cf0115b1d80b88dc8eab59176fee57,AugustusSwapper,0.7.5+commit.eb77ed08,Solidity,1,exact_match,False,7,victim_top_level;victim_trace,,21304654;21320466;21322552;21356992;21381403;21413153;21471722,,2026-08-24T10:13:37.815482+00:00
1:0xdef1c0ded9bec7f1a1670819833240f027b25eff,mainnet,1,0xdef1c0ded9bec7f1a1670819833240f027b25eff,source_found,sourcify-v2,200,contracts/ZeroEx-mainnet-0xdef1c0ded9bec7f1a1670819833240f027b25eff,ZeroEx,0.6.8+commit.0bbfe453,Solidity,80,exact_match,False,16,victim_top_level;victim_trace,,21302398;21304654;21313675;21317106;21320028;21333683;21337846;21338761;21357447;21361252;21380283;21452745;21473060;21495915;21501469;21515974,,2026-08-24T10:13:38.520507+00:00
1:0xdef8c51d7c1040637a198effc39613865b32ea51,mainnet,1,0xdef8c51d7c1040637a198effc39613865b32ea51,source_found,sourcify-v2,200,contracts/AccessControlledOCR2Aggregator-mainnet-0xdef8c51d7c1040637a198effc39613865b32ea51,AccessControlledOCR2Aggregator,0.8.19+commit.7dd6d404,Solidity,18,exact_match,False,1,victim_trace,,21432613,,2026-08-24T10:13:39.195574+00:00
1:0xdf615ef8d4c64d0ed8fd7824bbed2f6a10245ac9,mainnet,1,0xdf615ef8d4c64d0ed8fd7824bbed2f6a10245ac9,source_found,sourcify-v2,200,contracts/EVM2EVMOffRamp-mainnet-0xdf615ef8d4c64d0ed8fd7824bbed2f6a10245ac9,EVM2EVMOffRamp,0.8.24+commit.e11b9ed9,Solidity,34,match,False,1,victim_top_level;victim_trace,,21502174,,2026-08-24T10:13:42.865040+00:00
1:0xdffd706ee98953d3d25a3b8440e34e3a2c9beb2c,mainnet,1,0xdffd706ee98953d3d25a3b8440e34e3a2c9beb2c,source_found,sourcify-v2,200,contracts/DirectSwap-mainnet-0xdffd706ee98953d3d25a3b8440e34e3a2c9beb2c,DirectSwap,0.7.5+commit.eb77ed08,Solidity,16,match,False,2,victim_trace,,21320466;21322552,,2026-08-24T10:13:39.464835+00:00
1:0xe009f00e200a090090fc70e02d70b232000c0802,mainnet,1,0xe009f00e200a090090fc70e02d70b232000c0802,not_in_sourcify,sourcify-v2,404,,,,,0,,,2,victim_trace,,21439930;21454349,,2026-08-24T10:13:38.569448+00:00
1:0xe0151763455a8a021e64880c238ba1cff3787ff0,mainnet,1,0xe0151763455a8a021e64880c238ba1cff3787ff0,source_found,sourcify-v2,200,contracts/APED-mainnet-0xe0151763455a8a021e64880c238ba1cff3787ff0,APED,0.8.9+commit.e5eed63a,Solidity,1,match,False,1,victim_trace,,21363436,,2026-08-24T10:13:39.921075+00:00
1:0xe02601b0d769b92c25cdec07337d9b0094ebb53d,mainnet,1,0xe02601b0d769b92c25cdec07337d9b0094ebb53d,not_in_sourcify,sourcify-v2,404,,,,,0,,,1,victim_trace,,21311832,,2026-08-24T10:13:39.056986+00:00
1:0xe0397c1c28e587b55ad18c126cdcc5cdeeaffe41,mainnet,1,0xe0397c1c28e587b55ad18c126cdcc5cdeeaffe41,source_found,sourcify-v2,200,contracts/UniswapV3Pool-mainnet-0xe0397c1c28e587b55ad18c126cdcc5cdeeaffe41,UniswapV3Pool,0.7.6+commit.7338295f,Solidity,96,match,False,1,victim_trace,,21332257,,2026-08-24T10:13:42.580253+00:00
1:0xe0554a476a092703abdb3ef35c80e0d76d32939f,mainnet,1,0xe0554a476a092703abdb3ef35c80e0d76d32939f,source_found,sourcify-v2,200,contracts/UniswapV3Pool-mainnet-0xe0554a476a092703abdb3ef35c80e0d76d32939f,UniswapV3Pool,0.7.6+commit.7338295f,Solidity,96,match,False,27,shared_attack_victim_trace;trading_pair;victim_trace,,21300107;21300863;21307275;21311832;21313468;21313675;21355730;21371100;21373643;21377018;21381403;21381665;21401763;21413153;21424564;21439930;21442409;21449019;21454349;21475088;21475529;21490278;21499181;21500255;21502174;21508635;21842016,,2026-08-24T10:13:42.150870+00:00
1:0xe06eba9cea16cc71d4498cdba7240bb20d475890,mainnet,1,0xe06eba9cea16cc71d4498cdba7240bb20d475890,source_found,sourcify-v2,200,contracts/CurveStableswapFactoryNGHandler-mainnet-0xe06eba9cea16cc71d4498cdba7240bb20d475890,CurveStableswapFactoryNGHandler,0.3.10+commit.91361694,Vyper,1,match,False,1,victim_trace,,21504557,,2026-08-24T10:13:41.341169+00:00
1:0xe07300c13d49b8560f51bb30b45c22ca7cd08af8,mainnet,1,0xe07300c13d49b8560f51bb30b45c22ca7cd08af8,source_found,sourcify-v2,200,contracts/SwapConnector-mainnet-0xe07300c13d49b8560f51bb30b45c22ca7cd08af8,SwapConnector,0.8.3+commit.8d00100c,Solidity,34,exact_match,False,1,victim_trace,,21332257,,2026-08-24T10:13:41.197051+00:00
1:0xe092769bc1fa5262d4f48353f90890dcc339bf80,mainnet,1,0xe092769bc1fa5262d4f48353f90890dcc339bf80,source_found,sourcify-v2,200,contracts/UniswapV3Pool-mainnet-0xe092769bc1fa5262d4f48353f90890dcc339bf80,UniswapV3Pool,0.7.6+commit.7338295f,Solidity,96,match,False,1,shared_attack_victim_trace;trading_pair;victim_trace,,21376810,,2026-08-24T10:13:42.687242+00:00
1:0xe0e056b2c9168391bb29981f44e48d261eb14be6,mainnet,1,0xe0e056b2c9168391bb29981f44e48d261eb14be6,not_in_sourcify,sourcify-v2,404,,,,,0,,,1,victim_trace,,21454032,,2026-08-24T10:13:40.578481+00:00
1:0xe12af1218b4e9272e9628d7c7dc6354d137d024e,mainnet,1,0xe12af1218b4e9272e9628d7c7dc6354d137d024e,source_found,sourcify-v2,200,contracts/UniswapV2Pair-mainnet-0xe12af1218b4e9272e9628d7c7dc6354d137d024e,UniswapV2Pair,0.6.12+commit.27d51765,Solidity,1,match,False,1,victim_trace,,21420182,,2026-08-24T10:13:41.515915+00:00
1:0xe15427495141b5b961e50885a9b0b6bc15edc3c2,mainnet,1,0xe15427495141b5b961e50885a9b0b6bc15edc3c2,not_in_sourcify,sourcify-v2,404,,,,,0,,,1,victim_trace,,21355730,,2026-08-24T10:13:41.206380+00:00
1:0xe17a0c382c8332a889ec9d026d6948e26c7f617d,mainnet,1,0xe17a0c382c8332a889ec9d026d6948e26c7f617d,not_in_sourcify,sourcify-v2,404,,,,,0,,,1,shared_attack_victim_trace;victim_trace,,21304654,,2026-08-24T10:13:41.872408+00:00
1:0xe1adb6967e1dbd5332d499dfa2f42377d1da5913,mainnet,1,0xe1adb6967e1dbd5332d499dfa2f42377d1da5913,source_found,sourcify-v2,200,contracts/RedstoneOracle-mainnet-0xe1adb6967e1dbd5332d499dfa2f42377d1da5913,RedstoneOracle,0.8.17+commit.8df45f5f,Solidity,62,exact_match,False,2,victim_trace,,21447928;21504557,,2026-08-24T10:13:43.416546+00:00
1:0xe1c14b9f065dead2e89ee35382f8bd42bdb87a04,mainnet,1,0xe1c14b9f065dead2e89ee35382f8bd42bdb87a04,source_found,sourcify-v2,200,contracts/ERC1967Proxy-mainnet-0xe1c14b9f065dead2e89ee35382f8bd42bdb87a04,ERC1967Proxy,0.8.9+commit.e5eed63a,Solidity,14,exact_match,True,1,victim_trace,,21502174,,2026-08-24T10:13:42.954444+00:00
1:0xe22f3b0c77e60190fc2566ad2c2fca6bf55acba6,mainnet,1,0xe22f3b0c77e60190fc2566ad2c2fca6bf55acba6,not_in_sourcify,sourcify-v2,404,,,,,0,,,3,victim_trace,,21302296;21302391;21302398,,2026-08-24T10:13:42.641636+00:00
1:0xe29265217d65f5a2ae41972e09c13e107d049004,mainnet,1,0xe29265217d65f5a2ae41972e09c13e107d049004,source_found,sourcify-v2,200,contracts/AaveV3Payback-mainnet-0xe29265217d65f5a2ae41972e09c13e107d049004,AaveV3Payback,0.8.10+commit.fc410830,Solidity,1,match,False,2,victim_trace,,21337846;21494726,,2026-08-24T10:13:43.896096+00:00
1:0xe297f9929284d683ffb6e9d75d62dc4f6a0f3836,mainnet,1,0xe297f9929284d683ffb6e9d75d62dc4f6a0f3836,source_found,sourcify-v2,200,contracts/DSProxy-mainnet-0xe297f9929284d683ffb6e9d75d62dc4f6a0f3836,DSProxy,0.4.23+commit.124ca40d,Solidity,1,match,False,1,victim_top_level;victim_trace,,21422852,,2026-08-24T10:13:43.420190+00:00
1:0xe29b6b6e96befe1e9c6f948bcb5a3f71058bda9b,mainnet,1,0xe29b6b6e96befe1e9c6f948bcb5a3f71058bda9b,source_found,sourcify-v2,200,contracts/OpenOceanExchange-mainnet-0xe29b6b6e96befe1e9c6f948bcb5a3f71058bda9b,OpenOceanExchange,0.8.9+commit.e5eed63a,Solidity,1,match,False,6,proxy_implementation,OpenOceanExchange,,,2026-08-24T10:18:34.439837+00:00
1:0xe2c456b849be4cd14d8422d9868953ac60633e0d,mainnet,1,0xe2c456b849be4cd14d8422d9868953ac60633e0d,source_found,sourcify-v2,200,contracts/UniswapV2Pair-mainnet-0xe2c456b849be4cd14d8422d9868953ac60633e0d,UniswapV2Pair,0.5.16+commit.9c3226ce,Solidity,1,match,False,1,shared_attack_victim_trace;trading_pair;victim_trace,,21502174,,2026-08-24T10:13:44.021792+00:00
1:0xe317123de2b32e50a1eca3eba3babe3d681c331a,mainnet,1,0xe317123de2b32e50a1eca3eba3babe3d681c331a,not_in_sourcify,sourcify-v2,404,,,,,0,,,1,proxy_implementation,,,,2026-08-24T10:18:33.752111+00:00
1:0xe331de28cd81b768c19a366b0e4e4675c45ec2da,mainnet,1,0xe331de28cd81b768c19a366b0e4e4675c45ec2da,source_found,sourcify-v2,200,contracts/UniswapV3Pool-mainnet-0xe331de28cd81b768c19a366b0e4e4675c45ec2da,UniswapV3Pool,0.7.6+commit.7338295f,Solidity,96,match,False,2,shared_attack_victim_trace;trading_pair;victim_trace,,21320466;21322741,,2026-08-24T10:13:45.856922+00:00
1:0xe39b5f5638a209c1a6b6cdffe5d37f7ac99fcc84,mainnet,1,0xe39b5f5638a209c1a6b6cdffe5d37f7ac99fcc84,not_in_sourcify,sourcify-v2,404,,,,,0,,,1,victim_trace,,21508635,,2026-08-24T10:13:43.885648+00:00
1:0xe3c061981870c0c7b1f3c4f4bb36b95f1f260be6,mainnet,1,0xe3c061981870c0c7b1f3c4f4bb36b95f1f260be6,source_found,sourcify-v2,200,contracts/AaveOracle-mainnet-0xe3c061981870c0c7b1f3c4f4bb36b95f1f260be6,AaveOracle,0.8.19+commit.7dd6d404,Solidity,7,match,False,1,victim_trace,,21454349,,2026-08-24T10:13:45.566897+00:00
1:0xe439edd2625772aa635b437c099c607b6eb7d35f,mainnet,1,0xe439edd2625772aa635b437c099c607b6eb7d35f,source_found,sourcify-v2,200,contracts/InitializableImmutableAdminUpgradeabilityProxy-mainnet-0xe439edd2625772aa635b437c099c607b6eb7d35f,InitializableImmutableAdminUpgradeabilityProxy,0.8.19+commit.7dd6d404,Solidity,12,match,True,1,victim_trace,,21454349,,2026-08-24T10:13:44.989619+00:00
1:0xe46e9a5ae71f1fb3ac59d09469830d6ecc1d21f2,mainnet,1,0xe46e9a5ae71f1fb3ac59d09469830d6ecc1d21f2,source_found,sourcify-v2,200,contracts/MegaETHBridgeFacet-mainnet-0xe46e9a5ae71f1fb3ac59d09469830d6ecc1d21f2,MegaETHBridgeFacet,0.8.29+commit.ab55807c,Solidity,15,exact_match,False,4,proxy_implementation,MegaETHBridgeFacet,,,2026-08-24T10:18:37.138472+00:00
1:0xe4922afab0bbadd8ab2a88e0c79d884ad337fca6,mainnet,1,0xe4922afab0bbadd8ab2a88e0c79d884ad337fca6,source_found,sourcify-v2,200,contracts/InitializableImmutableAdminUpgradeabilityProxy-mainnet-0xe4922afab0bbadd8ab2a88e0c79d884ad337fca6,InitializableImmutableAdminUpgradeabilityProxy,0.6.12+commit.27d51765,Solidity,6,exact_match,True,1,victim_trace,,21357447,,2026-08-24T10:13:44.985044+00:00
1:0xe495bfa137b68a037b1f661ed47a44b4fb2a6563,mainnet,1,0xe495bfa137b68a037b1f661ed47a44b4fb2a6563,source_found,sourcify-v2,200,contracts/UniswapV3Pool-mainnet-0xe495bfa137b68a037b1f661ed47a44b4fb2a6563,UniswapV3Pool,0.7.6+commit.7338295f,Solidity,96,match,False,1,shared_attack_victim_trace;trading_pair;victim_trace,,21361459,,2026-08-24T10:13:48.781032+00:00
1:0xe4da6f981a78b8b9edefe4d7a955c04ba7e67d8d,mainnet,1,0xe4da6f981a78b8b9edefe4d7a955c04ba7e67d8d,source_found,sourcify-v2,200,contracts/BKFees-mainnet-0xe4da6f981a78b8b9edefe4d7a955c04ba7e67d8d,BKFees,0.8.17+commit.8df45f5f,Solidity,13,exact_match,False,1,victim_trace,,21308869,,2026-08-24T10:13:46.951731+00:00
1:0xe4e86c6805884736c0faea1e559c51f37da15812,mainnet,1,0xe4e86c6805884736c0faea1e559c51f37da15812,source_found,sourcify-v2,200,contracts/UniswapV3Pool-mainnet-0xe4e86c6805884736c0faea1e559c51f37da15812,UniswapV3Pool,0.7.6+commit.7338295f,Solidity,96,match,False,1,shared_attack_victim_trace;trading_pair;victim_trace,,21376810,,2026-08-24T10:13:47.735093+00:00
1:0xe55d97a97ae6a17706ee281486e98a84095d8aaf,mainnet,1,0xe55d97a97ae6a17706ee281486e98a84095d8aaf,source_found,sourcify-v2,200,contracts/TransparentUpgradeableProxy-mainnet-0xe55d97a97ae6a17706ee281486e98a84095d8aaf,TransparentUpgradeableProxy,0.6.12+commit.27d51765,Solidity,1,match,True,1,shared_attack_victim_trace;victim_trace,,21377018,,2026-08-24T10:13:45.965648+00:00
1:0xe57180685e3348589e9521aa53af0bcd497e884d,mainnet,1,0xe57180685e3348589e9521aa53af0bcd497e884d,not_in_sourcify,sourcify-v2,404,,,,,0,,,1,victim_trace,,21304987,,2026-08-24T10:13:45.865071+00:00
1:0xe592427a0aece92de3edee1f18e0157c05861564,mainnet,1,0xe592427a0aece92de3edee1f18e0157c05861564,source_found,sourcify-v2,200,contracts/SwapRouter-mainnet-0xe592427a0aece92de3edee1f18e0157c05861564,SwapRouter,0.7.6+commit.7338295f,Solidity,225,match,False,36,victim_top_level;victim_trace,,21300863;21302398;21304987;21307275;21309126;21311832;21313675;21320466;21322552;21325864;21330552;21332614;21337846;21357447;21363588;21373643;21377018;21379211;21380283;21381403;21381665;21401763;21413153;21414148;21428934;21432830;21439930;21452745;21454349;21460192;21471722;21485274;21494726;21495915;21499181;21515974,,2026-08-24T10:13:48.626849+00:00
1:0xe5bc6c59fecf634a2d1c09b4f2e780497c713e4f,mainnet,1,0xe5bc6c59fecf634a2d1c09b4f2e780497c713e4f,source_found,sourcify-v2,200,contracts/Sheboshi-mainnet-0xe5bc6c59fecf634a2d1c09b4f2e780497c713e4f,Sheboshi,0.8.23+commit.f704f362,Solidity,15,exact_match,False,1,shared_attack_victim_trace;victim_trace,,21485224,,2026-08-24T10:13:49.844860+00:00
1:0xe5f96070ca00cd54795416b1a4b4c2403231c548,mainnet,1,0xe5f96070ca00cd54795416b1a4b4c2403231c548,source_found,blockscout-v2-fallback,200,contracts/Vyper_contract-mainnet-0xe5f96070ca00cd54795416b1a4b4c2403231c548,Vyper_contract,v0.3.1+commit.0463ea4c,vyper,1,blockscout_verified,False,1,victim_trace,,21447928,,2026-08-24T10:13:46.602225+00:00
1:0xe629ee84c1bd9ea9c677d2d5391919fcf5e7d5d9,mainnet,1,0xe629ee84c1bd9ea9c677d2d5391919fcf5e7d5d9,source_found,sourcify-v2,200,contracts/WeETH-mainnet-0xe629ee84c1bd9ea9c677d2d5391919fcf5e7d5d9,WeETH,0.8.13+commit.abaa5c0e,Solidity,24,exact_match,False,3,shared_attack_victim_trace;victim_trace,,21325864;21447928;21504557,,2026-08-24T10:13:48.262997+00:00
1:0xe6572124df9d0b4fbf591badde15d0c2e9c4173b,mainnet,1,0xe6572124df9d0b4fbf591badde15d0c2e9c4173b,source_found,sourcify-v2,200,contracts/UniswapV3Pool-mainnet-0xe6572124df9d0b4fbf591badde15d0c2e9c4173b,UniswapV3Pool,0.7.6+commit.7338295f,Solidity,96,match,False,1,shared_attack_victim_trace;trading_pair;victim_trace,,21490278,,2026-08-24T10:13:49.507205+00:00
1:0xe66b31678d6c16e9ebf358268a790b763c133750,mainnet,1,0xe66b31678d6c16e9ebf358268a790b763c133750,source_found,sourcify-v2,200,contracts/ZeroExProxy-mainnet-0xe66b31678d6c16e9ebf358268a790b763c133750,ZeroExProxy,0.6.12+commit.27d51765,Solidity,12,exact_match,False,1,victim_top_level;victim_trace,,21495915,,2026-08-24T10:13:48.176819+00:00
1:0xe67534a9f24cc000f467eaa17f920bf63b87a2cd,mainnet,1,0xe67534a9f24cc000f467eaa17f920bf63b87a2cd,source_found,sourcify-v2,200,contracts/CrosschainForwarder-mainnet-0xe67534a9f24cc000f467eaa17f920bf63b87a2cd,CrosschainForwarder,0.8.7+commit.e28d00a7,Solidity,22,exact_match,False,1,victim_trace,,21428934,,2026-08-24T10:13:49.244127+00:00
1:0xe68aed979af6f85516ff485d098804c0f9ed9a5b,mainnet,1,0xe68aed979af6f85516ff485d098804c0f9ed9a5b,source_found,sourcify-v2,200,contracts/McdPayback-mainnet-0xe68aed979af6f85516ff485d098804c0f9ed9a5b,McdPayback,0.8.10+commit.fc410830,Solidity,1,match,False,1,victim_trace,,21352108,,2026-08-24T10:13:49.194468+00:00
1:0xe6aa2d277aafbb9e19354f6f893737c3608ff995,mainnet,1,0xe6aa2d277aafbb9e19354f6f893737c3608ff995,source_found,sourcify-v2,200,contracts/ConnectV2SwapAggregator-mainnet-0xe6aa2d277aafbb9e19354f6f893737c3608ff995,ConnectV2SwapAggregator,0.7.6+commit.7338295f,Solidity,4,exact_match,False,1,victim_trace,,21335212,,2026-08-24T10:13:49.103418+00:00
1:0xe6b738da243e8fa2a0ed5915645789add5de5152,mainnet,1,0xe6b738da243e8fa2a0ed5915645789add5de5152,source_found,sourcify-v2,200,contracts/GnosisSafeProxy-mainnet-0xe6b738da243e8fa2a0ed5915645789add5de5152,GnosisSafeProxy,0.7.6+commit.7338295f,Solidity,1,match,True,1,victim_trace,,21475088,,2026-08-24T10:13:50.259793+00:00
1:0xe6ff8b9a37b0fab776134636d9981aa778c4e718,mainnet,1,0xe6ff8b9a37b0fab776134636d9981aa778c4e718,source_found,sourcify-v2,200,contracts/UniswapV3Pool-mainnet-0xe6ff8b9a37b0fab776134636d9981aa778c4e718,UniswapV3Pool,0.7.6+commit.7338295f,Solidity,96,match,False,1,shared_attack_victim_trace;trading_pair;victim_trace,,21362910,,2026-08-24T10:13:52.975628+00:00
1:0xe71bdfe1df69284f00ee185cf0d95d0c7680c0d4,mainnet,1,0xe71bdfe1df69284f00ee185cf0d95d0c7680c0d4,source_found,sourcify-v2,200,contracts/OFT-mainnet-0xe71bdfe1df69284f00ee185cf0d95d0c7680c0d4,OFT,0.8.17+commit.8df45f5f,Solidity,18,exact_match,False,1,shared_attack_victim_trace;victim_trace,,21454713,,2026-08-24T10:13:50.896093+00:00
1:0xe7211e87d60177575846936f2123b5fa6f0ce8ab,mainnet,1,0xe7211e87d60177575846936f2123b5fa6f0ce8ab,source_found,sourcify-v2,200,contracts/FraxUnifiedFarm_ERC20_Convex_FRAXBP_Stable-mainnet-0xe7211e87d60177575846936f2123b5fa6f0ce8ab,FraxUnifiedFarm_ERC20_Convex_FRAXBP_Stable,0.8.17+commit.8df45f5f,Solidity,1,match,False,1,victim_trace,,21304987,,2026-08-24T10:13:52.337411+00:00
1:0xe79031b5aaeb3ee8d0145e3d75b81b36bffe341d,mainnet,1,0xe79031b5aaeb3ee8d0145e3d75b81b36bffe341d,source_found,sourcify-v2,200,contracts/Boppy-mainnet-0xe79031b5aaeb3ee8d0145e3d75b81b36bffe341d,Boppy,0.8.19+commit.7dd6d404,Solidity,1,exact_match,False,1,shared_attack_victim_trace;victim_trace,,21401763,,2026-08-24T10:13:50.496383+00:00
1:0xe7935104c9670015b21c6300e5b95d2f75474cda,mainnet,1,0xe7935104c9670015b21c6300e5b95d2f75474cda,source_found,sourcify-v2,200,contracts/ERC1967Proxy-mainnet-0xe7935104c9670015b21c6300e5b95d2f75474cda,ERC1967Proxy,0.8.25+commit.b61c2a91,Solidity,6,exact_match,True,1,victim_trace,,21355730,,2026-08-24T10:13:50.769026+00:00
1:0xe7b67f44ea304dd7f6d215b13686637ff64cd2b2,mainnet,1,0xe7b67f44ea304dd7f6d215b13686637ff64cd2b2,source_found,sourcify-v2,200,contracts/RewardsController-mainnet-0xe7b67f44ea304dd7f6d215b13686637ff64cd2b2,RewardsController,0.8.10+commit.fc410830,Solidity,12,exact_match,False,11,victim_trace,,21300107;21300863;21333683;21337846;21357582;21373643;21410530;21414148;21442669;21454349;21494726,,2026-08-24T10:13:51.843623+00:00
1:0xe7c4a612fefc86778851367a87e8900398889da2,mainnet,1,0xe7c4a612fefc86778851367a87e8900398889da2,source_found,sourcify-v2,200,contracts/UniswapV3Pool-mainnet-0xe7c4a612fefc86778851367a87e8900398889da2,UniswapV3Pool,0.7.6+commit.7338295f,Solidity,96,match,False,1,victim_trace,,21500255,,2026-08-24T10:13:53.121366+00:00
1:0xe7cbd3f492200a1d9ed105091eb40a62ee86c72d,mainnet,1,0xe7cbd3f492200a1d9ed105091eb40a62ee86c72d,not_in_sourcify,sourcify-v2,404,,,,,0,,,1,shared_attack_victim_trace;victim_trace,,21332257,,2026-08-24T10:13:51.970682+00:00
1:0xe7dcd101a027ec34860ecb634a2797d0d2dc4d8b,mainnet,1,0xe7dcd101a027ec34860ecb634a2797d0d2dc4d8b,source_found,sourcify-v2,200,contracts/FiatCollateral-mainnet-0xe7dcd101a027ec34860ecb634a2797d0d2dc4d8b,FiatCollateral,0.8.19+commit.7dd6d404,Solidity,32,exact_match,False,1,victim_trace,,21471722,,2026-08-24T10:13:52.516959+00:00
1:0xe800e3760fc20aa98c5df6a9816147f190455af3,mainnet,1,0xe800e3760fc20aa98c5df6a9816147f190455af3,not_in_sourcify,sourcify-v2,404,,,,,0,,,1,victim_trace,,21504557,,2026-08-24T10:13:51.583361+00:00
1:0xe8278a66ce30fff246574f216c826c7b859fa540,mainnet,1,0xe8278a66ce30fff246574f216c826c7b859fa540,source_found,sourcify-v2,200,contracts/DEXSpotVault-mainnet-0xe8278a66ce30fff246574f216c826c7b859fa540,DEXSpotVault,0.8.24+commit.e11b9ed9,Solidity,21,exact_match,False,1,victim_trace,,21515974,,2026-08-24T10:13:53.212925+00:00
1:0xe8c6c9227491c0a8156a0106a0204d881bb7e531,mainnet,1,0xe8c6c9227491c0a8156a0106a0204d881bb7e531,source_found,sourcify-v2,200,contracts/UniswapV3Pool-mainnet-0xe8c6c9227491c0a8156a0106a0204d881bb7e531,UniswapV3Pool,0.7.6+commit.7338295f,Solidity,96,match,False,1,victim_trace,,21313675,,2026-08-24T10:13:55.947824+00:00
1:0xe8cbdbfd4a1d776ab1146b63abd1718b2f92a823,mainnet,1,0xe8cbdbfd4a1d776ab1146b63abd1718b2f92a823,source_found,sourcify-v2,200,contracts/BaseRewardPool-mainnet-0xe8cbdbfd4a1d776ab1146b63abd1718b2f92a823,BaseRewardPool,0.6.12+commit.27d51765,Solidity,1,match,False,1,victim_trace,,21304987,,2026-08-24T10:13:53.335461+00:00
1:0xe946cefe3a37b79bcee4901ade38e15c8477d4af,mainnet,1,0xe946cefe3a37b79bcee4901ade38e15c8477d4af,not_in_sourcify,sourcify-v2,404,,,,,0,,,1,victim_trace,,21452745,,2026-08-24T10:13:53.630163+00:00
1:0xe96c108da71dbdb2aa1056bc55c3a073061a2fa1,mainnet,1,0xe96c108da71dbdb2aa1056bc55c3a073061a2fa1,source_found,sourcify-v2,200,contracts/UniswapV2Pair-mainnet-0xe96c108da71dbdb2aa1056bc55c3a073061a2fa1,UniswapV2Pair,0.5.16+commit.9c3226ce,Solidity,1,match,False,1,shared_attack_victim_trace;trading_pair;victim_trace,,21501469,,2026-08-24T10:13:53.759344+00:00
1:0xe988c8c49043c798f118bbcf769b210fd04c0bc3,mainnet,1,0xe988c8c49043c798f118bbcf769b210fd04c0bc3,source_found,sourcify-v2,200,contracts/Zapper-mainnet-0xe988c8c49043c798f118bbcf769b210fd04c0bc3,Zapper,0.8.17+commit.8df45f5f,Solidity,14,exact_match,False,1,victim_top_level;victim_trace,,21471722,,2026-08-24T10:13:54.262837+00:00
1:0xe9a95d175a5f4c9369f3b74222402eb1b837693b,mainnet,1,0xe9a95d175a5f4c9369f3b74222402eb1b837693b,source_found,sourcify-v2,200,contracts/ChangeNOWToken-mainnet-0xe9a95d175a5f4c9369f3b74222402eb1b837693b,ChangeNOWToken,0.4.24+commit.e67f0147,Solidity,1,match,False,1,shared_attack_victim_trace;victim_trace,,21335212,,2026-08-24T10:13:54.087524+00:00
1:0xe9a9b6ce6ae2141ed7393a61e6caadc481780f77,mainnet,1,0xe9a9b6ce6ae2141ed7393a61e6caadc481780f77,source_found,sourcify-v2,200,contracts/OpenOceanExchange-mainnet-0xe9a9b6ce6ae2141ed7393a61e6caadc481780f77,OpenOceanExchange,0.8.19+commit.7dd6d404,Solidity,1,match,False,1,victim_top_level;victim_trace,,21361459,,2026-08-24T10:13:55.035047+00:00
1:0xe9f4f2a69971f04f7c51cc43922e58de7ec30d12,mainnet,1,0xe9f4f2a69971f04f7c51cc43922e58de7ec30d12,not_in_sourcify,sourcify-v2,404,,,,,0,,,1,victim_trace,,21410267,,2026-08-24T10:13:54.132792+00:00
1:0xea500d073652336a58846ada15c25f2c6d2d241f,mainnet,1,0xea500d073652336a58846ada15c25f2c6d2d241f,source_found,sourcify-v2,200,contracts/PayTakerTransformer-mainnet-0xea500d073652336a58846ada15c25f2c6d2d241f,PayTakerTransformer,0.6.12+commit.27d51765,Solidity,12,exact_match,False,11,victim_trace,,21302398;21313675;21320028;21333683;21337846;21338761;21357447;21380283;21452745;21495915;21515974,,2026-08-24T10:13:56.065941+00:00
1:0xea51d7853eefb32b6ee06b1c12e6dcca88be0ffe,mainnet,1,0xea51d7853eefb32b6ee06b1c12e6dcca88be0ffe,source_found,sourcify-v2,200,contracts/InitializableImmutableAdminUpgradeabilityProxy-mainnet-0xea51d7853eefb32b6ee06b1c12e6dcca88be0ffe,InitializableImmutableAdminUpgradeabilityProxy,0.8.10+commit.fc410830,Solidity,6,exact_match,True,6,victim_trace,,21300863;21333683;21373643;21414148;21442669;21494726,,2026-08-24T10:13:55.212756+00:00
1:0xea59a3da9cad8ece406a353ddede0e7d17604d28,mainnet,1,0xea59a3da9cad8ece406a353ddede0e7d17604d28,source_found,sourcify-v2,200,contracts/UniswapV2Pair-mainnet-0xea59a3da9cad8ece406a353ddede0e7d17604d28,UniswapV2Pair,0.6.12+commit.27d51765,Solidity,1,match,False,1,shared_attack_victim_trace;trading_pair;victim_trace,,21332257,,2026-08-24T10:13:55.576004+00:00
1:0xea7daf04144bbffb8ab4f79f5115130d8aae2bd9,mainnet,1,0xea7daf04144bbffb8ab4f79f5115130d8aae2bd9,source_found,sourcify-v2,200,contracts/AutopoolETHStrategy-mainnet-0xea7daf04144bbffb8ab4f79f5115130d8aae2bd9,AutopoolETHStrategy,0.8.17+commit.8df45f5f,Solidity,68,match,False,1,victim_trace,,21447928,,2026-08-24T10:13:58.079739+00:00
1:0xea93be1852803a40dc46c4f942a51e52cd97e22d,mainnet,1,0xea93be1852803a40dc46c4f942a51e52cd97e22d,source_found,sourcify-v2,200,contracts/DELTACOOK-mainnet-0xea93be1852803a40dc46c4f942a51e52cd97e22d,DELTACOOK,0.8.28+commit.7893614a,Solidity,1,match,False,1,shared_attack_victim_trace;victim_trace,,21490278,,2026-08-24T10:18:35.850767+00:00
1:0xea967afba9e692e4b8dd984a0713fa5e4139993b,mainnet,1,0xea967afba9e692e4b8dd984a0713fa5e4139993b,source_found,sourcify-v2,200,contracts/FeesFacet-mainnet-0xea967afba9e692e4b8dd984a0713fa5e4139993b,FeesFacet,0.8.17+commit.8df45f5f,Solidity,26,exact_match,False,1,proxy_implementation,FeesFacet,,,2026-08-24T10:18:37.261098+00:00
1:0xea9b2d7ff9ae446ec067e50df7c09f1dd055bb71,mainnet,1,0xea9b2d7ff9ae446ec067e50df7c09f1dd055bb71,source_found,sourcify-v2,200,contracts/PancakeV3Pool-mainnet-0xea9b2d7ff9ae446ec067e50df7c09f1dd055bb71,PancakeV3Pool,0.7.6+commit.7338295f,Solidity,46,match,False,1,shared_attack_victim_trace;victim_trace,,21349927,,2026-08-24T10:18:38.663908+00:00
1:0xeae736e5d6560169f9285c62492f8a89fb4ab790,mainnet,1,0xeae736e5d6560169f9285c62492f8a89fb4ab790,source_found,sourcify-v2,200,contracts/GenericLogic-mainnet-0xeae736e5d6560169f9285c62492f8a89fb4ab790,GenericLogic,0.6.12+commit.27d51765,Solidity,86,exact_match,False,1,victim_trace,,21357447,,2026-08-24T10:18:39.578100+00:00
1:0xeb284a70557efe3591b9e6d9d720040e02c54a4d,mainnet,1,0xeb284a70557efe3591b9e6d9d720040e02c54a4d,source_found,sourcify-v2,200,contracts/InitializableImmutableAdminUpgradeabilityProxy-mainnet-0xeb284a70557efe3591b9e6d9d720040e02c54a4d,InitializableImmutableAdminUpgradeabilityProxy,0.8.19+commit.7dd6d404,Solidity,12,match,True,1,victim_trace,,21357582,,2026-08-24T10:18:38.428952+00:00
1:0xebfb684dd2b01e698ca6c14f10e4f289934a54d6,mainnet,1,0xebfb684dd2b01e698ca6c14f10e4f289934a54d6,source_found,sourcify-v2,200,contracts/UniswapV2Pair-mainnet-0xebfb684dd2b01e698ca6c14f10e4f289934a54d6,UniswapV2Pair,0.5.16+commit.9c3226ce,Solidity,1,match,False,1,shared_attack_victim_trace;trading_pair;victim_trace,,21462778,,2026-08-24T10:18:39.232921+00:00
1:0xec375f2984d21d5ddb0d82767fd8a9c4ce8eec2f,mainnet,1,0xec375f2984d21d5ddb0d82767fd8a9c4ce8eec2f,source_found,sourcify-v2,200,contracts/FiatCollateral-mainnet-0xec375f2984d21d5ddb0d82767fd8a9c4ce8eec2f,FiatCollateral,0.8.19+commit.7dd6d404,Solidity,32,exact_match,False,1,victim_trace,,21471722,,2026-08-24T10:18:41.279817+00:00
1:0xec7a1a2896d4b9d7014fa7be2aa936c8a76a8072,mainnet,1,0xec7a1a2896d4b9d7014fa7be2aa936c8a76a8072,source_found,sourcify-v2,200,contracts/JamUniswapV2Pair-mainnet-0xec7a1a2896d4b9d7014fa7be2aa936c8a76a8072,JamUniswapV2Pair,0.5.16+commit.9c3226ce,Solidity,1,match,False,1,shared_attack_victim_trace;trading_pair;victim_trace,,21307539,,2026-08-24T10:18:41.407957+00:00
1:0xecb37497959baeba2b0ae3a9901f66fc87914648,mainnet,1,0xecb37497959baeba2b0ae3a9901f66fc87914648,source_found,sourcify-v2,200,contracts/InstaFluidFlashAggregator-mainnet-0xecb37497959baeba2b0ae3a9901f66fc87914648,InstaFluidFlashAggregator,0.8.18+commit.87f61d96,Solidity,8,exact_match,False,1,victim_trace,,21335212,,2026-08-24T10:18:41.731793+00:00
1:0xecc19e177d24551aa7ed6bc6fe566eca726cc8a9,mainnet,1,0xecc19e177d24551aa7ed6bc6fe566eca726cc8a9,source_found,sourcify-v2,200,contracts/StargateComposer-mainnet-0xecc19e177d24551aa7ed6bc6fe566eca726cc8a9,StargateComposer,0.7.6+commit.7338295f,Solidity,13,exact_match,False,1,victim_trace,,21338761,,2026-08-24T10:18:42.416824+00:00
1:0xecc767aab9d701418e6a556d9cfb1614fa04cdc8,mainnet,1,0xecc767aab9d701418e6a556d9cfb1614fa04cdc8,source_found,sourcify-v2,200,contracts/UniswapV3Pool-mainnet-0xecc767aab9d701418e6a556d9cfb1614fa04cdc8,UniswapV3Pool,0.7.6+commit.7338295f,Solidity,96,match,False,1,shared_attack_victim_trace;victim_trace,,21454349,,2026-08-24T10:18:44.770366+00:00
1:0xecd7eef15713997528896cb5db7ec316db4c2101,mainnet,1,0xecd7eef15713997528896cb5db7ec316db4c2101,not_in_sourcify,sourcify-v2,404,,,,,0,,,1,victim_trace,,21362910,,2026-08-24T10:18:43.436958+00:00
1:0xecf2e32afc90a774b0fc3cbd012b681ebfaa0baf,mainnet,1,0xecf2e32afc90a774b0fc3cbd012b681ebfaa0baf,source_found,sourcify-v2,200,contracts/SymbiosisFacet-mainnet-0xecf2e32afc90a774b0fc3cbd012b681ebfaa0baf,SymbiosisFacet,0.8.17+commit.8df45f5f,Solidity,22,exact_match,False,1,proxy_implementation,SymbiosisFacet,,,2026-08-24T10:18:45.405722+00:00
1:0xed14b4e51b04d4d0211474a721f77c0817166c2f,mainnet,1,0xed14b4e51b04d4d0211474a721f77c0817166c2f,source_found,sourcify-v2,200,contracts/StableDebtToken-mainnet-0xed14b4e51b04d4d0211474a721f77c0817166c2f,StableDebtToken,0.6.12+commit.27d51765,Solidity,17,exact_match,False,2,proxy_implementation;victim_trace,StableDebtToken,21357447;21439930,,2026-08-24T10:18:44.938997+00:00
1:0xed6a08e05cb4260388dc7cc60bc5fefccfab2793,mainnet,1,0xed6a08e05cb4260388dc7cc60bc5fefccfab2793,source_found,sourcify-v2,200,contracts/UniswapV3Adapter-mainnet-0xed6a08e05cb4260388dc7cc60bc5fefccfab2793,UniswapV3Adapter,0.6.12+commit.27d51765,Solidity,14,exact_match,False,1,victim_trace,,21332614,,2026-08-24T10:18:45.558293+00:00
1:0xed748271ed9998c8d26b321f6efac8178515721e,mainnet,1,0xed748271ed9998c8d26b321f6efac8178515721e,source_found,sourcify-v2,200,contracts/DEAI-mainnet-0xed748271ed9998c8d26b321f6efac8178515721e,DEAI,0.8.15+commit.e14f2714,Solidity,19,exact_match,False,2,proxy_implementation;shared_attack_victim_trace;victim_trace,DEAI,21379211;21501847,,2026-08-24T10:18:46.438557+00:00
1:0xed89fc0f41d8be2c98b13b7e3cd3e876d73f1d30,mainnet,1,0xed89fc0f41d8be2c98b13b7e3cd3e876d73f1d30,source_found,sourcify-v2,200,contracts/GOU-mainnet-0xed89fc0f41d8be2c98b13b7e3cd3e876d73f1d30,GOU,0.8.26+commit.8a97fa7a,Solidity,1,match,False,1,shared_attack_victim_trace;victim_trace,,21462778,,2026-08-24T10:18:47.646154+00:00
1:0xed90de2d824ee766c6fd22e90b12e598f681dc9f,mainnet,1,0xed90de2d824ee766c6fd22e90b12e598f681dc9f,source_found,sourcify-v2,200,contracts/InitializableImmutableAdminUpgradeabilityProxy-mainnet-0xed90de2d824ee766c6fd22e90b12e598f681dc9f,InitializableImmutableAdminUpgradeabilityProxy,0.8.19+commit.7dd6d404,Solidity,12,match,True,1,victim_trace,,21454349,,2026-08-24T10:18:48.291658+00:00
1:0xedc41646ad8585a2937f9d17a8c504be1eec4e9e,mainnet,1,0xedc41646ad8585a2937f9d17a8c504be1eec4e9e,source_found,sourcify-v2,200,contracts/ComptrollerProxy-mainnet-0xedc41646ad8585a2937f9d17a8c504be1eec4e9e,ComptrollerProxy,0.6.12+commit.27d51765,Solidity,2,exact_match,True,1,victim_top_level;victim_trace,,21381403,,2026-08-24T10:14:23.534838+00:00
1:0xedccd895c64dc76b697cf961b1a203e921ef0c83,mainnet,1,0xedccd895c64dc76b697cf961b1a203e921ef0c83,source_found,sourcify-v2,200,contracts/Proxy-mainnet-0xedccd895c64dc76b697cf961b1a203e921ef0c83,Proxy,0.5.14+commit.01f1aaa4,Solidity,1,match,True,1,victim_top_level;victim_trace,,21421410,,2026-08-24T10:14:24.434644+00:00
1:0xee7527841a932d2912224e20a405e1a1ff747084,mainnet,1,0xee7527841a932d2912224e20a405e1a1ff747084,source_found,sourcify-v2,200,contracts/SHx-mainnet-0xee7527841a932d2912224e20a405e1a1ff747084,SHx,0.5.1+commit.c8a2cb62,Solidity,1,match,False,1,shared_attack_victim_trace;victim_trace,,21332257,,2026-08-24T10:14:21.859755+00:00
1:0xee772cec929d8430b4fa7a01cd7fbd159a68aa83,mainnet,1,0xee772cec929d8430b4fa7a01cd7fbd159a68aa83,source_found,sourcify-v2,200,contracts/TokenCreator-mainnet-0xee772cec929d8430b4fa7a01cd7fbd159a68aa83,TokenCreator,0.8.19+commit.7dd6d404,Solidity,1,exact_match,False,1,shared_attack_victim_trace;victim_trace,,21414148,,2026-08-24T10:14:22.305172+00:00
1:0xee7fc703f84ae2ce30475333c57e56d3a7d3adbc,mainnet,1,0xee7fc703f84ae2ce30475333c57e56d3a7d3adbc,source_found,sourcify-v2,200,contracts/BasketHandlerP1-mainnet-0xee7fc703f84ae2ce30475333c57e56d3a7d3adbc,BasketHandlerP1,0.8.19+commit.7dd6d404,Solidity,43,match,False,1,victim_trace,,21471722,,2026-08-24T10:14:29.771500+00:00
1:0xee9085fc268f6727d5d4293dbabccf901ffdcc29,mainnet,1,0xee9085fc268f6727d5d4293dbabccf901ffdcc29,source_found,sourcify-v2,200,contracts/PendlePrincipalToken-mainnet-0xee9085fc268f6727d5d4293dbabccf901ffdcc29,PendlePrincipalToken,0.8.24+commit.e11b9ed9,Solidity,17,exact_match,False,1,victim_trace,,21510296,,2026-08-24T10:14:25.723595+00:00
1:0xeecb57110c77a1cb7766bf77958094e63e0242be,mainnet,1,0xeecb57110c77a1cb7766bf77958094e63e0242be,source_found,sourcify-v2,200,contracts/UniswapV3Pool-mainnet-0xeecb57110c77a1cb7766bf77958094e63e0242be,UniswapV3Pool,0.7.6+commit.7338295f,Solidity,96,match,False,1,victim_trace,,21349927,,2026-08-24T10:14:31.174386+00:00
1:0xef13101c5bbd737cfb2bf00bbd38c626ad6952f7,mainnet,1,0xef13101c5bbd737cfb2bf00bbd38c626ad6952f7,source_found,sourcify-v2,200,contracts/FeeClaimer-mainnet-0xef13101c5bbd737cfb2bf00bbd38c626ad6952f7,FeeClaimer,0.7.5+commit.eb77ed08,Solidity,18,match,False,1,victim_trace,,21413153,,2026-08-24T10:14:22.605023+00:00
1:0xef1c6e67703c7bd7107eed8303fbe6ec2554bf6b,mainnet,1,0xef1c6e67703c7bd7107eed8303fbe6ec2554bf6b,source_found,sourcify-v2,200,contracts/UniversalRouter-mainnet-0xef1c6e67703c7bd7107eed8303fbe6ec2554bf6b,UniversalRouter,0.8.17+commit.8df45f5f,Solidity,40,exact_match,False,3,victim_top_level;victim_trace,,21422808;21462778;21842016,,2026-08-24T10:14:28.326341+00:00
1:0xef434e4573b90b6ecd4a00f4888381e4d0cc5ccd,mainnet,1,0xef434e4573b90b6ecd4a00f4888381e4d0cc5ccd,source_found,sourcify-v2,200,contracts/PoolInstance-mainnet-0xef434e4573b90b6ecd4a00f4888381e4d0cc5ccd,PoolInstance,0.8.20+commit.a1b79de6,Solidity,46,exact_match,False,10,victim_trace,,21300107;21300863;21333683;21337846;21357582;21373643;21410530;21414148;21442669;21494726,,2026-08-24T10:14:31.951643+00:00
1:0xef484de8c07b6e2d732a92b5f78e81b38f99f95e,mainnet,1,0xef484de8c07b6e2d732a92b5f78e81b38f99f95e,source_found,sourcify-v2,200,contracts/CurveStableSwapMetaNG-mainnet-0xef484de8c07b6e2d732a92b5f78e81b38f99f95e,CurveStableSwapMetaNG,0.3.10+commit.91361694,Vyper,1,match,False,1,victim_trace,,21304987,,2026-08-24T10:14:28.451119+00:00
1:0xef498f52a3c8a2cdc2e887ae93159ca34f41fa40,mainnet,1,0xef498f52a3c8a2cdc2e887ae93159ca34f41fa40,source_found,sourcify-v2,200,contracts/VirtualBalanceRewardPool-mainnet-0xef498f52a3c8a2cdc2e887ae93159ca34f41fa40,VirtualBalanceRewardPool,0.6.12+commit.27d51765,Solidity,1,match,False,1,victim_trace,,21304987,,2026-08-24T10:14:27.039101+00:00
1:0xef4c4bcbe105170810b6ef58a286d9ce97a1fabe,mainnet,1,0xef4c4bcbe105170810b6ef58a286d9ce97a1fabe,source_found,sourcify-v2,200,contracts/SimpleToken-mainnet-0xef4c4bcbe105170810b6ef58a286d9ce97a1fabe,SimpleToken,0.8.25+commit.b61c2a91,Solidity,26,exact_match,False,2,shared_attack_victim_trace;victim_trace,,21392828;21481165,,2026-08-24T10:14:30.508277+00:00
1:0xef4fb24ad0916217251f553c0596f8edc630eb66,mainnet,1,0xef4fb24ad0916217251f553c0596f8edc630eb66,source_found,sourcify-v2,200,contracts/TransparentUpgradeableProxy-mainnet-0xef4fb24ad0916217251f553c0596f8edc630eb66,TransparentUpgradeableProxy,0.8.9+commit.e5eed63a,Solidity,68,exact_match,True,1,victim_trace,,21428934,,2026-08-24T10:14:28.366489+00:00
1:0xef5579f4e7b0063a414a42a65dfd86a1562466e1,mainnet,1,0xef5579f4e7b0063a414a42a65dfd86a1562466e1,source_found,sourcify-v2,200,contracts/PendleGaugeControllerUpg-mainnet-0xef5579f4e7b0063a414a42a65dfd86a1562466e1,PendleGaugeControllerUpg,0.8.33+commit.64118f21,Solidity,30,exact_match,False,1,proxy_implementation,PendleGaugeControllerUpg,,,2026-08-24T10:18:50.070853+00:00
1:0xefb47fcfcad4f96c83d4ca676842fb03ef20a477,mainnet,1,0xefb47fcfcad4f96c83d4ca676842fb03ef20a477,source_found,sourcify-v2,200,contracts/UniswapV2Pair-mainnet-0xefb47fcfcad4f96c83d4ca676842fb03ef20a477,UniswapV2Pair,0.6.12+commit.27d51765,Solidity,8,match,False,1,victim_trace,,21421410,,2026-08-24T10:14:29.007340+00:00
1:0xf04017e778cecfc06563d64f885ac9295e1a1a55,mainnet,1,0xf04017e778cecfc06563d64f885ac9295e1a1a55,source_found,sourcify-v2,200,contracts/VirtualBalanceRewardPool-mainnet-0xf04017e778cecfc06563d64f885ac9295e1a1a55,VirtualBalanceRewardPool,0.6.12+commit.27d51765,Solidity,34,exact_match,False,1,victim_trace,,21447928,,2026-08-24T10:14:30.818094+00:00
1:0xf04a5cc80b1e94c69b48f5ee68a08cd2f09a7c3e,mainnet,1,0xf04a5cc80b1e94c69b48f5ee68a08cd2f09a7c3e,source_found,sourcify-v2,200,contracts/GemJoin-mainnet-0xf04a5cc80b1e94c69b48f5ee68a08cd2f09a7c3e,GemJoin,0.5.12+commit.7709ece9,Solidity,1,match,False,1,victim_trace,,21422852,,2026-08-24T10:14:29.657216+00:00
1:0xf06c8696730cf760619e4fa0edd0f79ea50531a9,mainnet,1,0xf06c8696730cf760619e4fa0edd0f79ea50531a9,not_in_sourcify,sourcify-v2,404,,,,,0,,,1,victim_trace,,21304987,,2026-08-24T10:14:29.540812+00:00
1:0xf0768df35693f5ef9194a0397f73d68175059e29,mainnet,1,0xf0768df35693f5ef9194a0397f73d68175059e29,source_found,sourcify-v2,200,contracts/CircuitsOfValue-mainnet-0xf0768df35693f5ef9194a0397f73d68175059e29,CircuitsOfValue,0.5.2+commit.1df8f40c,Solidity,1,match,False,1,shared_attack_victim_trace;victim_trace,,21452745,,2026-08-24T10:14:30.602485+00:00
1:0xf07ca0e66a798547e4cb3899ec592e1e99ef6cb3,mainnet,1,0xf07ca0e66a798547e4cb3899ec592e1e99ef6cb3,source_found,sourcify-v2,200,contracts/Aggor_ETH_USD_1-mainnet-0xf07ca0e66a798547e4cb3899ec592e1e99ef6cb3,Aggor_ETH_USD_1,0.8.16+commit.07a7930e,Solidity,20,exact_match,False,1,victim_trace,,21322552,,2026-08-24T10:14:32.494533+00:00
1:0xf081470f5c6fbccf48cc4e5b82dd926409dcdd67,mainnet,1,0xf081470f5c6fbccf48cc4e5b82dd926409dcdd67,not_in_sourcify,sourcify-v2,404,,,,,0,,,14,victim_trace,,21325864;21335212;21342331;21348336;21352108;21398236;21410267;21410530;21428934;21442669;21471722;21500255;21501847;21508635,,2026-08-24T10:14:30.478431+00:00
1:0xf0d417fc9fb2f1b6efe51b39db7ed60117dcd2e6,mainnet,1,0xf0d417fc9fb2f1b6efe51b39db7ed60117dcd2e6,source_found,sourcify-v2,200,contracts/UniswapV2Pair-mainnet-0xf0d417fc9fb2f1b6efe51b39db7ed60117dcd2e6,UniswapV2Pair,0.5.16+commit.9c3226ce,Solidity,1,match,False,1,shared_attack_victim_trace;trading_pair;victim_trace,,21414148,,2026-08-24T10:14:31.469721+00:00
1:0xf107edabf59ba696e38de62ad5327415bd4d4236,mainnet,1,0xf107edabf59ba696e38de62ad5327415bd4d4236,source_found,sourcify-v2,200,contracts/Token-mainnet-0xf107edabf59ba696e38de62ad5327415bd4d4236,Token,0.8.9+commit.e5eed63a,Solidity,1,exact_match,False,2,shared_attack_victim_trace;victim_trace,,21308869;21342331,,2026-08-24T10:14:32.784435+00:00
1:0xf1101dc04eff6673d5e7c427970d3799befcea9b,mainnet,1,0xf1101dc04eff6673d5e7c427970d3799befcea9b,source_found,sourcify-v2,200,contracts/UniswapV2Pair-mainnet-0xf1101dc04eff6673d5e7c427970d3799befcea9b,UniswapV2Pair,0.5.16+commit.9c3226ce,Solidity,1,match,False,2,shared_attack_victim_trace;trading_pair;victim_trace,,21320028;21363251,,2026-08-24T10:14:31.804452+00:00
1:0xf1406dec224750cefa709e4bca6a3a3f458f0f7b,mainnet,1,0xf1406dec224750cefa709e4bca6a3a3f458f0f7b,source_found,sourcify-v2,200,contracts/CompV3Withdraw-mainnet-0xf1406dec224750cefa709e4bca6a3a3f458f0f7b,CompV3Withdraw,0.8.10+commit.fc410830,Solidity,1,match,False,1,victim_trace,,21432613,,2026-08-24T10:14:32.075273+00:00
1:0xf164fc0ec4e93095b804a4795bbe1e041497b92a,mainnet,1,0xf164fc0ec4e93095b804a4795bbe1e041497b92a,source_found,sourcify-v2,200,contracts/UniswapV2Router01-mainnet-0xf164fc0ec4e93095b804a4795bbe1e041497b92a,UniswapV2Router01,0.6.6+commit.6c089d02,Solidity,1,match,False,5,victim_trace,,21313675;21333683;21338761;21380283;21452745,,2026-08-24T10:14:33.796939+00:00
1:0xf18056bbd320e96a48e3fbf8bc061322531aac99,mainnet,1,0xf18056bbd320e96a48e3fbf8bc061322531aac99,source_found,sourcify-v2,200,contracts/CurveFactory-mainnet-0xf18056bbd320e96a48e3fbf8bc061322531aac99,CurveFactory,0.3.1,Vyper,1,match,False,1,victim_trace,,21504557,,2026-08-24T10:14:32.458987+00:00
1:0xf1857060510180269e088a2627115daa89819c8f,mainnet,1,0xf1857060510180269e088a2627115daa89819c8f,not_in_sourcify,sourcify-v2,404,,,,,0,,,1,victim_trace,,21422852,,2026-08-24T10:14:32.379649+00:00
1:0xf1868abffec43583cc52b91ea3549c185eda1172,mainnet,1,0xf1868abffec43583cc52b91ea3549c185eda1172,not_in_sourcify,sourcify-v2,404,,,,,0,,,1,victim_trace,,21379211,,2026-08-24T10:14:32.654726+00:00
1:0xf19308f923582a6f7c465e5ce7a9dc1bec6665b1,mainnet,1,0xf19308f923582a6f7c465e5ce7a9dc1bec6665b1,source_found,sourcify-v2,200,contracts/TITANX-mainnet-0xf19308f923582a6f7c465e5ce7a9dc1bec6665b1,TITANX,0.8.21+commit.d9974bed,Solidity,18,exact_match,False,1,shared_attack_victim_trace;victim_trace,,21330552,,2026-08-24T10:14:35.163191+00:00
1:0xf19c66cb159246e00b5336b1ce4b4e8e01e4e4b4,mainnet,1,0xf19c66cb159246e00b5336b1ce4b4e8e01e4e4b4,source_found,sourcify-v2,200,contracts/WithdrawalQueue-mainnet-0xf19c66cb159246e00b5336b1ce4b4e8e01e4e4b4,WithdrawalQueue,0.8.17+commit.8df45f5f,Solidity,2,match,False,2,victim_trace,,21447928;21504557,,2026-08-24T10:14:33.583331+00:00
1:0xf1c9acdc66974dfb6decb12aa385b9cd01190e38,mainnet,1,0xf1c9acdc66974dfb6decb12aa385b9cd01190e38,source_found,sourcify-v2,200,contracts/OsToken-mainnet-0xf1c9acdc66974dfb6decb12aa385b9cd01190e38,OsToken,0.8.22+commit.4fc1097e,Solidity,22,exact_match,False,1,shared_attack_victim_trace;victim_trace,,21362910,,2026-08-24T10:14:35.378396+00:00
1:0xf1dc4de56beb543c8e9c5697ce2ec1ee2ab62710,mainnet,1,0xf1dc4de56beb543c8e9c5697ce2ec1ee2ab62710,source_found,sourcify-v2,200,contracts/GoFastHandler-mainnet-0xf1dc4de56beb543c8e9c5697ce2ec1ee2ab62710,GoFastHandler,0.8.18+commit.87f61d96,Solidity,16,exact_match,False,1,proxy_implementation,GoFastHandler,,,2026-08-24T10:18:50.254036+00:00
1:0xf1f955016ecbcd7321c7266bccfb96c68ea5e49b,mainnet,1,0xf1f955016ecbcd7321c7266bccfb96c68ea5e49b,source_found,sourcify-v2,200,contracts/RallyToken-mainnet-0xf1f955016ecbcd7321c7266bccfb96c68ea5e49b,RallyToken,0.6.12+commit.27d51765,Solidity,1,match,False,1,shared_attack_victim_trace;victim_trace,,21842016,,2026-08-24T10:14:34.095986+00:00
1:0xf22fdd2be7c6da9788e4941a6ffc78ca99d7b15c,mainnet,1,0xf22fdd2be7c6da9788e4941a6ffc78ca99d7b15c,source_found,sourcify-v2,200,contracts/UniswapV2Pair-mainnet-0xf22fdd2be7c6da9788e4941a6ffc78ca99d7b15c,UniswapV2Pair,0.5.16+commit.9c3226ce,Solidity,1,match,False,2,shared_attack_victim_trace;trading_pair;victim_trace,,21415780;21434016,,2026-08-24T10:14:34.275498+00:00
1:0xf25b36c77e869b01477860a0eabc4f4ff745eac3,mainnet,1,0xf25b36c77e869b01477860a0eabc4f4ff745eac3,not_in_sourcify,sourcify-v2,404,,,,,0,,,1,victim_trace,,21504557,,2026-08-24T10:14:34.134737+00:00
1:0xf2614a233c7c3e7f08b1f887ba133a13f1eb2c55,mainnet,1,0xf2614a233c7c3e7f08b1f887ba133a13f1eb2c55,source_found,sourcify-v2,200,contracts/RouteProcessor5-mainnet-0xf2614a233c7c3e7f08b1f887ba133a13f1eb2c55,RouteProcessor5,0.8.10+commit.fc410830,Solidity,16,exact_match,False,6,victim_top_level;victim_trace,,21317122;21332257;21410530;21420609;21442409;21454032,,2026-08-24T10:14:35.592283+00:00
1:0xf2684c9aeeb66a65a964f38ff03c3d1fbec23f13,mainnet,1,0xf2684c9aeeb66a65a964f38ff03c3d1fbec23f13,not_in_sourcify,sourcify-v2,404,,,,,0,,,1,victim_trace,,21482599,,2026-08-24T10:14:34.671028+00:00
1:0xf280b16ef293d8e534e370794ef26bf312694126,mainnet,1,0xf280b16ef293d8e534e370794ef26bf312694126,source_found,sourcify-v2,200,contracts/AS-mainnet-0xf280b16ef293d8e534e370794ef26bf312694126,AS,0.8.25+commit.b61c2a91,Solidity,1,match,False,1,shared_attack_victim_trace;victim_trace,,21342275,,2026-08-24T10:14:36.489959+00:00
1:0xf2cd77869b3e8260f516860ecde80550abe48b3c,mainnet,1,0xf2cd77869b3e8260f516860ecde80550abe48b3c,not_in_sourcify,sourcify-v2,404,,,,,0,,,1,victim_trace,,21401763,,2026-08-24T10:14:35.162451+00:00
1:0xf302f9f50958c5593770fdf4d4812309ff77414f,mainnet,1,0xf302f9f50958c5593770fdf4d4812309ff77414f,source_found,sourcify-v2,200,contracts/BalancerTokenAdmin-mainnet-0xf302f9f50958c5593770fdf4d4812309ff77414f,BalancerTokenAdmin,0.7.1+commit.f4a555be,Solidity,17,exact_match,False,1,victim_trace,,21447928,,2026-08-24T10:14:37.391740+00:00
1:0xf313b370d28760b98a2e935e56be92feb2c4ec04,mainnet,1,0xf313b370d28760b98a2e935e56be92feb2c4ec04,not_in_sourcify,sourcify-v2,404,,,,,0,,,1,victim_trace,,21322741,,2026-08-24T10:14:36.527837+00:00
1:0xf326e4de8f66a0bdc0970b79e0924e33c79f1915,mainnet,1,0xf326e4de8f66a0bdc0970b79e0924e33c79f1915,source_found,sourcify-v2,200,contracts/Proxy-mainnet-0xf326e4de8f66a0bdc0970b79e0924e33c79f1915,Proxy,0.5.14+commit.01f1aaa4,Solidity,1,match,True,6,victim_trace,,21317106;21317122;21376810;21401763;21410267;21501469,,2026-08-24T10:14:36.210680+00:00
1:0xf359492d26764481002ed88bd2acae83ca50b5c9,mainnet,1,0xf359492d26764481002ed88bd2acae83ca50b5c9,source_found,sourcify-v2,200,contracts/UniswapV3Pool-mainnet-0xf359492d26764481002ed88bd2acae83ca50b5c9,UniswapV3Pool,0.7.6+commit.7338295f,Solidity,96,match,False,1,shared_attack_victim_trace;trading_pair;victim_trace,,21323348,,2026-08-24T10:14:39.677229+00:00
1:0xf37561cd1c4b42f8c004c977fb140a4679089526,mainnet,1,0xf37561cd1c4b42f8c004c977fb140a4679089526,source_found,sourcify-v2,200,contracts/FeesTakerController-mainnet-0xf37561cd1c4b42f8c004c977fb140a4679089526,FeesTakerController,0.8.7+commit.e28d00a7,Solidity,65,match,False,1,victim_trace,,21434016,,2026-08-24T10:14:38.756075+00:00
1:0xf3a4b8efe3e3049f6bc71b47ccb7ce6665420179,mainnet,1,0xf3a4b8efe3e3049f6bc71b47ccb7ce6665420179,source_found,sourcify-v2,200,contracts/SmardexPair-mainnet-0xf3a4b8efe3e3049f6bc71b47ccb7ce6665420179,SmardexPair,0.8.17+commit.8df45f5f,Solidity,19,match,False,1,victim_trace,,21464031,,2026-08-24T10:14:38.844914+00:00
1:0xf3ae5d769e153ef72b4e3591ac004e89f48107a1,mainnet,1,0xf3ae5d769e153ef72b4e3591ac004e89f48107a1,source_found,sourcify-v2,200,contracts/Token-mainnet-0xf3ae5d769e153ef72b4e3591ac004e89f48107a1,Token,0.4.24+commit.e67f0147,Solidity,1,match,False,1,shared_attack_victim_trace;victim_trace,,21376810,,2026-08-24T10:14:37.892374+00:00
1:0xf3cb43f19c668e34173d4bb59e551a2c6e37d778,mainnet,1,0xf3cb43f19c668e34173d4bb59e551a2c6e37d778,source_found,sourcify-v2,200,contracts/InternetMoneySwapRouter-mainnet-0xf3cb43f19c668e34173d4bb59e551a2c6e37d778,InternetMoneySwapRouter,0.8.17+commit.8df45f5f,Solidity,34,exact_match,False,1,victim_top_level;victim_trace,,21496595,,2026-08-24T10:14:38.917511+00:00
1:0xf3de3c0d654fda23dad170f0f320a92172509127,mainnet,1,0xf3de3c0d654fda23dad170f0f320a92172509127,not_in_sourcify,sourcify-v2,404,,,,,0,,,15,victim_top_level;victim_trace,,21300863;21307539;21317106;21317129;21342275;21356992;21362910;21413153;21414148;21421410;21429278;21462778;21475088;21490278;21842172,,2026-08-24T10:14:37.437885+00:00
1:0xf4030086522a5beea4988f8ca5b36dbc97bee88c,mainnet,1,0xf4030086522a5beea4988f8ca5b36dbc97bee88c,source_found,sourcify-v2,200,contracts/EACAggregatorProxy-mainnet-0xf4030086522a5beea4988f8ca5b36dbc97bee88c,EACAggregatorProxy,0.6.6+commit.6c089d02,Solidity,1,match,False,7,victim_trace,,21300863;21333683;21335212;21357582;21373643;21414148;21494726,,2026-08-24T10:14:38.367293+00:00
1:0xf403c135812408bfbe8713b5a23a04b3d48aae31,mainnet,1,0xf403c135812408bfbe8713b5a23a04b3d48aae31,source_found,sourcify-v2,200,contracts/Booster-mainnet-0xf403c135812408bfbe8713b5a23a04b3d48aae31,Booster,0.6.12+commit.27d51765,Solidity,1,match,False,2,victim_trace,,21304987;21504557,,2026-08-24T10:14:38.556948+00:00
1:0xf4268aec16d13446381f8a2c9bb05239323756ca,mainnet,1,0xf4268aec16d13446381f8a2c9bb05239323756ca,source_found,sourcify-v2,200,contracts/RateTargetKinkInterestRateStrategy-mainnet-0xf4268aec16d13446381f8a2c9bb05239323756ca,RateTargetKinkInterestRateStrategy,0.8.20+commit.a1b79de6,Solidity,11,exact_match,False,1,victim_trace,,21322552,,2026-08-24T10:14:38.998327+00:00
1:0xf43f21384d03b5cbbddd58d2de64071e4ce76ab0,mainnet,1,0xf43f21384d03b5cbbddd58d2de64071e4ce76ab0,source_found,sourcify-v2,200,contracts/TokenMintERC20Token-mainnet-0xf43f21384d03b5cbbddd58d2de64071e4ce76ab0,TokenMintERC20Token,0.5.0+commit.1d4f565a,Solidity,1,match,False,1,shared_attack_victim_trace;victim_trace,,21301621,,2026-08-24T10:14:39.974912+00:00
1:0xf44876dbfa10609fcdd68cb4122c3a6e1d4acd8f,mainnet,1,0xf44876dbfa10609fcdd68cb4122c3a6e1d4acd8f,source_found,sourcify-v2,200,contracts/UniswapV3Pool-mainnet-0xf44876dbfa10609fcdd68cb4122c3a6e1d4acd8f,UniswapV3Pool,0.7.6+commit.7338295f,Solidity,96,match,False,1,shared_attack_victim_trace;trading_pair;victim_trace,,21355730,,2026-08-24T10:14:42.576167+00:00
1:0xf477ac7719e2e659001455cdda0cc8f3ad10b604,mainnet,1,0xf477ac7719e2e659001455cdda0cc8f3ad10b604,source_found,sourcify-v2,200,contracts/AUTOS-mainnet-0xf477ac7719e2e659001455cdda0cc8f3ad10b604,AUTOS,0.8.28+commit.7893614a,Solidity,1,match,False,3,shared_attack_victim_trace;victim_trace,,21379211;21381665;21501847,,2026-08-24T10:14:39.805358+00:00
1:0xf48f2b2d2a534e402487b3ee7c18c33aec0fe5e4,mainnet,1,0xf48f2b2d2a534e402487b3ee7c18c33aec0fe5e4,source_found,sourcify-v2,200,contracts/CompatibilityFallbackHandler-mainnet-0xf48f2b2d2a534e402487b3ee7c18c33aec0fe5e4,CompatibilityFallbackHandler,0.7.6+commit.7338295f,Solidity,43,exact_match,False,1,victim_trace,,21421410,,2026-08-24T10:14:40.644412+00:00
1:0xf4b143f94eef97fcb44eea54c7927ce15f96e23c,mainnet,1,0xf4b143f94eef97fcb44eea54c7927ce15f96e23c,source_found,sourcify-v2,200,contracts/BalancerComposableStablePoolCalculator-mainnet-0xf4b143f94eef97fcb44eea54c7927ce15f96e23c,BalancerComposableStablePoolCalculator,0.8.17+commit.8df45f5f,Solidity,70,exact_match,False,1,victim_trace,,21447928,,2026-08-24T10:14:41.753901+00:00
1:0xf4c652156f353ef9ad762bf7bd109bffdf05eeaa,mainnet,1,0xf4c652156f353ef9ad762bf7bd109bffdf05eeaa,source_found,sourcify-v2,200,contracts/BITDEXEGEN-mainnet-0xf4c652156f353ef9ad762bf7bd109bffdf05eeaa,BITDEXEGEN,0.8.28+commit.7893614a,Solidity,1,match,False,1,shared_attack_victim_trace;victim_trace,,21510296,,2026-08-24T10:14:41.548373+00:00
1:0xf4f4632f87dc6c62721788e09eff05c8da01b0f5,mainnet,1,0xf4f4632f87dc6c62721788e09eff05c8da01b0f5,source_found,sourcify-v2,200,contracts/MergedAdapterWithRoundsApxethethV1-mainnet-0xf4f4632f87dc6c62721788e09eff05c8da01b0f5,MergedAdapterWithRoundsApxethethV1,0.8.17+commit.8df45f5f,Solidity,26,exact_match,False,1,victim_trace,,21447928,,2026-08-24T10:14:42.171061+00:00
1:0xf52551f95ec4a2b4299dcc42fbbc576718dbf933,mainnet,1,0xf52551f95ec4a2b4299dcc42fbbc576718dbf933,source_found,sourcify-v2,200,contracts/StrategyStorage-mainnet-0xf52551f95ec4a2b4299dcc42fbbc576718dbf933,StrategyStorage,0.8.10+commit.fc410830,Solidity,1,match,False,1,victim_trace,,21322552,,2026-08-24T10:14:42.110325+00:00
1:0xf55b0f6f2da5ffddb104b58a60f2862745960442,mainnet,1,0xf55b0f6f2da5ffddb104b58a60f2862745960442,source_found,sourcify-v2,200,contracts/CurveStableSwapNG-mainnet-0xf55b0f6f2da5ffddb104b58a60f2862745960442,CurveStableSwapNG,0.3.10+commit.91361694,Vyper,1,match,False,1,victim_trace,,21510296,,2026-08-24T10:14:43.183690+00:00
1:0xf57e7e7c23978c3caec3c3548e3d615c346e79ff,mainnet,1,0xf57e7e7c23978c3caec3c3548e3d615c346e79ff,source_found,sourcify-v2,200,contracts/IMXToken-mainnet-0xf57e7e7c23978c3caec3c3548e3d615c346e79ff,IMXToken,0.8.0+commit.c7dfd78e,Solidity,1,match,False,1,shared_attack_victim_trace;victim_trace,,21420182,,2026-08-24T10:14:42.721178+00:00
1:0xf5b4664cb6d13189345119c60a948cdc7785d0fe,mainnet,1,0xf5b4664cb6d13189345119c60a948cdc7785d0fe,source_found,sourcify-v2,200,contracts/PoolInstance-mainnet-0xf5b4664cb6d13189345119c60a948cdc7785d0fe,PoolInstance,0.8.20+commit.a1b79de6,Solidity,46,exact_match,False,1,victim_trace,,21454349,,2026-08-24T10:14:44.341262+00:00
1:0xf5ba8db6fea7af820de35c8d0c294e17dbc1b9d2,mainnet,1,0xf5ba8db6fea7af820de35c8d0c294e17dbc1b9d2,source_found,sourcify-v2,200,contracts/DiamondLoupeFacet-mainnet-0xf5ba8db6fea7af820de35c8d0c294e17dbc1b9d2,DiamondLoupeFacet,0.8.17+commit.8df45f5f,Solidity,8,exact_match,True,4,proxy_implementation,DiamondLoupeFacet,,,2026-08-24T10:18:49.357523+00:00
1:0xf6080d9fbeebcd44d89affbfd42f098cbff92816,mainnet,1,0xf6080d9fbeebcd44d89affbfd42f098cbff92816,source_found,sourcify-v2,200,contracts/Proxy-mainnet-0xf6080d9fbeebcd44d89affbfd42f098cbff92816,Proxy,0.6.12+commit.27d51765,Solidity,9,match,False,1,victim_trace,,21325864,,2026-08-24T10:14:43.885951+00:00
1:0xf621fb08bbe51af70e7e0f4ea63496894166ff7f,mainnet,1,0xf621fb08bbe51af70e7e0f4ea63496894166ff7f,source_found,sourcify-v2,200,contracts/MetaRouter-mainnet-0xf621fb08bbe51af70e7e0f4ea63496894166ff7f,MetaRouter,0.8.7+commit.e28d00a7,Solidity,7,exact_match,False,1,victim_top_level;victim_trace,,21449019,,2026-08-24T10:14:43.125587+00:00
1:0xf63b34710400cad3e044cffdcab00a0f32e33ecf,mainnet,1,0xf63b34710400cad3e044cffdcab00a0f32e33ecf,source_found,sourcify-v2,200,contracts/InitializableImmutableAdminUpgradeabilityProxy-mainnet-0xf63b34710400cad3e044cffdcab00a0f32e33ecf,InitializableImmutableAdminUpgradeabilityProxy,0.6.12+commit.27d51765,Solidity,6,exact_match,True,2,victim_trace,,21357447;21439930,,2026-08-24T10:14:44.087472+00:00
1:0xf6564b7de9969fc06aebab2a449b82ddec4fe780,mainnet,1,0xf6564b7de9969fc06aebab2a449b82ddec4fe780,not_in_sourcify,sourcify-v2,404,,,,,0,,,1,victim_trace,,21311832,,2026-08-24T10:14:43.029197+00:00
1:0xf67778b8475fe1d0b6c392899a61cc1846ac77c0,mainnet,1,0xf67778b8475fe1d0b6c392899a61cc1846ac77c0,source_found,sourcify-v2,200,contracts/WithdrawFacet-mainnet-0xf67778b8475fe1d0b6c392899a61cc1846ac77c0,WithdrawFacet,0.8.17+commit.8df45f5f,Solidity,25,exact_match,False,1,proxy_implementation,WithdrawFacet,,,2026-08-24T10:18:50.331546+00:00
1:0xf683e671a7bd91257a32079ca219cc8398088aec,mainnet,1,0xf683e671a7bd91257a32079ca219cc8398088aec,source_found,blockscout-v2-fallback,200,contracts/AssetRegistryP1-mainnet-0xf683e671a7bd91257a32079ca219cc8398088aec,AssetRegistryP1,v0.8.28+commit.7893614a,solidity,67,blockscout_verified,False,1,proxy_implementation,,,,2026-08-24T10:18:50.134960+00:00
1:0xf6ce4be313ead51511215f1874c898239a331e37,mainnet,1,0xf6ce4be313ead51511215f1874c898239a331e37,source_found,sourcify-v2,200,contracts/BIRDDOG-mainnet-0xf6ce4be313ead51511215f1874c898239a331e37,BIRDDOG,0.8.23+commit.f704f362,Solidity,1,match,False,2,shared_attack_victim_trace;victim_trace,,21380283;21401763,,2026-08-24T10:14:43.869428+00:00
1:0xf6e72db5454dd049d0788e411b06cfaf16853042,mainnet,1,0xf6e72db5454dd049d0788e411b06cfaf16853042,source_found,sourcify-v2,200,contracts/DssLitePsm-mainnet-0xf6e72db5454dd049d0788e411b06cfaf16853042,DssLitePsm,0.8.16+commit.07a7930e,Solidity,1,exact_match,False,3,victim_trace,,21460192;21471722;21494726,,2026-08-24T10:14:44.344396+00:00
1:0xf705d2b7e92b3f38e6ae7afadaa2fee110fe5914,mainnet,1,0xf705d2b7e92b3f38e6ae7afadaa2fee110fe5914,source_found,sourcify-v2,200,contracts/InitializableImmutableAdminUpgradeabilityProxy-mainnet-0xf705d2b7e92b3f38e6ae7afadaa2fee110fe5914,InitializableImmutableAdminUpgradeabilityProxy,0.8.10+commit.fc410830,Solidity,6,exact_match,True,1,victim_trace,,21322552,,2026-08-24T10:14:44.402089+00:00
1:0xf70da97812cb96acdf810712aa562db8dfa3dbef,mainnet,1,0xf70da97812cb96acdf810712aa562db8dfa3dbef,not_in_sourcify,sourcify-v2,404,,,,,0,,,1,victim_trace,,21500255,,2026-08-24T10:14:44.017238+00:00
1:0xf7364e230ea0e5cc41e6cd4e2a30a26ca1850b73,mainnet,1,0xf7364e230ea0e5cc41e6cd4e2a30a26ca1850b73,source_found,sourcify-v2,200,contracts/TransparentUpgradeableProxy-mainnet-0xf7364e230ea0e5cc41e6cd4e2a30a26ca1850b73,TransparentUpgradeableProxy,0.8.10+commit.fc410830,Solidity,16,exact_match,True,1,victim_top_level;victim_trace,,21304987,,2026-08-24T10:14:45.797873+00:00
1:0xf73a1260d222f447210581ddf212d915c09a3249,mainnet,1,0xf73a1260d222f447210581ddf212d915c09a3249,source_found,sourcify-v2,200,contracts/AppProxyUpgradeable-mainnet-0xf73a1260d222f447210581ddf212d915c09a3249,AppProxyUpgradeable,0.4.24+commit.e67f0147,Solidity,13,match,False,2,victim_trace,,21313675;21322741,,2026-08-24T10:14:44.947575+00:00
1:0xf7993a8df974ad022647e63402d6315137c58abf,mainnet,1,0xf7993a8df974ad022647e63402d6315137c58abf,source_found,sourcify-v2,200,contracts/DiamondCutFacet-mainnet-0xf7993a8df974ad022647e63402d6315137c58abf,DiamondCutFacet,0.8.17+commit.8df45f5f,Solidity,6,exact_match,False,4,proxy_implementation,DiamondCutFacet,,,2026-08-24T10:18:52.100167+00:00
1:0xf7b343a17445f175f2dd9f5cb29baf0a8de75ed3,mainnet,1,0xf7b343a17445f175f2dd9f5cb29baf0a8de75ed3,source_found,sourcify-v2,200,contracts/CommitStore-mainnet-0xf7b343a17445f175f2dd9f5cb29baf0a8de75ed3,CommitStore,0.8.24+commit.e11b9ed9,Solidity,14,match,False,1,victim_trace,,21502174,,2026-08-24T10:14:45.961946+00:00
1:0xf80758ab42c3b07da84053fd88804bcb6baa4b5c,mainnet,1,0xf80758ab42c3b07da84053fd88804bcb6baa4b5c,source_found,sourcify-v2,200,contracts/JamUniswapV2Pair-mainnet-0xf80758ab42c3b07da84053fd88804bcb6baa4b5c,JamUniswapV2Pair,0.5.16+commit.9c3226ce,Solidity,1,match,False,1,shared_attack_victim_trace;trading_pair;victim_trace,,21464031,,2026-08-24T10:14:45.717994+00:00
1:0xf8fa34d58a277060d07bca7ec24d6b386d86a793,mainnet,1,0xf8fa34d58a277060d07bca7ec24d6b386d86a793,source_found,sourcify-v2,200,contracts/NEARIntentsFacet-mainnet-0xf8fa34d58a277060d07bca7ec24d6b386d86a793,NEARIntentsFacet,0.8.17+commit.8df45f5f,Solidity,15,exact_match,False,4,proxy_implementation,NEARIntentsFacet,,,2026-08-24T10:18:52.655457+00:00
1:0xf90bb2baa90b457a35c37c5a96de2720ce367281,mainnet,1,0xf90bb2baa90b457a35c37c5a96de2720ce367281,source_found,sourcify-v2,200,contracts/AutopoolETH-mainnet-0xf90bb2baa90b457a35c37c5a96de2720ce367281,AutopoolETH,0.8.17+commit.8df45f5f,Solidity,64,match,False,2,victim_trace,,21447928;21504557,,2026-08-24T10:14:49.329557+00:00
1:0xf93191d350117723dbeda5484a3b0996d285cecf,mainnet,1,0xf93191d350117723dbeda5484a3b0996d285cecf,source_found,sourcify-v2,200,contracts/FeeManager-mainnet-0xf93191d350117723dbeda5484a3b0996d285cecf,FeeManager,0.8.4+commit.c7e474f2,Solidity,6,exact_match,False,1,victim_trace,,21475529,,2026-08-24T10:14:45.999122+00:00
1:0xf939e0a03fb07f59a73314e73794be0e57ac1b4e,mainnet,1,0xf939e0a03fb07f59a73314e73794be0e57ac1b4e,source_found,sourcify-v2,200,contracts/crvUSDStablecoin-mainnet-0xf939e0a03fb07f59a73314e73794be0e57ac1b4e,crvUSDStablecoin,0.3.7+commit.6020b8bb,Vyper,1,match,False,1,victim_trace,,21510296,,2026-08-24T10:14:46.433546+00:00
1:0xf944e35f95e819e752f3ccb5faf40957d311e8c5,mainnet,1,0xf944e35f95e819e752f3ccb5faf40957d311e8c5,source_found,sourcify-v2,200,contracts/MocaToken-mainnet-0xf944e35f95e819e752f3ccb5faf40957d311e8c5,MocaToken,0.8.22+commit.4fc1097e,Solidity,13,exact_match,False,1,shared_attack_victim_trace;victim_trace,,21414148,,2026-08-24T10:14:46.850836+00:00
1:0xf94f040ad12abd0b585eae84876429715bfa82d6,mainnet,1,0xf94f040ad12abd0b585eae84876429715bfa82d6,source_found,sourcify-v2,200,contracts/UniswapV2Pair-mainnet-0xf94f040ad12abd0b585eae84876429715bfa82d6,UniswapV2Pair,0.5.16+commit.9c3226ce,Solidity,1,match,False,1,shared_attack_victim_trace;trading_pair;victim_trace,,21439930,,2026-08-24T10:14:46.989595+00:00
1:0xf98b45fa17de75fb1ad0e7afd971b0ca00e379fc,mainnet,1,0xf98b45fa17de75fb1ad0e7afd971b0ca00e379fc,source_found,sourcify-v2,200,contracts/Vyper_contract-mainnet-0xf98b45fa17de75fb1ad0e7afd971b0ca00e379fc,Vyper_contract,0.3.7+commit.6020b8bb,Vyper,1,match,False,1,victim_trace,,21504557,,2026-08-24T10:14:47.329552+00:00
1:0xf9b30557afcf76ea82c04015d80057fa2147dfa9,mainnet,1,0xf9b30557afcf76ea82c04015d80057fa2147dfa9,source_found,sourcify-v2,200,contracts/UniswapFeature-mainnet-0xf9b30557afcf76ea82c04015d80057fa2147dfa9,UniswapFeature,0.6.12+commit.27d51765,Solidity,15,exact_match,False,2,victim_trace,,21304654;21317106,,2026-08-24T10:14:47.463960+00:00
1:0xf9c6a45922a49e33e66a21181ec6789bd8d7fe30,mainnet,1,0xf9c6a45922a49e33e66a21181ec6789bd8d7fe30,not_in_sourcify,sourcify-v2,404,,,,,0,,,1,victim_trace,,21332257,,2026-08-24T10:14:47.107960+00:00
1:0xf9e037dcf792ba8c4a0ca570eac7cbcbafabd9d4,mainnet,1,0xf9e037dcf792ba8c4a0ca570eac7cbcbafabd9d4,not_in_sourcify,sourcify-v2,404,,,,,0,,,2,victim_top_level;victim_trace,,21490278;21510296,,2026-08-24T10:14:47.282071+00:00
1:0xf9e121c77caf7d8b7ac4bb58579015bc6f958b55,mainnet,1,0xf9e121c77caf7d8b7ac4bb58579015bc6f958b55,not_in_sourcify,sourcify-v2,404,,,,,0,,,12,victim_trace,,21313675;21335212;21348336;21352108;21398236;21410267;21410530;21442669;21471722;21500255;21501847;21508635,,2026-08-24T10:14:47.530586+00:00
1:0xf9f7ee120e4ce2b4500611952df8c7470af09816,mainnet,1,0xf9f7ee120e4ce2b4500611952df8c7470af09816,source_found,sourcify-v2,200,contracts/UniswapV3Pool-mainnet-0xf9f7ee120e4ce2b4500611952df8c7470af09816,UniswapV3Pool,0.7.6+commit.7338295f,Solidity,96,match,False,1,victim_trace,,21467447,,2026-08-24T10:14:49.214124+00:00
1:0xf9f7f108b3e2323343acf9bd9d34906aa478de6d,mainnet,1,0xf9f7f108b3e2323343acf9bd9d34906aa478de6d,source_found,sourcify-v2,200,contracts/UniswapV3Pool-mainnet-0xf9f7f108b3e2323343acf9bd9d34906aa478de6d,UniswapV3Pool,0.7.6+commit.7338295f,Solidity,96,match,False,1,victim_trace,,21380283,,2026-08-24T10:14:51.928128+00:00
1:0xfa003f0b06494e3c0a6ddd77fd2d1120492319b1,mainnet,1,0xfa003f0b06494e3c0a6ddd77fd2d1120492319b1,source_found,sourcify-v2,200,contracts/Token-mainnet-0xfa003f0b06494e3c0a6ddd77fd2d1120492319b1,Token,0.8.4+commit.c7e474f2,Solidity,1,match,False,2,shared_attack_victim_trace;victim_trace,,21320028;21363251,,2026-08-24T10:14:48.793613+00:00
1:0xfa39c1c670b48956eef9fd0bbd0e81a290326330,mainnet,1,0xfa39c1c670b48956eef9fd0bbd0e81a290326330,source_found,sourcify-v2,200,contracts/DiamondCutFacet-mainnet-0xfa39c1c670b48956eef9fd0bbd0e81a290326330,DiamondCutFacet,0.8.22+commit.4fc1097e,Solidity,3,match,False,19,proxy_implementation,DiamondCutFacet,,,2026-08-24T10:18:53.303590+00:00
1:0xfa4ccc99ce5ff5071e87eb7abc0afda3877ca4d9,mainnet,1,0xfa4ccc99ce5ff5071e87eb7abc0afda3877ca4d9,source_found,sourcify-v2,200,contracts/UniswapV2Pair-mainnet-0xfa4ccc99ce5ff5071e87eb7abc0afda3877ca4d9,UniswapV2Pair,0.5.16+commit.9c3226ce,Solidity,1,match,False,1,shared_attack_victim_trace;trading_pair;victim_trace,,21452745,,2026-08-24T10:14:49.337336+00:00
1:0xfa750439a60e385d9e5f3d25eb9db289b74b7062,mainnet,1,0xfa750439a60e385d9e5f3d25eb9db289b74b7062,source_found,sourcify-v2,200,contracts/NFTXVaultFactoryUpgradeable-mainnet-0xfa750439a60e385d9e5f3d25eb9db289b74b7062,NFTXVaultFactoryUpgradeable,0.8.4+commit.c7e474f2,Solidity,35,exact_match,False,1,shared_attack_victim_trace;victim_trace,,21320028,,2026-08-24T10:14:50.795237+00:00
1:0xfa7ca9cecf9c6a5e84dd1121f53b726ea3aff3b9,mainnet,1,0xfa7ca9cecf9c6a5e84dd1121f53b726ea3aff3b9,not_in_sourcify,sourcify-v2,404,,,,,0,,,1,victim_trace,,21300863,,2026-08-24T10:14:49.050536+00:00
1:0xfa93141130a11fdab7c6c800dfb93a5d19da6aa4,mainnet,1,0xfa93141130a11fdab7c6c800dfb93a5d19da6aa4,source_found,sourcify-v2,200,contracts/ChainflipFacet-mainnet-0xfa93141130a11fdab7c6c800dfb93a5d19da6aa4,ChainflipFacet,0.8.29+commit.ab55807c,Solidity,14,exact_match,False,4,proxy_implementation,ChainflipFacet,,,2026-08-24T10:18:53.912079+00:00
1:0xfa94cd9d711de75695693c877beca5473462cf12,mainnet,1,0xfa94cd9d711de75695693c877beca5473462cf12,source_found,sourcify-v2,200,contracts/DiamondEtherscan-mainnet-0xfa94cd9d711de75695693c877beca5473462cf12,DiamondEtherscan,0.8.19+commit.7dd6d404,Solidity,16,exact_match,False,1,proxy_implementation,DiamondEtherscan,,,2026-08-24T10:18:54.719493+00:00
1:0xfaa318479b7755b2dbfdd34dc306cb28b420ad12,mainnet,1,0xfaa318479b7755b2dbfdd34dc306cb28b420ad12,source_found,sourcify-v2,200,contracts/UniswapV3Pool-mainnet-0xfaa318479b7755b2dbfdd34dc306cb28b420ad12,UniswapV3Pool,0.7.6+commit.7338295f,Solidity,96,match,False,1,shared_attack_victim_trace;trading_pair;victim_trace,,21332257,,2026-08-24T10:14:51.704250+00:00
1:0xfaa763790b26e7ea354373072bab02e680eeb07f,mainnet,1,0xfaa763790b26e7ea354373072bab02e680eeb07f,source_found,sourcify-v2,200,contracts/StrategyExecutor-mainnet-0xfaa763790b26e7ea354373072bab02e680eeb07f,StrategyExecutor,0.8.10+commit.fc410830,Solidity,1,match,False,1,victim_top_level;victim_trace,,21322552,,2026-08-24T10:14:51.094281+00:00
1:0xfaba6f8e4a5e8ab82f62fe7c39859fa577269be3,mainnet,1,0xfaba6f8e4a5e8ab82f62fe7c39859fa577269be3,source_found,sourcify-v2,200,contracts/Ondo-mainnet-0xfaba6f8e4a5e8ab82f62fe7c39859fa577269be3,Ondo,0.8.3+commit.8d00100c,Solidity,1,exact_match,False,1,shared_attack_victim_trace;victim_trace,,21500255,,2026-08-24T10:14:50.882353+00:00
1:0xfad57d2039c21811c8f2b5d5b65308aa99d31559,mainnet,1,0xfad57d2039c21811c8f2b5d5b65308aa99d31559,source_found,sourcify-v2,200,contracts/UniswapV3Pool-mainnet-0xfad57d2039c21811c8f2b5d5b65308aa99d31559,UniswapV3Pool,0.7.6+commit.7338295f,Solidity,96,match,False,1,shared_attack_victim_trace;trading_pair;victim_trace,,21396987,,2026-08-24T10:14:52.808048+00:00
1:0xfae5e10014dc90a85abde21e0fa85ccb78521ab5,mainnet,1,0xfae5e10014dc90a85abde21e0fa85ccb78521ab5,source_found,sourcify-v2,200,contracts/GasFeeTaker-mainnet-0xfae5e10014dc90a85abde21e0fa85ccb78521ab5,GasFeeTaker,0.8.10+commit.fc410830,Solidity,1,match,False,1,victim_trace,,21322552,,2026-08-24T10:14:52.240482+00:00
1:0xfb7b4564402e5500db5bb6d63ae671302777c75a,mainnet,1,0xfb7b4564402e5500db5bb6d63ae671302777c75a,source_found,sourcify-v2,200,contracts/Dextools-mainnet-0xfb7b4564402e5500db5bb6d63ae671302777c75a,Dextools,0.6.4+commit.1dca32f3,Solidity,1,match,False,1,victim_trace,,21332257,,2026-08-24T10:14:51.929410+00:00
1:0xfbbe90dd04250b5e789ed9d1bfba2476e524a852,mainnet,1,0xfbbe90dd04250b5e789ed9d1bfba2476e524a852,not_in_sourcify,sourcify-v2,404,,,,,0,,,1,victim_trace,,21433713,,2026-08-24T10:14:51.525140+00:00
1:0xfc21d6d146e6086b8359705c8b28512a983db0cb,mainnet,1,0xfc21d6d146e6086b8359705c8b28512a983db0cb,source_found,sourcify-v2,200,contracts/AaveProtocolDataProvider-mainnet-0xfc21d6d146e6086b8359705c8b28512a983db0cb,AaveProtocolDataProvider,0.8.10+commit.fc410830,Solidity,16,exact_match,False,1,victim_trace,,21322552,,2026-08-24T10:14:52.927520+00:00
1:0xfc545f345e2afc52652cd6f76323c5ddc847bd6d,mainnet,1,0xfc545f345e2afc52652cd6f76323c5ddc847bd6d,source_found,sourcify-v2,200,contracts/UniswapV3Pool-mainnet-0xfc545f345e2afc52652cd6f76323c5ddc847bd6d,UniswapV3Pool,0.7.6+commit.7338295f,Solidity,96,match,False,1,shared_attack_victim_trace;trading_pair;victim_trace,,21454032,,2026-08-24T10:14:55.147788+00:00
1:0xfc99f58a8974a4bc36e60e2d490bb8d72899ee9f,mainnet,1,0xfc99f58a8974a4bc36e60e2d490bb8d72899ee9f,source_found,sourcify-v2,200,contracts/TransparentUpgradeableProxy-mainnet-0xfc99f58a8974a4bc36e60e2d490bb8d72899ee9f,TransparentUpgradeableProxy,0.8.2+commit.661d1103,Solidity,15,exact_match,True,1,victim_top_level;victim_trace,,21311832,,2026-08-24T10:14:53.213314+00:00
1:0xfca59cd816ab1ead66534d82bc21e7515ce441cf,mainnet,1,0xfca59cd816ab1ead66534d82bc21e7515ce441cf,source_found,sourcify-v2,200,contracts/RariToken-mainnet-0xfca59cd816ab1ead66534d82bc21e7515ce441cf,RariToken,0.5.17+commit.d19bba13,Solidity,1,match,False,1,shared_attack_victim_trace;victim_trace,,21420182,,2026-08-24T10:14:54.046992+00:00
1:0xfcd13ea0b906f2f87229650b8d93a51b2e839ebd,mainnet,1,0xfcd13ea0b906f2f87229650b8d93a51b2e839ebd,source_found,sourcify-v2,200,contracts/UniswapV2Pair-mainnet-0xfcd13ea0b906f2f87229650b8d93a51b2e839ebd,UniswapV2Pair,0.5.16+commit.9c3226ce,Solidity,1,match,False,1,shared_attack_victim_trace;trading_pair;victim_trace,,21356992,,2026-08-24T10:14:53.623808+00:00
1:0xfd22f188ab5ae8b19b3b90e064d5843cc38f9e59,mainnet,1,0xfd22f188ab5ae8b19b3b90e064d5843cc38f9e59,source_found,sourcify-v2,200,contracts/UniswapV2Pair-mainnet-0xfd22f188ab5ae8b19b3b90e064d5843cc38f9e59,UniswapV2Pair,0.5.16+commit.9c3226ce,Solidity,1,match,False,1,shared_attack_victim_trace;trading_pair;victim_trace,,21508635,,2026-08-24T10:14:53.901565+00:00
1:0xfd4d830abd79148c56bbda553f086c398bb41bf2,mainnet,1,0xfd4d830abd79148c56bbda553f086c398bb41bf2,source_found,sourcify-v2,200,contracts/UniswapV3Pool-mainnet-0xfd4d830abd79148c56bbda553f086c398bb41bf2,UniswapV3Pool,0.7.6+commit.7338295f,Solidity,96,match,False,1,victim_trace,,21360349,,2026-08-24T10:14:55.730755+00:00
1:0xfd75c75fe4a067a344ad3cc5a63d281675ecabe6,mainnet,1,0xfd75c75fe4a067a344ad3cc5a63d281675ecabe6,source_found,sourcify-v2,200,contracts/ZeroDAOTokenV2-mainnet-0xfd75c75fe4a067a344ad3cc5a63d281675ecabe6,ZeroDAOTokenV2,0.8.3+commit.8d00100c,Solidity,16,exact_match,False,2,proxy_implementation,ZeroDAOTokenV2,,,2026-08-24T10:18:55.157292+00:00
1:0xfd858c8bc5ac5e10f01018bc78471bb0dc392247,mainnet,1,0xfd858c8bc5ac5e10f01018bc78471bb0dc392247,source_found,sourcify-v2,200,contracts/CLSynchronicityPriceAdapterPegToBase-mainnet-0xfd858c8bc5ac5e10f01018bc78471bb0dc392247,CLSynchronicityPriceAdapterPegToBase,0.8.17+commit.8df45f5f,Solidity,3,exact_match,False,1,victim_trace,,21357447,,2026-08-24T10:14:53.845058+00:00
1:0xfd8a76dc204e461db5da4f38687adc9cc5ae4a86,mainnet,1,0xfd8a76dc204e461db5da4f38687adc9cc5ae4a86,source_found,sourcify-v2,200,contracts/TransparentUpgradeableProxy-mainnet-0xfd8a76dc204e461db5da4f38687adc9cc5ae4a86,TransparentUpgradeableProxy,0.8.2+commit.661d1103,Solidity,15,exact_match,True,1,victim_trace,,21320028,,2026-08-24T10:14:54.547883+00:00
1:0xfdd05552f1377aa488afed744c8024358af02041,mainnet,1,0xfdd05552f1377aa488afed744c8024358af02041,source_found,sourcify-v2,200,contracts/EtherVistaPair-mainnet-0xfdd05552f1377aa488afed744c8024358af02041,EtherVistaPair,0.5.16+commit.9c3226ce,Solidity,1,match,False,1,shared_attack_victim_trace;trading_pair;victim_trace,,21304654,,2026-08-24T10:14:55.000261+00:00
1:0xfdfd9c85ad200c506cf9e21f1fd8dd01932fbb23,mainnet,1,0xfdfd9c85ad200c506cf9e21f1fd8dd01932fbb23,source_found,sourcify-v2,200,contracts/EACAggregatorProxy-mainnet-0xfdfd9c85ad200c506cf9e21f1fd8dd01932fbb23,EACAggregatorProxy,0.6.6+commit.6c089d02,Solidity,1,match,False,6,victim_trace,,21300863;21333683;21357447;21357582;21373643;21414148,,2026-08-24T10:14:55.035162+00:00
1:0xfe12d6a3168be617e1f70519a5b4da37ea638d3d,mainnet,1,0xfe12d6a3168be617e1f70519a5b4da37ea638d3d,source_found,sourcify-v2,200,contracts/UniswapV2Pair-mainnet-0xfe12d6a3168be617e1f70519a5b4da37ea638d3d,UniswapV2Pair,0.5.16+commit.9c3226ce,Solidity,1,match,False,1,shared_attack_victim_trace;trading_pair;victim_trace,,21449019,,2026-08-24T10:14:55.195151+00:00
1:0xfe2b7a7f4cc0fb76f7fc1c6518d586f1e4559176,mainnet,1,0xfe2b7a7f4cc0fb76f7fc1c6518d586f1e4559176,source_found,sourcify-v2,200,contracts/InitializableImmutableAdminUpgradeabilityProxy-mainnet-0xfe2b7a7f4cc0fb76f7fc1c6518d586f1e4559176,InitializableImmutableAdminUpgradeabilityProxy,0.8.10+commit.fc410830,Solidity,6,exact_match,True,1,victim_trace,,21322552,,2026-08-24T10:14:56.195068+00:00
1:0xfe52b7a53aca0e2d155434e2c613f766d140fea8,mainnet,1,0xfe52b7a53aca0e2d155434e2c613f766d140fea8,source_found,sourcify-v2,200,contracts/ERC1967Proxy-mainnet-0xfe52b7a53aca0e2d155434e2c613f766d140fea8,ERC1967Proxy,0.8.19+commit.7dd6d404,Solidity,7,exact_match,True,1,victim_trace,,21471722,,2026-08-24T10:14:55.512476+00:00
1:0xfe837a3530dd566401d35befcd55582af7c4dffc,mainnet,1,0xfe837a3530dd566401d35befcd55582af7c4dffc,source_found,sourcify-v2,200,contracts/DODOFeeRouteProxy-mainnet-0xfe837a3530dd566401d35befcd55582af7c4dffc,DODOFeeRouteProxy,0.8.16+commit.07a7930e,Solidity,1,match,False,1,victim_top_level;victim_trace,,21379211,,2026-08-24T10:14:56.423009+00:00
1:0xfe9ab78ed4f9f3dbb168d9f5e5213d78605c9805,mainnet,1,0xfe9ab78ed4f9f3dbb168d9f5e5213d78605c9805,source_found,sourcify-v2,200,contracts/Executor-mainnet-0xfe9ab78ed4f9f3dbb168d9f5e5213d78605c9805,Executor,0.8.22+commit.4fc1097e,Solidity,36,match,False,1,victim_trace,,21342507,,2026-08-24T10:14:57.241558+00:00
1:0xfea54bc9440971570d3c71681de1e8dceb1efb57,mainnet,1,0xfea54bc9440971570d3c71681de1e8dceb1efb57,not_in_sourcify,sourcify-v2,404,,,,,0,,,1,victim_trace,,21495693,,2026-08-24T10:14:55.928095+00:00
1:0xfeac2eae96899709a43e252b6b92971d32f9c0f9,mainnet,1,0xfeac2eae96899709a43e252b6b92971d32f9c0f9,source_found,sourcify-v2,200,contracts/AnyoneProtocolToken-mainnet-0xfeac2eae96899709a43e252b6b92971d32f9c0f9,AnyoneProtocolToken,0.8.26+commit.8a97fa7a,Solidity,9,exact_match,False,1,victim_trace,,21313675,,2026-08-24T10:14:57.022066+00:00
1:0xfefe157c9d0ae025213092ff9a5cb56ab492bab8,mainnet,1,0xfefe157c9d0ae025213092ff9a5cb56ab492bab8,source_found,sourcify-v2,200,contracts/Fefe-mainnet-0xfefe157c9d0ae025213092ff9a5cb56ab492bab8,Fefe,0.8.23+commit.f704f362,Solidity,1,match,False,1,shared_attack_victim_trace;victim_trace,,21360349,,2026-08-24T10:14:57.092732+00:00
1:0xff00f45a9cd1b4044c449aa09c05613c2ce4f098,mainnet,1,0xff00f45a9cd1b4044c449aa09c05613c2ce4f098,source_found,sourcify-v2,200,contracts/UniswapV2Pair-mainnet-0xff00f45a9cd1b4044c449aa09c05613c2ce4f098,UniswapV2Pair,0.5.16+commit.9c3226ce,Solidity,1,match,False,1,victim_trace,,21349927,,2026-08-24T10:14:57.450102+00:00
1:0xff20817765cb7f73d4bde2e66e067e58d11095c2,mainnet,1,0xff20817765cb7f73d4bde2e66e067e58d11095c2,source_found,sourcify-v2,200,contracts/Amp-mainnet-0xff20817765cb7f73d4bde2e66e067e58d11095c2,Amp,0.6.10+commit.00c0fcaf,Solidity,1,match,False,2,shared_attack_victim_trace;victim_trace,,21502376;21510296,,2026-08-24T10:14:58.455080+00:00
1:0xff284f2e8cce4cd2f4537d8a9369482b545908fb,mainnet,1,0xff284f2e8cce4cd2f4537d8a9369482b545908fb,source_found,sourcify-v2,200,contracts/NodelyAI-mainnet-0xff284f2e8cce4cd2f4537d8a9369482b545908fb,NodelyAI,0.8.24+commit.e11b9ed9,Solidity,1,exact_match,False,1,shared_attack_victim_trace;victim_trace,,21413153,,2026-08-24T10:14:57.474303+00:00
1:0xff3f6d14df43c112ab98834ee1f82083e07c26bf,mainnet,1,0xff3f6d14df43c112ab98834ee1f82083e07c26bf,source_found,sourcify-v2,200,contracts/QuickAccManager-mainnet-0xff3f6d14df43c112ab98834ee1f82083e07c26bf,QuickAccManager,0.8.7+commit.e28d00a7,Solidity,1,match,False,1,victim_top_level;victim_trace,,21322741,,2026-08-24T10:14:58.070495+00:00
1:0xff4fe8cae039024db963b2eba22d76c121af8e88,mainnet,1,0xff4fe8cae039024db963b2eba22d76c121af8e88,source_found,sourcify-v2,200,contracts/UniswapV2Pair-mainnet-0xff4fe8cae039024db963b2eba22d76c121af8e88,UniswapV2Pair,0.5.16+commit.9c3226ce,Solidity,1,match,False,1,shared_attack_victim_trace;trading_pair;victim_trace,,21304654,,2026-08-24T10:18:55.539362+00:00
1:0xff53042865df617de4bb871bd0988e7b93439ccf,mainnet,1,0xff53042865df617de4bb871bd0988e7b93439ccf,source_found,sourcify-v2,200,contracts/CurveStableSwapNGViews-mainnet-0xff53042865df617de4bb871bd0988e7b93439ccf,CurveStableSwapNGViews,0.3.10+commit.91361694,Vyper,1,match,False,1,victim_trace,,21504557,,2026-08-24T10:18:56.181391+00:00
1:0xff9b21c3bfa4bce9b20b55fed56d102ced48b0f6,mainnet,1,0xff9b21c3bfa4bce9b20b55fed56d102ced48b0f6,source_found,sourcify-v2,200,contracts/OnchainSwapV3-mainnet-0xff9b21c3bfa4bce9b20b55fed56d102ced48b0f6,OnchainSwapV3,0.8.7+commit.e28d00a7,Solidity,7,exact_match,False,1,victim_top_level;victim_trace,,21401763,,2026-08-24T10:18:56.661947+00:00
