key,network,chain_id,address,status,backend,http_status,artifact_path,contract_name,compiler_version,language,source_count,match,is_proxy,sample_count,roles,symbols,fork_blocks,error,fetched_at
1:0x000000000000660def84e69995117c0176ba446e,mainnet,1,0x000000000000660def84e69995117c0176ba446e,not_in_sourcify,sourcify-v2,404,,,,,0,,,1,historical_execution_group_member;trace_callee;trace_caller;transaction_target,,16440979,,2026-08-24T11:49:57.107509+00:00
1:0x0063bcd116694c21f6a94aa78e10ef4d7819a609,mainnet,1,0x0063bcd116694c21f6a94aa78e10ef4d7819a609,source_found,sourcify-v2,200,contracts/FlashLoanLogic-mainnet-0x0063bcd116694c21f6a94aa78e10ef4d7819a609,FlashLoanLogic,0.8.19+commit.7dd6d404,Solidity,76,match,False,1,historical_execution_group_member;trace_callee,,20240539,,2026-08-24T11:49:59.773528+00:00
1:0x013a3da6591d3427f164862793ab4e388f9b587e,mainnet,1,0x013a3da6591d3427f164862793ab4e388f9b587e,source_found,sourcify-v2,200,contracts/Controller-mainnet-0x013a3da6591d3427f164862793ab4e388f9b587e,Controller,0.8.17+commit.8df45f5f,Solidity,23,match,False,1,historical_execution_group_member;trace_callee,,17743470,,2026-08-24T11:49:59.230728+00:00
1:0x018008bfb33d285247a21d44e50697654f754e63,mainnet,1,0x018008bfb33d285247a21d44e50697654f754e63,source_found,sourcify-v2,200,contracts/InitializableImmutableAdminUpgradeabilityProxy-mainnet-0x018008bfb33d285247a21d44e50697654f754e63,InitializableImmutableAdminUpgradeabilityProxy,0.8.10+commit.fc410830,Solidity,6,exact_match,True,1,historical_execution_group_member;trace_callee;trace_caller,,20240539,,2026-08-24T11:49:58.555599+00:00
1:0x01ccde1dfb6c84e1cc13a6bf777aa2160abd11ba,mainnet,1,0x01ccde1dfb6c84e1cc13a6bf777aa2160abd11ba,source_found,sourcify-v2,200,contracts/DepositToken-mainnet-0x01ccde1dfb6c84e1cc13a6bf777aa2160abd11ba,DepositToken,0.6.12+commit.27d51765,Solidity,8,match,False,1,historical_execution_group_member;trace_callee,,17743470,,2026-08-24T11:49:58.943726+00:00
1:0x030ba81f1c18d280636f32af80b9aad02cf0854e,mainnet,1,0x030ba81f1c18d280636f32af80b9aad02cf0854e,source_found,sourcify-v2,200,contracts/InitializableImmutableAdminUpgradeabilityProxy-mainnet-0x030ba81f1c18d280636f32af80b9aad02cf0854e,InitializableImmutableAdminUpgradeabilityProxy,0.6.12+commit.27d51765,Solidity,6,exact_match,True,2,historical_execution_group_member;trace_callee;trace_caller,,15746200;15746342;17823543,,2026-08-24T11:49:59.048965+00:00
1:0x0496372be7e426d28e89debf01f19f014d5938be,mainnet,1,0x0496372be7e426d28e89debf01f19f014d5938be,source_found,sourcify-v2,200,contracts/InitializableImmutableAdminUpgradeabilityProxy-mainnet-0x0496372be7e426d28e89debf01f19f014d5938be,InitializableImmutableAdminUpgradeabilityProxy,0.8.10+commit.fc410830,Solidity,6,exact_match,True,1,historical_execution_group_member;trace_callee;trace_caller,,20240539,,2026-08-24T11:50:00.297812+00:00
1:0x05767d9ef41dc40689678ffca0608878fb3de906,mainnet,1,0x05767d9ef41dc40689678ffca0608878fb3de906,source_found,sourcify-v2,200,contracts/UniswapV2Pair-mainnet-0x05767d9ef41dc40689678ffca0608878fb3de906,UniswapV2Pair,0.6.12+commit.27d51765,Solidity,1,match,False,1,historical_execution_group_member;trace_callee;trace_caller,,20240539,,2026-08-24T11:50:01.601081+00:00
1:0x05f410a9eb94e0bee0e47f12254e7cb5f4e2a1f7,mainnet,1,0x05f410a9eb94e0bee0e47f12254e7cb5f4e2a1f7,source_found,sourcify-v2,200,contracts/DefaultReserveInterestRateStrategy-mainnet-0x05f410a9eb94e0bee0e47f12254e7cb5f4e2a1f7,DefaultReserveInterestRateStrategy,0.8.17+commit.8df45f5f,Solidity,9,match,False,1,historical_execution_group_member;trace_callee;trace_caller,,20240539,,2026-08-24T11:50:01.023056+00:00
1:0x06147e073b854521c7b778280e7d7dbafb2d4898,mainnet,1,0x06147e073b854521c7b778280e7d7dbafb2d4898,source_found,sourcify-v2,200,contracts/Caliber-mainnet-0x06147e073b854521c7b778280e7d7dbafb2d4898,Caliber,0.8.28+commit.7893614a,Solidity,42,exact_match,False,1,historical_execution_group_member;trace_callee,,24273362,,2026-08-24T11:50:02.587823+00:00
1:0x06da0fd433c1a5d7a4faa01111c044910a184553,mainnet,1,0x06da0fd433c1a5d7a4faa01111c044910a184553,source_found,sourcify-v2,200,contracts/UniswapV2Pair-mainnet-0x06da0fd433c1a5d7a4faa01111c044910a184553,UniswapV2Pair,0.6.12+commit.27d51765,Solidity,1,match,False,1,historical_execution_group_member;trace_callee,,19917291,,2026-08-24T11:50:02.668700+00:00
1:0x071108ad85d7a766b41e0f5e5195537a8fc8e74d,mainnet,1,0x071108ad85d7a766b41e0f5e5195537a8fc8e74d,not_in_sourcify,sourcify-v2,404,,,,,0,,,1,historical_execution_group_member;trace_callee,,15746200;15746342,,2026-08-24T11:50:01.170296+00:00
1:0x07fa3744fec271f80c2ea97679823f65c13ccdf4,mainnet,1,0x07fa3744fec271f80c2ea97679823f65c13ccdf4,source_found,sourcify-v2,200,contracts/DefaultReserveInterestRateStrategy-mainnet-0x07fa3744fec271f80c2ea97679823f65c13ccdf4,DefaultReserveInterestRateStrategy,0.8.17+commit.8df45f5f,Solidity,9,match,False,1,historical_execution_group_member;trace_callee;trace_caller,,20240539,,2026-08-24T11:50:02.379107+00:00
1:0x085780639cc2cacd35e474e71f4d000e2405d8f6,mainnet,1,0x085780639cc2cacd35e474e71f4d000e2405d8f6,source_found,sourcify-v2,200,contracts/TransparentUpgradeableProxy-mainnet-0x085780639cc2cacd35e474e71f4d000e2405d8f6,TransparentUpgradeableProxy,0.7.6+commit.7338295f,Solidity,4,exact_match,True,1,historical_execution_group_member;trace_callee;trace_caller,,24273362,,2026-08-24T11:50:02.238157+00:00
1:0x088ee5007c98a9677165d78dd2109ae4a3d04d0c,mainnet,1,0x088ee5007c98a9677165d78dd2109ae4a3d04d0c,source_found,sourcify-v2,200,contracts/UniswapV2Pair-mainnet-0x088ee5007c98a9677165d78dd2109ae4a3d04d0c,UniswapV2Pair,0.6.12+commit.27d51765,Solidity,1,match,False,1,historical_execution_group_member;trace_callee;trace_caller,,20240539,,2026-08-24T11:50:03.299255+00:00
1:0x090185f2135308bad17527004364ebcc2d37e5f6,mainnet,1,0x090185f2135308bad17527004364ebcc2d37e5f6,source_found,sourcify-v2,200,contracts/Spell-mainnet-0x090185f2135308bad17527004364ebcc2d37e5f6,Spell,0.6.12+commit.27d51765,Solidity,1,exact_match,False,1,historical_execution_group_member;trace_callee,,20240539,,2026-08-24T11:50:02.786041+00:00
1:0x0b925ed163218f6662a35e0f0371ac234f9e9371,mainnet,1,0x0b925ed163218f6662a35e0f0371ac234f9e9371,source_found,sourcify-v2,200,contracts/InitializableImmutableAdminUpgradeabilityProxy-mainnet-0x0b925ed163218f6662a35e0f0371ac234f9e9371,InitializableImmutableAdminUpgradeabilityProxy,0.8.10+commit.fc410830,Solidity,6,exact_match,True,1,historical_execution_group_member;trace_callee;trace_caller,,17823543,,2026-08-24T11:50:05.232636+00:00
1:0x0bc529c00c6401aef6d220be8c6ea1667f6ad93e,mainnet,1,0x0bc529c00c6401aef6d220be8c6ea1667f6ad93e,source_found,sourcify-v2,200,contracts/YFI-mainnet-0x0bc529c00c6401aef6d220be8c6ea1667f6ad93e,YFI,0.5.17+commit.d19bba13,Solidity,1,match,False,1,historical_execution_group_member;trace_callee,,20240539,,2026-08-24T11:50:03.700002+00:00
1:0x0cd6f267b2086bea681e922e19d40512511be538,mainnet,1,0x0cd6f267b2086bea681e922e19d40512511be538,not_in_sourcify,sourcify-v2,404,,,,,0,,,1,historical_execution_group_member;trace_callee;trace_caller,,17743470,,2026-08-24T11:50:03.581551+00:00
1:0x0d4a11d5eeaac28ec3f61d100daf4d40471f1852,mainnet,1,0x0d4a11d5eeaac28ec3f61d100daf4d40471f1852,source_found,sourcify-v2,200,contracts/UniswapV2Pair-mainnet-0x0d4a11d5eeaac28ec3f61d100daf4d40471f1852,UniswapV2Pair,0.5.16+commit.9c3226ce,Solidity,1,match,False,1,historical_execution_group_member;trace_callee,,19917291,,2026-08-24T11:50:04.627560+00:00
1:0x0d5f4aadf3fde31bbb55db5f42c080f18ad54df5,mainnet,1,0x0d5f4aadf3fde31bbb55db5f42c080f18ad54df5,source_found,sourcify-v2,200,contracts/AccessControlledOCR2Aggregator-mainnet-0x0d5f4aadf3fde31bbb55db5f42c080f18ad54df5,AccessControlledOCR2Aggregator,0.8.19+commit.7dd6d404,Solidity,18,exact_match,False,1,historical_execution_group_member;trace_callee,,24273362,,2026-08-24T11:50:06.345450+00:00
1:0x0e113904cb1d53cabb324927dffae2f8f6705111,mainnet,1,0x0e113904cb1d53cabb324927dffae2f8f6705111,not_in_sourcify,sourcify-v2,404,,,,,0,,,1,historical_execution_group_member;trace_callee;trace_caller,,15746200;15746342,,2026-08-24T11:50:05.803286+00:00
1:0x0e590bb5f02a0c38888bffb45dee050b8fb60bda,mainnet,1,0x0e590bb5f02a0c38888bffb45dee050b8fb60bda,source_found,sourcify-v2,200,contracts/TreasuryPool-mainnet-0x0e590bb5f02a0c38888bffb45dee050b8fb60bda,TreasuryPool,0.7.6+commit.7338295f,Solidity,12,exact_match,False,1,historical_execution_group_member;trace_callee,,19917291,,2026-08-24T11:50:05.683496+00:00
1:0x0faeeceab0bcb63be2fe984ea8c77778989d53ea,mainnet,1,0x0faeeceab0bcb63be2fe984ea8c77778989d53ea,not_in_sourcify,sourcify-v2,404,,,,,0,,,1,historical_execution_group_member;trace_callee;trace_caller,,24273362,,2026-08-24T11:50:05.252354+00:00
1:0x0ff5ebe7e04523e35a46544201190be12a51d5f8,mainnet,1,0x0ff5ebe7e04523e35a46544201190be12a51d5f8,not_in_sourcify,sourcify-v2,404,,,,,0,,,1,historical_execution_group_member;trace_callee;trace_caller,,17743470,,2026-08-24T11:50:06.894904+00:00
1:0x100daa78fc509db39ef7d04de0c1abd299f4c6ce,mainnet,1,0x100daa78fc509db39ef7d04de0c1abd299f4c6ce,source_found,sourcify-v2,200,contracts/crvUSDController-mainnet-0x100daa78fc509db39ef7d04de0c1abd299f4c6ce,crvUSDController,0.3.7+commit.6020b8bb,Vyper,1,match,False,1,historical_execution_group_member;trace_callee;trace_caller,,17743470,,2026-08-24T11:50:07.025542+00:00
1:0x10908c875d865c66f271f5d3949848971c9595c9,mainnet,1,0x10908c875d865c66f271f5d3949848971c9595c9,not_in_sourcify,sourcify-v2,404,,,,,0,,,1,historical_execution_group_member;trace_callee;trace_caller,,19917291,,2026-08-24T11:50:06.227333+00:00
1:0x12807818b584a3fa65d38b6c25b13983fe888d6e,mainnet,1,0x12807818b584a3fa65d38b6c25b13983fe888d6e,source_found,sourcify-v2,200,contracts/DMMRouter02-mainnet-0x12807818b584a3fa65d38b6c25b13983fe888d6e,DMMRouter02,0.6.12+commit.27d51765,Solidity,1,match,False,1,historical_execution_group_member;trace_callee;trace_caller,,19917291,,2026-08-24T11:50:09.256835+00:00
1:0x136e783846ef68c8bd00a3369f787df8d683a696,mainnet,1,0x136e783846ef68c8bd00a3369f787df8d683a696,source_found,sourcify-v2,200,contracts/LLAMMA-crvUSDAMM-mainnet-0x136e783846ef68c8bd00a3369f787df8d683a696,LLAMMA-crvUSDAMM,0.3.7+commit.6020b8bb,Vyper,1,match,False,1,historical_execution_group_member;trace_callee,,17743470,,2026-08-24T11:50:08.077244+00:00
1:0x13a1f3f9a0b3b5335acb4c213da78c1548ec67d2,mainnet,1,0x13a1f3f9a0b3b5335acb4c213da78c1548ec67d2,not_in_sourcify,sourcify-v2,404,,,,,0,,,1,historical_execution_group_member;trace_callee;trace_caller,,19917291,,2026-08-24T11:50:07.654629+00:00
1:0x140cca423081ed0366765f18fc9f5ed299699388,mainnet,1,0x140cca423081ed0366765f18fc9f5ed299699388,not_in_sourcify,sourcify-v2,404,,,,,0,,,1,historical_execution_group_member;trace_callee;trace_caller;transaction_target,,15746200;15746342,,2026-08-24T11:50:08.009210+00:00
1:0x15c5620dffac7c7366eed66c20ad222ddbb1ed57,mainnet,1,0x15c5620dffac7c7366eed66c20ad222ddbb1ed57,source_found,sourcify-v2,200,contracts/StableDebtToken-mainnet-0x15c5620dffac7c7366eed66c20ad222ddbb1ed57,StableDebtToken,0.8.10+commit.fc410830,Solidity,20,exact_match,False,2,historical_execution_group_member;trace_callee,,17823543;20240539,,2026-08-24T11:50:09.213890+00:00
1:0x1681195c176239ac5e72d9aebacf5b2492e0c4ee,mainnet,1,0x1681195c176239ac5e72d9aebacf5b2492e0c4ee,source_found,sourcify-v2,200,contracts/LLAMMA-crvUSDAMM-mainnet-0x1681195c176239ac5e72d9aebacf5b2492e0c4ee,LLAMMA-crvUSDAMM,0.3.7+commit.6020b8bb,Vyper,1,match,False,1,historical_execution_group_member;trace_callee;trace_caller,,17743470,,2026-08-24T11:50:09.477254+00:00
1:0x17144556fd3424edc8fc8a4c940b2d04936d17eb,mainnet,1,0x17144556fd3424edc8fc8a4c940b2d04936d17eb,source_found,sourcify-v2,200,contracts/Lido-mainnet-0x17144556fd3424edc8fc8a4c940b2d04936d17eb,Lido,0.4.24+commit.e67f0147,Solidity,37,exact_match,False,1,historical_execution_group_member;trace_callee,,17823543,,2026-08-24T11:50:10.997162+00:00
1:0x1820a4b7618bde71dce8cdc73aab6c95905fad24,mainnet,1,0x1820a4b7618bde71dce8cdc73aab6c95905fad24,source_found,sourcify-v2,200,contracts/ERC1820Registry-mainnet-0x1820a4b7618bde71dce8cdc73aab6c95905fad24,ERC1820Registry,0.5.3+commit.10d17f24,Solidity,1,match,False,1,historical_execution_group_member;trace_callee,,19917291,,2026-08-24T11:50:10.165541+00:00
1:0x18672b1b0c623a30089a280ed9256379fb0e4e62,mainnet,1,0x18672b1b0c623a30089a280ed9256379fb0e4e62,source_found,sourcify-v2,200,contracts/AggregatorStablePrice-aggregatorofstablecoinpricesforcrvUSD-mainnet-0x18672b1b0c623a30089a280ed9256379fb0e4e62,AggregatorStablePrice-aggregatorofstablecoinpricesforcrvUSD,0.3.7+commit.6020b8bb,Vyper,1,match,False,1,historical_execution_group_member;trace_callee;trace_caller,,17743470,,2026-08-24T11:50:09.478525+00:00
1:0x1982b2f5814301d4e9a8b0201555376e62f82428,mainnet,1,0x1982b2f5814301d4e9a8b0201555376e62f82428,source_found,sourcify-v2,200,contracts/InitializableImmutableAdminUpgradeabilityProxy-mainnet-0x1982b2f5814301d4e9a8b0201555376e62f82428,InitializableImmutableAdminUpgradeabilityProxy,0.6.12+commit.27d51765,Solidity,6,exact_match,True,1,historical_execution_group_member;trace_callee;trace_caller,,15746200;15746342,,2026-08-24T11:50:11.158879+00:00
1:0x198f52501db67283cec7e2cadb04b3a0bc823a3f,mainnet,1,0x198f52501db67283cec7e2cadb04b3a0bc823a3f,not_in_sourcify,sourcify-v2,404,,,,,0,,,1,historical_execution_group_member;trace_callee;trace_caller,,19917291,,2026-08-24T11:50:10.219118+00:00
1:0x1a144095ad1cb488fe6378dbfc62368a7453d114,mainnet,1,0x1a144095ad1cb488fe6378dbfc62368a7453d114,source_found,sourcify-v2,200,contracts/FxUSDRegeneracy-mainnet-0x1a144095ad1cb488fe6378dbfc62368a7453d114,FxUSDRegeneracy,0.8.26+commit.8a97fa7a,Solidity,165,exact_match,False,1,historical_execution_group_member;trace_callee,,24273362,,2026-08-24T11:50:16.152456+00:00
1:0x1b7d3f4b3c032a5ae656e30eea4e8e1ba376068f,mainnet,1,0x1b7d3f4b3c032a5ae656e30eea4e8e1ba376068f,source_found,sourcify-v2,200,contracts/InitializableImmutableAdminUpgradeabilityProxy-mainnet-0x1b7d3f4b3c032a5ae656e30eea4e8e1ba376068f,InitializableImmutableAdminUpgradeabilityProxy,0.8.10+commit.fc410830,Solidity,6,exact_match,True,1,historical_execution_group_member;trace_callee;trace_caller,,20240539,,2026-08-24T11:50:12.166220+00:00
1:0x1bcc8378943aaee2d99a4e73ddf6c01f62825844,mainnet,1,0x1bcc8378943aaee2d99a4e73ddf6c01f62825844,not_in_sourcify,sourcify-v2,404,,,,,0,,,1,historical_execution_group_member;trace_callee;trace_caller;transaction_target,,19917291,,2026-08-24T11:50:12.520927+00:00
1:0x1c87257f5e8609940bc751a07bb085bb7f8cdbe6,mainnet,1,0x1c87257f5e8609940bc751a07bb085bb7f8cdbe6,source_found,sourcify-v2,200,contracts/DMMRouter02-mainnet-0x1c87257f5e8609940bc751a07bb085bb7f8cdbe6,DMMRouter02,0.6.12+commit.27d51765,Solidity,1,match,False,1,historical_execution_group_member;trace_callee;trace_caller,,19917291,,2026-08-24T11:50:14.111792+00:00
1:0x1cf68bbc2b6d3c6cfe1bd3590cf0e10b06a05f17,mainnet,1,0x1cf68bbc2b6d3c6cfe1bd3590cf0e10b06a05f17,source_found,sourcify-v2,200,contracts/DMMPool-mainnet-0x1cf68bbc2b6d3c6cfe1bd3590cf0e10b06a05f17,DMMPool,0.6.12+commit.27d51765,Solidity,1,match,False,1,historical_execution_group_member;trace_callee,,19917291,,2026-08-24T11:50:12.909082+00:00
1:0x1e33e98af620f1d563fcd3cfd3c75ace841204ef,mainnet,1,0x1e33e98af620f1d563fcd3cfd3c75ace841204ef,source_found,sourcify-v2,200,contracts/MachineShare-mainnet-0x1e33e98af620f1d563fcd3cfd3c75ace841204ef,MachineShare,0.8.28+commit.7893614a,Solidity,10,exact_match,False,1,historical_execution_group_member;trace_callee,,24273362,,2026-08-24T11:50:12.853824+00:00
1:0x1ef89ed0edd93d1ec09e4c07373f69c49f4dccae,mainnet,1,0x1ef89ed0edd93d1ec09e4c07373f69c49f4dccae,source_found,sourcify-v2,200,contracts/PegKeeper-mainnet-0x1ef89ed0edd93d1ec09e4c07373f69c49f4dccae,PegKeeper,0.3.7+commit.6020b8bb,Vyper,1,match,False,1,historical_execution_group_member;trace_callee,,17743470,,2026-08-24T11:50:14.758167+00:00
1:0x20807cf61ad17c31837776fa39847a2fa1839e81,mainnet,1,0x20807cf61ad17c31837776fa39847a2fa1839e81,source_found,sourcify-v2,200,contracts/AccessControlledOffchainAggregator-mainnet-0x20807cf61ad17c31837776fa39847a2fa1839e81,AccessControlledOffchainAggregator,0.7.6+commit.7338295f,Solidity,13,exact_match,False,1,historical_execution_group_member;trace_callee,,20240539,,2026-08-24T11:50:14.506502+00:00
1:0x2260fac5e5542a773aa44fbcfedf7c193bc2c599,mainnet,1,0x2260fac5e5542a773aa44fbcfedf7c193bc2c599,source_found,sourcify-v2,200,contracts/WBTC-mainnet-0x2260fac5e5542a773aa44fbcfedf7c193bc2c599,WBTC,0.4.24+commit.e67f0147,Solidity,1,match,False,3,historical_execution_group_member;trace_callee,,19917291;20240539;22146340,,2026-08-24T11:50:14.955061+00:00
1:0x230e0321cf38f09e247e50afc7801ea2351fe56f,mainnet,1,0x230e0321cf38f09e247e50afc7801ea2351fe56f,source_found,sourcify-v2,200,contracts/CLSynchronicityPriceAdapterPegToBase-mainnet-0x230e0321cf38f09e247e50afc7801ea2351fe56f,CLSynchronicityPriceAdapterPegToBase,0.8.17+commit.8df45f5f,Solidity,3,exact_match,False,1,historical_execution_group_member;trace_callee;trace_caller,,20240539,,2026-08-24T11:50:14.003903+00:00
1:0x23878914efe38d27c4d67ab83ed1b93a74d4086a,mainnet,1,0x23878914efe38d27c4d67ab83ed1b93a74d4086a,source_found,sourcify-v2,200,contracts/InitializableImmutableAdminUpgradeabilityProxy-mainnet-0x23878914efe38d27c4d67ab83ed1b93a74d4086a,InitializableImmutableAdminUpgradeabilityProxy,0.8.10+commit.fc410830,Solidity,6,exact_match,True,2,historical_execution_group_member;trace_callee;trace_caller,,17823543;20240539,,2026-08-24T11:50:16.741793+00:00
1:0x24701a6368ff6d2874d6b8cdadd461552b8a5283,mainnet,1,0x24701a6368ff6d2874d6b8cdadd461552b8a5283,source_found,sourcify-v2,200,contracts/DefaultReserveInterestRateStrategy-mainnet-0x24701a6368ff6d2874d6b8cdadd461552b8a5283,DefaultReserveInterestRateStrategy,0.8.10+commit.fc410830,Solidity,9,exact_match,False,1,historical_execution_group_member;trace_callee;trace_caller,,20240539,,2026-08-24T11:50:16.395078+00:00
1:0x260d38033dd4f3ffdec7e11e62e27fe213d8d9ab,mainnet,1,0x260d38033dd4f3ffdec7e11e62e27fe213d8d9ab,source_found,sourcify-v2,200,contracts/ChainlinkOracleV2-mainnet-0x260d38033dd4f3ffdec7e11e62e27fe213d8d9ab,ChainlinkOracleV2,0.8.17+commit.8df45f5f,Solidity,7,match,False,1,historical_execution_group_member;trace_callee;trace_caller,,17743470,,2026-08-24T11:50:16.371659+00:00
1:0x268497bf083388b1504270d0e717222d3a87d6f2,mainnet,1,0x268497bf083388b1504270d0e717222d3a87d6f2,source_found,sourcify-v2,200,contracts/InitializableImmutableAdminUpgradeabilityProxy-mainnet-0x268497bf083388b1504270d0e717222d3a87d6f2,InitializableImmutableAdminUpgradeabilityProxy,0.8.10+commit.fc410830,Solidity,6,exact_match,True,1,historical_execution_group_member;trace_callee;trace_caller,,20240539,,2026-08-24T11:50:16.017438+00:00
1:0x27efe5db315b71753b2a38ed3d5dd7e9362ba93f,mainnet,1,0x27efe5db315b71753b2a38ed3d5dd7e9362ba93f,source_found,sourcify-v2,200,contracts/DefaultReserveInterestRateStrategy-mainnet-0x27efe5db315b71753b2a38ed3d5dd7e9362ba93f,DefaultReserveInterestRateStrategy,0.8.17+commit.8df45f5f,Solidity,9,match,False,1,historical_execution_group_member;trace_callee;trace_caller,,20240539,,2026-08-24T11:50:17.290261+00:00
1:0x286ef89cd2da6728fd2cb3e1d1c5766bcea344b0,mainnet,1,0x286ef89cd2da6728fd2cb3e1d1c5766bcea344b0,source_found,sourcify-v2,200,contracts/GenericOracleV2-mainnet-0x286ef89cd2da6728fd2cb3e1d1c5766bcea344b0,GenericOracleV2,0.8.17+commit.8df45f5f,Solidity,4,match,False,1,historical_execution_group_member;trace_callee;trace_caller,,17743470,,2026-08-24T11:50:18.515712+00:00
1:0x290a6a7460b308ee3f19023d2d00de604bcf5b42,mainnet,1,0x290a6a7460b308ee3f19023d2d00de604bcf5b42,source_found,sourcify-v2,200,contracts/UniswapV3Pool-mainnet-0x290a6a7460b308ee3f19023d2d00de604bcf5b42,UniswapV3Pool,0.7.6+commit.7338295f,Solidity,96,match,False,1,historical_execution_group_member;trace_callee;trace_caller,,20240539,,2026-08-24T11:50:19.216191+00:00
1:0x2b2b325ffb8d0876afad4538569ada16db59ff87,mainnet,1,0x2b2b325ffb8d0876afad4538569ada16db59ff87,not_in_sourcify,sourcify-v2,404,,,,,0,,,1,historical_execution_group_member;trace_callee;trace_caller,,19917291,,2026-08-24T11:50:17.751556+00:00
1:0x2b33cf282f867a7ff693a66e11b0fcc5552e4425,mainnet,1,0x2b33cf282f867a7ff693a66e11b0fcc5552e4425,source_found,sourcify-v2,200,contracts/Kernel-mainnet-0x2b33cf282f867a7ff693a66e11b0fcc5552e4425,Kernel,0.4.24+commit.e67f0147,Solidity,27,match,False,2,historical_execution_group_member;trace_callee,,15746200;15746342;17823543,,2026-08-24T11:50:18.596663+00:00
1:0x2c1d072e956affc0d435cb7ac38ef18d24d9127c,mainnet,1,0x2c1d072e956affc0d435cb7ac38ef18d24d9127c,source_found,sourcify-v2,200,contracts/EACAggregatorProxy-mainnet-0x2c1d072e956affc0d435cb7ac38ef18d24d9127c,EACAggregatorProxy,0.6.6+commit.6c089d02,Solidity,1,match,False,1,historical_execution_group_member;trace_callee;trace_caller,,20240539,,2026-08-24T11:50:18.713202+00:00
1:0x2ca33fe9a0816eaa77472e74fd56a0ff5e22890f,mainnet,1,0x2ca33fe9a0816eaa77472e74fd56a0ff5e22890f,source_found,sourcify-v2,200,contracts/CrvUsdOracle-mainnet-0x2ca33fe9a0816eaa77472e74fd56a0ff5e22890f,CrvUsdOracle,0.8.17+commit.8df45f5f,Solidity,3,match,False,1,historical_execution_group_member;trace_callee;trace_caller,,17743470,,2026-08-24T11:50:18.501594+00:00
1:0x2d5ecbbf97d862aec63efd0b13af0943b308bcac,mainnet,1,0x2d5ecbbf97d862aec63efd0b13af0943b308bcac,source_found,sourcify-v2,200,contracts/TrustList-mainnet-0x2d5ecbbf97d862aec63efd0b13af0943b308bcac,TrustList,0.5.10+commit.5a6ea5b1,Solidity,1,match,False,1,historical_execution_group_member;trace_callee,,15746200;15746342,,2026-08-24T11:50:18.886261+00:00
1:0x2f1ffc27f6d95088a9d8d3b7ff09bc39e66a06d9,mainnet,1,0x2f1ffc27f6d95088a9d8d3b7ff09bc39e66a06d9,not_in_sourcify,sourcify-v2,404,,,,,0,,,1,historical_execution_group_member;trace_callee;trace_caller,,19917291,,2026-08-24T11:50:19.651036+00:00
1:0x2f39d218133afab8f2b819b1066c7e434ad94e9e,mainnet,1,0x2f39d218133afab8f2b819b1066c7e434ad94e9e,source_found,sourcify-v2,200,contracts/PoolAddressesProvider-mainnet-0x2f39d218133afab8f2b819b1066c7e434ad94e9e,PoolAddressesProvider,0.8.10+commit.fc410830,Solidity,10,exact_match,False,2,historical_execution_group_member;trace_callee,,17823543;20240539,,2026-08-24T11:50:21.876544+00:00
1:0x2f50d538606fa9edd2b11e2446beb18c9d5846bb,mainnet,1,0x2f50d538606fa9edd2b11e2446beb18c9d5846bb,source_found,sourcify-v2,200,contracts/Vyper_contract-mainnet-0x2f50d538606fa9edd2b11e2446beb18c9d5846bb,Vyper_contract,0.2.4+commit.7949850,Vyper,1,match,False,1,historical_execution_group_member;trace_callee,,17743470,,2026-08-24T11:50:21.409430+00:00
1:0x2f57430a6ceda85a67121757785877b4a71b8e6d,mainnet,1,0x2f57430a6ceda85a67121757785877b4a71b8e6d,source_found,sourcify-v2,200,contracts/DFPgov-mainnet-0x2f57430a6ceda85a67121757785877b4a71b8e6d,DFPgov,0.8.6+commit.11564f7e,Solidity,7,exact_match,False,1,historical_execution_group_member;trace_callee,,20240539,,2026-08-24T11:50:22.505520+00:00
1:0x306121f1344ac5f84760998484c0176d7bfb7134,mainnet,1,0x306121f1344ac5f84760998484c0176d7bfb7134,source_found,sourcify-v2,200,contracts/DMMPool-mainnet-0x306121f1344ac5f84760998484c0176d7bfb7134,DMMPool,0.6.12+commit.27d51765,Solidity,1,match,False,1,historical_execution_group_member;trace_callee;trace_caller,,19917291,,2026-08-24T11:50:22.291446+00:00
1:0x31a4f372aa891b46ba44dc64be1d8947c889e9c6,mainnet,1,0x31a4f372aa891b46ba44dc64be1d8947c889e9c6,source_found,sourcify-v2,200,contracts/Shoco-mainnet-0x31a4f372aa891b46ba44dc64be1d8947c889e9c6,Shoco,0.6.12+commit.27d51765,Solidity,1,exact_match,False,1,historical_execution_group_member;trace_callee,,16440979,,2026-08-24T11:50:22.612710+00:00
1:0x32e616f4f17d43f9a5cd9be0e294727187064cb3,mainnet,1,0x32e616f4f17d43f9a5cd9be0e294727187064cb3,source_found,sourcify-v2,200,contracts/CurveStableSwapNG-mainnet-0x32e616f4f17d43f9a5cd9be0e294727187064cb3,CurveStableSwapNG,0.3.10+commit.91361694,Vyper,1,match,False,1,historical_execution_group_member;trace_callee;trace_caller,,24273362,,2026-08-24T11:50:22.422103+00:00
1:0x3363bae2fc44da742df13cd3ee94b6bb868ea376,mainnet,1,0x3363bae2fc44da742df13cd3ee94b6bb868ea376,source_found,sourcify-v2,200,contracts/CErc20Delegate-mainnet-0x3363bae2fc44da742df13cd3ee94b6bb868ea376,CErc20Delegate,0.8.10+commit.fc410830,Solidity,10,exact_match,False,1,historical_execution_group_member;trace_callee,,17823543,,2026-08-24T11:50:23.643840+00:00
1:0x34d655069f4cac1547e4c8ca284ffff5ad4a8db0,mainnet,1,0x34d655069f4cac1547e4c8ca284ffff5ad4a8db0,not_in_sourcify,sourcify-v2,404,,,,,0,,,1,historical_execution_group_member;trace_callee;trace_caller,,17743470,,2026-08-24T11:50:22.945394+00:00
1:0x366ae337897223aea70e3ebe1862219386f20593,mainnet,1,0x366ae337897223aea70e3ebe1862219386f20593,source_found,sourcify-v2,200,contracts/ATokenWithDelegation-mainnet-0x366ae337897223aea70e3ebe1862219386f20593,ATokenWithDelegation,0.8.19+commit.7dd6d404,Solidity,34,exact_match,False,1,historical_execution_group_member;trace_callee,,20240539,,2026-08-24T11:50:25.638332+00:00
1:0x369cbc5c6f139b1132d3b91b87241b37fc5b971f,mainnet,1,0x369cbc5c6f139b1132d3b91b87241b37fc5b971f,source_found,sourcify-v2,200,contracts/ConicPoolV2-mainnet-0x369cbc5c6f139b1132d3b91b87241b37fc5b971f,ConicPoolV2,0.8.17+commit.8df45f5f,Solidity,34,match,False,1,historical_execution_group_member;trace_callee;trace_caller,,17743470,,2026-08-24T11:50:25.187441+00:00
1:0x37417b2238aa52d0dd2d6252d989e728e8f706e4,mainnet,1,0x37417b2238aa52d0dd2d6252d989e728e8f706e4,source_found,sourcify-v2,200,contracts/LLAMMA-crvUSDAMM-mainnet-0x37417b2238aa52d0dd2d6252d989e728e8f706e4,LLAMMA-crvUSDAMM,0.3.7+commit.6020b8bb,Vyper,1,match,False,1,historical_execution_group_member;trace_callee,,17743470,,2026-08-24T11:50:24.868375+00:00
1:0x3793c81f3e0ba4bcf66c88baf266c039f14a54c1,mainnet,1,0x3793c81f3e0ba4bcf66c88baf266c039f14a54c1,not_in_sourcify,sourcify-v2,404,,,,,0,,,1,historical_execution_group_member;trace_callee,,24273362,,2026-08-24T11:50:24.380965+00:00
1:0x3905a3c1156f67bb55366d7a5a11d1043dcf97c9,mainnet,1,0x3905a3c1156f67bb55366d7a5a11d1043dcf97c9,source_found,sourcify-v2,200,contracts/CurveRegistryCacheV2-mainnet-0x3905a3c1156f67bb55366d7a5a11d1043dcf97c9,CurveRegistryCacheV2,0.8.17+commit.8df45f5f,Solidity,8,match,False,1,historical_execution_group_member;trace_callee,,17743470,,2026-08-24T11:50:24.963962+00:00
1:0x390f3595bca2df7d23783dfd126427cceb997bf4,mainnet,1,0x390f3595bca2df7d23783dfd126427cceb997bf4,not_in_sourcify,sourcify-v2,404,,,,,0,,,1,historical_execution_group_member;trace_callee;trace_caller,,17743470,,2026-08-24T11:50:25.480245+00:00
1:0x39739943199c0fbfe9e5f1b5b160cd73a64cb85d,mainnet,1,0x39739943199c0fbfe9e5f1b5b160cd73a64cb85d,source_found,sourcify-v2,200,contracts/InitializableImmutableAdminUpgradeabilityProxy-mainnet-0x39739943199c0fbfe9e5f1b5b160cd73a64cb85d,InitializableImmutableAdminUpgradeabilityProxy,0.8.10+commit.fc410830,Solidity,6,exact_match,True,1,historical_execution_group_member;trace_callee;trace_caller,,17823543,,2026-08-24T11:50:26.326038+00:00
1:0x397ff1542f962076d0bfe58ea045ffa2d347aca0,mainnet,1,0x397ff1542f962076d0bfe58ea045ffa2d347aca0,source_found,sourcify-v2,200,contracts/UniswapV2Pair-mainnet-0x397ff1542f962076d0bfe58ea045ffa2d347aca0,UniswapV2Pair,0.6.12+commit.27d51765,Solidity,1,match,False,1,historical_execution_group_member;trace_callee;trace_caller,,19917291,,2026-08-24T11:50:26.834000+00:00
1:0x39df4b1329d41a9ae20e17beff39aabd2f049128,mainnet,1,0x39df4b1329d41a9ae20e17beff39aabd2f049128,source_found,sourcify-v2,200,contracts/SupplyLogic-mainnet-0x39df4b1329d41a9ae20e17beff39aabd2f049128,SupplyLogic,0.8.10+commit.fc410830,Solidity,33,exact_match,False,1,historical_execution_group_member;trace_callee,,17823543,,2026-08-24T11:50:27.130797+00:00
1:0x39e31761911b9aabaef5fb81b18fd1c24a60e884,mainnet,1,0x39e31761911b9aabaef5fb81b18fd1c24a60e884,source_found,sourcify-v2,200,contracts/AccessControlledOCR2Aggregator-mainnet-0x39e31761911b9aabaef5fb81b18fd1c24a60e884,AccessControlledOCR2Aggregator,0.8.19+commit.7dd6d404,Solidity,18,exact_match,False,1,historical_execution_group_member;trace_callee,,24273362,,2026-08-24T11:50:28.301724+00:00
1:0x3cfb4b26dc96b124d15a6f360503d028cf2a3c00,mainnet,1,0x3cfb4b26dc96b124d15a6f360503d028cf2a3c00,source_found,sourcify-v2,200,contracts/BaseRewardPool-mainnet-0x3cfb4b26dc96b124d15a6f360503d028cf2a3c00,BaseRewardPool,0.6.12+commit.27d51765,Solidity,1,match,False,1,historical_execution_group_member;trace_callee;trace_caller,,17743470,,2026-08-24T11:50:27.284151+00:00
1:0x3d9819210a31b4961b30ef54be2aed79b9c9cd3b,mainnet,1,0x3d9819210a31b4961b30ef54be2aed79b9c9cd3b,source_found,sourcify-v2,200,contracts/Unitroller-mainnet-0x3d9819210a31b4961b30ef54be2aed79b9c9cd3b,Unitroller,0.5.8+commit.23d335f2,Solidity,1,match,False,1,historical_execution_group_member;trace_callee;trace_caller,,17823543,,2026-08-24T11:50:27.600799+00:00
1:0x3e7d1eab13ad0104d2750b8863b489d65364e32d,mainnet,1,0x3e7d1eab13ad0104d2750b8863b489d65364e32d,source_found,sourcify-v2,200,contracts/EACAggregatorProxy-mainnet-0x3e7d1eab13ad0104d2750b8863b489d65364e32d,EACAggregatorProxy,0.6.6+commit.6c089d02,Solidity,1,match,False,3,historical_execution_group_member;trace_callee;trace_caller,,17823543;20240539;24273362,,2026-08-24T11:50:29.486506+00:00
1:0x3ed3b47dd13ec9a98b44e6204a523e766b225811,mainnet,1,0x3ed3b47dd13ec9a98b44e6204a523e766b225811,source_found,sourcify-v2,200,contracts/InitializableImmutableAdminUpgradeabilityProxy-mainnet-0x3ed3b47dd13ec9a98b44e6204a523e766b225811,InitializableImmutableAdminUpgradeabilityProxy,0.6.12+commit.27d51765,Solidity,6,exact_match,True,1,historical_execution_group_member;trace_callee;trace_caller,,17823543,,2026-08-24T11:50:27.991338+00:00
1:0x3f06560cfb7af6e6b5102c358f679de5150b3b4c,mainnet,1,0x3f06560cfb7af6e6b5102c358f679de5150b3b4c,source_found,sourcify-v2,200,contracts/AToken-mainnet-0x3f06560cfb7af6e6b5102c358f679de5150b3b4c,AToken,0.6.12+commit.27d51765,Solidity,17,exact_match,False,1,historical_execution_group_member;trace_callee,,17823543,,2026-08-24T11:50:29.877773+00:00
1:0x3f12643d3f6f874d39c2a4c9f2cd6f2dbac877fc,mainnet,1,0x3f12643d3f6f874d39c2a4c9f2cd6f2dbac877fc,source_found,sourcify-v2,200,contracts/EACAggregatorProxy-mainnet-0x3f12643d3f6f874d39c2a4c9f2cd6f2dbac877fc,EACAggregatorProxy,0.6.6+commit.6c089d02,Solidity,1,match,False,1,historical_execution_group_member;trace_callee;trace_caller,,24273362,,2026-08-24T11:50:29.706154+00:00
1:0x3f5a881db86d6f495823028a1e892e7b2cd7e162,mainnet,1,0x3f5a881db86d6f495823028a1e892e7b2cd7e162,not_in_sourcify,sourcify-v2,404,,,,,0,,,1,historical_execution_group_member;trace_callee,,24273362,,2026-08-24T11:50:28.509922+00:00
1:0x4085e9e2bc7af4de4d3e49a6107296cfb6642f2a,mainnet,1,0x4085e9e2bc7af4de4d3e49a6107296cfb6642f2a,not_in_sourcify,sourcify-v2,404,,,,,0,,,1,historical_execution_group_member;trace_callee;trace_caller,,17743470,,2026-08-24T11:50:30.148919+00:00
1:0x40aabef1aa8f0eec637e0e7d92fbffb2f26a8b7b,mainnet,1,0x40aabef1aa8f0eec637e0e7d92fbffb2f26a8b7b,source_found,sourcify-v2,200,contracts/InitializableImmutableAdminUpgradeabilityProxy-mainnet-0x40aabef1aa8f0eec637e0e7d92fbffb2f26a8b7b,InitializableImmutableAdminUpgradeabilityProxy,0.8.10+commit.fc410830,Solidity,6,exact_match,True,1,historical_execution_group_member;trace_callee;trace_caller,,20240539,,2026-08-24T11:50:30.440790+00:00
1:0x40d16fc0246ad3160ccc09b8d0d3a2cd28ae6c2f,mainnet,1,0x40d16fc0246ad3160ccc09b8d0d3a2cd28ae6c2f,source_found,sourcify-v2,200,contracts/GhoToken-mainnet-0x40d16fc0246ad3160ccc09b8d0d3a2cd28ae6c2f,GhoToken,0.8.10+commit.fc410830,Solidity,12,match,False,1,historical_execution_group_member;trace_callee,,24273362,,2026-08-24T11:50:31.866129+00:00
1:0x413adac9e2ef8683adf5ddaece8f19613d60d1bb,mainnet,1,0x413adac9e2ef8683adf5ddaece8f19613d60d1bb,source_found,sourcify-v2,200,contracts/InitializableImmutableAdminUpgradeabilityProxy-mainnet-0x413adac9e2ef8683adf5ddaece8f19613d60d1bb,InitializableImmutableAdminUpgradeabilityProxy,0.8.10+commit.fc410830,Solidity,6,exact_match,True,1,historical_execution_group_member;trace_callee;trace_caller,,20240539,,2026-08-24T11:50:31.440078+00:00
1:0x4228f8895c7dda20227f6a5c6751b8ebf19a6ba8,mainnet,1,0x4228f8895c7dda20227f6a5c6751b8ebf19a6ba8,source_found,sourcify-v2,200,contracts/InitializableImmutableAdminUpgradeabilityProxy-mainnet-0x4228f8895c7dda20227f6a5c6751b8ebf19a6ba8,InitializableImmutableAdminUpgradeabilityProxy,0.8.10+commit.fc410830,Solidity,6,exact_match,True,1,historical_execution_group_member;trace_callee;trace_caller,,20240539,,2026-08-24T11:50:30.956879+00:00
1:0x42ebdfe801bc8ec1b8f93a77c910beb0f8833d7e,mainnet,1,0x42ebdfe801bc8ec1b8f93a77c910beb0f8833d7e,not_in_sourcify,sourcify-v2,404,,,,,0,,,1,historical_execution_group_member;trace_callee,,15746200;15746342,,2026-08-24T11:50:31.283871+00:00
1:0x43506849d7c04f9138d1a2050bbf3a0c054402dd,mainnet,1,0x43506849d7c04f9138d1a2050bbf3a0c054402dd,source_found,sourcify-v2,200,contracts/FiatTokenV2_2-mainnet-0x43506849d7c04f9138d1a2050bbf3a0c054402dd,FiatTokenV2_2,0.6.12+commit.27d51765,Solidity,23,match,False,3,historical_execution_group_member;trace_callee,,19917291;20240539;24273362,,2026-08-24T11:50:32.705391+00:00
1:0x44afc3944b8175583ccf529f1133a681666eb67b,mainnet,1,0x44afc3944b8175583ccf529f1133a681666eb67b,source_found,sourcify-v2,200,contracts/VirtualBalanceRewardPool-mainnet-0x44afc3944b8175583ccf529f1133a681666eb67b,VirtualBalanceRewardPool,0.6.12+commit.27d51765,Solidity,1,match,False,1,historical_execution_group_member;trace_callee;trace_caller,,17743470,,2026-08-24T11:50:32.882390+00:00
1:0x44d8fab7cd8b7877d5f79974c2f501af6e65abba,mainnet,1,0x44d8fab7cd8b7877d5f79974c2f501af6e65abba,source_found,sourcify-v2,200,contracts/BaseRewardPool-mainnet-0x44d8fab7cd8b7877d5f79974c2f501af6e65abba,BaseRewardPool,0.6.12+commit.27d51765,Solidity,1,match,False,1,historical_execution_group_member;trace_callee;trace_caller,,17743470,,2026-08-24T11:50:32.499261+00:00
1:0x4585fe77225b41b697c938b018e2ac67ac5a20c0,mainnet,1,0x4585fe77225b41b697c938b018e2ac67ac5a20c0,source_found,sourcify-v2,200,contracts/UniswapV3Pool-mainnet-0x4585fe77225b41b697c938b018e2ac67ac5a20c0,UniswapV3Pool,0.7.6+commit.7338295f,Solidity,96,match,False,1,historical_execution_group_member;trace_callee;trace_caller,,22146340,,2026-08-24T11:50:35.177289+00:00
1:0x464bc61c1a07c6a38ab123b088578e6733c6f48f,mainnet,1,0x464bc61c1a07c6a38ab123b088578e6733c6f48f,source_found,sourcify-v2,200,contracts/PreDepositVault-mainnet-0x464bc61c1a07c6a38ab123b088578e6733c6f48f,PreDepositVault,0.8.28+commit.7893614a,Solidity,29,exact_match,False,1,historical_execution_group_member;trace_callee,,24273362,,2026-08-24T11:50:33.994498+00:00
1:0x46fa6f8cc35c1f464ea78196080f5cfd1d76f6e9,mainnet,1,0x46fa6f8cc35c1f464ea78196080f5cfd1d76f6e9,source_found,sourcify-v2,200,contracts/GenericOracle-mainnet-0x46fa6f8cc35c1f464ea78196080f5cfd1d76f6e9,GenericOracle,0.8.17+commit.8df45f5f,Solidity,4,match,False,1,historical_execution_group_member;trace_callee;trace_caller,,17743470,,2026-08-24T11:50:33.123802+00:00
1:0x478238a1c8b862498c74d0647329aef9ea6819ed,mainnet,1,0x478238a1c8b862498c74d0647329aef9ea6819ed,source_found,sourcify-v2,200,contracts/AccessControlledOffchainAggregator-mainnet-0x478238a1c8b862498c74d0647329aef9ea6819ed,AccessControlledOffchainAggregator,0.7.6+commit.7338295f,Solidity,13,exact_match,False,1,historical_execution_group_member;trace_callee,,20240539,,2026-08-24T11:50:34.909161+00:00
1:0x47e7c7d200e10f8070f873e8e5d6c9177fc12927,mainnet,1,0x47e7c7d200e10f8070f873e8e5d6c9177fc12927,source_found,sourcify-v2,200,contracts/MachineUtils-mainnet-0x47e7c7d200e10f8070f873e8e5d6c9177fc12927,MachineUtils,0.8.28+commit.7893614a,Solidity,63,match,False,1,historical_execution_group_member;trace_callee,,24273362,,2026-08-24T11:50:35.518004+00:00
1:0x47ebab13b806773ec2a2d16873e2df770d130b50,mainnet,1,0x47ebab13b806773ec2a2d16873e2df770d130b50,source_found,sourcify-v2,200,contracts/Lido-mainnet-0x47ebab13b806773ec2a2d16873e2df770d130b50,Lido,0.4.24+commit.e67f0147,Solidity,35,exact_match,False,1,historical_execution_group_member;trace_callee,,15746200;15746342,,2026-08-24T11:50:35.400170+00:00
1:0x47fb2585d2c56fe188d0e6ec628a38b74fceeedf,mainnet,1,0x47fb2585d2c56fe188d0e6ec628a38b74fceeedf,source_found,sourcify-v2,200,contracts/FeedRegistry-mainnet-0x47fb2585d2c56fe188d0e6ec628a38b74fceeedf,FeedRegistry,0.7.6+commit.7338295f,Solidity,20,exact_match,False,1,historical_execution_group_member;trace_callee;trace_caller,,17743470,,2026-08-24T11:50:36.419759+00:00
1:0x486cb3f61771ed5483691dd65f4186da9e37c68e,mainnet,1,0x486cb3f61771ed5483691dd65f4186da9e37c68e,not_in_sourcify,sourcify-v2,404,,,,,0,,,1,historical_execution_group_member;trace_callee;trace_caller;transaction_target,,17743470,,2026-08-24T11:50:34.630998+00:00
1:0x4d4d05e1205e3a412ae1469c99e0d954113aa76f,mainnet,1,0x4d4d05e1205e3a412ae1469c99e0d954113aa76f,source_found,sourcify-v2,200,contracts/Burner-mainnet-0x4d4d05e1205e3a412ae1469c99e0d954113aa76f,Burner,0.5.17+commit.d19bba13,Solidity,1,match,False,1,historical_execution_group_member;trace_callee;trace_caller,,19917291,,2026-08-24T11:50:36.634613+00:00
1:0x4d5f47fa6a74757f35c14fd3a6ef8e3c9bc514e8,mainnet,1,0x4d5f47fa6a74757f35c14fd3a6ef8e3c9bc514e8,source_found,sourcify-v2,200,contracts/InitializableImmutableAdminUpgradeabilityProxy-mainnet-0x4d5f47fa6a74757f35c14fd3a6ef8e3c9bc514e8,InitializableImmutableAdminUpgradeabilityProxy,0.8.10+commit.fc410830,Solidity,6,exact_match,True,1,historical_execution_group_member;trace_callee;trace_caller,,20240539,,2026-08-24T11:50:36.259461+00:00
1:0x4ddc2d193948926d02f9b1fe9e1daa0718270ed5,mainnet,1,0x4ddc2d193948926d02f9b1fe9e1daa0718270ed5,source_found,sourcify-v2,200,contracts/CEther-mainnet-0x4ddc2d193948926d02f9b1fe9e1daa0718270ed5,CEther,0.5.8+commit.23d335f2,Solidity,1,match,False,1,historical_execution_group_member;trace_callee;trace_caller,,17823543,,2026-08-24T11:50:38.015874+00:00
1:0x4dece678ceceb27446b35c672dc7d61f30bad69e,mainnet,1,0x4dece678ceceb27446b35c672dc7d61f30bad69e,not_in_sourcify,sourcify-v2,404,,,,,0,,,1,historical_execution_group_member;trace_callee;trace_caller,,17743470,,2026-08-24T11:50:36.697939+00:00
1:0x4e3fbd56cd56c3e72c1403e103b45db9da5b9d2b,mainnet,1,0x4e3fbd56cd56c3e72c1403e103b45db9da5b9d2b,source_found,sourcify-v2,200,contracts/ConvexToken-mainnet-0x4e3fbd56cd56c3e72c1403e103b45db9da5b9d2b,ConvexToken,0.6.12+commit.27d51765,Solidity,1,match,False,1,historical_execution_group_member;trace_callee,,20240539,,2026-08-24T11:50:38.141640+00:00
1:0x4e59541306910ad6dc1dac0ac9dfb29bd9f15c67,mainnet,1,0x4e59541306910ad6dc1dac0ac9dfb29bd9f15c67,source_found,sourcify-v2,200,contracts/crvUSDController-mainnet-0x4e59541306910ad6dc1dac0ac9dfb29bd9f15c67,crvUSDController,0.3.7+commit.6020b8bb,Vyper,1,match,False,1,historical_execution_group_member;trace_callee;trace_caller,,17743470,,2026-08-24T11:50:38.720253+00:00
1:0x4e68ccd3e89f51c3074ca5072bbac773960dfa36,mainnet,1,0x4e68ccd3e89f51c3074ca5072bbac773960dfa36,source_found,sourcify-v2,200,contracts/UniswapV3Pool-mainnet-0x4e68ccd3e89f51c3074ca5072bbac773960dfa36,UniswapV3Pool,0.7.6+commit.7338295f,Solidity,96,match,False,1,historical_execution_group_member;trace_callee,,19917291,,2026-08-24T11:50:39.587306+00:00
1:0x4e6bb6b7447b7b2aa268c16ab87f4bb48bf57939,mainnet,1,0x4e6bb6b7447b7b2aa268c16ab87f4bb48bf57939,not_in_sourcify,sourcify-v2,404,,,,,0,,,1,historical_execution_group_member;trace_callee;trace_caller,,17743470,,2026-08-24T11:50:38.044142+00:00
1:0x4e977830ba4bd783c0bb7f15d3e243f73ff57121,mainnet,1,0x4e977830ba4bd783c0bb7f15d3e243f73ff57121,source_found,sourcify-v2,200,contracts/InitializableImmutableAdminUpgradeabilityProxy-mainnet-0x4e977830ba4bd783c0bb7f15d3e243f73ff57121,InitializableImmutableAdminUpgradeabilityProxy,0.6.12+commit.27d51765,Solidity,6,exact_match,True,2,historical_execution_group_member;trace_callee;trace_caller,,15746200;15746342;17823543,,2026-08-24T11:50:39.052606+00:00
1:0x50ce56a3239671ab62f185704caedf626352741e,mainnet,1,0x50ce56a3239671ab62f185704caedf626352741e,source_found,sourcify-v2,200,contracts/UniswapAnchoredView-mainnet-0x50ce56a3239671ab62f185704caedf626352741e,UniswapAnchoredView,0.8.7+commit.e28d00a7,Solidity,5,exact_match,False,1,historical_execution_group_member;trace_callee,,17823543,,2026-08-24T11:50:41.532352+00:00
1:0x514910771af9ca656af840dff83e8264ecf986ca,mainnet,1,0x514910771af9ca656af840dff83e8264ecf986ca,source_found,sourcify-v2,200,contracts/LinkToken-mainnet-0x514910771af9ca656af840dff83e8264ecf986ca,LinkToken,0.4.16+commit.d7661dd9,Solidity,1,match,False,1,historical_execution_group_member;trace_callee,,20240539,,2026-08-24T11:50:39.323902+00:00
1:0x531842cebbdd378f8ee36d171d6cc9c4fcf475ec,mainnet,1,0x531842cebbdd378f8ee36d171d6cc9c4fcf475ec,source_found,sourcify-v2,200,contracts/InitializableImmutableAdminUpgradeabilityProxy-mainnet-0x531842cebbdd378f8ee36d171d6cc9c4fcf475ec,InitializableImmutableAdminUpgradeabilityProxy,0.6.12+commit.27d51765,Solidity,6,exact_match,True,1,historical_execution_group_member;trace_callee;trace_caller,,17823543,,2026-08-24T11:50:39.708722+00:00
1:0x53d3dc89698a4f5a4f2381bfb0d48e6e5872933e,mainnet,1,0x53d3dc89698a4f5a4f2381bfb0d48e6e5872933e,source_found,sourcify-v2,200,contracts/ERC4626Oracle-mainnet-0x53d3dc89698a4f5a4f2381bfb0d48e6e5872933e,ERC4626Oracle,0.8.28+commit.7893614a,Solidity,8,exact_match,False,1,historical_execution_group_member;trace_callee;trace_caller,,24273362,,2026-08-24T11:50:40.380054+00:00
1:0x541dcd3f00bcd1a683cc73e1b2a8693b602201f4,mainnet,1,0x541dcd3f00bcd1a683cc73e1b2a8693b602201f4,source_found,sourcify-v2,200,contracts/AToken-mainnet-0x541dcd3f00bcd1a683cc73e1b2a8693b602201f4,AToken,0.6.12+commit.27d51765,Solidity,17,exact_match,False,2,historical_execution_group_member;trace_callee,,15746200;15746342;17823543,,2026-08-24T11:50:41.110897+00:00
1:0x54586be62e3c3580375ae3723c145253060ca0c2,mainnet,1,0x54586be62e3c3580375ae3723c145253060ca0c2,source_found,sourcify-v2,200,contracts/AaveOracle-mainnet-0x54586be62e3c3580375ae3723c145253060ca0c2,AaveOracle,0.8.10+commit.fc410830,Solidity,7,exact_match,False,2,historical_execution_group_member;trace_callee;trace_caller,,17823543;20240539,,2026-08-24T11:50:42.002804+00:00
1:0x545a490f9ab534adf409a2e682bc4098f49952e3,mainnet,1,0x545a490f9ab534adf409a2e682bc4098f49952e3,source_found,sourcify-v2,200,contracts/PendlePrincipalToken-mainnet-0x545a490f9ab534adf409a2e682bc4098f49952e3,PendlePrincipalToken,0.8.24+commit.e11b9ed9,Solidity,17,exact_match,False,1,historical_execution_group_member;trace_callee,,24273362,,2026-08-24T11:50:41.485318+00:00
1:0x547a514d5e3769680ce22b2361c10ea13619e8a9,mainnet,1,0x547a514d5e3769680ce22b2361c10ea13619e8a9,source_found,sourcify-v2,200,contracts/EACAggregatorProxy-mainnet-0x547a514d5e3769680ce22b2361c10ea13619e8a9,EACAggregatorProxy,0.6.6+commit.6c089d02,Solidity,1,match,False,1,historical_execution_group_member;trace_callee;trace_caller,,20240539,,2026-08-24T11:50:42.538128+00:00
1:0x5547d7d54d10c359108e36d098016c4020443fd4,mainnet,1,0x5547d7d54d10c359108e36d098016c4020443fd4,source_found,sourcify-v2,200,contracts/BorrowLogic-mainnet-0x5547d7d54d10c359108e36d098016c4020443fd4,BorrowLogic,0.8.19+commit.7dd6d404,Solidity,35,match,False,1,historical_execution_group_member;trace_callee,,20240539,,2026-08-24T11:52:47.880509+00:00
1:0x5773f7df269a59607c45b57c5f350980bb1fc234,mainnet,1,0x5773f7df269a59607c45b57c5f350980bb1fc234,source_found,sourcify-v2,200,contracts/ExtraRewardStashV3-mainnet-0x5773f7df269a59607c45b57c5f350980bb1fc234,ExtraRewardStashV3,0.6.12+commit.27d51765,Solidity,9,match,False,1,historical_execution_group_member;trace_callee,,17743470,,2026-08-24T11:52:48.083441+00:00
1:0x589f82ff8162fa96545b435435713e9d6ca79fbb,mainnet,1,0x589f82ff8162fa96545b435435713e9d6ca79fbb,source_found,sourcify-v2,200,contracts/SupplyLogic-mainnet-0x589f82ff8162fa96545b435435713e9d6ca79fbb,SupplyLogic,0.8.19+commit.7dd6d404,Solidity,33,match,False,1,historical_execution_group_member;trace_callee,,20240539,,2026-08-24T11:52:48.479538+00:00
1:0x5a6a4d54456819380173272a5e8e9b9904bdf41b,mainnet,1,0x5a6a4d54456819380173272a5e8e9b9904bdf41b,not_in_sourcify,sourcify-v2,404,,,,,0,,,1,historical_execution_group_member;trace_callee;trace_caller,,24273362,,2026-08-24T11:52:49.334932+00:00
1:0x5ae854b098727a9f1603a1e21c50d52dc834d846,mainnet,1,0x5ae854b098727a9f1603a1e21c50d52dc834d846,source_found,sourcify-v2,200,contracts/Vyper_contract-mainnet-0x5ae854b098727a9f1603a1e21c50d52dc834d846,Vyper_contract,0.2.15+commit.6e7dba7,Vyper,1,match,False,1,historical_execution_group_member;trace_callee,,17743470,,2026-08-24T11:52:49.988405+00:00
1:0x5c07440a172805d566faf7ebaf16ef068ac05f43,mainnet,1,0x5c07440a172805d566faf7ebaf16ef068ac05f43,not_in_sourcify,sourcify-v2,404,,,,,0,,,1,historical_execution_group_member;trace_callee;trace_caller,,17743470,,2026-08-24T11:52:50.354978+00:00
1:0x5c680ec39bafe8524f3c2fa9d5f6d65f09bd7333,mainnet,1,0x5c680ec39bafe8524f3c2fa9d5f6d65f09bd7333,not_in_sourcify,sourcify-v2,404,,,,,0,,,1,historical_execution_group_member;trace_callee,,24273362,,2026-08-24T11:50:57.347050+00:00
1:0x5d4aa78b08bc7c530e21bf7447988b1be7991322,mainnet,1,0x5d4aa78b08bc7c530e21bf7447988b1be7991322,source_found,sourcify-v2,200,contracts/AaveTokenV3-mainnet-0x5d4aa78b08bc7c530e21bf7447988b1be7991322,AaveTokenV3,0.8.20+commit.a1b79de6,Solidity,19,exact_match,False,1,historical_execution_group_member;trace_callee,,20240539,,2026-08-24T11:50:57.801452+00:00
1:0x5d834ead0a80cf3b88c06feed6e8e0fcae2daee5,mainnet,1,0x5d834ead0a80cf3b88c06feed6e8e0fcae2daee5,source_found,sourcify-v2,200,contracts/BorrowLogic-mainnet-0x5d834ead0a80cf3b88c06feed6e8e0fcae2daee5,BorrowLogic,0.8.10+commit.fc410830,Solidity,35,exact_match,False,1,historical_execution_group_member;trace_callee,,17823543,,2026-08-24T11:50:57.930603+00:00
1:0x5df4cb0aaae0fcc9de3f41e72348609e30a49c44,mainnet,1,0x5df4cb0aaae0fcc9de3f41e72348609e30a49c44,not_in_sourcify,sourcify-v2,404,,,,,0,,,1,historical_execution_group_member;trace_callee;trace_caller,,24273362,,2026-08-24T11:50:56.927340+00:00
1:0x5e8c8a7243651db1384c0ddfdbe39761e8e7e51a,mainnet,1,0x5e8c8a7243651db1384c0ddfdbe39761e8e7e51a,source_found,sourcify-v2,200,contracts/InitializableImmutableAdminUpgradeabilityProxy-mainnet-0x5e8c8a7243651db1384c0ddfdbe39761e8e7e51a,InitializableImmutableAdminUpgradeabilityProxy,0.8.10+commit.fc410830,Solidity,6,exact_match,True,1,historical_execution_group_member;trace_callee;trace_caller,,20240539,,2026-08-24T11:50:59.626218+00:00
1:0x5ee5bf7ae06d1be5997a1a72006fe6c607ec6de8,mainnet,1,0x5ee5bf7ae06d1be5997a1a72006fe6c607ec6de8,source_found,sourcify-v2,200,contracts/InitializableImmutableAdminUpgradeabilityProxy-mainnet-0x5ee5bf7ae06d1be5997a1a72006fe6c607ec6de8,InitializableImmutableAdminUpgradeabilityProxy,0.8.10+commit.fc410830,Solidity,6,exact_match,True,1,historical_execution_group_member;trace_callee;trace_caller,,20240539,,2026-08-24T11:50:58.198585+00:00
1:0x5f3b5dfeb7b28cdbd7faba78963ee202a494e2a2,mainnet,1,0x5f3b5dfeb7b28cdbd7faba78963ee202a494e2a2,source_found,sourcify-v2,200,contracts/Vyper_contract-mainnet-0x5f3b5dfeb7b28cdbd7faba78963ee202a494e2a2,Vyper_contract,0.2.4+commit.7949850,Vyper,2,match,False,1,historical_execution_group_member;trace_callee,,17743470,,2026-08-24T11:50:59.614844+00:00
1:0x5f4ec3df9cbd43714fe2740f5e3616155c5b8419,mainnet,1,0x5f4ec3df9cbd43714fe2740f5e3616155c5b8419,source_found,sourcify-v2,200,contracts/EACAggregatorProxy-mainnet-0x5f4ec3df9cbd43714fe2740f5e3616155c5b8419,EACAggregatorProxy,0.6.6+commit.6c089d02,Solidity,1,match,False,3,historical_execution_group_member;trace_callee;trace_caller,,17743470;17823543;20240539,,2026-08-24T11:51:00.118063+00:00
1:0x5f890841f657d90e081babdb532a05996af79fe6,mainnet,1,0x5f890841f657d90e081babdb532a05996af79fe6,not_in_sourcify,sourcify-v2,404,,,,,0,,,1,historical_execution_group_member;trace_callee,,24273362,,2026-08-24T11:50:59.822556+00:00
1:0x5faab9e1adbddad0a08734be8a52185fd6558e14,mainnet,1,0x5faab9e1adbddad0a08734be8a52185fd6558e14,source_found,sourcify-v2,200,contracts/Pool-mainnet-0x5faab9e1adbddad0a08734be8a52185fd6558e14,Pool,0.8.19+commit.7dd6d404,Solidity,92,match,False,1,historical_execution_group_member;trace_callee,,20240539,,2026-08-24T11:51:02.455195+00:00
1:0x61eb091ea16a32ea5b880d0b3d09d518c340d750,mainnet,1,0x61eb091ea16a32ea5b880d0b3d09d518c340d750,source_found,sourcify-v2,200,contracts/AccessControlledOffchainAggregator-mainnet-0x61eb091ea16a32ea5b880d0b3d09d518c340d750,AccessControlledOffchainAggregator,0.7.6+commit.7338295f,Solidity,17,exact_match,False,1,historical_execution_group_member;trace_callee,,17743470,,2026-08-24T11:51:01.721549+00:00
1:0x635228edaead8a76b6ae1779bd7682043321943d,mainnet,1,0x635228edaead8a76b6ae1779bd7682043321943d,source_found,sourcify-v2,200,contracts/ConvexHandlerV3-mainnet-0x635228edaead8a76b6ae1779bd7682043321943d,ConvexHandlerV3,0.8.17+commit.8df45f5f,Solidity,23,match,False,1,historical_execution_group_member;trace_callee;trace_caller,,17743470,,2026-08-24T11:51:01.016913+00:00
1:0x63b1129ca97d2b9f97f45670787ac12a9df1110a,mainnet,1,0x63b1129ca97d2b9f97f45670787ac12a9df1110a,source_found,sourcify-v2,200,contracts/InitializableImmutableAdminUpgradeabilityProxy-mainnet-0x63b1129ca97d2b9f97f45670787ac12a9df1110a,InitializableImmutableAdminUpgradeabilityProxy,0.8.10+commit.fc410830,Solidity,6,exact_match,True,1,historical_execution_group_member;trace_callee;trace_caller,,20240539,,2026-08-24T11:51:01.737276+00:00
1:0x6468e79a80c0eab0f9a2b574c8d5bc374af59414,mainnet,1,0x6468e79a80c0eab0f9a2b574c8d5bc374af59414,source_found,sourcify-v2,200,contracts/eXRD-mainnet-0x6468e79a80c0eab0f9a2b574c8d5bc374af59414,eXRD,0.6.8+commit.0bbfe453,Solidity,1,match,False,1,historical_execution_group_member;trace_callee,,20240539,,2026-08-24T11:51:02.479762+00:00
1:0x66457616dd8489df5d0afd8678f4a260088aaf55,mainnet,1,0x66457616dd8489df5d0afd8678f4a260088aaf55,source_found,sourcify-v2,200,contracts/InitializableImmutableAdminUpgradeabilityProxy-mainnet-0x66457616dd8489df5d0afd8678f4a260088aaf55,InitializableImmutableAdminUpgradeabilityProxy,0.6.12+commit.27d51765,Solidity,6,exact_match,True,1,historical_execution_group_member;trace_callee;trace_caller,,15746200;15746342,,2026-08-24T11:51:01.627283+00:00
1:0x67fe41a94e779ccfa22cff02cc2957dc9c0e4286,mainnet,1,0x67fe41a94e779ccfa22cff02cc2957dc9c0e4286,source_found,sourcify-v2,200,contracts/Vyper_contract-mainnet-0x67fe41a94e779ccfa22cff02cc2957dc9c0e4286,Vyper_contract,0.3.7+commit.6020b8bb,Vyper,1,match,False,1,historical_execution_group_member;trace_callee,,17743470,,2026-08-24T11:51:03.382151+00:00
1:0x6980a47bee930a4584b09ee79ebe46484fbdbdd0,mainnet,1,0x6980a47bee930a4584b09ee79ebe46484fbdbdd0,not_in_sourcify,sourcify-v2,404,,,,,0,,,1,historical_execution_group_member;trace_callee;trace_caller;transaction_target,,20240539,,2026-08-24T11:51:03.579086+00:00
1:0x6b006870c83b1cd49e766ac9209f8d68763df721,mainnet,1,0x6b006870c83b1cd49e766ac9209f8d68763df721,not_in_sourcify,sourcify-v2,404,,,,,0,,,1,historical_execution_group_member;trace_callee;trace_caller,,24273362,,2026-08-24T11:51:03.487866+00:00
1:0x6b175474e89094c44da98b954eedeac495271d0f,mainnet,1,0x6b175474e89094c44da98b954eedeac495271d0f,source_found,sourcify-v2,200,contracts/Dai-mainnet-0x6b175474e89094c44da98b954eedeac495271d0f,Dai,0.5.12+commit.7709ece9,Solidity,1,match,False,3,historical_execution_group_member;trace_callee,,17823543;20240539;24273362,,2026-08-24T11:51:03.508189+00:00
1:0x6b2e399aa7431f5da926b36404293896e23922c3,mainnet,1,0x6b2e399aa7431f5da926b36404293896e23922c3,source_found,sourcify-v2,200,contracts/OracleRegistry-mainnet-0x6b2e399aa7431f5da926b36404293896e23922c3,OracleRegistry,0.8.28+commit.7893614a,Solidity,18,exact_match,False,1,historical_execution_group_member;trace_callee,,24273362,,2026-08-24T11:51:04.265323+00:00
1:0x6b3595068778dd592e39a122f4f5a5cf09c90fe2,mainnet,1,0x6b3595068778dd592e39a122f4f5a5cf09c90fe2,source_found,sourcify-v2,200,contracts/SushiToken-mainnet-0x6b3595068778dd592e39a122f4f5a5cf09c90fe2,SushiToken,0.6.12+commit.27d51765,Solidity,1,match,False,1,historical_execution_group_member;trace_callee,,20240539,,2026-08-24T11:51:05.277876+00:00
1:0x6b765d07cf966c745b340adca67749fe75b5c345,mainnet,1,0x6b765d07cf966c745b340adca67749fe75b5c345,source_found,sourcify-v2,200,contracts/PegKeeper-mainnet-0x6b765d07cf966c745b340adca67749fe75b5c345,PegKeeper,0.3.7+commit.6020b8bb,Vyper,1,match,False,1,historical_execution_group_member;trace_callee,,17743470,,2026-08-24T11:51:05.346891+00:00
1:0x6c3ea9036406852006290770bedfcaba0e23a0e8,mainnet,1,0x6c3ea9036406852006290770bedfcaba0e23a0e8,source_found,sourcify-v2,200,contracts/AdminUpgradeabilityProxy-mainnet-0x6c3ea9036406852006290770bedfcaba0e23a0e8,AdminUpgradeabilityProxy,0.4.24+commit.e67f0147,Solidity,1,match,True,1,historical_execution_group_member;trace_callee;trace_caller,,24273362,,2026-08-24T11:51:05.494980+00:00
1:0x6c3f90f043a72fa612cbac8115ee7e52bde6e490,mainnet,1,0x6c3f90f043a72fa612cbac8115ee7e52bde6e490,source_found,sourcify-v2,200,contracts/Vyper_contract-mainnet-0x6c3f90f043a72fa612cbac8115ee7e52bde6e490,Vyper_contract,0.2.4+commit.7949850,Vyper,1,match,False,2,historical_execution_group_member;trace_callee,,17823543;24273362,,2026-08-24T11:51:04.943713+00:00
1:0x6d39cff1ef97c8f1e70d711e526e858a201315cd,mainnet,1,0x6d39cff1ef97c8f1e70d711e526e858a201315cd,source_found,sourcify-v2,200,contracts/KyberFprReserveV2-mainnet-0x6d39cff1ef97c8f1e70d711e526e858a201315cd,KyberFprReserveV2,0.6.6+commit.6c089d02,Solidity,1,match,False,1,historical_execution_group_member;trace_callee,,19917291,,2026-08-24T11:51:06.789493+00:00
1:0x6df1c1e379bc5a00a7b4c6e67a203333772f45a8,mainnet,1,0x6df1c1e379bc5a00a7b4c6e67a203333772f45a8,source_found,sourcify-v2,200,contracts/InitializableImmutableAdminUpgradeabilityProxy-mainnet-0x6df1c1e379bc5a00a7b4c6e67a203333772f45a8,InitializableImmutableAdminUpgradeabilityProxy,0.8.10+commit.fc410830,Solidity,6,exact_match,True,2,historical_execution_group_member;trace_callee;trace_caller,,17823543;20240539,,2026-08-24T11:51:06.916119+00:00
1:0x6e2ed2f457c41f38556ab0c2b1185cc9e6563d8d,mainnet,1,0x6e2ed2f457c41f38556ab0c2b1185cc9e6563d8d,not_in_sourcify,sourcify-v2,404,,,,,0,,,1,historical_execution_group_member;trace_callee,,24273362,,2026-08-24T11:51:06.171768+00:00
1:0x6efc73e54e41b27d2134ff9f98f15550f30df9b1,mainnet,1,0x6efc73e54e41b27d2134ff9f98f15550f30df9b1,source_found,sourcify-v2,200,contracts/InitializableImmutableAdminUpgradeabilityProxy-mainnet-0x6efc73e54e41b27d2134ff9f98f15550f30df9b1,InitializableImmutableAdminUpgradeabilityProxy,0.8.10+commit.fc410830,Solidity,6,exact_match,True,1,historical_execution_group_member;trace_callee;trace_caller,,20240539,,2026-08-24T11:51:07.351536+00:00
1:0x709783ab12b65fd6cd948214eee6448f3bdd72a3,mainnet,1,0x709783ab12b65fd6cd948214eee6448f3bdd72a3,source_found,sourcify-v2,200,contracts/AccessControlledOCR2Aggregator-mainnet-0x709783ab12b65fd6cd948214eee6448f3bdd72a3,AccessControlledOCR2Aggregator,0.8.19+commit.7dd6d404,Solidity,18,exact_match,False,1,historical_execution_group_member;trace_callee,,24273362,,2026-08-24T11:51:08.292964+00:00
1:0x716bb759a5f6facdff91f0afb613133d510e1573,mainnet,1,0x716bb759a5f6facdff91f0afb613133d510e1573,source_found,sourcify-v2,200,contracts/AccessControlledOffchainAggregator-mainnet-0x716bb759a5f6facdff91f0afb613133d510e1573,AccessControlledOffchainAggregator,0.7.6+commit.7338295f,Solidity,17,exact_match,False,1,historical_execution_group_member;trace_callee,,15746200;15746342,,2026-08-24T11:51:08.052020+00:00
1:0x716e837aceb8460a2d3c95240386da515c0a02f5,mainnet,1,0x716e837aceb8460a2d3c95240386da515c0a02f5,source_found,sourcify-v2,200,contracts/ChainlinkOracle-mainnet-0x716e837aceb8460a2d3c95240386da515c0a02f5,ChainlinkOracle,0.8.17+commit.8df45f5f,Solidity,7,match,False,1,historical_execution_group_member;trace_callee;trace_caller,,17743470,,2026-08-24T11:51:07.985966+00:00
1:0x72e95b8931767c79ba4eee721354d6e99a61d004,mainnet,1,0x72e95b8931767c79ba4eee721354d6e99a61d004,source_found,sourcify-v2,200,contracts/InitializableImmutableAdminUpgradeabilityProxy-mainnet-0x72e95b8931767c79ba4eee721354d6e99a61d004,InitializableImmutableAdminUpgradeabilityProxy,0.8.10+commit.fc410830,Solidity,6,exact_match,True,1,historical_execution_group_member;trace_callee;trace_caller,,24273362,,2026-08-24T11:51:08.835675+00:00
1:0x749cffcb53e008841d7387ba37f9284bdecee0a9,mainnet,1,0x749cffcb53e008841d7387ba37f9284bdecee0a9,source_found,sourcify-v2,200,contracts/VirtualBalanceRewardPool-mainnet-0x749cffcb53e008841d7387ba37f9284bdecee0a9,VirtualBalanceRewardPool,0.6.12+commit.27d51765,Solidity,1,match,False,1,historical_execution_group_member;trace_callee;trace_caller,,17743470,,2026-08-24T11:51:08.390743+00:00
1:0x75a2f59ec37c18962c53b0244d60b53f749df25e,mainnet,1,0x75a2f59ec37c18962c53b0244d60b53f749df25e,source_found,sourcify-v2,200,contracts/DepositToken-mainnet-0x75a2f59ec37c18962c53b0244d60b53f749df25e,DepositToken,0.6.12+commit.27d51765,Solidity,8,match,False,1,historical_execution_group_member;trace_callee,,17743470,,2026-08-24T11:51:09.338734+00:00
1:0x76884cafecf1f7d4146da6c4053b18b76bf6ed14,mainnet,1,0x76884cafecf1f7d4146da6c4053b18b76bf6ed14,source_found,sourcify-v2,200,contracts/DefaultReserveInterestRateStrategy-mainnet-0x76884cafecf1f7d4146da6c4053b18b76bf6ed14,DefaultReserveInterestRateStrategy,0.8.17+commit.8df45f5f,Solidity,9,exact_match,False,1,historical_execution_group_member;trace_callee;trace_caller,,20240539,,2026-08-24T11:51:10.057152+00:00
1:0x77bbc2b409c2c75e4999e8e3eb8309efff37cf2d,mainnet,1,0x77bbc2b409c2c75e4999e8e3eb8309efff37cf2d,source_found,sourcify-v2,200,contracts/UniswapV2Pair-mainnet-0x77bbc2b409c2c75e4999e8e3eb8309efff37cf2d,UniswapV2Pair,0.5.16+commit.9c3226ce,Solidity,1,match,False,1,historical_execution_group_member;trace_callee;trace_caller,,19917291,,2026-08-24T11:51:10.104835+00:00
1:0x784955641292b0014bc9ef82321300f0b6c7e36d,mainnet,1,0x784955641292b0014bc9ef82321300f0b6c7e36d,source_found,sourcify-v2,200,contracts/RTokenP1-mainnet-0x784955641292b0014bc9ef82321300f0b6c7e36d,RTokenP1,0.8.19+commit.7dd6d404,Solidity,53,exact_match,False,1,historical_execution_group_member;trace_callee,,24273362,,2026-08-24T11:51:12.044006+00:00
1:0x786b374b5eef874279f4b7b4de16940e57301a58,mainnet,1,0x786b374b5eef874279f4b7b4de16940e57301a58,not_in_sourcify,sourcify-v2,404,,,,,0,,,1,historical_execution_group_member;trace_callee;trace_caller,,17823543,,2026-08-24T11:51:09.650988+00:00
1:0x789190466e21a8b78b8027866cbbdc151542a26c,mainnet,1,0x789190466e21a8b78b8027866cbbdc151542a26c,source_found,sourcify-v2,200,contracts/AccessControlledOffchainAggregator-mainnet-0x789190466e21a8b78b8027866cbbdc151542a26c,AccessControlledOffchainAggregator,0.7.6+commit.7338295f,Solidity,12,match,False,1,historical_execution_group_member;trace_callee,,17743470,,2026-08-24T11:51:11.888495+00:00
1:0x795065dcc9f64b5614c407a6efdc400da6221fb0,mainnet,1,0x795065dcc9f64b5614c407a6efdc400da6221fb0,source_found,sourcify-v2,200,contracts/UniswapV2Pair-mainnet-0x795065dcc9f64b5614c407a6efdc400da6221fb0,UniswapV2Pair,0.6.12+commit.27d51765,Solidity,1,match,False,1,historical_execution_group_member;trace_callee;trace_caller,,20240539,,2026-08-24T11:51:11.707137+00:00
1:0x7a250d5630b4cf539739df2c5dacb4c659f2488d,mainnet,1,0x7a250d5630b4cf539739df2c5dacb4c659f2488d,source_found,sourcify-v2,200,contracts/UniswapV2Router02-mainnet-0x7a250d5630b4cf539739df2c5dacb4c659f2488d,UniswapV2Router02,0.6.6+commit.6c089d02,Solidity,1,match,False,2,historical_execution_group_member;trace_callee;trace_caller,,16440979;19917291,,2026-08-24T11:51:12.182153+00:00
1:0x7b528b4fd3e9f6b1701817c83f2ccb16496ba03e,mainnet,1,0x7b528b4fd3e9f6b1701817c83f2ccb16496ba03e,source_found,sourcify-v2,200,contracts/CurveLPOracleV2-mainnet-0x7b528b4fd3e9f6b1701817c83f2ccb16496ba03e,CurveLPOracleV2,0.8.17+commit.8df45f5f,Solidity,22,match,False,1,historical_execution_group_member;trace_callee;trace_caller,,17743470,,2026-08-24T11:51:11.656969+00:00
1:0x7b8fa4540246554e77fcff140f9114de00f8bb8d,mainnet,1,0x7b8fa4540246554e77fcff140f9114de00f8bb8d,source_found,sourcify-v2,200,contracts/DefaultReserveInterestRateStrategy-mainnet-0x7b8fa4540246554e77fcff140f9114de00f8bb8d,DefaultReserveInterestRateStrategy,0.8.17+commit.8df45f5f,Solidity,9,exact_match,False,1,historical_execution_group_member;trace_callee;trace_caller,,17823543,,2026-08-24T11:51:11.969089+00:00
1:0x7b95ec873268a6bfc6427e7a28e396db9d0ebc65,mainnet,1,0x7b95ec873268a6bfc6427e7a28e396db9d0ebc65,source_found,sourcify-v2,200,contracts/InitializableImmutableAdminUpgradeabilityProxy-mainnet-0x7b95ec873268a6bfc6427e7a28e396db9d0ebc65,InitializableImmutableAdminUpgradeabilityProxy,0.8.10+commit.fc410830,Solidity,6,exact_match,True,1,historical_execution_group_member;trace_callee;trace_caller,,20240539,,2026-08-24T11:51:12.813303+00:00
1:0x7c66550c9c730b6fdd4c03bc2e73c5462c5f7acc,mainnet,1,0x7c66550c9c730b6fdd4c03bc2e73c5462c5f7acc,source_found,sourcify-v2,200,contracts/KyberNetwork-mainnet-0x7c66550c9c730b6fdd4c03bc2e73c5462c5f7acc,KyberNetwork,0.6.6+commit.6c089d02,Solidity,1,match,False,1,historical_execution_group_member;trace_callee;trace_caller,,19917291,,2026-08-24T11:51:14.475319+00:00
1:0x7ca7b5eaaf526d93705d28c1b47e9739595c90e7,mainnet,1,0x7ca7b5eaaf526d93705d28c1b47e9739595c90e7,source_found,sourcify-v2,200,contracts/DVM-mainnet-0x7ca7b5eaaf526d93705d28c1b47e9739595c90e7,DVM,0.6.9+commit.3e3065ac,Solidity,1,match,False,1,historical_execution_group_member;trace_callee,,15746200;15746342,,2026-08-24T11:51:14.581919+00:00
1:0x7d1afa7b718fb893db30a3abc0cfc608aacfebb0,mainnet,1,0x7d1afa7b718fb893db30a3abc0cfc608aacfebb0,source_found,sourcify-v2,200,contracts/MaticToken-mainnet-0x7d1afa7b718fb893db30a3abc0cfc608aacfebb0,MaticToken,0.5.2+commit.1df8f40c,Solidity,1,match,False,1,historical_execution_group_member;trace_callee,,20240539,,2026-08-24T11:51:13.796741+00:00
1:0x7d2768de32b0b80b7a3454c06bdac94a69ddc7a9,mainnet,1,0x7d2768de32b0b80b7a3454c06bdac94a69ddc7a9,source_found,sourcify-v2,200,contracts/InitializableImmutableAdminUpgradeabilityProxy-mainnet-0x7d2768de32b0b80b7a3454c06bdac94a69ddc7a9,InitializableImmutableAdminUpgradeabilityProxy,0.6.12+commit.27d51765,Solidity,6,exact_match,True,2,historical_execution_group_member;trace_callee;trace_caller,,15746200;15746342;17823543,,2026-08-24T11:51:13.998903+00:00
1:0x7de0d6fce0c128395c488cb4df667cdbfb35d7de,mainnet,1,0x7de0d6fce0c128395c488cb4df667cdbfb35d7de,source_found,sourcify-v2,200,contracts/AccessControlledOffchainAggregator-mainnet-0x7de0d6fce0c128395c488cb4df667cdbfb35d7de,AccessControlledOffchainAggregator,0.7.6+commit.7338295f,Solidity,12,match,False,1,historical_execution_group_member;trace_callee,,17823543,,2026-08-24T11:51:15.941200+00:00
1:0x7effd7b47bfd17e52fb7559d3f924201b9dbff3d,mainnet,1,0x7effd7b47bfd17e52fb7559d3f924201b9dbff3d,source_found,sourcify-v2,200,contracts/AToken-mainnet-0x7effd7b47bfd17e52fb7559d3f924201b9dbff3d,AToken,0.8.10+commit.fc410830,Solidity,21,exact_match,False,2,historical_execution_group_member;trace_callee,,17823543;20240539,,2026-08-24T11:51:16.307695+00:00
1:0x7f39c581f595b53c5cb19bd0b3f8da6c935e2ca0,mainnet,1,0x7f39c581f595b53c5cb19bd0b3f8da6c935e2ca0,source_found,sourcify-v2,200,contracts/WstETH-mainnet-0x7f39c581f595b53c5cb19bd0b3f8da6c935e2ca0,WstETH,0.6.12+commit.27d51765,Solidity,1,match,False,1,historical_execution_group_member;trace_callee,,17823543,,2026-08-24T11:51:16.196432+00:00
1:0x7f86bf177dd4f3494b841a37e810a34dd56c829b,mainnet,1,0x7f86bf177dd4f3494b841a37e810a34dd56c829b,source_found,sourcify-v2,200,contracts/CurveTricryptoOptimizedWETH-mainnet-0x7f86bf177dd4f3494b841a37e810a34dd56c829b,CurveTricryptoOptimizedWETH,0.3.9+commit.66b96705,Vyper,1,match,False,1,historical_execution_group_member;trace_callee;trace_caller,,17743470,,2026-08-24T11:51:17.032043+00:00
1:0x7fc66500c84a76ad7e9c93437bfc5ac33e2ddae9,mainnet,1,0x7fc66500c84a76ad7e9c93437bfc5ac33e2ddae9,source_found,sourcify-v2,200,contracts/InitializableAdminUpgradeabilityProxy-mainnet-0x7fc66500c84a76ad7e9c93437bfc5ac33e2ddae9,InitializableAdminUpgradeabilityProxy,0.6.10+commit.00c0fcaf,Solidity,19,exact_match,True,1,historical_execution_group_member;trace_callee;trace_caller,,20240539,,2026-08-24T11:51:16.698501+00:00
1:0x806b6c6819b1f62ca4b66658b669f0a98e385d18,mainnet,1,0x806b6c6819b1f62ca4b66658b669f0a98e385d18,source_found,sourcify-v2,200,contracts/UniswapV2Pair-mainnet-0x806b6c6819b1f62ca4b66658b669f0a98e385d18,UniswapV2Pair,0.5.16+commit.9c3226ce,Solidity,1,match,False,1,historical_execution_group_member;trace_callee;trace_caller,,16440979,,2026-08-24T11:51:16.988945+00:00
1:0x80bf7db69556d9521c03461978b8fc731dbbd4e4,mainnet,1,0x80bf7db69556d9521c03461978b8fc731dbbd4e4,not_in_sourcify,sourcify-v2,404,,,,,0,,,1,historical_execution_group_member;trace_callee;trace_caller;transaction_target,,22146340,,2026-08-24T11:51:17.090148+00:00
1:0x80c64e468b774f7f96d4dfce39cae2dd4c2b7f93,mainnet,1,0x80c64e468b774f7f96d4dfce39cae2dd4c2b7f93,source_found,sourcify-v2,200,contracts/BaseRewardPool-mainnet-0x80c64e468b774f7f96d4dfce39cae2dd4c2b7f93,BaseRewardPool,0.6.12+commit.27d51765,Solidity,1,match,False,1,historical_execution_group_member;trace_callee;trace_caller,,17743470,,2026-08-24T11:51:18.286400+00:00
1:0x8116b273cd75d79c382afacc706659ded5e0a59d,mainnet,1,0x8116b273cd75d79c382afacc706659ded5e0a59d,source_found,sourcify-v2,200,contracts/AccessControlledOffchainAggregator-mainnet-0x8116b273cd75d79c382afacc706659ded5e0a59d,AccessControlledOffchainAggregator,0.7.6+commit.7338295f,Solidity,13,exact_match,False,1,historical_execution_group_member;trace_callee,,20240539,,2026-08-24T11:51:19.112569+00:00
1:0x8147b99df7672a21809c9093e6f6ce1a60f119bd,mainnet,1,0x8147b99df7672a21809c9093e6f6ce1a60f119bd,source_found,sourcify-v2,200,contracts/PoolInstance-mainnet-0x8147b99df7672a21809c9093e6f6ce1a60f119bd,PoolInstance,0.8.27+commit.40a35a09,Solidity,50,match,False,1,historical_execution_group_member;trace_callee,,24273362,,2026-08-24T11:51:21.773101+00:00
1:0x8164cc65827dcfe994ab23944cbc90e0aa80bfcb,mainnet,1,0x8164cc65827dcfe994ab23944cbc90e0aa80bfcb,source_found,sourcify-v2,200,contracts/InitializableImmutableAdminUpgradeabilityProxy-mainnet-0x8164cc65827dcfe994ab23944cbc90e0aa80bfcb,InitializableImmutableAdminUpgradeabilityProxy,0.8.10+commit.fc410830,Solidity,6,exact_match,True,2,historical_execution_group_member;trace_callee;trace_caller,,17823543;20240539,,2026-08-24T11:51:18.404655+00:00
1:0x8180949ac41ef18e844ff8dafe604a195d86aea9,mainnet,1,0x8180949ac41ef18e844ff8dafe604a195d86aea9,source_found,sourcify-v2,200,contracts/StableDebtStETH-mainnet-0x8180949ac41ef18e844ff8dafe604a195d86aea9,StableDebtStETH,0.6.12+commit.27d51765,Solidity,18,match,False,1,historical_execution_group_member;trace_callee,,15746200;15746342,,2026-08-24T11:51:19.769717+00:00
1:0x818e6fecd516ecc3849daf6845e3ec868087b755,mainnet,1,0x818e6fecd516ecc3849daf6845e3ec868087b755,source_found,sourcify-v2,200,contracts/KyberNetworkProxy-mainnet-0x818e6fecd516ecc3849daf6845e3ec868087b755,KyberNetworkProxy,0.4.18+commit.9cf6e910,Solidity,1,match,False,1,historical_execution_group_member;trace_callee;trace_caller,,19917291,,2026-08-24T11:51:19.857672+00:00
1:0x820d74078eb4c94e24ef0bcc8ccf848a238f473e,mainnet,1,0x820d74078eb4c94e24ef0bcc8ccf848a238f473e,source_found,sourcify-v2,200,contracts/UniswapV2Pair-mainnet-0x820d74078eb4c94e24ef0bcc8ccf848a238f473e,UniswapV2Pair,0.5.16+commit.9c3226ce,Solidity,1,match,False,1,historical_execution_group_member;trace_callee;trace_caller,,20240539,,2026-08-24T11:51:20.328539+00:00
1:0x822fa72df1f229c3900f5ad6c3fa2c424d691622,mainnet,1,0x822fa72df1f229c3900f5ad6c3fa2c424d691622,source_found,sourcify-v2,200,contracts/InitializableImmutableAdminUpgradeabilityProxy-mainnet-0x822fa72df1f229c3900f5ad6c3fa2c424d691622,InitializableImmutableAdminUpgradeabilityProxy,0.8.10+commit.fc410830,Solidity,6,exact_match,True,2,historical_execution_group_member;trace_callee;trace_caller,,17823543;20240539,,2026-08-24T11:51:20.674112+00:00
1:0x8292bb45bf1ee4d140127049757c2e0ff06317ed,mainnet,1,0x8292bb45bf1ee4d140127049757c2e0ff06317ed,source_found,sourcify-v2,200,contracts/StablecoinProxy-mainnet-0x8292bb45bf1ee4d140127049757c2e0ff06317ed,StablecoinProxy,0.8.26+commit.8a97fa7a,Solidity,1,match,True,1,historical_execution_group_member;trace_callee;trace_caller,,24273362,,2026-08-24T11:51:20.167305+00:00
1:0x833e4083b7ae46cea85695c4f7ed25cdad8886de,mainnet,1,0x833e4083b7ae46cea85695c4f7ed25cdad8886de,source_found,sourcify-v2,200,contracts/DMMFactory-mainnet-0x833e4083b7ae46cea85695c4f7ed25cdad8886de,DMMFactory,0.6.12+commit.27d51765,Solidity,1,match,False,1,historical_execution_group_member;trace_callee,,19917291,,2026-08-24T11:51:21.509851+00:00
1:0x836c9007dbd73fcfc473190304c72b7e39babb91,mainnet,1,0x836c9007dbd73fcfc473190304c72b7e39babb91,not_in_sourcify,sourcify-v2,404,,,,,0,,,1,historical_execution_group_member;trace_callee,,24273362,,2026-08-24T11:51:22.026328+00:00
1:0x8472a9a7632b173c8cf3a86d3afec50c35548e76,mainnet,1,0x8472a9a7632b173c8cf3a86d3afec50c35548e76,source_found,sourcify-v2,200,contracts/crvUSDController-mainnet-0x8472a9a7632b173c8cf3a86d3afec50c35548e76,crvUSDController,0.3.7+commit.6020b8bb,Vyper,1,match,False,1,historical_execution_group_member;trace_callee;trace_caller,,17743470,,2026-08-24T11:51:22.209391+00:00
1:0x85f17cf997934a597031b2e18a9ab6ebd4b9f6a4,mainnet,1,0x85f17cf997934a597031b2e18a9ab6ebd4b9f6a4,source_found,sourcify-v2,200,contracts/eNear-mainnet-0x85f17cf997934a597031b2e18a9ab6ebd4b9f6a4,eNear,0.6.12+commit.27d51765,Solidity,11,exact_match,False,1,historical_execution_group_member;trace_callee,,15746200;15746342,,2026-08-24T11:51:22.255147+00:00
1:0x86392dc19c0b719886221c78ab11eb8cf5c52812,mainnet,1,0x86392dc19c0b719886221c78ab11eb8cf5c52812,source_found,sourcify-v2,200,contracts/EACAggregatorProxy-mainnet-0x86392dc19c0b719886221c78ab11eb8cf5c52812,EACAggregatorProxy,0.6.6+commit.6c089d02,Solidity,1,match,False,1,historical_execution_group_member;trace_callee;trace_caller,,15746200;15746342,,2026-08-24T11:51:23.110368+00:00
1:0x8663fbfc41a0bac88e7cd4b128b7a77381e77781,mainnet,1,0x8663fbfc41a0bac88e7cd4b128b7a77381e77781,not_in_sourcify,sourcify-v2,404,,,,,0,,,1,historical_execution_group_member;trace_callee;trace_caller,,15746200;15746342,,2026-08-24T11:51:23.504852+00:00
1:0x870ac11d48b15db9a138cf899d20f13f79ba00bc,mainnet,1,0x870ac11d48b15db9a138cf899d20f13f79ba00bc,source_found,sourcify-v2,200,contracts/AdaptiveCurveIrm-mainnet-0x870ac11d48b15db9a138cf899d20f13f79ba00bc,AdaptiveCurveIrm,0.8.19+commit.7dd6d404,Solidity,11,exact_match,False,1,historical_execution_group_member;trace_callee,,24273362,,2026-08-24T11:51:23.133602+00:00
1:0x87870bca3f3fd6335c3f4ce8392d69350b4fa4e2,mainnet,1,0x87870bca3f3fd6335c3f4ce8392d69350b4fa4e2,source_found,sourcify-v2,200,contracts/InitializableImmutableAdminUpgradeabilityProxy-mainnet-0x87870bca3f3fd6335c3f4ce8392d69350b4fa4e2,InitializableImmutableAdminUpgradeabilityProxy,0.8.10+commit.fc410830,Solidity,6,exact_match,True,3,historical_execution_group_member;trace_callee;trace_caller,,17823543;20240539;24273362,,2026-08-24T11:51:24.909256+00:00
1:0x89ab32156e46f46d02ade3fecbe5fc4243b9aaed,mainnet,1,0x89ab32156e46f46d02ade3fecbe5fc4243b9aaed,source_found,sourcify-v2,200,contracts/PNT-mainnet-0x89ab32156e46f46d02ade3fecbe5fc4243b9aaed,PNT,0.6.10+commit.00c0fcaf,Solidity,1,match,False,1,historical_execution_group_member;trace_callee;trace_caller,,19917291,,2026-08-24T11:51:24.505586+00:00
1:0x89b3f60a17789aa7c7061af6f5e9efa407153c03,mainnet,1,0x89b3f60a17789aa7c7061af6f5e9efa407153c03,source_found,sourcify-v2,200,contracts/KyberReserve-mainnet-0x89b3f60a17789aa7c7061af6f5e9efa407153c03,KyberReserve,0.4.18+commit.9cf6e910,Solidity,1,match,False,1,historical_execution_group_member;trace_callee;trace_caller,,19917291,,2026-08-24T11:51:24.215112+00:00
1:0x8a32f49ffba88aba6eff96f45d8bd1d4b3f35c7d,mainnet,1,0x8a32f49ffba88aba6eff96f45d8bd1d4b3f35c7d,source_found,sourcify-v2,200,contracts/LendingRateOracle-mainnet-0x8a32f49ffba88aba6eff96f45d8bd1d4b3f35c7d,LendingRateOracle,0.6.12+commit.27d51765,Solidity,1,match,False,2,historical_execution_group_member;trace_callee,,15746200;15746342;17823543,,2026-08-24T11:51:24.622954+00:00
1:0x8a458a9dc9048e005d22849f470891b840296619,mainnet,1,0x8a458a9dc9048e005d22849f470891b840296619,source_found,sourcify-v2,200,contracts/InitializableImmutableAdminUpgradeabilityProxy-mainnet-0x8a458a9dc9048e005d22849f470891b840296619,InitializableImmutableAdminUpgradeabilityProxy,0.8.10+commit.fc410830,Solidity,6,exact_match,True,1,historical_execution_group_member;trace_callee;trace_caller,,20240539,,2026-08-24T11:51:24.743594+00:00
1:0x8ad599c3a0ff1de082011efddc58f1908eb6e6d8,mainnet,1,0x8ad599c3a0ff1de082011efddc58f1908eb6e6d8,source_found,sourcify-v2,200,contracts/UniswapV3Pool-mainnet-0x8ad599c3a0ff1de082011efddc58f1908eb6e6d8,UniswapV3Pool,0.7.6+commit.7338295f,Solidity,96,match,False,1,historical_execution_group_member;trace_callee;trace_caller,,24273362,,2026-08-24T11:51:27.221184+00:00
1:0x8b6851156023f4f5a66f68bea80851c3d905ac93,mainnet,1,0x8b6851156023f4f5a66f68bea80851c3d905ac93,source_found,sourcify-v2,200,contracts/WstETHSynchronicityPriceAdapter-mainnet-0x8b6851156023f4f5a66f68bea80851c3d905ac93,WstETHSynchronicityPriceAdapter,0.8.19+commit.7dd6d404,Solidity,4,exact_match,False,1,historical_execution_group_member;trace_callee;trace_caller,,17823543,,2026-08-24T11:51:25.097275+00:00
1:0x8d69047c8c673ebec12bae6af1f053d395d1e5bf,mainnet,1,0x8d69047c8c673ebec12bae6af1f053d395d1e5bf,source_found,sourcify-v2,200,contracts/ConversionRateEnhancedSteps2-mainnet-0x8d69047c8c673ebec12bae6af1f053d395d1e5bf,ConversionRateEnhancedSteps2,0.4.18+commit.9cf6e910,Solidity,1,match,False,1,historical_execution_group_member;trace_callee,,19917291,,2026-08-24T11:51:26.819780+00:00
1:0x8e0c00ed546602fd9927df742bbabf726d5b0d16,mainnet,1,0x8e0c00ed546602fd9927df742bbabf726d5b0d16,not_in_sourcify,sourcify-v2,404,,,,,0,,,1,historical_execution_group_member;trace_callee;trace_caller,,17743470,,2026-08-24T11:51:25.523627+00:00
1:0x8f1df6d7f2db73eece86a18b4381f4707b918fb1,mainnet,1,0x8f1df6d7f2db73eece86a18b4381f4707b918fb1,source_found,sourcify-v2,200,contracts/EACAggregatorProxy-mainnet-0x8f1df6d7f2db73eece86a18b4381f4707b918fb1,EACAggregatorProxy,0.6.6+commit.6c089d02,Solidity,1,match,False,1,historical_execution_group_member;trace_callee;trace_caller,,24273362,,2026-08-24T11:51:27.393819+00:00
1:0x8fffffd4afb6115b954bd326cbe7b4ba576818f6,mainnet,1,0x8fffffd4afb6115b954bd326cbe7b4ba576818f6,source_found,sourcify-v2,200,contracts/EACAggregatorProxy-mainnet-0x8fffffd4afb6115b954bd326cbe7b4ba576818f6,EACAggregatorProxy,0.6.6+commit.6c089d02,Solidity,1,match,False,1,historical_execution_group_member;trace_callee;trace_caller,,24273362,,2026-08-24T11:51:27.825218+00:00
1:0x90d9cd005e553111eb8c9c31abe9706a186b6048,mainnet,1,0x90d9cd005e553111eb8c9c31abe9706a186b6048,source_found,sourcify-v2,200,contracts/InitializableImmutableAdminUpgradeabilityProxy-mainnet-0x90d9cd005e553111eb8c9c31abe9706a186b6048,InitializableImmutableAdminUpgradeabilityProxy,0.8.10+commit.fc410830,Solidity,6,exact_match,True,1,historical_execution_group_member;trace_callee;trace_caller,,20240539,,2026-08-24T11:51:27.032200+00:00
1:0x915dff6707bea63daea1b41aa5d37353229066ba,mainnet,1,0x915dff6707bea63daea1b41aa5d37353229066ba,not_in_sourcify,sourcify-v2,404,,,,,0,,,1,historical_execution_group_member;trace_callee;trace_caller;transaction_target,,17823543,,2026-08-24T11:51:26.850901+00:00
1:0x9188738a7ca1e4b2af840a77e8726cc6dcbe7bdb,mainnet,1,0x9188738a7ca1e4b2af840a77e8726cc6dcbe7bdb,not_in_sourcify,sourcify-v2,404,,,,,0,,,1,historical_execution_group_member;trace_callee,,22146340,,2026-08-24T11:51:27.926316+00:00
1:0x919fa96e88d67499339577fa202345436bcdaf79,mainnet,1,0x919fa96e88d67499339577fa202345436bcdaf79,source_found,sourcify-v2,200,contracts/UniswapV3Pool-mainnet-0x919fa96e88d67499339577fa202345436bcdaf79,UniswapV3Pool,0.7.6+commit.7338295f,Solidity,96,match,False,1,historical_execution_group_member;trace_callee;trace_caller,,20240539,,2026-08-24T11:51:31.519108+00:00
1:0x935bfb495e33f74d2e9735df1da66ace442ede48,mainnet,1,0x935bfb495e33f74d2e9735df1da66ace442ede48,not_in_sourcify,sourcify-v2,404,,,,,0,,,1,historical_execution_group_member;trace_callee;trace_caller;transaction_target,,24273362,,2026-08-24T11:51:28.131614+00:00
1:0x939e4c11e391a28cd81248163f3a2e595f12ce5e,mainnet,1,0x939e4c11e391a28cd81248163f3a2e595f12ce5e,source_found,sourcify-v2,200,contracts/DepositToken-mainnet-0x939e4c11e391a28cd81248163f3a2e595f12ce5e,DepositToken,0.6.12+commit.27d51765,Solidity,8,match,False,1,historical_execution_group_member;trace_callee,,17743470,,2026-08-24T11:51:30.072169+00:00
1:0x9434feba9edc5d0cedc128f417307f8d9afe8bc0,mainnet,1,0x9434feba9edc5d0cedc128f417307f8d9afe8bc0,source_found,sourcify-v2,200,contracts/MachineShareOracle-mainnet-0x9434feba9edc5d0cedc128f417307f8d9afe8bc0,MachineShareOracle,0.8.28+commit.7893614a,Solidity,72,match,False,1,historical_execution_group_member;trace_callee,,24273362,,2026-08-24T11:51:30.729824+00:00
1:0x94d0f384d839a7cef8bb6a8be3e2541ec9355343,mainnet,1,0x94d0f384d839a7cef8bb6a8be3e2541ec9355343,source_found,sourcify-v2,200,contracts/PYUSD-mainnet-0x94d0f384d839a7cef8bb6a8be3e2541ec9355343,PYUSD,0.8.17+commit.8df45f5f,Solidity,38,exact_match,False,1,historical_execution_group_member;trace_callee,,24273362,,2026-08-24T11:51:31.938520+00:00
1:0x95f00391cb5eebcd190eb58728b4ce23dbfa6ac1,mainnet,1,0x95f00391cb5eebcd190eb58728b4ce23dbfa6ac1,not_in_sourcify,sourcify-v2,404,,,,,0,,,1,historical_execution_group_member;trace_callee;trace_caller,,17743470,,2026-08-24T11:51:29.894086+00:00
1:0x96424e6b5eaafe0c3b36ca82068d574d44be4e3c,mainnet,1,0x96424e6b5eaafe0c3b36ca82068d574d44be4e3c,not_in_sourcify,sourcify-v2,404,,,,,0,,,1,historical_execution_group_member;trace_callee;trace_caller,,17743470,,2026-08-24T11:51:29.804915+00:00
1:0x966cbdecefb60a289b0460f7638f4a75f432ca06,mainnet,1,0x966cbdecefb60a289b0460f7638f4a75f432ca06,source_found,sourcify-v2,200,contracts/CryptoWithStablePriceETH-mainnet-0x966cbdecefb60a289b0460f7638f4a75f432ca06,CryptoWithStablePriceETH,0.3.7+commit.6020b8bb,Vyper,1,match,False,1,historical_execution_group_member;trace_callee;trace_caller,,17743470,,2026-08-24T11:51:30.810508+00:00
1:0x9747a0d261c2d56eb93f542068e5d1e23170fa9e,mainnet,1,0x9747a0d261c2d56eb93f542068e5d1e23170fa9e,source_found,sourcify-v2,200,contracts/StablecoinUpgradeableV2-mainnet-0x9747a0d261c2d56eb93f542068e5d1e23170fa9e,StablecoinUpgradeableV2,0.8.29+commit.ab55807c,Solidity,35,match,False,1,historical_execution_group_member;trace_callee,,24273362,,2026-08-24T11:51:32.709255+00:00
1:0x983dfba1c0724786598af0e63a9a6f94aabd24a1,mainnet,1,0x983dfba1c0724786598af0e63a9a6f94aabd24a1,not_in_sourcify,sourcify-v2,404,,,,,0,,,1,historical_execution_group_member;trace_callee;trace_caller,,15746200;15746342,,2026-08-24T11:51:31.542498+00:00
1:0x989aeb4d175e16225e39e87d0d97a3360524ad80,mainnet,1,0x989aeb4d175e16225e39e87d0d97a3360524ad80,source_found,sourcify-v2,200,contracts/CurveVoterProxy-mainnet-0x989aeb4d175e16225e39e87d0d97a3360524ad80,CurveVoterProxy,0.6.12+commit.27d51765,Solidity,1,match,False,1,historical_execution_group_member;trace_callee;trace_caller,,17743470,,2026-08-24T11:51:33.728545+00:00
1:0x98c23e9d8f34fefb1b7bd6a91b7ff122f4e16f5c,mainnet,1,0x98c23e9d8f34fefb1b7bd6a91b7ff122f4e16f5c,source_found,sourcify-v2,200,contracts/InitializableImmutableAdminUpgradeabilityProxy-mainnet-0x98c23e9d8f34fefb1b7bd6a91b7ff122f4e16f5c,InitializableImmutableAdminUpgradeabilityProxy,0.8.10+commit.fc410830,Solidity,6,exact_match,True,1,historical_execution_group_member;trace_callee;trace_caller,,24273362,,2026-08-24T11:51:32.180259+00:00
1:0x99d8a9c45b2eca8864373a26d1459e3dff1e17f3,mainnet,1,0x99d8a9c45b2eca8864373a26d1459e3dff1e17f3,source_found,sourcify-v2,200,contracts/MagicInternetMoneyV1-mainnet-0x99d8a9c45b2eca8864373a26d1459e3dff1e17f3,MagicInternetMoneyV1,0.6.12+commit.27d51765,Solidity,1,match,False,1,historical_execution_group_member;trace_callee,,24273362,,2026-08-24T11:51:32.759310+00:00
1:0x99e81edbcab512d393638c087fd29c3dc6c9b00e,mainnet,1,0x99e81edbcab512d393638c087fd29c3dc6c9b00e,source_found,sourcify-v2,200,contracts/VariableDebtToken-mainnet-0x99e81edbcab512d393638c087fd29c3dc6c9b00e,VariableDebtToken,0.6.12+commit.27d51765,Solidity,18,exact_match,False,1,historical_execution_group_member;trace_callee,,17823543,,2026-08-24T11:51:34.265370+00:00
1:0x9cce24310c1c9c118449112e294c0c2068d96b9f,mainnet,1,0x9cce24310c1c9c118449112e294c0c2068d96b9f,not_in_sourcify,sourcify-v2,404,,,,,0,,,1,historical_execution_group_member;trace_callee,,24273362,,2026-08-24T11:51:33.661846+00:00
1:0x9d39a5de30e57443bff2a8307a4256c8797a3497,mainnet,1,0x9d39a5de30e57443bff2a8307a4256c8797a3497,source_found,sourcify-v2,200,contracts/StakedUSDeV2-mainnet-0x9d39a5de30e57443bff2a8307a4256c8797a3497,StakedUSDeV2,0.8.19+commit.7dd6d404,Solidity,33,exact_match,False,1,historical_execution_group_member;trace_callee,,24273362,,2026-08-24T11:51:36.022421+00:00
1:0x9d4578c813d69745092a4f951753ed2b28056279,mainnet,1,0x9d4578c813d69745092a4f951753ed2b28056279,source_found,sourcify-v2,200,contracts/StableDebtToken-mainnet-0x9d4578c813d69745092a4f951753ed2b28056279,StableDebtToken,0.6.12+commit.27d51765,Solidity,17,exact_match,False,1,historical_execution_group_member;trace_callee,,17823543,,2026-08-24T11:51:34.375685+00:00
1:0x9ec6f08190dea04a54f8afc53db96134e5e3fdfb,mainnet,1,0x9ec6f08190dea04a54f8afc53db96134e5e3fdfb,source_found,sourcify-v2,200,contracts/DefaultReserveInterestRateStrategyV2-mainnet-0x9ec6f08190dea04a54f8afc53db96134e5e3fdfb,DefaultReserveInterestRateStrategyV2,0.8.20+commit.a1b79de6,Solidity,9,match,False,1,historical_execution_group_member;trace_callee,,24273362,,2026-08-24T11:51:34.576561+00:00
1:0x9f8f72aa9304c8b593d555f12ef6589cc3a579a2,mainnet,1,0x9f8f72aa9304c8b593d555f12ef6589cc3a579a2,source_found,sourcify-v2,200,contracts/DSToken-mainnet-0x9f8f72aa9304c8b593d555f12ef6589cc3a579a2,DSToken,0.4.18+commit.9cf6e910,Solidity,1,match,False,1,historical_execution_group_member;trace_callee,,20240539,,2026-08-24T11:51:35.550552+00:00
1:0x9fb131efbac23b735d7764ab12f9e52cc68401ca,mainnet,1,0x9fb131efbac23b735d7764ab12f9e52cc68401ca,source_found,sourcify-v2,200,contracts/KatanaFeeHandler-mainnet-0x9fb131efbac23b735d7764ab12f9e52cc68401ca,KatanaFeeHandler,0.6.6+commit.6c089d02,Solidity,11,exact_match,False,1,historical_execution_group_member;trace_callee;trace_caller,,19917291,,2026-08-24T11:51:36.579445+00:00
1:0xa0b86991c6218b36c1d19d4a2e9eb0ce3606eb48,mainnet,1,0xa0b86991c6218b36c1d19d4a2e9eb0ce3606eb48,source_found,sourcify-v2,200,contracts/FiatTokenProxy-mainnet-0xa0b86991c6218b36c1d19d4a2e9eb0ce3606eb48,FiatTokenProxy,0.4.24+commit.e67f0147,Solidity,1,match,True,5,historical_execution_group_member;trace_callee;trace_caller,,17743470;17823543;19917291;20240539;24273362,,2026-08-24T11:51:36.919639+00:00
1:0xa0d69e286b938e21cbf7e51d71f6a4c8918f482f,mainnet,1,0xa0d69e286b938e21cbf7e51d71f6a4c8918f482f,source_found,sourcify-v2,200,contracts/ERC1967Proxy-mainnet-0xa0d69e286b938e21cbf7e51d71f6a4c8918f482f,ERC1967Proxy,0.8.17+commit.8df45f5f,Solidity,1,match,True,1,historical_execution_group_member;trace_callee;trace_caller,,24273362,,2026-08-24T11:51:35.840180+00:00
1:0xa1773f1ccf6db192ad8fe826d15fe1d328b03284,mainnet,1,0xa1773f1ccf6db192ad8fe826d15fe1d328b03284,source_found,sourcify-v2,200,contracts/InitializableImmutableAdminUpgradeabilityProxy-mainnet-0xa1773f1ccf6db192ad8fe826d15fe1d328b03284,InitializableImmutableAdminUpgradeabilityProxy,0.8.10+commit.fc410830,Solidity,6,exact_match,True,1,historical_execution_group_member;trace_callee;trace_caller,,20240539,,2026-08-24T11:51:36.199442+00:00
1:0xa1c0fa73c39cfbcc11ec9eb1afc665aba9996e2c,mainnet,1,0xa1c0fa73c39cfbcc11ec9eb1afc665aba9996e2c,source_found,sourcify-v2,200,contracts/KyberMatchingEngine-mainnet-0xa1c0fa73c39cfbcc11ec9eb1afc665aba9996e2c,KyberMatchingEngine,0.6.6+commit.6c089d02,Solidity,1,match,False,1,historical_execution_group_member;trace_callee;trace_caller,,19917291,,2026-08-24T11:51:37.768502+00:00
1:0xa1e7156dd8521fea9082b34d8d63b79c3f3ab1f9,mainnet,1,0xa1e7156dd8521fea9082b34d8d63b79c3f3ab1f9,not_in_sourcify,sourcify-v2,404,,,,,0,,,1,historical_execution_group_member;trace_callee;trace_caller,,19917291,,2026-08-24T11:51:36.550514+00:00
1:0xa2327a938febf5fec13bacfb16ae10ecbc4cbdcf,mainnet,1,0xa2327a938febf5fec13bacfb16ae10ecbc4cbdcf,source_found,sourcify-v2,200,contracts/FiatTokenV2_1-mainnet-0xa2327a938febf5fec13bacfb16ae10ecbc4cbdcf,FiatTokenV2_1,0.6.12+commit.27d51765,Solidity,1,match,False,2,historical_execution_group_member;trace_callee,,17743470;17823543,,2026-08-24T11:51:38.846948+00:00
1:0xa295c1301e063728d733f9fb2155448fff9c70b7,mainnet,1,0xa295c1301e063728d733f9fb2155448fff9c70b7,source_found,sourcify-v2,200,contracts/UniswapV3Pool-mainnet-0xa295c1301e063728d733f9fb2155448fff9c70b7,UniswapV3Pool,0.7.6+commit.7338295f,Solidity,96,match,False,1,historical_execution_group_member;trace_callee;trace_caller,,20240539,,2026-08-24T11:51:39.835562+00:00
1:0xa2d951a22d5c0256fc2daee7e2b3ede75ebfa22d,mainnet,1,0xa2d951a22d5c0256fc2daee7e2b3ede75ebfa22d,not_in_sourcify,sourcify-v2,404,,,,,0,,,1,historical_execution_group_member;trace_callee,,19917291,,2026-08-24T11:51:38.365234+00:00
1:0xa490f01a0e2a11dba510c4f58531c79c35ea86d5,mainnet,1,0xa490f01a0e2a11dba510c4f58531c79c35ea86d5,not_in_sourcify,sourcify-v2,404,,,,,0,,,1,historical_execution_group_member;trace_callee;trace_caller,,17743470,,2026-08-24T11:51:37.875620+00:00
1:0xa4b284e1fc0675b7806ac3c8a5598bb39fb76726,mainnet,1,0xa4b284e1fc0675b7806ac3c8a5598bb39fb76726,not_in_sourcify,sourcify-v2,404,,,,,0,,,1,historical_execution_group_member;trace_callee,,17743470,,2026-08-24T11:51:39.029875+00:00
1:0xa50ba011c48153de246e5192c8f9258a2ba79ca9,mainnet,1,0xa50ba011c48153de246e5192c8f9258a2ba79ca9,source_found,sourcify-v2,200,contracts/AaveOracle-mainnet-0xa50ba011c48153de246e5192c8f9258a2ba79ca9,AaveOracle,0.6.12+commit.27d51765,Solidity,1,match,False,2,historical_execution_group_member;trace_callee;trace_caller,,15746200;15746342;17823543,,2026-08-24T11:51:38.907604+00:00
1:0xa558ea1a875f8b576f0728d32c39f62158e49b92,mainnet,1,0xa558ea1a875f8b576f0728d32c39f62158e49b92,source_found,sourcify-v2,200,contracts/StableDebtToken-mainnet-0xa558ea1a875f8b576f0728d32c39f62158e49b92,StableDebtToken,0.6.12+commit.27d51765,Solidity,17,exact_match,False,2,historical_execution_group_member;trace_callee,,15746200;15746342;17823543,,2026-08-24T11:51:40.447569+00:00
1:0xa69babef1ca67a37ffaf7a485dfff3382056e78c,mainnet,1,0xa69babef1ca67a37ffaf7a485dfff3382056e78c,not_in_sourcify,sourcify-v2,404,,,,,0,,,1,historical_execution_group_member;trace_callee;trace_caller;transaction_target,,15746200;15746342,,2026-08-24T11:51:39.215186+00:00
1:0xa6cc3c2531fdaa6ae1a3ca84c2855806728693e8,mainnet,1,0xa6cc3c2531fdaa6ae1a3ca84c2855806728693e8,source_found,sourcify-v2,200,contracts/UniswapV3Pool-mainnet-0xa6cc3c2531fdaa6ae1a3ca84c2855806728693e8,UniswapV3Pool,0.7.6+commit.7338295f,Solidity,96,match,False,1,historical_execution_group_member;trace_callee;trace_caller,,20240539,,2026-08-24T11:51:41.840332+00:00
1:0xa700b4eb416be35b2911fd5dee80678ff64ff6c9,mainnet,1,0xa700b4eb416be35b2911fd5dee80678ff64ff6c9,source_found,sourcify-v2,200,contracts/InitializableImmutableAdminUpgradeabilityProxy-mainnet-0xa700b4eb416be35b2911fd5dee80678ff64ff6c9,InitializableImmutableAdminUpgradeabilityProxy,0.8.10+commit.fc410830,Solidity,6,exact_match,True,1,historical_execution_group_member;trace_callee;trace_caller,,20240539,,2026-08-24T11:51:41.164580+00:00
1:0xa920de414ea4ab66b97da1bfe9e6eca7d4219635,mainnet,1,0xa920de414ea4ab66b97da1bfe9e6eca7d4219635,source_found,sourcify-v2,200,contracts/crvUSDController-mainnet-0xa920de414ea4ab66b97da1bfe9e6eca7d4219635,crvUSDController,0.3.7+commit.6020b8bb,Vyper,1,match,False,1,historical_execution_group_member;trace_callee;trace_caller,,17743470,,2026-08-24T11:52:52.431385+00:00
1:0xa92785bebbb148ae23ca177538981deae91c7d09,mainnet,1,0xa92785bebbb148ae23ca177538981deae91c7d09,not_in_sourcify,sourcify-v2,404,,,,,0,,,1,historical_execution_group_member;trace_callee,,24273362,,2026-08-24T11:52:52.093552+00:00
1:0xa964273552c1dba201f5f000215f5bd5576e8f93,mainnet,1,0xa964273552c1dba201f5f000215f5bd5576e8f93,source_found,sourcify-v2,200,contracts/AccessControlledOffchainAggregator-mainnet-0xa964273552c1dba201f5f000215f5bd5576e8f93,AccessControlledOffchainAggregator,0.7.6+commit.7338295f,Solidity,12,match,False,3,historical_execution_group_member;trace_callee,,17743470;17823543;20240539,,2026-08-24T11:52:54.603099+00:00
1:0xa9deac9f00dc4310c35603fcd9d34d1a750f81db,mainnet,1,0xa9deac9f00dc4310c35603fcd9d34d1a750f81db,source_found,sourcify-v2,200,contracts/InitializableImmutableAdminUpgradeabilityProxy-mainnet-0xa9deac9f00dc4310c35603fcd9d34d1a750f81db,InitializableImmutableAdminUpgradeabilityProxy,0.6.12+commit.27d51765,Solidity,6,exact_match,True,1,historical_execution_group_member;trace_callee;trace_caller,,15746200;15746342,,2026-08-24T11:52:54.469514+00:00
1:0xaa346781ddd7009caa644a4980f044c50cd2ae22,mainnet,1,0xaa346781ddd7009caa644a4980f044c50cd2ae22,source_found,sourcify-v2,200,contracts/PegKeeper-mainnet-0xaa346781ddd7009caa644a4980f044c50cd2ae22,PegKeeper,0.3.7+commit.6020b8bb,Vyper,1,match,False,1,historical_execution_group_member;trace_callee,,17743470,,2026-08-24T11:52:54.774917+00:00
1:0xaa448eff88b1e752d50b87220b543d79eac15a0e,mainnet,1,0xaa448eff88b1e752d50b87220b543d79eac15a0e,source_found,sourcify-v2,200,contracts/KyberFprReserveV2-mainnet-0xaa448eff88b1e752d50b87220b543d79eac15a0e,KyberFprReserveV2,0.6.6+commit.6c089d02,Solidity,1,match,False,1,historical_execution_group_member;trace_callee;trace_caller,,19917291,,2026-08-24T11:52:56.190832+00:00
1:0xac183f7cd62d5b04fa40362eb67249a80339541a,mainnet,1,0xac183f7cd62d5b04fa40362eb67249a80339541a,source_found,sourcify-v2,200,contracts/VirtualBalanceRewardPool-mainnet-0xac183f7cd62d5b04fa40362eb67249a80339541a,VirtualBalanceRewardPool,0.6.12+commit.27d51765,Solidity,1,match,False,1,historical_execution_group_member;trace_callee;trace_caller,,17743470,,2026-08-24T11:51:58.110804+00:00
1:0xac725cb59d16c81061bdea61041a8a5e73da9ec6,mainnet,1,0xac725cb59d16c81061bdea61041a8a5e73da9ec6,source_found,sourcify-v2,200,contracts/VariableDebtToken-mainnet-0xac725cb59d16c81061bdea61041a8a5e73da9ec6,VariableDebtToken,0.8.10+commit.fc410830,Solidity,22,exact_match,False,2,historical_execution_group_member;trace_callee,,17823543;20240539,,2026-08-24T11:52:00.198084+00:00
1:0xadc45df3cf1584624c97338bef33363bf5b97ada,mainnet,1,0xadc45df3cf1584624c97338bef33363bf5b97ada,source_found,sourcify-v2,200,contracts/ATokenInstance-mainnet-0xadc45df3cf1584624c97338bef33363bf5b97ada,ATokenInstance,0.8.27+commit.40a35a09,Solidity,25,match,False,1,historical_execution_group_member;trace_callee,,24273362,,2026-08-24T11:52:00.957800+00:00
1:0xadc542aa7ebdcf986c651a517b9a848bd73735bd,mainnet,1,0xadc542aa7ebdcf986c651a517b9a848bd73735bd,source_found,sourcify-v2,200,contracts/ConversionRates-mainnet-0xadc542aa7ebdcf986c651a517b9a848bd73735bd,ConversionRates,0.4.18+commit.9cf6e910,Solidity,1,match,False,1,historical_execution_group_member;trace_callee,,19917291,,2026-08-24T11:51:57.542517+00:00
1:0xae7ab96520de3a18e5e111b5eaab095312d7fe84,mainnet,1,0xae7ab96520de3a18e5e111b5eaab095312d7fe84,source_found,sourcify-v2,200,contracts/AppProxyUpgradeable-mainnet-0xae7ab96520de3a18e5e111b5eaab095312d7fe84,AppProxyUpgradeable,0.4.24+commit.e67f0147,Solidity,1,match,False,2,historical_execution_group_member;trace_callee;trace_caller,,15746200;15746342;17823543,,2026-08-24T11:51:57.698789+00:00
1:0xaeb897e1dc6bbdced3b9d551c71a8cf172f27ac4,mainnet,1,0xaeb897e1dc6bbdced3b9d551c71a8cf172f27ac4,source_found,sourcify-v2,200,contracts/PriceCapAdapterStable-mainnet-0xaeb897e1dc6bbdced3b9d551c71a8cf172f27ac4,PriceCapAdapterStable,0.8.21+commit.d9974bed,Solidity,25,exact_match,False,1,historical_execution_group_member;trace_callee;trace_caller,,20240539,,2026-08-24T11:51:59.000521+00:00
1:0xaed0c38402a5d19df6e4c03f4e2dced6e29c1ee9,mainnet,1,0xaed0c38402a5d19df6e4c03f4e2dced6e29c1ee9,source_found,sourcify-v2,200,contracts/EACAggregatorProxy-mainnet-0xaed0c38402a5d19df6e4c03f4e2dced6e29c1ee9,EACAggregatorProxy,0.6.6+commit.6c089d02,Solidity,1,match,False,2,historical_execution_group_member;trace_callee;trace_caller,,20240539;24273362,,2026-08-24T11:52:00.499920+00:00
1:0xb27c52c7f84819e3157993489741cb60786ae330,mainnet,1,0xb27c52c7f84819e3157993489741cb60786ae330,source_found,sourcify-v2,200,contracts/VariableDebtTokenInstance-mainnet-0xb27c52c7f84819e3157993489741cb60786ae330,VariableDebtTokenInstance,0.8.27+commit.40a35a09,Solidity,26,match,False,1,historical_execution_group_member;trace_callee,,24273362,,2026-08-24T11:52:00.792726+00:00
1:0xb4e16d0168e52d35cacd2c6185b44281ec28c9dc,mainnet,1,0xb4e16d0168e52d35cacd2c6185b44281ec28c9dc,source_found,sourcify-v2,200,contracts/UniswapV2Pair-mainnet-0xb4e16d0168e52d35cacd2c6185b44281ec28c9dc,UniswapV2Pair,0.5.16+commit.9c3226ce,Solidity,1,match,False,1,historical_execution_group_member;trace_callee,,19917291,,2026-08-24T11:51:59.716306+00:00
1:0xb53c1a33016b2dc2ff3653530bff1848a515c8c5,mainnet,1,0xb53c1a33016b2dc2ff3653530bff1848a515c8c5,source_found,sourcify-v2,200,contracts/LendingPoolAddressesProvider-mainnet-0xb53c1a33016b2dc2ff3653530bff1848a515c8c5,LendingPoolAddressesProvider,0.6.12+commit.27d51765,Solidity,10,exact_match,False,2,historical_execution_group_member;trace_callee,,15746200;15746342;17823543,,2026-08-24T11:52:01.138488+00:00
1:0xb569bd86ba2429fd2d8d288b40f17ebe1d0f478f,mainnet,1,0xb569bd86ba2429fd2d8d288b40f17ebe1d0f478f,source_found,sourcify-v2,200,contracts/LpToken-mainnet-0xb569bd86ba2429fd2d8d288b40f17ebe1d0f478f,LpToken,0.8.17+commit.8df45f5f,Solidity,1,match,False,1,historical_execution_group_member;trace_callee,,17743470,,2026-08-24T11:52:00.814459+00:00
1:0xb5de0c3753b6e1b4dba616db82767f17513e6d4e,mainnet,1,0xb5de0c3753b6e1b4dba616db82767f17513e6d4e,source_found,sourcify-v2,200,contracts/UniswapV2Pair-mainnet-0xb5de0c3753b6e1b4dba616db82767f17513e6d4e,UniswapV2Pair,0.6.12+commit.27d51765,Solidity,1,match,False,1,historical_execution_group_member;trace_callee;trace_caller,,20240539,,2026-08-24T11:52:02.386777+00:00
1:0xb8975328aa52c00b9ec1e11e518c4900f2e6c62a,mainnet,1,0xb8975328aa52c00b9ec1e11e518c4900f2e6c62a,source_found,sourcify-v2,200,contracts/DefaultReserveInterestRateStrategy-mainnet-0xb8975328aa52c00b9ec1e11e518c4900f2e6c62a,DefaultReserveInterestRateStrategy,0.6.12+commit.27d51765,Solidity,9,exact_match,False,1,historical_execution_group_member;trace_callee;trace_caller,,17823543,,2026-08-24T11:52:01.818710+00:00
1:0xb8ffc3cd6e7cf5a098a1c92f48009765b24088dc,mainnet,1,0xb8ffc3cd6e7cf5a098a1c92f48009765b24088dc,source_found,sourcify-v2,200,contracts/KernelProxy-mainnet-0xb8ffc3cd6e7cf5a098a1c92f48009765b24088dc,KernelProxy,0.4.24+commit.e67f0147,Solidity,12,match,False,2,historical_execution_group_member;trace_callee;trace_caller,,15746200;15746342;17823543,,2026-08-24T11:52:01.743008+00:00
1:0xba12222222228d8ba445958a75a0704d566bf2c8,mainnet,1,0xba12222222228d8ba445958a75a0704d566bf2c8,source_found,sourcify-v2,200,contracts/Vault-mainnet-0xba12222222228d8ba445958a75a0704d566bf2c8,Vault,0.7.1+commit.f4a555be,Solidity,45,exact_match,False,5,historical_execution_group_member;trace_callee;trace_caller,,15746200;15746342;17743470;17823543;19917291;20240539,,2026-08-24T11:52:03.894873+00:00
1:0xba5fdc497fd4735bbc867af1083a2907bb61eed1,mainnet,1,0xba5fdc497fd4735bbc867af1083a2907bb61eed1,not_in_sourcify,sourcify-v2,404,,,,,0,,,1,historical_execution_group_member;trace_callee;trace_caller,,17743470,,2026-08-24T11:52:02.182662+00:00
1:0xbae535520abd9f8c85e58929e0006a2c8b372f74,mainnet,1,0xbae535520abd9f8c85e58929e0006a2c8b372f74,source_found,sourcify-v2,200,contracts/InitializableImmutableAdminUpgradeabilityProxy-mainnet-0xbae535520abd9f8c85e58929e0006a2c8b372f74,InitializableImmutableAdminUpgradeabilityProxy,0.8.10+commit.fc410830,Solidity,6,exact_match,True,1,historical_execution_group_member;trace_callee;trace_caller,,20240539,,2026-08-24T11:52:03.901458+00:00
1:0xbae7ec1baaae7d5801ad41691a2175aa11bcba19,mainnet,1,0xbae7ec1baaae7d5801ad41691a2175aa11bcba19,source_found,sourcify-v2,200,contracts/ERC20Token-mainnet-0xbae7ec1baaae7d5801ad41691a2175aa11bcba19,ERC20Token,0.5.10+commit.5a6ea5b1,Solidity,1,match,False,1,historical_execution_group_member;trace_callee;trace_caller,,15746200;15746342,,2026-08-24T11:52:04.384731+00:00
1:0xbafe01ff935c7305907c33bf824352ee5979b526,mainnet,1,0xbafe01ff935c7305907c33bf824352ee5979b526,source_found,sourcify-v2,200,contracts/Comptroller-mainnet-0xbafe01ff935c7305907c33bf824352ee5979b526,Comptroller,0.5.16+commit.9c3226ce,Solidity,15,exact_match,False,1,historical_execution_group_member;trace_callee,,17823543,,2026-08-24T11:52:06.050381+00:00
1:0xbb2b8038a1640196fbe3e38816f3e67cba72d940,mainnet,1,0xbb2b8038a1640196fbe3e38816f3e67cba72d940,source_found,sourcify-v2,200,contracts/UniswapV2Pair-mainnet-0xbb2b8038a1640196fbe3e38816f3e67cba72d940,UniswapV2Pair,0.5.16+commit.9c3226ce,Solidity,1,match,False,1,historical_execution_group_member;trace_callee;trace_caller,,19917291,,2026-08-24T11:52:05.182679+00:00
1:0xbb3fda661149f6e45d829d5dd54a1608577c5fa1,mainnet,1,0xbb3fda661149f6e45d829d5dd54a1608577c5fa1,source_found,sourcify-v2,200,contracts/AggMonetaryPolicy-monetarypolicybasedonaggregatedpricesforcrvUSD-mainnet-0xbb3fda661149f6e45d829d5dd54a1608577c5fa1,AggMonetaryPolicy-monetarypolicybasedonaggregatedpricesforcrvUSD,0.3.7+commit.6020b8bb,Vyper,1,match,False,1,historical_execution_group_member;trace_callee;trace_caller,,17743470,,2026-08-24T11:52:04.086803+00:00
1:0xbbb15f30b42af81b096a002745d7291823cad508,mainnet,1,0xbbb15f30b42af81b096a002745d7291823cad508,source_found,sourcify-v2,200,contracts/HubCoreRegistry-mainnet-0xbbb15f30b42af81b096a002745d7291823cad508,HubCoreRegistry,0.8.28+commit.7893614a,Solidity,15,exact_match,False,1,historical_execution_group_member;trace_callee,,24273362,,2026-08-24T11:52:06.254906+00:00
1:0xbbbbbbbbbb9cc5e90e3b3af64bdaf62c37eeffcb,mainnet,1,0xbbbbbbbbbb9cc5e90e3b3af64bdaf62c37eeffcb,source_found,sourcify-v2,200,contracts/Morpho-mainnet-0xbbbbbbbbbb9cc5e90e3b3af64bdaf62c37eeffcb,Morpho,0.8.19+commit.7dd6d404,Solidity,14,exact_match,False,2,historical_execution_group_member;trace_callee;trace_caller,,22146340;24273362,,2026-08-24T11:52:05.975019+00:00
1:0xbcfa0ca8568e6f2881cb7fcab2a4911cb04df4c9,mainnet,1,0xbcfa0ca8568e6f2881cb7fcab2a4911cb04df4c9,source_found,sourcify-v2,200,contracts/DepositToken-mainnet-0xbcfa0ca8568e6f2881cb7fcab2a4911cb04df4c9,DepositToken,0.6.12+commit.27d51765,Solidity,8,match,False,1,historical_execution_group_member;trace_callee,,17743470,,2026-08-24T11:52:06.498994+00:00
1:0xbd233d4ffdaa9b7d1d3e6b18cccb8d091142893a,mainnet,1,0xbd233d4ffdaa9b7d1d3e6b18cccb8d091142893a,source_found,sourcify-v2,200,contracts/AStETH-mainnet-0xbd233d4ffdaa9b7d1d3e6b18cccb8d091142893a,AStETH,0.6.12+commit.27d51765,Solidity,17,match,False,1,historical_execution_group_member;trace_callee,,15746200;15746342,,2026-08-24T11:52:06.617596+00:00
1:0xbebc44782c7db0a1a60cb6fe97d0b483032ff1c7,mainnet,1,0xbebc44782c7db0a1a60cb6fe97d0b483032ff1c7,source_found,sourcify-v2,200,contracts/Vyper_contract-mainnet-0xbebc44782c7db0a1a60cb6fe97d0b483032ff1c7,Vyper_contract,0.2.4+commit.7949850,Vyper,1,match,False,2,historical_execution_group_member;trace_callee;trace_caller,,17823543;24273362,,2026-08-24T11:52:06.770457+00:00
1:0xbeef01735c132ada46aa9aa4c54623caa92a64cb,mainnet,1,0xbeef01735c132ada46aa9aa4c54623caa92a64cb,source_found,sourcify-v2,200,contracts/MetaMorpho-mainnet-0xbeef01735c132ada46aa9aa4c54623caa92a64cb,MetaMorpho,0.8.21+commit.d9974bed,Solidity,41,exact_match,False,1,historical_execution_group_member;trace_callee;trace_caller,,24273362,,2026-08-24T11:52:11.405023+00:00
1:0xc00e94cb662c3520282e6f5717214004a7f26888,mainnet,1,0xc00e94cb662c3520282e6f5717214004a7f26888,source_found,sourcify-v2,200,contracts/Comp-mainnet-0xc00e94cb662c3520282e6f5717214004a7f26888,Comp,0.5.16+commit.9c3226ce,Solidity,1,match,False,1,historical_execution_group_member;trace_callee,,20240539,,2026-08-24T11:52:08.161786+00:00
1:0xc02aaa39b223fe8d0a0e5c4f27ead9083c756cc2,mainnet,1,0xc02aaa39b223fe8d0a0e5c4f27ead9083c756cc2,source_found,sourcify-v2,200,contracts/WETH9-mainnet-0xc02aaa39b223fe8d0a0e5c4f27ead9083c756cc2,WETH9,0.4.19+commit.c4cbbb05,Solidity,1,match,False,8,historical_execution_group_member;trace_callee;trace_caller,,15746200;15746342;16440979;17743470;17823543;19917291;20240539;22146340;24273362,,2026-08-24T11:52:08.528745+00:00
1:0xc26d4a1c46d884cff6de9800b6ae7a8cf48b4ff8,mainnet,1,0xc26d4a1c46d884cff6de9800b6ae7a8cf48b4ff8,source_found,sourcify-v2,200,contracts/PriceCapAdapterStable-mainnet-0xc26d4a1c46d884cff6de9800b6ae7a8cf48b4ff8,PriceCapAdapterStable,0.8.21+commit.d9974bed,Solidity,25,exact_match,False,1,historical_execution_group_member;trace_callee;trace_caller,,20240539,,2026-08-24T11:52:08.525112+00:00
1:0xc2aacf6553d20d1e9d78e365aaba8032af9c85b0,mainnet,1,0xc2aacf6553d20d1e9d78e365aaba8032af9c85b0,source_found,sourcify-v2,200,contracts/ACLManager-mainnet-0xc2aacf6553d20d1e9d78e365aaba8032af9c85b0,ACLManager,0.8.10+commit.fc410830,Solidity,10,exact_match,False,1,historical_execution_group_member;trace_callee,,20240539,,2026-08-24T11:52:09.869529+00:00
1:0xc388b72ab90be82b230d919f9c05c87f9397f485,mainnet,1,0xc388b72ab90be82b230d919f9c05c87f9397f485,not_in_sourcify,sourcify-v2,404,,,,,0,,,1,historical_execution_group_member;trace_callee;trace_caller,,24273362,,2026-08-24T11:52:09.163072+00:00
1:0xc6845a5c768bf8d7681249f8927877efda425baf,mainnet,1,0xc6845a5c768bf8d7681249f8927877efda425baf,source_found,sourcify-v2,200,contracts/LendingPool-mainnet-0xc6845a5c768bf8d7681249f8927877efda425baf,LendingPool,0.6.12+commit.27d51765,Solidity,79,match,False,2,historical_execution_group_member;trace_callee,,15746200;15746342;17823543,,2026-08-24T11:52:11.568295+00:00
1:0xc82df96432346cfb632473eb619db3b8ac280234,mainnet,1,0xc82df96432346cfb632473eb619db3b8ac280234,source_found,sourcify-v2,200,contracts/DefaultReserveInterestRateStrategy-mainnet-0xc82df96432346cfb632473eb619db3b8ac280234,DefaultReserveInterestRateStrategy,0.8.17+commit.8df45f5f,Solidity,9,match,False,1,historical_execution_group_member;trace_callee;trace_caller,,17823543,,2026-08-24T11:52:10.488349+00:00
1:0xc8fb12402cb16970f3c5f4b48ff68eb9d1289301,mainnet,1,0xc8fb12402cb16970f3c5f4b48ff68eb9d1289301,source_found,sourcify-v2,200,contracts/KyberStorage-mainnet-0xc8fb12402cb16970f3c5f4b48ff68eb9d1289301,KyberStorage,0.6.6+commit.6c089d02,Solidity,1,match,False,1,historical_execution_group_member;trace_callee,,19917291,,2026-08-24T11:52:11.479237+00:00
1:0xc9332fdcb1c491dcc683bae86fe3cb70360738bc,mainnet,1,0xc9332fdcb1c491dcc683bae86fe3cb70360738bc,source_found,sourcify-v2,200,contracts/crvUSDControllerFactory-mainnet-0xc9332fdcb1c491dcc683bae86fe3cb70360738bc,crvUSDControllerFactory,0.3.7+commit.6020b8bb,Vyper,1,match,False,1,historical_execution_group_member;trace_callee;trace_caller,,17743470,,2026-08-24T11:52:10.502418+00:00
1:0xc96113eed8cab59cd8a66813bcb0ceb29f06d2e4,mainnet,1,0xc96113eed8cab59cd8a66813bcb0ceb29f06d2e4,source_found,sourcify-v2,200,contracts/InitializableImmutableAdminUpgradeabilityProxy-mainnet-0xc96113eed8cab59cd8a66813bcb0ceb29f06d2e4,InitializableImmutableAdminUpgradeabilityProxy,0.8.10+commit.fc410830,Solidity,6,exact_match,True,1,historical_execution_group_member;trace_callee;trace_caller,,17823543,,2026-08-24T11:52:11.882867+00:00
1:0xc9e1a09622afdb659913fefe800feae5dbbfe9d7,mainnet,1,0xc9e1a09622afdb659913fefe800feae5dbbfe9d7,source_found,sourcify-v2,200,contracts/AccessControlledOCR2Aggregator-mainnet-0xc9e1a09622afdb659913fefe800feae5dbbfe9d7,AccessControlledOCR2Aggregator,0.8.19+commit.7dd6d404,Solidity,18,exact_match,False,1,historical_execution_group_member;trace_callee,,24273362,,2026-08-24T11:52:12.410814+00:00
1:0xca719585f2e07bde82c4a05d6e7c0e446c2d6601,mainnet,1,0xca719585f2e07bde82c4a05d6e7c0e446c2d6601,source_found,sourcify-v2,200,contracts/DefaultReserveInterestRateStrategy-mainnet-0xca719585f2e07bde82c4a05d6e7c0e446c2d6601,DefaultReserveInterestRateStrategy,0.8.17+commit.8df45f5f,Solidity,9,match,False,1,historical_execution_group_member;trace_callee;trace_caller,,20240539,,2026-08-24T11:52:12.842118+00:00
1:0xca978a0528116dda3cba9acd3e68bc6191ca53d0,mainnet,1,0xca978a0528116dda3cba9acd3e68bc6191ca53d0,not_in_sourcify,sourcify-v2,404,,,,,0,,,1,historical_execution_group_member;trace_callee;trace_caller,,17743470,,2026-08-24T11:52:12.500360+00:00
1:0xcbcdf9626bc03e24f779434178a73a0b4bad62ed,mainnet,1,0xcbcdf9626bc03e24f779434178a73a0b4bad62ed,source_found,sourcify-v2,200,contracts/UniswapV3Pool-mainnet-0xcbcdf9626bc03e24f779434178a73a0b4bad62ed,UniswapV3Pool,0.7.6+commit.7338295f,Solidity,96,match,False,1,historical_execution_group_member;trace_callee,,19917291,,2026-08-24T11:52:15.185152+00:00
1:0xcbff3004a20dbfe2731543aa38599a526e0fd6ee,mainnet,1,0xcbff3004a20dbfe2731543aa38599a526e0fd6ee,source_found,sourcify-v2,200,contracts/CurveTricryptoMathOptimized-mainnet-0xcbff3004a20dbfe2731543aa38599a526e0fd6ee,CurveTricryptoMathOptimized,0.3.9+commit.66b96705,Vyper,1,match,False,1,historical_execution_group_member;trace_callee,,17743470,,2026-08-24T11:52:13.383605+00:00
1:0xce88686553686da562ce7cea497ce749da109f9f,mainnet,1,0xce88686553686da562ce7cea497ce749da109f9f,source_found,sourcify-v2,200,contracts/ProtocolFeesCollector-mainnet-0xce88686553686da562ce7cea497ce749da109f9f,ProtocolFeesCollector,0.7.1+commit.f4a555be,Solidity,15,match,False,5,historical_execution_group_member;trace_callee,,15746200;15746342;17743470;17823543;19917291;20240539,,2026-08-24T11:52:13.926414+00:00
1:0xce9874c42dce7fffbe5e48b026ff1182733266cb,mainnet,1,0xce9874c42dce7fffbe5e48b026ff1182733266cb,source_found,sourcify-v2,200,contracts/DMMPool-mainnet-0xce9874c42dce7fffbe5e48b026ff1182733266cb,DMMPool,0.6.12+commit.27d51765,Solidity,1,match,False,1,historical_execution_group_member;trace_callee,,19917291,,2026-08-24T11:52:14.471392+00:00
1:0xceff51756c56ceffca006cd410b03ffc46dd3a58,mainnet,1,0xceff51756c56ceffca006cd410b03ffc46dd3a58,source_found,sourcify-v2,200,contracts/UniswapV2Pair-mainnet-0xceff51756c56ceffca006cd410b03ffc46dd3a58,UniswapV2Pair,0.6.12+commit.27d51765,Solidity,1,match,False,1,historical_execution_group_member;trace_callee,,19917291,,2026-08-24T11:52:14.421574+00:00
1:0xcf8d0c70c850859266f5c338b38f9d663181c314,mainnet,1,0xcf8d0c70c850859266f5c338b38f9d663181c314,source_found,sourcify-v2,200,contracts/InitializableImmutableAdminUpgradeabilityProxy-mainnet-0xcf8d0c70c850859266f5c338b38f9d663181c314,InitializableImmutableAdminUpgradeabilityProxy,0.8.10+commit.fc410830,Solidity,6,exact_match,True,1,historical_execution_group_member;trace_callee;trace_caller,,20240539,,2026-08-24T11:52:14.568968+00:00
1:0xd01ae36a911912a106445cc350be327344fbfefa,mainnet,1,0xd01ae36a911912a106445cc350be327344fbfefa,not_in_sourcify,sourcify-v2,404,,,,,0,,,1,historical_execution_group_member;trace_callee;trace_caller,,19917291,,2026-08-24T11:52:14.856816+00:00
1:0xd0921691c7debc698e6e372c6f74dc01fc9d3778,mainnet,1,0xd0921691c7debc698e6e372c6f74dc01fc9d3778,source_found,sourcify-v2,200,contracts/Vyper_contract-mainnet-0xd0921691c7debc698e6e372c6f74dc01fc9d3778,Vyper_contract,0.3.3+commit.48e326f0,Vyper,1,match,False,1,historical_execution_group_member;trace_callee;trace_caller,,17743470,,2026-08-24T11:52:15.030821+00:00
1:0xd1a1c248b253f1fc60eacd90777b9a63f8c8c1bc,mainnet,1,0xd1a1c248b253f1fc60eacd90777b9a63f8c8c1bc,not_in_sourcify,sourcify-v2,404,,,,,0,,,1,historical_execution_group_member;trace_callee;trace_caller,,24273362,,2026-08-24T11:52:15.082664+00:00
1:0xd1ddb0a0815fd28932fbb194c84003683af8a824,mainnet,1,0xd1ddb0a0815fd28932fbb194c84003683af8a824,source_found,sourcify-v2,200,contracts/BaseRewardPool-mainnet-0xd1ddb0a0815fd28932fbb194c84003683af8a824,BaseRewardPool,0.6.12+commit.27d51765,Solidity,1,match,False,1,historical_execution_group_member;trace_callee;trace_caller,,17743470,,2026-08-24T11:52:16.879770+00:00
1:0xd343d5dba2fba55eef58189619c05e33cab95ca1,mainnet,1,0xd343d5dba2fba55eef58189619c05e33cab95ca1,source_found,sourcify-v2,200,contracts/DMMPool-mainnet-0xd343d5dba2fba55eef58189619c05e33cab95ca1,DMMPool,0.6.12+commit.27d51765,Solidity,1,match,False,1,historical_execution_group_member;trace_callee,,19917291,,2026-08-24T11:52:17.697199+00:00
1:0xd490178b568b07c6ddbdfbbfaf9043772209ec01,mainnet,1,0xd490178b568b07c6ddbdfbbfaf9043772209ec01,source_found,sourcify-v2,200,contracts/VirtualBalanceRewardPool-mainnet-0xd490178b568b07c6ddbdfbbfaf9043772209ec01,VirtualBalanceRewardPool,0.6.12+commit.27d51765,Solidity,1,match,False,1,historical_execution_group_member;trace_callee;trace_caller,,17743470,,2026-08-24T11:52:17.346218+00:00
1:0xd533a949740bb3306d119cc777fa900ba034cd52,mainnet,1,0xd533a949740bb3306d119cc777fa900ba034cd52,source_found,sourcify-v2,200,contracts/Vyper_contract-mainnet-0xd533a949740bb3306d119cc777fa900ba034cd52,Vyper_contract,0.2.4+commit.7949850,Vyper,1,match,False,2,historical_execution_group_member;trace_callee,,17743470;20240539,,2026-08-24T11:52:17.734102+00:00
1:0xd7623f1d24b35c392862fb67c9716564a117c9de,mainnet,1,0xd7623f1d24b35c392862fb67c9716564a117c9de,source_found,sourcify-v2,200,contracts/AccessControlledOffchainAggregator-mainnet-0xd7623f1d24b35c392862fb67c9716564a117c9de,AccessControlledOffchainAggregator,0.7.6+commit.7338295f,Solidity,17,exact_match,False,1,historical_execution_group_member;trace_callee,,20240539,,2026-08-24T11:52:19.530119+00:00
1:0xd775ae26f89bcd89e66485324d8830c0ef1e8b6c,mainnet,1,0xd775ae26f89bcd89e66485324d8830c0ef1e8b6c,source_found,sourcify-v2,200,contracts/CurveHandlerV3-mainnet-0xd775ae26f89bcd89e66485324d8830c0ef1e8b6c,CurveHandlerV3,0.8.17+commit.8df45f5f,Solidity,24,match,False,1,historical_execution_group_member;trace_callee,,17743470,,2026-08-24T11:52:17.899498+00:00
1:0xd784927ff2f95ba542bfc824c8a8a98f3495f6b5,mainnet,1,0xd784927ff2f95ba542bfc824c8a8a98f3495f6b5,source_found,sourcify-v2,200,contracts/InitializableImmutableAdminUpgradeabilityProxy-mainnet-0xd784927ff2f95ba542bfc824c8a8a98f3495f6b5,InitializableImmutableAdminUpgradeabilityProxy,0.6.12+commit.27d51765,Solidity,1,match,True,2,historical_execution_group_member;trace_callee;trace_caller,,15746200;15746342;17823543,,2026-08-24T11:52:17.985355+00:00
1:0xd9e1ce17f2641f24ae83637ab66a2cca9c378b9f,mainnet,1,0xd9e1ce17f2641f24ae83637ab66a2cca9c378b9f,source_found,sourcify-v2,200,contracts/UniswapV2Router02-mainnet-0xd9e1ce17f2641f24ae83637ab66a2cca9c378b9f,UniswapV2Router02,0.6.12+commit.27d51765,Solidity,1,match,False,1,historical_execution_group_member;trace_callee;trace_caller,,19917291,,2026-08-24T11:52:19.866573+00:00
1:0xd9ed413bcf58c266f95fe6ba63b13cf79299ce31,mainnet,1,0xd9ed413bcf58c266f95fe6ba63b13cf79299ce31,source_found,sourcify-v2,200,contracts/StakedTokenIncentivesController-mainnet-0xd9ed413bcf58c266f95fe6ba63b13cf79299ce31,StakedTokenIncentivesController,0.7.5+commit.eb77ed08,Solidity,14,exact_match,False,2,historical_execution_group_member;trace_callee,,15746200;15746342;17823543,,2026-08-24T11:52:19.889709+00:00
1:0xdac17f958d2ee523a2206206994597c13d831ec7,mainnet,1,0xdac17f958d2ee523a2206206994597c13d831ec7,source_found,sourcify-v2,200,contracts/TetherToken-mainnet-0xdac17f958d2ee523a2206206994597c13d831ec7,TetherToken,0.4.18+commit.9cf6e910,Solidity,1,match,False,5,historical_execution_group_member;trace_callee,,17743470;17823543;19917291;20240539;24273362,,2026-08-24T11:52:20.379203+00:00
1:0xdbe1941bfbe4410d6865b9b7078e0b49af144d2d,mainnet,1,0xdbe1941bfbe4410d6865b9b7078e0b49af144d2d,source_found,sourcify-v2,200,contracts/AccessControlledOffchainAggregator-mainnet-0xdbe1941bfbe4410d6865b9b7078e0b49af144d2d,AccessControlledOffchainAggregator,0.7.6+commit.7338295f,Solidity,13,exact_match,False,1,historical_execution_group_member;trace_callee,,20240539,,2026-08-24T11:52:20.899795+00:00
1:0xdc24316b9ae028f1497c275eb9192a3ea0f67022,mainnet,1,0xdc24316b9ae028f1497c275eb9192a3ea0f67022,source_found,sourcify-v2,200,contracts/Vyper_contract-mainnet-0xdc24316b9ae028f1497c275eb9192a3ea0f67022,Vyper_contract,0.2.8+commit.069936f,Vyper,1,match,False,1,historical_execution_group_member;trace_callee;trace_caller,,15746200;15746342,,2026-08-24T11:52:20.865529+00:00
1:0xddde1fa049209bc24b69d5fa316a56efec918d79,mainnet,1,0xddde1fa049209bc24b69d5fa316a56efec918d79,source_found,sourcify-v2,200,contracts/VariableDebtToken-mainnet-0xddde1fa049209bc24b69d5fa316a56efec918d79,VariableDebtToken,0.6.12+commit.27d51765,Solidity,18,exact_match,False,2,historical_execution_group_member;trace_callee,,15746200;15746342;17823543,,2026-08-24T11:52:21.229747+00:00
1:0xde2c414b671d2db93617d1592f0490c13674de24,mainnet,1,0xde2c414b671d2db93617d1592f0490c13674de24,source_found,sourcify-v2,200,contracts/VariableDebtStETH-mainnet-0xde2c414b671d2db93617d1592f0490c13674de24,VariableDebtStETH,0.6.12+commit.27d51765,Solidity,18,match,False,1,historical_execution_group_member;trace_callee,,15746200;15746342,,2026-08-24T11:52:21.318265+00:00
1:0xde9b7b6f89b0ffc8693045069989026403d0d02a,mainnet,1,0xde9b7b6f89b0ffc8693045069989026403d0d02a,not_in_sourcify,sourcify-v2,404,,,,,0,,,1,historical_execution_group_member;trace_callee;trace_caller,,15746200;15746342,,2026-08-24T11:52:21.254129+00:00
1:0xe0438eb3703bf871e31ce639bd351109c88666ea,mainnet,1,0xe0438eb3703bf871e31ce639bd351109c88666ea,source_found,sourcify-v2,200,contracts/LLAMMA-crvUSDAMM-mainnet-0xe0438eb3703bf871e31ce639bd351109c88666ea,LLAMMA-crvUSDAMM,0.3.7+commit.6020b8bb,Vyper,1,match,False,1,historical_execution_group_member;trace_callee,,17743470,,2026-08-24T11:52:22.390144+00:00
1:0xe10572ea8e9ed9cc7f9a528da3856a5caa26c7bf,mainnet,1,0xe10572ea8e9ed9cc7f9a528da3856a5caa26c7bf,source_found,sourcify-v2,200,contracts/Machine-mainnet-0xe10572ea8e9ed9cc7f9a528da3856a5caa26c7bf,Machine,0.8.28+commit.7893614a,Solidity,63,match,False,1,historical_execution_group_member;trace_callee,,24273362,,2026-08-24T11:52:26.675288+00:00
1:0xe39fd820b58f83205db1d9225f28105971c3d309,mainnet,1,0xe39fd820b58f83205db1d9225f28105971c3d309,source_found,sourcify-v2,200,contracts/EFLeverVault-mainnet-0xe39fd820b58f83205db1d9225f28105971c3d309,EFLeverVault,0.5.10+commit.5a6ea5b1,Solidity,1,match,False,1,historical_execution_group_member;trace_callee;trace_caller,,15746200;15746342,,2026-08-24T11:52:23.875332+00:00
1:0xe592427a0aece92de3edee1f18e0157c05861564,mainnet,1,0xe592427a0aece92de3edee1f18e0157c05861564,source_found,sourcify-v2,200,contracts/SwapRouter-mainnet-0xe592427a0aece92de3edee1f18e0157c05861564,SwapRouter,0.7.6+commit.7338295f,Solidity,225,match,False,1,historical_execution_group_member;trace_callee;trace_caller,,24273362,,2026-08-24T11:52:25.390496+00:00
1:0xe62b71cf983019bff55bc83b48601ce8419650cc,mainnet,1,0xe62b71cf983019bff55bc83b48601ce8419650cc,source_found,sourcify-v2,200,contracts/AccessControlledOffchainAggregator-mainnet-0xe62b71cf983019bff55bc83b48601ce8419650cc,AccessControlledOffchainAggregator,0.7.6+commit.7338295f,Solidity,13,exact_match,False,3,historical_execution_group_member;trace_callee,,17743470;17823543;20240539,,2026-08-24T11:52:25.424844+00:00
1:0xe66adcf153d0bd67a74e5d23e23f90b4011024ec,mainnet,1,0xe66adcf153d0bd67a74e5d23e23f90b4011024ec,source_found,sourcify-v2,200,contracts/FlashLoanLogic-mainnet-0xe66adcf153d0bd67a74e5d23e23f90b4011024ec,FlashLoanLogic,0.8.27+commit.40a35a09,Solidity,39,match,False,1,historical_execution_group_member;trace_callee,,24273362,,2026-08-24T11:52:24.981267+00:00
1:0xe68c1d72340aeefe5be76eda63ae2f4bc7514110,mainnet,1,0xe68c1d72340aeefe5be76eda63ae2f4bc7514110,source_found,sourcify-v2,200,contracts/DeFiPlaza-mainnet-0xe68c1d72340aeefe5be76eda63ae2f4bc7514110,DeFiPlaza,0.8.6+commit.11564f7e,Solidity,9,exact_match,False,1,historical_execution_group_member;trace_callee;trace_caller,,20240539,,2026-08-24T11:52:24.476579+00:00
1:0xe6a934089bbee34f832060ce98848359883749b3,mainnet,1,0xe6a934089bbee34f832060ce98848359883749b3,source_found,sourcify-v2,200,contracts/PendlePrincipalToken-mainnet-0xe6a934089bbee34f832060ce98848359883749b3,PendlePrincipalToken,0.8.24+commit.e11b9ed9,Solidity,17,exact_match,False,1,historical_execution_group_member;trace_callee,,24273362,,2026-08-24T11:52:26.032108+00:00
1:0xe7b67f44ea304dd7f6d215b13686637ff64cd2b2,mainnet,1,0xe7b67f44ea304dd7f6d215b13686637ff64cd2b2,source_found,sourcify-v2,200,contracts/RewardsController-mainnet-0xe7b67f44ea304dd7f6d215b13686637ff64cd2b2,RewardsController,0.8.10+commit.fc410830,Solidity,12,exact_match,False,2,historical_execution_group_member;trace_callee,,17823543;20240539,,2026-08-24T11:52:27.876577+00:00
1:0xe7cd2b4eb1d98cd6a4a48b6071d46401ac7dc5c8,mainnet,1,0xe7cd2b4eb1d98cd6a4a48b6071d46401ac7dc5c8,source_found,sourcify-v2,200,contracts/PegKeeper-mainnet-0xe7cd2b4eb1d98cd6a4a48b6071d46401ac7dc5c8,PegKeeper,0.3.7+commit.6020b8bb,Vyper,1,match,False,1,historical_execution_group_member;trace_callee,,17743470,,2026-08-24T11:52:26.745576+00:00
1:0xe8c6c9227491c0a8156a0106a0204d881bb7e531,mainnet,1,0xe8c6c9227491c0a8156a0106a0204d881bb7e531,source_found,sourcify-v2,200,contracts/UniswapV3Pool-mainnet-0xe8c6c9227491c0a8156a0106a0204d881bb7e531,UniswapV3Pool,0.7.6+commit.7338295f,Solidity,96,match,False,1,historical_execution_group_member;trace_callee;trace_caller,,20240539,,2026-08-24T11:52:29.229039+00:00
1:0xe91d55ab2240594855abd11b3faae801fd4c4687,mainnet,1,0xe91d55ab2240594855abd11b3faae801fd4c4687,source_found,sourcify-v2,200,contracts/InitializableImmutableAdminUpgradeabilityProxy-mainnet-0xe91d55ab2240594855abd11b3faae801fd4c4687,InitializableImmutableAdminUpgradeabilityProxy,0.6.12+commit.27d51765,Solidity,6,exact_match,True,1,historical_execution_group_member;trace_callee;trace_caller,,17823543,,2026-08-24T11:52:27.527527+00:00
1:0xea4ba4ce14fdd287f380b55419b1c5b6c3f22ab6,mainnet,1,0xea4ba4ce14fdd287f380b55419b1c5b6c3f22ab6,source_found,sourcify-v2,200,contracts/UniswapV3Pool-mainnet-0xea4ba4ce14fdd287f380b55419b1c5b6c3f22ab6,UniswapV3Pool,0.7.6+commit.7338295f,Solidity,96,match,False,1,historical_execution_group_member;trace_callee;trace_caller,,20240539,,2026-08-24T11:52:29.113029+00:00
1:0xeae736e5d6560169f9285c62492f8a89fb4ab790,mainnet,1,0xeae736e5d6560169f9285c62492f8a89fb4ab790,source_found,sourcify-v2,200,contracts/GenericLogic-mainnet-0xeae736e5d6560169f9285c62492f8a89fb4ab790,GenericLogic,0.6.12+commit.27d51765,Solidity,86,exact_match,False,2,historical_execution_group_member;trace_callee,,15746200;15746342;17823543,,2026-08-24T11:52:30.145431+00:00
1:0xec368d82cb2ad9fc5efaf823b115a622b52bcd5f,mainnet,1,0xec368d82cb2ad9fc5efaf823b115a622b52bcd5f,source_found,sourcify-v2,200,contracts/DefaultReserveInterestRateStrategy-mainnet-0xec368d82cb2ad9fc5efaf823b115a622b52bcd5f,DefaultReserveInterestRateStrategy,0.6.12+commit.27d51765,Solidity,8,exact_match,False,1,historical_execution_group_member;trace_callee;trace_caller,,15746200;15746342,,2026-08-24T11:52:29.227088+00:00
1:0xee9f2375b4bdf6387aa8265dd4fb8f16512a1d46,mainnet,1,0xee9f2375b4bdf6387aa8265dd4fb8f16512a1d46,source_found,sourcify-v2,200,contracts/EACAggregatorProxy-mainnet-0xee9f2375b4bdf6387aa8265dd4fb8f16512a1d46,EACAggregatorProxy,0.6.6+commit.6c089d02,Solidity,1,match,False,1,historical_execution_group_member;trace_callee;trace_caller,,17823543,,2026-08-24T11:52:29.529117+00:00
1:0xf103d73c172ef23dd64dda6d96eee2265ea873e1,mainnet,1,0xf103d73c172ef23dd64dda6d96eee2265ea873e1,not_in_sourcify,sourcify-v2,404,,,,,0,,,1,historical_execution_group_member;trace_callee;trace_caller,,19917291,,2026-08-24T11:52:29.000134+00:00
1:0xf1cd4193bbc1ad4a23e833170f49d60f3d35a621,mainnet,1,0xf1cd4193bbc1ad4a23e833170f49d60f3d35a621,source_found,sourcify-v2,200,contracts/Pool-mainnet-0xf1cd4193bbc1ad4a23e833170f49d60f3d35a621,Pool,0.8.10+commit.fc410830,Solidity,46,exact_match,False,1,historical_execution_group_member;trace_callee,,17823543,,2026-08-24T11:52:32.779634+00:00
1:0xf22c8255ea615b3da6ca5cf5aecc8956bff07aa8,mainnet,1,0xf22c8255ea615b3da6ca5cf5aecc8956bff07aa8,source_found,sourcify-v2,200,contracts/DefaultReserveInterestRateStrategy-mainnet-0xf22c8255ea615b3da6ca5cf5aecc8956bff07aa8,DefaultReserveInterestRateStrategy,0.6.12+commit.27d51765,Solidity,8,exact_match,False,1,historical_execution_group_member;trace_callee;trace_caller,,17823543,,2026-08-24T11:52:30.520975+00:00
1:0xf3d70857b489ecc6768d0982b773e1cba9e1f00b,mainnet,1,0xf3d70857b489ecc6768d0982b773e1cba9e1f00b,source_found,sourcify-v2,200,contracts/AccessControlledOffchainAggregator-mainnet-0xf3d70857b489ecc6768d0982b773e1cba9e1f00b,AccessControlledOffchainAggregator,0.7.6+commit.7338295f,Solidity,17,exact_match,False,1,historical_execution_group_member;trace_callee,,17743470,,2026-08-24T11:52:32.181590+00:00
1:0xf3f84ce038442ae4c4dcb6a8ca8bacd7f28c9bde,mainnet,1,0xf3f84ce038442ae4c4dcb6a8ca8bacd7f28c9bde,source_found,sourcify-v2,200,contracts/SilicaPools-mainnet-0xf3f84ce038442ae4c4dcb6a8ca8bacd7f28c9bde,SilicaPools,0.8.20+commit.a1b79de6,Solidity,33,exact_match,False,1,historical_execution_group_member;trace_callee;trace_caller,,22146340,,2026-08-24T11:52:34.177720+00:00
1:0xf4030086522a5beea4988f8ca5b36dbc97bee88c,mainnet,1,0xf4030086522a5beea4988f8ca5b36dbc97bee88c,source_found,sourcify-v2,200,contracts/EACAggregatorProxy-mainnet-0xf4030086522a5beea4988f8ca5b36dbc97bee88c,EACAggregatorProxy,0.6.6+commit.6c089d02,Solidity,1,match,False,1,historical_execution_group_member;trace_callee;trace_caller,,20240539,,2026-08-24T11:52:32.467849+00:00
1:0xf403c135812408bfbe8713b5a23a04b3d48aae31,mainnet,1,0xf403c135812408bfbe8713b5a23a04b3d48aae31,source_found,sourcify-v2,200,contracts/Booster-mainnet-0xf403c135812408bfbe8713b5a23a04b3d48aae31,Booster,0.6.12+commit.27d51765,Solidity,1,match,False,1,historical_execution_group_member;trace_callee;trace_caller,,17743470,,2026-08-24T11:52:33.035240+00:00
1:0xf5543cdd5f551635e13ebe07e47d01d0fc9cbbd5,mainnet,1,0xf5543cdd5f551635e13ebe07e47d01d0fc9cbbd5,source_found,sourcify-v2,200,contracts/ValidationLogic-mainnet-0xf5543cdd5f551635e13ebe07e47d01d0fc9cbbd5,ValidationLogic,0.6.12+commit.27d51765,Solidity,79,match,False,2,historical_execution_group_member;trace_callee,,15746200;15746342;17823543,,2026-08-24T11:52:32.952438+00:00
1:0xf5f5b97624542d72a9e06f04804bf81baa15e2b4,mainnet,1,0xf5f5b97624542d72a9e06f04804bf81baa15e2b4,source_found,sourcify-v2,200,contracts/CurveTricryptoOptimizedWETH-mainnet-0xf5f5b97624542d72a9e06f04804bf81baa15e2b4,CurveTricryptoOptimizedWETH,0.3.9+commit.66b96705,Vyper,1,match,False,1,historical_execution_group_member;trace_callee;trace_caller,,17743470,,2026-08-24T11:52:33.398599+00:00
1:0xf63b34710400cad3e044cffdcab00a0f32e33ecf,mainnet,1,0xf63b34710400cad3e044cffdcab00a0f32e33ecf,source_found,sourcify-v2,200,contracts/InitializableImmutableAdminUpgradeabilityProxy-mainnet-0xf63b34710400cad3e044cffdcab00a0f32e33ecf,InitializableImmutableAdminUpgradeabilityProxy,0.6.12+commit.27d51765,Solidity,6,exact_match,True,2,historical_execution_group_member;trace_callee;trace_caller,,15746200;15746342;17823543,,2026-08-24T11:52:34.317699+00:00
1:0xf650c3d88d12db855b8bf7d11be6c55a4e07dcc9,mainnet,1,0xf650c3d88d12db855b8bf7d11be6c55a4e07dcc9,source_found,sourcify-v2,200,contracts/CErc20Delegator-mainnet-0xf650c3d88d12db855b8bf7d11be6c55a4e07dcc9,CErc20Delegator,0.5.16+commit.9c3226ce,Solidity,4,exact_match,False,1,historical_execution_group_member;trace_callee;trace_caller,,17823543,,2026-08-24T11:52:35.434651+00:00
1:0xf939e0a03fb07f59a73314e73794be0e57ac1b4e,mainnet,1,0xf939e0a03fb07f59a73314e73794be0e57ac1b4e,source_found,sourcify-v2,200,contracts/crvUSDStablecoin-mainnet-0xf939e0a03fb07f59a73314e73794be0e57ac1b4e,crvUSDStablecoin,0.3.7+commit.6020b8bb,Vyper,1,match,False,2,historical_execution_group_member;trace_callee,,17743470;24273362,,2026-08-24T11:52:34.206752+00:00
1:0xf9583618169920c544ec89795a346f487cb5a227,mainnet,1,0xf9583618169920c544ec89795a346f487cb5a227,source_found,sourcify-v2,200,contracts/LegacyJumpRateModelV2-mainnet-0xf9583618169920c544ec89795a346f487cb5a227,LegacyJumpRateModelV2,0.5.16+commit.9c3226ce,Solidity,4,exact_match,False,1,historical_execution_group_member;trace_callee,,17823543,,2026-08-24T11:52:35.435690+00:00
1:0xfb564da37b41b2f6b6edcc3e56fbf523bd9f2012,mainnet,1,0xfb564da37b41b2f6b6edcc3e56fbf523bd9f2012,source_found,sourcify-v2,200,contracts/JumpRateModelV2-mainnet-0xfb564da37b41b2f6b6edcc3e56fbf523bd9f2012,JumpRateModelV2,0.5.16+commit.9c3226ce,Solidity,3,match,False,1,historical_execution_group_member;trace_callee,,17823543,,2026-08-24T11:52:34.989149+00:00
1:0xfd162a672928bf40e5a81f0d11501d2849841fa6,mainnet,1,0xfd162a672928bf40e5a81f0d11501d2849841fa6,not_in_sourcify,sourcify-v2,404,,,,,0,,,1,historical_execution_group_member;trace_callee,,24273362,,2026-08-24T11:52:34.838013+00:00
1:0xfd5abf66b003881b88567eb9ed9c651f14dc4771,mainnet,1,0xfd5abf66b003881b88567eb9ed9c651f14dc4771,source_found,sourcify-v2,200,contracts/ConvexRewardPool-mainnet-0xfd5abf66b003881b88567eb9ed9c651f14dc4771,ConvexRewardPool,0.6.12+commit.27d51765,Solidity,1,match,False,1,historical_execution_group_member;trace_callee,,24273362,,2026-08-24T11:52:35.875736+00:00
1:0xfdfd9c85ad200c506cf9e21f1fd8dd01932fbb23,mainnet,1,0xfdfd9c85ad200c506cf9e21f1fd8dd01932fbb23,source_found,sourcify-v2,200,contracts/EACAggregatorProxy-mainnet-0xfdfd9c85ad200c506cf9e21f1fd8dd01932fbb23,EACAggregatorProxy,0.6.6+commit.6c089d02,Solidity,1,match,False,1,historical_execution_group_member;trace_callee;trace_caller,,20240539,,2026-08-24T11:52:36.911979+00:00
1:0xff04ed5f7a6c3a0f1e5ea20617f8c6f513d5a77c,mainnet,1,0xff04ed5f7a6c3a0f1e5ea20617f8c6f513d5a77c,source_found,sourcify-v2,200,contracts/DefaultReserveInterestRateStrategy-mainnet-0xff04ed5f7a6c3a0f1e5ea20617f8c6f513d5a77c,DefaultReserveInterestRateStrategy,0.6.12+commit.27d51765,Solidity,8,match,False,1,historical_execution_group_member;trace_callee;trace_caller,,15746200;15746342,,2026-08-24T11:52:37.225860+00:00
1:0xff221bf2e61b62182210b3d42de7f77da5b5b41f,mainnet,1,0xff221bf2e61b62182210b3d42de7f77da5b5b41f,source_found,sourcify-v2,200,contracts/AccessControlledOCR2Aggregator-mainnet-0xff221bf2e61b62182210b3d42de7f77da5b5b41f,AccessControlledOCR2Aggregator,0.8.19+commit.7dd6d404,Solidity,18,exact_match,False,1,historical_execution_group_member;trace_callee,,24273362,,2026-08-24T11:52:38.125107+00:00
1:0xffcbc7a7eef2796c277095c66067ac749f4ca078,mainnet,1,0xffcbc7a7eef2796c277095c66067ac749f4ca078,not_in_sourcify,sourcify-v2,404,,,,,0,,,1,historical_execution_group_member;trace_callee;trace_caller,,24273362,,2026-08-24T11:52:36.979267+00:00
