sample_id,attack_category,address,contract_name,analyzer_input_supported,event_target_label,review_status,observed_affected_selectors,observed_affected_functions,attacker_side_call_count,victim_call_count,evidence_transaction_hashes,evidence_standard,code_vulnerability_claim
cisbl7-0095d300a1f2067de5c5c903,sandwich,0x3ebec0a1b4055c8d1180fce64db2a8c068170880,UniswapV3Pool,True,observed_ordering_target,trace_confirmed,0x128acb08,"swap(address,bool,int256,uint160,bytes)",2,5,0x1810799a2658f4e08ac2509c375db8aae9f9b72b9ac63c4015385bf6152e5d61;0x1b3a49aa29b2370668c0fc89ad07425a7719e939174c97d60e22864582abd3b9;0x484c3f36706f94383e17d9c0ae11e6fe8cf3ca46f49afa9589dcbde16bdde2f4;0xd8fbf0d6b5c527a9517288339be10c4d03a9d3d37e8a4841d6358aa8153b611c;0xea418c52182b10cac8b31526fb5a9ce7318d6a3a518c5d28ad6e2d90704c7a1a;0xf0406b33b1faf4e07d42c92a937e3bcd5d1d02de61019d73e50613f07866fd30;0xfe3badebfddb7d1a3d7e0ae89dd8ccbe030e196621243ac760da9b987c1b261e,dataset trading-pair role plus the same ABI-resolved swap entry point executed by attacker-side and victim transactions,not_established
cisbl7-0095d300a1f2067de5c5c903,sandwich,0x454954e9afc59fad90ae04068691304d2f5e249f,UniswapV2Pair,True,observed_ordering_target,trace_confirmed,0x022c0d9f,"swap(uint256,uint256,address,bytes)",2,1,0x484c3f36706f94383e17d9c0ae11e6fe8cf3ca46f49afa9589dcbde16bdde2f4;0xea418c52182b10cac8b31526fb5a9ce7318d6a3a518c5d28ad6e2d90704c7a1a;0xf7a2310d132f5be25b7b58c6022e92d15cd2e0d1de62dac3cbc9537591b0b056,dataset trading-pair role plus the same ABI-resolved swap entry point executed by attacker-side and victim transactions,not_established
cisbl7-08aafa83376fbd1606986ec3,sandwich,0x082b9e93fb2087f56d632d57a16060da98816786,UniswapV2Pair,True,observed_ordering_target,trace_confirmed,0x022c0d9f,"swap(uint256,uint256,address,bytes)",2,1,0x0a6b0aec9d2dd433b2d96789afd1867fb5ab59fb8fa93d9adc9969d57dff4c7c;0x3642dbc9d404a1672ca31a26f58789fcf0e431bc1b77d53a738ad14d38f7a6b9;0xb45e9692dd1b95268c442e12d06f0a100515fb60503a144a0e2e6fec9510c37e,dataset trading-pair role plus the same ABI-resolved swap entry point executed by attacker-side and victim transactions,not_established
cisbl7-08aafa83376fbd1606986ec3,sandwich,0x4177d19e4125213bdd8d82dbc1ca775799d18218,UniswapV2Pair,True,observed_ordering_target,trace_confirmed,0x022c0d9f,"swap(uint256,uint256,address,bytes)",2,1,0x3642dbc9d404a1672ca31a26f58789fcf0e431bc1b77d53a738ad14d38f7a6b9;0x5d81c9cf502dc54fa3f1cb6f66c167fba98bb557213dc70b58c5e67f3bee4406;0xb45e9692dd1b95268c442e12d06f0a100515fb60503a144a0e2e6fec9510c37e,dataset trading-pair role plus the same ABI-resolved swap entry point executed by attacker-side and victim transactions,not_established
cisbl7-08aafa83376fbd1606986ec3,sandwich,0xd300c31a23c2300c601a44da8e3df36c4e1b78c5,UniswapV2Pair,True,observed_ordering_target,trace_confirmed,0x022c0d9f,"swap(uint256,uint256,address,bytes)",3,1,0x3642dbc9d404a1672ca31a26f58789fcf0e431bc1b77d53a738ad14d38f7a6b9;0x6ba4aa99f2a71c56d87a5938458143e436bc6f01da4e4790bbc876db1d4a11e2;0xb45e9692dd1b95268c442e12d06f0a100515fb60503a144a0e2e6fec9510c37e,dataset trading-pair role plus the same ABI-resolved swap entry point executed by attacker-side and victim transactions,not_established
cisbl7-08aafa83376fbd1606986ec3,sandwich,0xec7a1a2896d4b9d7014fa7be2aa936c8a76a8072,JamUniswapV2Pair,True,observed_ordering_target,trace_confirmed,0x022c0d9f,"swap(uint256,uint256,address,bytes)",2,1,0x3642dbc9d404a1672ca31a26f58789fcf0e431bc1b77d53a738ad14d38f7a6b9;0xb45e9692dd1b95268c442e12d06f0a100515fb60503a144a0e2e6fec9510c37e;0xe1cb3052970e3a06c3e49cf8ad346ad95442c3bd2de79220ee40980cef63669a,dataset trading-pair role plus the same ABI-resolved swap entry point executed by attacker-side and victim transactions,not_established
cisbl7-0b63d81a8287eb8198717277,sandwich,0xa1db2fc9b2ceaf3cdf41fd11ffcb38404eae3906,UniswapV2Pair,True,observed_ordering_target,trace_confirmed,0x022c0d9f,"swap(uint256,uint256,address,bytes)",2,1,0x18f14497bb8c2f5d657d693f718e57150a5bae6ece06d3151eac54128b4c71eb;0x775c27b570b93aa1472b8cb38da449ab1dfc1fecd0549f0cb44c04518ed8c295,dataset trading-pair role plus the same ABI-resolved swap entry point executed by attacker-side and victim transactions,not_established
cisbl7-0b63d81a8287eb8198717277,sandwich,0xe0554a476a092703abdb3ef35c80e0d76d32939f,UniswapV3Pool,True,observed_ordering_target,trace_confirmed,0x128acb08,"swap(address,bool,int256,uint160,bytes)",3,1,0x18f14497bb8c2f5d657d693f718e57150a5bae6ece06d3151eac54128b4c71eb;0x51e95113a9952406fa5e3b1e69b328e3583547c4ebbd78d90497a81311dfcb6e;0x775c27b570b93aa1472b8cb38da449ab1dfc1fecd0549f0cb44c04518ed8c295,dataset trading-pair role plus the same ABI-resolved swap entry point executed by attacker-side and victim transactions,not_established
cisbl7-0c7abcbc44de25a04610d3de,sandwich,0x50608c538b29c3839042fc7219faf95f19f1fd65,UniswapV2Pair,True,observed_ordering_target,trace_confirmed,0x022c0d9f,"swap(uint256,uint256,address,bytes)",2,1,0x81e847d9be1981bea37622cc2c70a0b4e919584172bdc354dc6250320d0b325a;0xb0d44d77fdaa105a8f7b3b65adf72787d7b1f45a17521301745300836c3460cb,dataset trading-pair role plus the same ABI-resolved swap entry point executed by attacker-side and victim transactions,not_established
cisbl7-0c7abcbc44de25a04610d3de,sandwich,0x553e9c493678d8606d6a5ba284643db2110df823,UniswapV3Pool,True,observed_ordering_target,trace_confirmed,0x128acb08,"swap(address,bool,int256,uint160,bytes)",2,1,0xb0d44d77fdaa105a8f7b3b65adf72787d7b1f45a17521301745300836c3460cb,dataset trading-pair role plus the same ABI-resolved swap entry point executed by attacker-side and victim transactions,not_established
cisbl7-0c7abcbc44de25a04610d3de,sandwich,0x874376be8231dad99aabf9ef0767b3cc054c60ee,UniswapV2Pair,True,observed_ordering_target,trace_confirmed,0x022c0d9f,"swap(uint256,uint256,address,bytes)",2,1,0xb0d44d77fdaa105a8f7b3b65adf72787d7b1f45a17521301745300836c3460cb;0xf43e633622aba3923f9ccc3802922ba511f79c3696312a49d0d25315530d636c,dataset trading-pair role plus the same ABI-resolved swap entry point executed by attacker-side and victim transactions,not_established
cisbl7-0de804b52c6e4ae3d7671b3d,sandwich,0xdb3cf8597d795c1eaa3be49289d7538ed195c767,UniswapV2Pair,True,observed_ordering_target,trace_confirmed,0x022c0d9f,"swap(uint256,uint256,address,bytes)",2,1,0x738fea5429baa10c69dcf6d381f2c16d7429c9b776702fd489ffb62f46ea061f;0xb04b8a682cbc09237150e5c1a60458069ce3df5cd547abaa437f1334d1bb3920;0xc21c258795d7867b19c5191bf3309a08714f035f01466492f1e428a8a6e620c9,dataset trading-pair role plus the same ABI-resolved swap entry point executed by attacker-side and victim transactions,not_established
cisbl7-0de804b52c6e4ae3d7671b3d,sandwich,0xe0554a476a092703abdb3ef35c80e0d76d32939f,UniswapV3Pool,True,observed_ordering_target,trace_confirmed,0x128acb08,"swap(address,bool,int256,uint160,bytes)",3,1,0x738fea5429baa10c69dcf6d381f2c16d7429c9b776702fd489ffb62f46ea061f;0xc21c258795d7867b19c5191bf3309a08714f035f01466492f1e428a8a6e620c9;0xd38e2f52e0fe54d876bf87cbf6495cb60ef8e903e92a9061dc3febc1227d1813,dataset trading-pair role plus the same ABI-resolved swap entry point executed by attacker-side and victim transactions,not_established
cisbl7-0f280a3a62d383216ec5bff5,sandwich,0x508acdc358be2ed126b1441f0cff853dec49d40f,UniswapV3Pool,True,observed_ordering_target,trace_confirmed,0x128acb08,"swap(address,bool,int256,uint160,bytes)",2,1,0x37282f7b50253cc2cea75641006b71e4eccd75b1ea30f46ffbf1a57adbd31694;0x660b0fff88037f9d9ad0d2e144f6848e5b58d4f54628ac821336655a447f63df;0x943a335c0ff134105131618d617088df0b5058d377470ceb2bcb8b04970f2a34,dataset trading-pair role plus the same ABI-resolved swap entry point executed by attacker-side and victim transactions,not_established
cisbl7-0f280a3a62d383216ec5bff5,sandwich,0x6c618dd1040a79923cd74113ef0ed07c07d2b0e7,UniswapV2Pair,True,observed_ordering_target,trace_confirmed,0x022c0d9f,"swap(uint256,uint256,address,bytes)",2,1,0x37282f7b50253cc2cea75641006b71e4eccd75b1ea30f46ffbf1a57adbd31694;0x5c6fb93b68490c82e2ffd01b5befadb4d65bf59c0c1545e2a7c0734258e1dc9c;0x660b0fff88037f9d9ad0d2e144f6848e5b58d4f54628ac821336655a447f63df,dataset trading-pair role plus the same ABI-resolved swap entry point executed by attacker-side and victim transactions,not_established
cisbl7-11e7dc23f8068c5ed3860775,sandwich,0x20562241933074b96862394f0bd196cd06f2830d,UniswapV2Pair,True,observed_ordering_target,trace_confirmed,0x022c0d9f,"swap(uint256,uint256,address,bytes)",2,1,0x4cc40b16478a485033c125a9cf2f962a5cc94023eb69d1c7c3b1b75239a630ac;0x72a2515c24193e06345135424a9ff980f0c1492b61ae0694cc46dbc484006f88;0x8690996fd5f98d0226dd502079373832b0626f5e42e4c5943d220e02325f0f9f,dataset trading-pair role plus the same ABI-resolved swap entry point executed by attacker-side and victim transactions,not_established
cisbl7-11e7dc23f8068c5ed3860775,sandwich,0xb5761dbce0b6dad590c46b6e95839d60f0b888e8,Lif3V3Pool,True,observed_ordering_target,trace_confirmed,0x128acb08,"swap(address,bool,int256,uint160,bytes)",2,1,0x4cc40b16478a485033c125a9cf2f962a5cc94023eb69d1c7c3b1b75239a630ac;0x8690996fd5f98d0226dd502079373832b0626f5e42e4c5943d220e02325f0f9f;0xf000f8526e6a56aa9e8136da15828a98ff272fa2c8ae203f2b988c443b109ee5,dataset trading-pair role plus the same ABI-resolved swap entry point executed by attacker-side and victim transactions,not_established
cisbl7-11e7dc23f8068c5ed3860775,sandwich,0xe6572124df9d0b4fbf591badde15d0c2e9c4173b,UniswapV3Pool,True,observed_ordering_target,trace_confirmed,0x128acb08,"swap(address,bool,int256,uint160,bytes)",2,1,0x4cc40b16478a485033c125a9cf2f962a5cc94023eb69d1c7c3b1b75239a630ac;0x6cab1a05d59145586aaf4e6772e39a742b85608d84fe70697f6d647294de7435;0x8690996fd5f98d0226dd502079373832b0626f5e42e4c5943d220e02325f0f9f,dataset trading-pair role plus the same ABI-resolved swap entry point executed by attacker-side and victim transactions,not_established
cisbl7-1201befcde657268382ab798,sandwich,0x276e0893a095422e25b0b1f2f6c7c899351f48ab,ShibaswapV2Pool,True,observed_ordering_target,trace_confirmed,0x128acb08,"swap(address,bool,int256,uint160,bytes)",3,1,0x55d22bffb46212b566912515975c6d21f924e819f18738863211f6fa9228278a;0x82ca04fc1bd5a945184f4dae8110e65449de5cfc83abd0241d5de84f28c2d892;0xfb4d8434b83c0c655adaf20a64e8f573f4fb42ceafb423e61ceae921a3e2412d,dataset trading-pair role plus the same ABI-resolved swap entry point executed by attacker-side and victim transactions,not_established
cisbl7-1201befcde657268382ab798,sandwich,0x468795e031c173942c9387aed0a302e26bdd0460,UniswapV2Pair,True,observed_ordering_target,trace_confirmed,0x022c0d9f,"swap(uint256,uint256,address,bytes)",2,1,0x55d22bffb46212b566912515975c6d21f924e819f18738863211f6fa9228278a;0x564fe5e2b7de7f7284eb8f3c5e9bbfd3a77619107c4eefa9b6ae834646aa43b3;0x82ca04fc1bd5a945184f4dae8110e65449de5cfc83abd0241d5de84f28c2d892,dataset trading-pair role plus the same ABI-resolved swap entry point executed by attacker-side and victim transactions,not_established
cisbl7-12f1733b6cb4a49dda819c87,sandwich,0x205eca9671aa698aa7c0d0af1cf6a2633b53b0c7,UniswapV2Pair,True,observed_ordering_target,trace_confirmed,0x022c0d9f,"swap(uint256,uint256,address,bytes)",2,1,0x282855b598b65187bc8294360c136240bf6b2bb1904f15bbd76a783ae7c30158;0xe98efce3b7a543f34d1314fa043d266e318e49934384b46d9a480e7173dff2a7;0xf429d74e5a3c850dce32767b86b2f0d40d01754ebd56ece6df6dce9bc9fdfa61,dataset trading-pair role plus the same ABI-resolved swap entry point executed by attacker-side and victim transactions,not_established
cisbl7-12f1733b6cb4a49dda819c87,sandwich,0x8867f20c1c63baccec7617626254a060eeb0e61e,JamUniswapV2Pair,True,observed_ordering_target,trace_confirmed,0x022c0d9f,"swap(uint256,uint256,address,bytes)",5,1,0x282855b598b65187bc8294360c136240bf6b2bb1904f15bbd76a783ae7c30158;0xd8226bb988aa17a021d298f2532474715d5e193e38041aea7ce1573e3f58289f;0xe98efce3b7a543f34d1314fa043d266e318e49934384b46d9a480e7173dff2a7,dataset trading-pair role plus the same ABI-resolved swap entry point executed by attacker-side and victim transactions,not_established
cisbl7-12f1733b6cb4a49dda819c87,sandwich,0xc7bbec68d12a0d1830360f8ec58fa599ba1b0e9b,UniswapV3Pool,True,observed_ordering_target,trace_confirmed,0x128acb08,"swap(address,bool,int256,uint160,bytes)",2,1,0x282855b598b65187bc8294360c136240bf6b2bb1904f15bbd76a783ae7c30158;0xc2d8e793251604682a40aeb0d0559dc5243876e8c7537c857f62f92a41216b45;0xe98efce3b7a543f34d1314fa043d266e318e49934384b46d9a480e7173dff2a7,dataset trading-pair role plus the same ABI-resolved swap entry point executed by attacker-side and victim transactions,not_established
cisbl7-15df70326ddaa0ac33a871b1,sandwich,0x6220add83b8103bffe40218e658068288eda4ec1,UniswapV2Pair,True,observed_ordering_target,trace_confirmed,0x022c0d9f,"swap(uint256,uint256,address,bytes)",2,9,0x45e5b532ef615e3860535c108588604f574aacc3a4f07455fa0629b1744a7ec8;0x51b01d0cf70b36e7d00adaba9735f8e6610e63c423bd999449d20f376226eb16;0x74665b5ac90ba94d0fe73db690ebc22f1a0d14bb10ef8b176b764b5ef372a0b8;0x7c09b4891c00a89979992e200b6d7b3bd3d793453c5294477d33140fe172b1e9;0x7f1d96ed5d3eed466590d0a36733287c469d3ef8df0334d772d94b1df2bed6c5;0xa1a7fd89711025f7466cf22f241b555f343717ceae43caeb3c4937af573b93d4;0xbf805b668d35e90a652b1bedbd131fd12c6b5d21d3ba9a29a39c9c374e98068d;0xdc558a61703fafb31924cd431e1aa1b5e6e514fc8329ce99b6ba94c35efa7c6a;0xef62c8c75d5341e514cc880980397e4cb2d4fc4d5700d2f56f0e497eefbb7f1a;0xf1cccaf04213189d620585f1327e7c39e97f6e5fbcca85cdd17c75bdfdf5dd5c,dataset trading-pair role plus the same ABI-resolved swap entry point executed by attacker-side and victim transactions,not_established
cisbl7-15df70326ddaa0ac33a871b1,sandwich,0xbf85f94d3233ee588f0907a9147fbb59d7246b54,UniswapV3Pool,True,observed_ordering_target,trace_confirmed,0x128acb08,"swap(address,bool,int256,uint160,bytes)",2,1,0x719706b9c214af99c918868fe37b768a5d95ee7d1f6a827f14025a058c210229;0xa1a7fd89711025f7466cf22f241b555f343717ceae43caeb3c4937af573b93d4;0xef62c8c75d5341e514cc880980397e4cb2d4fc4d5700d2f56f0e497eefbb7f1a,dataset trading-pair role plus the same ABI-resolved swap entry point executed by attacker-side and victim transactions,not_established
cisbl7-15ebef57d7bd229399e2734e,sandwich,0xddd23787a6b80a794d952f5fb036d0b31a8e6aff,UniswapV2Pair,True,observed_ordering_target,trace_confirmed,0x022c0d9f,"swap(uint256,uint256,address,bytes)",2,1,0x7c84e58b72f0c5c101f59e12033f185ff3788105f1a0a6934efcde6d1b0271d6,dataset trading-pair role plus the same ABI-resolved swap entry point executed by attacker-side and victim transactions,not_established
cisbl7-15ebef57d7bd229399e2734e,sandwich,0xe0554a476a092703abdb3ef35c80e0d76d32939f,UniswapV3Pool,True,observed_ordering_target,trace_confirmed,0x128acb08,"swap(address,bool,int256,uint160,bytes)",2,1,0x7c84e58b72f0c5c101f59e12033f185ff3788105f1a0a6934efcde6d1b0271d6;0x941ab3838d9baab21119265a8791472b90d21773ee4435283ef4a75896e549ac,dataset trading-pair role plus the same ABI-resolved swap entry point executed by attacker-side and victim transactions,not_established
cisbl7-17a1d06c6e481d200cc39a02,sandwich,0x15aa01580ae866f9ff4dbe45e06e307941d90c7b,UniswapV3Pool,True,observed_ordering_target,trace_confirmed,0x128acb08,"swap(address,bool,int256,uint160,bytes)",2,1,0x3df2edba054c78334c37a0a38b7cb5d062fa6280bf6a05063b584bbb2654327a;0x998a91bd8b11a8596d55a1c033fcae7df0493473ec75c148c3d5c2f874dd9733,dataset trading-pair role plus the same ABI-resolved swap entry point executed by attacker-side and victim transactions,not_established
cisbl7-17a1d06c6e481d200cc39a02,sandwich,0x6c618dd1040a79923cd74113ef0ed07c07d2b0e7,UniswapV2Pair,True,observed_ordering_target,trace_confirmed,0x022c0d9f,"swap(uint256,uint256,address,bytes)",2,1,0x998a91bd8b11a8596d55a1c033fcae7df0493473ec75c148c3d5c2f874dd9733;0xbf267c07733bde4d88882d0ca6adcd81c66607ba145ab9278ee0d7eb73006fbf,dataset trading-pair role plus the same ABI-resolved swap entry point executed by attacker-side and victim transactions,not_established
cisbl7-17a1d06c6e481d200cc39a02,sandwich,0xa6a21fce6220f9c4c4e4f5e5e2653bfe73470c76,UniswapV2Pair,True,observed_ordering_target,trace_confirmed,0x022c0d9f,"swap(uint256,uint256,address,bytes)",2,1,0x998a91bd8b11a8596d55a1c033fcae7df0493473ec75c148c3d5c2f874dd9733;0xfba096f62dbe045bd9348d8b9bf7cf392d7c2f3c313bfbd51992f3f140b62d9e,dataset trading-pair role plus the same ABI-resolved swap entry point executed by attacker-side and victim transactions,not_established
cisbl7-188fbed2f0d01a3ba5a2468b,sandwich,0x416f359564e32bfe9b755f7d829bd89db15fab40,UniswapV2Pair,True,observed_ordering_target,trace_confirmed,0x022c0d9f,"swap(uint256,uint256,address,bytes)",2,1,0x4126f76a1d94860cc267f7c21d13c05c023e6da105fa181af5f8ea8b5371c582;0xe00448b7f6346a206dc335947542399017a4c1e923d3a644b0ac1f9efdb83d9e;0xf3835c470a449a9582766a9adcd1ff83ac69e249e258f3213554cf7c25bcedc8,dataset trading-pair role plus the same ABI-resolved swap entry point executed by attacker-side and victim transactions,not_established
cisbl7-188fbed2f0d01a3ba5a2468b,sandwich,0x93f6a87eb364bf59b95a1f523a2c23e33c0eebda,UniswapV2Pair,True,observed_ordering_target,trace_confirmed,0x022c0d9f,"swap(uint256,uint256,address,bytes)",2,1,0x35ed8189071510d58c6b70a11d140ff9061c034f667e635c2afc12326405e014;0x4126f76a1d94860cc267f7c21d13c05c023e6da105fa181af5f8ea8b5371c582;0xe00448b7f6346a206dc335947542399017a4c1e923d3a644b0ac1f9efdb83d9e,dataset trading-pair role plus the same ABI-resolved swap entry point executed by attacker-side and victim transactions,not_established
cisbl7-188fbed2f0d01a3ba5a2468b,sandwich,0xc7bbec68d12a0d1830360f8ec58fa599ba1b0e9b,UniswapV3Pool,True,observed_ordering_target,trace_confirmed,0x128acb08,"swap(address,bool,int256,uint160,bytes)",2,2,0x1380446185c7fd85be9ec05b4dd22ee018ae9cfc020b740d2404f0e643317a32;0x4126f76a1d94860cc267f7c21d13c05c023e6da105fa181af5f8ea8b5371c582;0x97881fb68a86fcb66e4449c09e815df6a78acfe59811dc8ea3df32f5ec6a96ad;0xe00448b7f6346a206dc335947542399017a4c1e923d3a644b0ac1f9efdb83d9e,dataset trading-pair role plus the same ABI-resolved swap entry point executed by attacker-side and victim transactions,not_established
cisbl7-1ac8b46675ae542035c2b95e,sandwich,0x4de8c60541fdadd33404ccb2c8b83907ce617341,UniswapV2Pair,True,observed_ordering_target,trace_confirmed,0x022c0d9f,"swap(uint256,uint256,address,bytes)",2,1,0x4c05ba8cfdae0fde1c091ffcaf902235965d8c4285f7ae7cbbbd3686ee6edfd7;0x55a51425a7576eb1d9a6f33a5fe65aa895cadccfebfd523172ecb32cad8500ae;0x5bfde65bd98d076a3ea3aea22b6c2a368226e6569a70afd9afd6beaa7f691884,dataset trading-pair role plus the same ABI-resolved swap entry point executed by attacker-side and victim transactions,not_established
cisbl7-1ac8b46675ae542035c2b95e,sandwich,0x8193c8889086c2c47dfec8dd62a08f29c4897491,UniswapV3Pool,True,observed_ordering_target,trace_confirmed,0x128acb08,"swap(address,bool,int256,uint160,bytes)",2,1,0x34b37eebde1bebbb2ebfa06ab792a6c79c0ed1f123e2efa4e670ee149ec83ee5;0x4c05ba8cfdae0fde1c091ffcaf902235965d8c4285f7ae7cbbbd3686ee6edfd7;0x5bfde65bd98d076a3ea3aea22b6c2a368226e6569a70afd9afd6beaa7f691884,dataset trading-pair role plus the same ABI-resolved swap entry point executed by attacker-side and victim transactions,not_established
cisbl7-1ac8b46675ae542035c2b95e,sandwich,0xc7bbec68d12a0d1830360f8ec58fa599ba1b0e9b,UniswapV3Pool,True,observed_ordering_target,trace_confirmed,0x128acb08,"swap(address,bool,int256,uint160,bytes)",2,1,0x4c05ba8cfdae0fde1c091ffcaf902235965d8c4285f7ae7cbbbd3686ee6edfd7;0x5bfde65bd98d076a3ea3aea22b6c2a368226e6569a70afd9afd6beaa7f691884;0x76adcec763f67294c1f34dd774b6eede4509aac5cbd15ca08b71529c19423cb0,dataset trading-pair role plus the same ABI-resolved swap entry point executed by attacker-side and victim transactions,not_established
cisbl7-1b9cb029a3974a4c6f23a733,sandwich,0xc7bbec68d12a0d1830360f8ec58fa599ba1b0e9b,UniswapV3Pool,True,observed_ordering_target,trace_confirmed,0x128acb08,"swap(address,bool,int256,uint160,bytes)",2,3,0x33d2a19df26040ce0dd9638ae5b03e30f3ae29358f7259522b1ae380190acd80;0x3a07faad4f93f62ec1e1d3fbf07609ba701693b0ee8318f283ac23f04c00fd10;0x558c176b2506d837a115a3bf890db5f6186deffd92283bc111d5d3e9e4975f49;0x69357abaa36a60feeadacba350453f736fcfd2a457187a28c961220c4656e973,dataset trading-pair role plus the same ABI-resolved swap entry point executed by attacker-side and victim transactions,not_established
cisbl7-2006f2ffc468a4ed5a88f2e3,sandwich,0x9ec9620e1fda9c1e57c46782bc3232903cacb59b,UniswapV2Pair,True,observed_ordering_target,trace_confirmed,0x022c0d9f,"swap(uint256,uint256,address,bytes)",2,1,0x5f436e5c9a68c25c6b0656a5b9aa3d1c026c4870f9f1e7c0b13b99400b13e781;0x6b6805c4c618d49b3327e58562abafe2fe24b3f5c5b76ce575683bb7403db2f1;0xa65056534661b24fcd63eee2d5bd8b6d785c6f173f35714e89838888afb1b53c,dataset trading-pair role plus the same ABI-resolved swap entry point executed by attacker-side and victim transactions,not_established
cisbl7-2006f2ffc468a4ed5a88f2e3,sandwich,0x9f37832fd555bfcce14d6a4555e5d0880e5ecd8e,UniswapV3Pool,True,observed_ordering_target,trace_confirmed,0x128acb08,"swap(address,bool,int256,uint160,bytes)",2,1,0x492cfea6d00fcf398fde3b672c6dcacb3991edbe540e5171891e73b9ecdfe72c;0x6b6805c4c618d49b3327e58562abafe2fe24b3f5c5b76ce575683bb7403db2f1;0xa65056534661b24fcd63eee2d5bd8b6d785c6f173f35714e89838888afb1b53c,dataset trading-pair role plus the same ABI-resolved swap entry point executed by attacker-side and victim transactions,not_established
cisbl7-2006f2ffc468a4ed5a88f2e3,sandwich,0xd9f2a7471d1998c69de5cae6df5d3f070f01df9f,UniswapV2Pair,True,observed_ordering_target,trace_confirmed,0x022c0d9f,"swap(uint256,uint256,address,bytes)",2,1,0x6b6805c4c618d49b3327e58562abafe2fe24b3f5c5b76ce575683bb7403db2f1;0xa65056534661b24fcd63eee2d5bd8b6d785c6f173f35714e89838888afb1b53c;0xe21a5dced0b851d02b0c22f06ed7f9a7cc3456833f1d7e1013e13cd3084550fc,dataset trading-pair role plus the same ABI-resolved swap entry point executed by attacker-side and victim transactions,not_established
cisbl7-24d1315f3452e7f4aace2258,sandwich,0x4de8c60541fdadd33404ccb2c8b83907ce617341,UniswapV2Pair,True,observed_ordering_target,trace_confirmed,0x022c0d9f,"swap(uint256,uint256,address,bytes)",2,1,0x66c6199ec426a3d19c432af8ba07f62ad8b44a08b51b386341cd906414ad63a2;0x8dd7887e9675ad637839b9bb81ad4cf9d420e6ef590b5bed0c8586f3d7802bbb,dataset trading-pair role plus the same ABI-resolved swap entry point executed by attacker-side and victim transactions,not_established
cisbl7-24d1315f3452e7f4aace2258,sandwich,0xd7f70a72e1693804a42afd9d73c77b2f1f8f8f6d,UniswapV3Pool,True,observed_ordering_target,trace_confirmed,0x128acb08,"swap(address,bool,int256,uint160,bytes)",2,1,0x2e45adc8f9f02549254414e917078537b815c4d9122720e8b868f99b4ec1157e;0x66c6199ec426a3d19c432af8ba07f62ad8b44a08b51b386341cd906414ad63a2,dataset trading-pair role plus the same ABI-resolved swap entry point executed by attacker-side and victim transactions,not_established
cisbl7-24d1315f3452e7f4aace2258,sandwich,0xe0554a476a092703abdb3ef35c80e0d76d32939f,UniswapV3Pool,True,observed_ordering_target,trace_confirmed,0x128acb08,"swap(address,bool,int256,uint160,bytes)",2,2,0x66c6199ec426a3d19c432af8ba07f62ad8b44a08b51b386341cd906414ad63a2;0x86a0ae3edff1be23b0256549396cd20a474340580412037e171426c02d3a4162;0x96ef5ea44e0468a4e8cc01d89d4897234aac596f06b79542d6c1b38fdea7fb52,dataset trading-pair role plus the same ABI-resolved swap entry point executed by attacker-side and victim transactions,not_established
cisbl7-24d1315f3452e7f4aace2258,sandwich,0xfd22f188ab5ae8b19b3b90e064d5843cc38f9e59,UniswapV2Pair,True,observed_ordering_target,trace_confirmed,0x022c0d9f,"swap(uint256,uint256,address,bytes)",2,1,0x46e9d9126899817695223e1f4446a1475beb8203c7a3852658cdcbb9d3847743;0x66c6199ec426a3d19c432af8ba07f62ad8b44a08b51b386341cd906414ad63a2,dataset trading-pair role plus the same ABI-resolved swap entry point executed by attacker-side and victim transactions,not_established
cisbl7-25548c2665a02c11c3fc5185,sandwich,0xa6a21fce6220f9c4c4e4f5e5e2653bfe73470c76,UniswapV2Pair,True,observed_ordering_target,trace_confirmed,0x022c0d9f,"swap(uint256,uint256,address,bytes)",2,1,0x40a32e953857315347249982193e89c32150292b2289a6175286d302c2ba4b32;0xa486b7826e51a278cdeee9fff71bd858b9f33e334506f83655ea8dbc9d17c942;0xe9c621f137390f9983e215ff192d6070d780f803a6e5ae384fe011a1d5c0496b,dataset trading-pair role plus the same ABI-resolved swap entry point executed by attacker-side and victim transactions,not_established
cisbl7-25548c2665a02c11c3fc5185,sandwich,0xc4ce8e63921b8b6cbdb8fcb6bd64cc701fb926f2,UniswapV3Pool,True,observed_ordering_target,trace_confirmed,0x128acb08,"swap(address,bool,int256,uint160,bytes)",2,9,0x323b086216e0df540e1653a204da69c89431740753aec0c0cdf8514c4d8c0db7;0x40a32e953857315347249982193e89c32150292b2289a6175286d302c2ba4b32;0x44643be7c0ecad281c9e7d8c71abc5029e6938c6a783c12a4950771a9e1045b7;0x4a6ae2ffb8ce721272e6e922bde0e943c074ad444d5bc0ac74500cb218938aa4;0x62334517d4cea0f7480cc7d5a49b5f2296eff2f04b22436e08ab4bba5c3ab6a5;0x985bc04f6a9cb997a977cf6ecc2c9cb5015df7da78caa00268361a197d74abd3;0xa3580bb50bd32f7732a731caf236ee89ee02f70079dfe58b327805b2be8e6eff;0xa486b7826e51a278cdeee9fff71bd858b9f33e334506f83655ea8dbc9d17c942;0xc6921d660ae68633ecbe63d389c338da36eef9b09de6c4d3d50ab7a26ddde9c0;0xd9f4c4c77a08dd1de57b7d464348c8708844c54c4eaf6910b00cca714de7c8eb;0xf8ab7e567c2292398e32a6db3ceb13ea08412b05ad9c7131473ccea721fab2da,dataset trading-pair role plus the same ABI-resolved swap entry point executed by attacker-side and victim transactions,not_established
cisbl7-260387587350ff0e555eeac9,sandwich,0x349ee001d80f896f24571616932f54cbd66b18c9,UniswapV3Pool,True,observed_ordering_target,trace_confirmed,0x128acb08,"swap(address,bool,int256,uint160,bytes)",2,5,0x22295a290ec13838897910e52dfc1667296f7be497bc4c7b7e24d5224c93f10d;0x24529de7acee8859d20d159f7392d5f8d570bedbc8f9c8061f8a050e8bae0659;0x2983ff940b4a4d8c508ca076b5baa93c78267d37d6177e9f4dedb6b7bd510520;0x3e180b7a7be95a65399031a218820028e7200637c673d3294505b0517fbe5c46;0x7c92b23855fb61b193355e8a054f5d5f3928c6e9ff6139848913ec7f53661b6f;0xaea8272a49b230f00b0deeb6c4545e1252e9d64187a00676f7f8c70b82a6f6ec;0xf5ca099870470769680be21110721b1d43bce51fdee5a55b63818ca36cea2053,dataset trading-pair role plus the same ABI-resolved swap entry point executed by attacker-side and victim transactions,not_established
cisbl7-260387587350ff0e555eeac9,sandwich,0x470dc172d6502ac930b59322ece5345dd456a03d,UniswapV2Pair,True,observed_ordering_target,trace_confirmed,0x022c0d9f,"swap(uint256,uint256,address,bytes)",2,2,0x22295a290ec13838897910e52dfc1667296f7be497bc4c7b7e24d5224c93f10d;0x7c92b23855fb61b193355e8a054f5d5f3928c6e9ff6139848913ec7f53661b6f;0x8e8de3f9ded1d96735726577cb69d6f6a39c531b6b68fb3433e89cffa51a93ff;0xf148584954601ec18091ec81d8b34533332fb41fcf546499afbdc8614d0ba7e3,dataset trading-pair role plus the same ABI-resolved swap entry point executed by attacker-side and victim transactions,not_established
cisbl7-260387587350ff0e555eeac9,sandwich,0x67324985b5014b36b960273353deb3d96f2f18c2,UniswapV2Pair,True,observed_ordering_target,trace_confirmed,0x022c0d9f,"swap(uint256,uint256,address,bytes)",2,1,0x22295a290ec13838897910e52dfc1667296f7be497bc4c7b7e24d5224c93f10d;0x34d853543684791ad58caeefe8caed1a2ae896c5c85356be5028549c4e1e6051;0x7c92b23855fb61b193355e8a054f5d5f3928c6e9ff6139848913ec7f53661b6f,dataset trading-pair role plus the same ABI-resolved swap entry point executed by attacker-side and victim transactions,not_established
cisbl7-2e1dc6d265de65a8d87458b3,sandwich,0x17ff5ca239ab6e2a6c6411ae5f25416d02d21cbc,UniswapV3Pool,True,observed_ordering_target,trace_confirmed,0x128acb08,"swap(address,bool,int256,uint160,bytes)",2,1,0x6c396c6949ecd74211036d29340fb76a78b7bad1ad0e86ce0365dfab1d35299b;0x7bce184d62fc3924af4f478279add5d93ffe6c21e6d2f5a656c42926724aef62;0xf08cb21cbadcf957d2763d26c67ec1943f91a2afe60d7987f375c60394d80939,dataset trading-pair role plus the same ABI-resolved swap entry point executed by attacker-side and victim transactions,not_established
cisbl7-2e1dc6d265de65a8d87458b3,sandwich,0x468795e031c173942c9387aed0a302e26bdd0460,UniswapV2Pair,True,observed_ordering_target,trace_confirmed,0x022c0d9f,"swap(uint256,uint256,address,bytes)",3,1,0x6c396c6949ecd74211036d29340fb76a78b7bad1ad0e86ce0365dfab1d35299b;0xba7588cb16fec7b366ee31c174feebd286caa6410ef3f55b5e770beb1e0cb9b7;0xf08cb21cbadcf957d2763d26c67ec1943f91a2afe60d7987f375c60394d80939,dataset trading-pair role plus the same ABI-resolved swap entry point executed by attacker-side and victim transactions,not_established
cisbl7-2e1dc6d265de65a8d87458b3,sandwich,0x521683a0964829a3daa6fff61c77138ecb63a08c,UniswapV2Pair,True,observed_ordering_target,trace_confirmed,0x022c0d9f,"swap(uint256,uint256,address,bytes)",2,1,0x6c396c6949ecd74211036d29340fb76a78b7bad1ad0e86ce0365dfab1d35299b;0x8b5b5184bd57475700a251f1f16b1532b3df3ab72017558088874a9bc5cbbe2c;0xf08cb21cbadcf957d2763d26c67ec1943f91a2afe60d7987f375c60394d80939,dataset trading-pair role plus the same ABI-resolved swap entry point executed by attacker-side and victim transactions,not_established
cisbl7-2ecc9460160ed4ccbc06f086,sandwich,0x0a6fc72967d2b559507d2e03c631ccafb8bcb872,UniswapV3Pool,True,observed_ordering_target,trace_confirmed,0x128acb08,"swap(address,bool,int256,uint160,bytes)",2,1,0x795194abda05647e1834453fd5102993333f35a1aab6acb90fdc4d8edda4721b;0xde80b440cf9a75a69cb07d5f20627d4fda56dab6a1fc05bea8f86a3c7188c9f6;0xeaf0017d33acf203e4f12c64ff977848445521975ddef77fb609e617c6f30c23,dataset trading-pair role plus the same ABI-resolved swap entry point executed by attacker-side and victim transactions,not_established
cisbl7-2ecc9460160ed4ccbc06f086,sandwich,0x23e182724f1b00a3c5a2c76502096625b5fe87cd,UniswapV3Pool,True,observed_ordering_target,trace_confirmed,0x128acb08,"swap(address,bool,int256,uint160,bytes)",2,1,0x795194abda05647e1834453fd5102993333f35a1aab6acb90fdc4d8edda4721b;0xd9e687febe2040b3b2117aff654591bc3249751905c4d550b8e6aed6b73cd15c;0xde80b440cf9a75a69cb07d5f20627d4fda56dab6a1fc05bea8f86a3c7188c9f6,dataset trading-pair role plus the same ABI-resolved swap entry point executed by attacker-side and victim transactions,not_established
cisbl7-2ecc9460160ed4ccbc06f086,sandwich,0xf80758ab42c3b07da84053fd88804bcb6baa4b5c,JamUniswapV2Pair,True,observed_ordering_target,trace_confirmed,0x022c0d9f,"swap(uint256,uint256,address,bytes)",2,1,0x795194abda05647e1834453fd5102993333f35a1aab6acb90fdc4d8edda4721b;0xc54c40e58cbdfdf81cf602210f3e6378eccdb588d94469f10cab36b5bda3c173;0xde80b440cf9a75a69cb07d5f20627d4fda56dab6a1fc05bea8f86a3c7188c9f6,dataset trading-pair role plus the same ABI-resolved swap entry point executed by attacker-side and victim transactions,not_established
cisbl7-30ffa59c1950356250a9ef4e,sandwich,0x750874e6fb8dca30ce41d445e4baf8c76971f912,UniswapV2Pair,True,observed_ordering_target,trace_confirmed,0x022c0d9f,"swap(uint256,uint256,address,bytes)",2,1,0x6365b197e8d326378f3fec6338fcda9afe5a0a3ade49fc76e4563fc7c53cbfa8;0xc1ee5fd5b229f36714a2018a8385f1592a2dbc3dd4e6461cd9ab859df6def09d;0xcf888031259c9c8ec25b865e903084a7825e019d590575f17b9dbec49acd2011,dataset trading-pair role plus the same ABI-resolved swap entry point executed by attacker-side and victim transactions,not_established
cisbl7-30ffa59c1950356250a9ef4e,sandwich,0x8bb9cd887dd51c5aa8d7da9e244c94bec035e47c,UniswapV3Pool,True,observed_ordering_target,trace_confirmed,0x128acb08,"swap(address,bool,int256,uint160,bytes)",2,1,0x1a51887bc4f30262f3d348c1b6f8919ce55136c2e9bafceb226b7106be0a4e77;0xc1ee5fd5b229f36714a2018a8385f1592a2dbc3dd4e6461cd9ab859df6def09d;0xcf888031259c9c8ec25b865e903084a7825e019d590575f17b9dbec49acd2011,dataset trading-pair role plus the same ABI-resolved swap entry point executed by attacker-side and victim transactions,not_established
cisbl7-30ffa59c1950356250a9ef4e,sandwich,0xcaa004418eb42cdf00cb057b7c9e28f0ffd840a5,JamUniswapV2Pair,True,observed_ordering_target,trace_confirmed,0x022c0d9f,"swap(uint256,uint256,address,bytes)",2,1,0xc1ee5fd5b229f36714a2018a8385f1592a2dbc3dd4e6461cd9ab859df6def09d;0xcf888031259c9c8ec25b865e903084a7825e019d590575f17b9dbec49acd2011,dataset trading-pair role plus the same ABI-resolved swap entry point executed by attacker-side and victim transactions,not_established
cisbl7-33ae60fc0c1df4419d4b8de3,sandwich,0x11b815efb8f581194ae79006d24e0d814b7697f6,UniswapV3Pool,True,observed_ordering_target,trace_confirmed,0x128acb08,"swap(address,bool,int256,uint160,bytes)",2,2,0x851dbd929b68c0c9b72aa62fb09a19cf7b621be14425b24dbfa4628f94ca3bc2;0x8c7a42d27571dd38fa253a5338e2a998baa5e45f08a923be555a4799070b45c3;0xc107633f95805aab30220c4ab92ee9f2ce61f8ad9aeac6dea67c6fb0d44edb7d;0xd1fa30398889549a365b0edefb2a3ddefcf9fccce9d1b43c7555f5664514a6a7,dataset trading-pair role plus the same ABI-resolved swap entry point executed by attacker-side and victim transactions,not_established
cisbl7-33ae60fc0c1df4419d4b8de3,sandwich,0x308c6fbd6a14881af333649f17f2fde9cd75e2a6,UniswapV2Pair,True,observed_ordering_target,trace_confirmed,0x022c0d9f,"swap(uint256,uint256,address,bytes)",2,1,0x8c7a42d27571dd38fa253a5338e2a998baa5e45f08a923be555a4799070b45c3;0xd1fa30398889549a365b0edefb2a3ddefcf9fccce9d1b43c7555f5664514a6a7,dataset trading-pair role plus the same ABI-resolved swap entry point executed by attacker-side and victim transactions,not_established
cisbl7-343f9fd4adf5e694c495ba1b,sandwich,0xb15ea9b9140e3f26e543ca302a447ce6e0f0f858,UniswapV3Pool,True,observed_ordering_target,trace_confirmed,0x128acb08,"swap(address,bool,int256,uint160,bytes)",2,1,0x4bad7370829933e365cc1efcc91ab384c60605c03ef1ac50b2590be9f632b5c4;0x8bbebabfb4a50c3990ce3ad1d7f7370c40f47777c2c9b995a04a994e7eef4982,dataset trading-pair role plus the same ABI-resolved swap entry point executed by attacker-side and victim transactions,not_established
cisbl7-343f9fd4adf5e694c495ba1b,sandwich,0xbf16540c857b4e32ce6c37d2f7725c8eec869b8b,UniswapV2Pair,True,observed_ordering_target,trace_confirmed,0x022c0d9f,"swap(uint256,uint256,address,bytes)",2,1,0x4bad7370829933e365cc1efcc91ab384c60605c03ef1ac50b2590be9f632b5c4;0x8bbebabfb4a50c3990ce3ad1d7f7370c40f47777c2c9b995a04a994e7eef4982;0xdd8fd1463e28f90f6c9924cd6ca17736c5c5b2275c19949a062e983122ef2d3e,dataset trading-pair role plus the same ABI-resolved swap entry point executed by attacker-side and victim transactions,not_established
cisbl7-353b6340d24ee9c7cc70bb65,sandwich,0xa5d1ee5c5380af8454d76bb5fd40d0b3c612762d,UniswapV2Pair,True,observed_ordering_target,trace_confirmed,0x022c0d9f,"swap(uint256,uint256,address,bytes)",2,1,0xc3b834d31fa33a84c41ff9a696aabbdad9c1a70db6b4c77ed10b26d2a04a7b93,dataset trading-pair role plus the same ABI-resolved swap entry point executed by attacker-side and victim transactions,not_established
cisbl7-353b6340d24ee9c7cc70bb65,sandwich,0xc7bbec68d12a0d1830360f8ec58fa599ba1b0e9b,UniswapV3Pool,True,observed_ordering_target,trace_confirmed,0x128acb08,"swap(address,bool,int256,uint160,bytes)",2,1,,dataset trading-pair role plus the same ABI-resolved swap entry point executed by attacker-side and victim transactions,not_established
cisbl7-353b6340d24ee9c7cc70bb65,sandwich,0xe0554a476a092703abdb3ef35c80e0d76d32939f,UniswapV3Pool,True,observed_ordering_target,trace_confirmed,0x128acb08,"swap(address,bool,int256,uint160,bytes)",2,1,0x9cde721c394edf506b8818d6d56fde360cf2521530990120a5f2b59df97298a7,dataset trading-pair role plus the same ABI-resolved swap entry point executed by attacker-side and victim transactions,not_established
cisbl7-35cea36e215936634b26371d,sandwich,0xc7bbec68d12a0d1830360f8ec58fa599ba1b0e9b,UniswapV3Pool,True,observed_ordering_target,trace_confirmed,0x128acb08,"swap(address,bool,int256,uint160,bytes)",2,1,0x6e4cc13176bd34f97deec77212bd83ddcfe6198e6da464457bb58acdcca9e94f;0x872cd0d310997a0b61a86b73286cefe44544527439cf14f13400656cfc6d2e76;0xf20447e9ebb2e987f5f518b2370adee00d884b770674daba49494e92fd1fac22,dataset trading-pair role plus the same ABI-resolved swap entry point executed by attacker-side and victim transactions,not_established
cisbl7-35cea36e215936634b26371d,sandwich,0xe0554a476a092703abdb3ef35c80e0d76d32939f,UniswapV3Pool,True,observed_ordering_target,trace_confirmed,0x128acb08,"swap(address,bool,int256,uint160,bytes)",2,1,0x6e4cc13176bd34f97deec77212bd83ddcfe6198e6da464457bb58acdcca9e94f;0xba18d95444f7fd70df15634c82881863e80f56a25ef9efade4b60f0404ebc2a8;0xf20447e9ebb2e987f5f518b2370adee00d884b770674daba49494e92fd1fac22,dataset trading-pair role plus the same ABI-resolved swap entry point executed by attacker-side and victim transactions,not_established
cisbl7-3e2ad35e5a314e5746b1c536,sandwich,0xbbbdb106a806173d1eea1640961533ff3114d69a,UniswapV2Pair,True,observed_ordering_target,trace_confirmed,0x022c0d9f,"swap(uint256,uint256,address,bytes)",2,1,0x1f1db9471db20ffa42aef92012b325a32c0904d9b17747041db91bdbd25a336f;0x375c081bd26ecc80f4f25c022704e894353e6d2353ff1e167b5f19dd9388936b;0xa0ff9a69b5ffa3474864934d2b58e7caae0aabbf0d8aa78ce60bddef9728dcbc,dataset trading-pair role plus the same ABI-resolved swap entry point executed by attacker-side and victim transactions,not_established
cisbl7-3e2ad35e5a314e5746b1c536,sandwich,0xc7bbec68d12a0d1830360f8ec58fa599ba1b0e9b,UniswapV3Pool,True,observed_ordering_target,trace_confirmed,0x128acb08,"swap(address,bool,int256,uint160,bytes)",2,1,0x375c081bd26ecc80f4f25c022704e894353e6d2353ff1e167b5f19dd9388936b;0x8c5ece474ccc07e11e18c7cc5a889bc0d46a16ca9b33d6b9879802f1b4a55c95;0xa0ff9a69b5ffa3474864934d2b58e7caae0aabbf0d8aa78ce60bddef9728dcbc,dataset trading-pair role plus the same ABI-resolved swap entry point executed by attacker-side and victim transactions,not_established
cisbl7-3e2ad35e5a314e5746b1c536,sandwich,0xf1101dc04eff6673d5e7c427970d3799befcea9b,UniswapV2Pair,True,observed_ordering_target,trace_confirmed,0x022c0d9f,"swap(uint256,uint256,address,bytes)",2,1,0x1e71c5ce003041696ae25e89c75350aede368ccc189eee5c0d3b7356f6cc6a30;0x375c081bd26ecc80f4f25c022704e894353e6d2353ff1e167b5f19dd9388936b;0xa0ff9a69b5ffa3474864934d2b58e7caae0aabbf0d8aa78ce60bddef9728dcbc,dataset trading-pair role plus the same ABI-resolved swap entry point executed by attacker-side and victim transactions,not_established
cisbl7-3e41ceaf0e5847aff69c4872,sandwich,0x3ebec0a1b4055c8d1180fce64db2a8c068170880,UniswapV3Pool,True,observed_ordering_target,trace_confirmed,0x128acb08,"swap(address,bool,int256,uint160,bytes)",2,2,0x312bac74da590f0d537274a904f6632683029f65e1375068c80493a0671d3813;0x3a49ee7ee368f3e10c8d3dde04fa9de394d010bd2a59a78e84c170d52c0dff21;0xa26fc79e46b92c4869c13715844be942cd9d39496d3a555a858165a1eb8d0f92;0xf2c4b0e5a07763437d4d2e72418d6ce8130eb000f1a02c6d8e989fd64f4ffdc2,dataset trading-pair role plus the same ABI-resolved swap entry point executed by attacker-side and victim transactions,not_established
cisbl7-3e41ceaf0e5847aff69c4872,sandwich,0xb10302fc8bd7653d03e0add6083262d4b67bb247,UniswapV2Pair,True,observed_ordering_target,trace_confirmed,0x022c0d9f,"swap(uint256,uint256,address,bytes)",2,1,0xa26fc79e46b92c4869c13715844be942cd9d39496d3a555a858165a1eb8d0f92;0xce4c3c4f54d86641197a80975326bdaeebe55eddb19babfe726bbfa05b17f25e;0xf2c4b0e5a07763437d4d2e72418d6ce8130eb000f1a02c6d8e989fd64f4ffdc2,dataset trading-pair role plus the same ABI-resolved swap entry point executed by attacker-side and victim transactions,not_established
cisbl7-3e75402bc6396072161992de,sandwich,0xd293d05e83035a757d510e2a5ebfe705c4f05b1f,UniswapV2Pair,True,observed_ordering_target,trace_confirmed,0x022c0d9f,"swap(uint256,uint256,address,bytes)",2,10,0x2cf2bb89d43103f1a9ed1d04a3156fa74546482059d7e5d6010feb1c9a889a79;0x3b84601c20c51ea640a8628b9ce9b2c0663854af5541aaa3b66fe38060da5954;0x3bb75bd7b1a54179f27cc3ea25196442d290170361476b32c868ec482ffbcf01;0x3fe667763d70caac0301858b272cc82cc84080e623e00afdf5ba48a3d3329d6c;0x59532f8dbd84582fb77e3cae54854573b3a5535a594d28abcf71fa543ab5e825;0x6519b064b626d1440b45e3c8dc41fa787147b725da7723c60920f62744c6e31b;0x8cf0aaf9fc2a9a72c03e149b9e5abb813936a9544482f305b042ad804d912dde;0x8daf8fd1093f0f8a18c5632648d08fb1fae04289e0818801eb17e689af45a0e0;0x8e00f325299efba46c0eb0476e3412592194fb309ac8895d59acba1b8f8c2430;0xb0df7790f3f4e314eb55f1ff5bbb4918476636eaf3b8aabb051edf61b1cc82f3,dataset trading-pair role plus the same ABI-resolved swap entry point executed by attacker-side and victim transactions,not_established
cisbl7-3ec03ec4d489ffb680b30ae5,sandwich,0x0b07188b12e3bba6a680e553e23c4079e98a034b,UniswapV2Pair,True,observed_ordering_target,trace_confirmed,0x022c0d9f,"swap(uint256,uint256,address,bytes)",2,1,0x3aca943f26fe12f0bf86f3bf41450680e5595d5c772f4e77889378e5bf6bc8e9;0xbfeb94269242ce6a8d352f3e2fca9d36dbbc18704aed638faa00145749704406;0xda1347ba535269c292c21a8b9da54c7a11399e4506506ed932caadc4424c1917,dataset trading-pair role plus the same ABI-resolved swap entry point executed by attacker-side and victim transactions,not_established
cisbl7-3ec03ec4d489ffb680b30ae5,sandwich,0x4585fe77225b41b697c938b018e2ac67ac5a20c0,UniswapV3Pool,True,observed_ordering_target,trace_confirmed,0x128acb08,"swap(address,bool,int256,uint160,bytes)",2,1,0x6197dfd348852da9fe37414c3fc1fbe5a3febacc4c863b1778d99af70b0a1f74;0xbfeb94269242ce6a8d352f3e2fca9d36dbbc18704aed638faa00145749704406;0xda1347ba535269c292c21a8b9da54c7a11399e4506506ed932caadc4424c1917,dataset trading-pair role plus the same ABI-resolved swap entry point executed by attacker-side and victim transactions,not_established
cisbl7-3ec03ec4d489ffb680b30ae5,sandwich,0x6591c4bcd6d7a1eb4e537da8b78676c1576ba244,UniswapV2Pair,True,observed_ordering_target,trace_confirmed,0x022c0d9f,"swap(uint256,uint256,address,bytes)",4,1,0x6f21c8e0afbf4afc2e4cab10885bb70805e01ad877e2c79bb15676e5c4da8764;0xbfeb94269242ce6a8d352f3e2fca9d36dbbc18704aed638faa00145749704406;0xda1347ba535269c292c21a8b9da54c7a11399e4506506ed932caadc4424c1917,dataset trading-pair role plus the same ABI-resolved swap entry point executed by attacker-side and victim transactions,not_established
cisbl7-3ec03ec4d489ffb680b30ae5,sandwich,0xf0d417fc9fb2f1b6efe51b39db7ed60117dcd2e6,UniswapV2Pair,True,observed_ordering_target,trace_confirmed,0x022c0d9f,"swap(uint256,uint256,address,bytes)",2,1,0x45f70a2e50286fbd2806de66f9d9c8aa2cfbde0096513477baf3fb2c524275fb;0xbfeb94269242ce6a8d352f3e2fca9d36dbbc18704aed638faa00145749704406;0xda1347ba535269c292c21a8b9da54c7a11399e4506506ed932caadc4424c1917,dataset trading-pair role plus the same ABI-resolved swap entry point executed by attacker-side and victim transactions,not_established
cisbl7-41455cf30e59a0fee219ed54,sandwich,0x504393f35e3cf04977845e183841d8e4ec0ef6b3,YouSwapPair,True,observed_ordering_target,trace_confirmed,0x022c0d9f,"swap(uint256,uint256,address,bytes)",2,1,0xa382da68aa588cdbe9e830e0020946e6a067a6105ebc087be4408fe5f2e6dc13;0xcdb38651413a3f1a40a7cbffb6e038d71ee9d078be15525a8349a2511ee9a131;0xf4a50bb4118c8691b95d10dcd28a5fee1c73f8088df2ed72f50106d715d08637,dataset trading-pair role plus the same ABI-resolved swap entry point executed by attacker-side and victim transactions,not_established
cisbl7-41455cf30e59a0fee219ed54,sandwich,0xb699853be792ce85a4fab963e772648f6dd28315,UniswapV2Pair,True,observed_ordering_target,trace_confirmed,0x022c0d9f,"swap(uint256,uint256,address,bytes)",2,1,0xa382da68aa588cdbe9e830e0020946e6a067a6105ebc087be4408fe5f2e6dc13;0xc73951d4e34e97f9b8b0efa93b95b8548ee94542705086429a4b7fe764293c2d;0xcdb38651413a3f1a40a7cbffb6e038d71ee9d078be15525a8349a2511ee9a131,dataset trading-pair role plus the same ABI-resolved swap entry point executed by attacker-side and victim transactions,not_established
cisbl7-44fed7f05fa6f1cd5af0834c,sandwich,0x5694a92a69775a010e65d610d78b9eaf950c897e,UniswapV2Pair,True,observed_ordering_target,trace_confirmed,0x022c0d9f,"swap(uint256,uint256,address,bytes)",2,1,0x3e8b86d7b89e89a6d1b2accd2b824637ff8ec8a20fe3b1519b4a814eb59c6ff1;0xaca032e41a79532ed880250d430eeaa71bb0a27a57ddf3beb8eb78066781812e;0xee318d322019885dd39728eb57d4b1b35fb8b5f59637ab6dd2fb49f30b3c7cd4,dataset trading-pair role plus the same ABI-resolved swap entry point executed by attacker-side and victim transactions,not_established
cisbl7-44fed7f05fa6f1cd5af0834c,sandwich,0x6c2b8b3f7a909531c4c55ca6a0a7c3ab65e8d94a,UniswapV2Pair,True,observed_ordering_target,trace_confirmed,0x022c0d9f,"swap(uint256,uint256,address,bytes)",2,1,0x3ca40d4d69a92e9bfd55e7f6bd1b37ab6e15873a057240d7355a771cc08e201f;0x3e8b86d7b89e89a6d1b2accd2b824637ff8ec8a20fe3b1519b4a814eb59c6ff1;0xee318d322019885dd39728eb57d4b1b35fb8b5f59637ab6dd2fb49f30b3c7cd4,dataset trading-pair role plus the same ABI-resolved swap entry point executed by attacker-side and victim transactions,not_established
cisbl7-44fed7f05fa6f1cd5af0834c,sandwich,0xb0f4a77bde7fee134265307c5cc19abff0ba409b,UniswapV3Pool,True,observed_ordering_target,trace_confirmed,0x128acb08,"swap(address,bool,int256,uint160,bytes)",2,1,0x36019915c329687bef7b00fc46f3737635b1aadf027b86c30ff546d538a08af9;0x3e8b86d7b89e89a6d1b2accd2b824637ff8ec8a20fe3b1519b4a814eb59c6ff1;0xee318d322019885dd39728eb57d4b1b35fb8b5f59637ab6dd2fb49f30b3c7cd4,dataset trading-pair role plus the same ABI-resolved swap entry point executed by attacker-side and victim transactions,not_established
cisbl7-44fed7f05fa6f1cd5af0834c,sandwich,0xd12c3f807f5b84372b5660eb4eb55702b0ab7097,UniswapV2Pair,True,observed_ordering_target,trace_confirmed,0x022c0d9f,"swap(uint256,uint256,address,bytes)",2,1,0x3e8b86d7b89e89a6d1b2accd2b824637ff8ec8a20fe3b1519b4a814eb59c6ff1;0xb12183e1ca2e859fe366e247cdf553982788aac77531c2e60c9a6fc1d37e2a2e;0xee318d322019885dd39728eb57d4b1b35fb8b5f59637ab6dd2fb49f30b3c7cd4,dataset trading-pair role plus the same ABI-resolved swap entry point executed by attacker-side and victim transactions,not_established
cisbl7-44fed7f05fa6f1cd5af0834c,sandwich,0xebfb684dd2b01e698ca6c14f10e4f289934a54d6,UniswapV2Pair,True,observed_ordering_target,trace_confirmed,0x022c0d9f,"swap(uint256,uint256,address,bytes)",2,1,0x3e8b86d7b89e89a6d1b2accd2b824637ff8ec8a20fe3b1519b4a814eb59c6ff1;0xa9b00304129054e8747610fde8640f2b169049e1f04b061a5ab00b98b7a3a498;0xee318d322019885dd39728eb57d4b1b35fb8b5f59637ab6dd2fb49f30b3c7cd4,dataset trading-pair role plus the same ABI-resolved swap entry point executed by attacker-side and victim transactions,not_established
cisbl7-45ef2a68665a7c1c3e82187d,sandwich,0xc7bbec68d12a0d1830360f8ec58fa599ba1b0e9b,UniswapV3Pool,True,observed_ordering_target,trace_confirmed,0x128acb08,"swap(address,bool,int256,uint160,bytes)",2,2,0x60c3d042ff0df31519aa2a06cc94648d9fdef2a4d86c60e5afb782002370affe;0x70e6e680876099462e5e729414993567cc55f5d124dc4d0344ae60a8d295204e;0xd47c5dfed46b01c9af223df0ac2b110d6783921a44b1c41390d2c515da32c85a,dataset trading-pair role plus the same ABI-resolved swap entry point executed by attacker-side and victim transactions,not_established
cisbl7-48a5f5f4909e3b9c414493a3,sandwich,0x553e9c493678d8606d6a5ba284643db2110df823,UniswapV3Pool,True,observed_ordering_target,trace_confirmed,0x128acb08,"swap(address,bool,int256,uint160,bytes)",2,2,0x73d78ec8e66ace218a92cb518c49e2e0958006fbb5e3d6bd34284caaeda4ac55;0xc3133ee72c013f30df239154c2ea841aca8df2f296ddd5a815e898be5e097286;0xedb552ac83481eb7bf8fbc104cfedb3bd238a3fe1ef54d2ffb53433eb49b2ad2,dataset trading-pair role plus the same ABI-resolved swap entry point executed by attacker-side and victim transactions,not_established
cisbl7-48a5f5f4909e3b9c414493a3,sandwich,0x6c1bcf1b99d9f0819459dad661795802d232437e,UniswapV3Pool,True,observed_ordering_target,trace_confirmed,0x128acb08,"swap(address,bool,int256,uint160,bytes)",2,1,0x73d78ec8e66ace218a92cb518c49e2e0958006fbb5e3d6bd34284caaeda4ac55;0xedb552ac83481eb7bf8fbc104cfedb3bd238a3fe1ef54d2ffb53433eb49b2ad2,dataset trading-pair role plus the same ABI-resolved swap entry point executed by attacker-side and victim transactions,not_established
cisbl7-491281feec3650376a576240,sandwich,0x15a8e38942f9e353bec8812763fb3c104c89ecf4,UniswapV2Pair,True,observed_ordering_target,trace_confirmed,0x022c0d9f,"swap(uint256,uint256,address,bytes)",2,1,0x89c9a02ec2a19ce2ffd4ba67258ef7149744d6be372386dfac897d6d79c04059;0xceadbedff04c5f6812d952b2eb00285fc92027b584356e31915ad12c7085285a;0xfa2bf8ca9bc15e89abff3e24a8f02fb076da75efa9fb69c1e3e8c3a65cb96279,dataset trading-pair role plus the same ABI-resolved swap entry point executed by attacker-side and victim transactions,not_established
cisbl7-491281feec3650376a576240,sandwich,0x778dcaa27e9c669a71c462b724a4e97fc4f1bcc5,UniswapV2Pair,True,observed_ordering_target,trace_confirmed,0x022c0d9f,"swap(uint256,uint256,address,bytes)",2,1,0x83f924aac161d8dc7cc17ad1b3d1694cc48ce98e9d3389d64fa9ca5f490131b2;0x89c9a02ec2a19ce2ffd4ba67258ef7149744d6be372386dfac897d6d79c04059;0xceadbedff04c5f6812d952b2eb00285fc92027b584356e31915ad12c7085285a,dataset trading-pair role plus the same ABI-resolved swap entry point executed by attacker-side and victim transactions,not_established
cisbl7-491281feec3650376a576240,sandwich,0xbbbdb106a806173d1eea1640961533ff3114d69a,UniswapV2Pair,True,observed_ordering_target,trace_confirmed,0x022c0d9f,"swap(uint256,uint256,address,bytes)",2,1,0x89c9a02ec2a19ce2ffd4ba67258ef7149744d6be372386dfac897d6d79c04059;0x9cf7c34c7bd73124a7e1bd1821981ca42424bb85d204e4962199967b82b53056;0xceadbedff04c5f6812d952b2eb00285fc92027b584356e31915ad12c7085285a,dataset trading-pair role plus the same ABI-resolved swap entry point executed by attacker-side and victim transactions,not_established
cisbl7-491281feec3650376a576240,sandwich,0xf1101dc04eff6673d5e7c427970d3799befcea9b,UniswapV2Pair,True,observed_ordering_target,trace_confirmed,0x022c0d9f,"swap(uint256,uint256,address,bytes)",2,1,0x89c9a02ec2a19ce2ffd4ba67258ef7149744d6be372386dfac897d6d79c04059;0xc6b3a21a49005482c384f446c65dec73757c33fcae2cf15d498779a768dae186;0xceadbedff04c5f6812d952b2eb00285fc92027b584356e31915ad12c7085285a,dataset trading-pair role plus the same ABI-resolved swap entry point executed by attacker-side and victim transactions,not_established
cisbl7-4964497932585fcc22c3272b,sandwich,0x18cd890f4e23422dc4aa8c2d6e0bd3f3bd8873d8,UniswapV2Pair,True,observed_ordering_target,trace_confirmed,0x022c0d9f,"swap(uint256,uint256,address,bytes)",2,1,0xcd3e7809d1aaf2cb181c21bf8b59e9fb34e244ed19c22d72bbd5e3e332596413;0xd3a3a6476d11e5ac3a0cc75e422ad993a4dd65784e6fb5d2bc87765a3f8ccede;0xd741c6110bb88d4340fe25dc2841354e3392f683a16dfc7b0047b35124e84cb5,dataset trading-pair role plus the same ABI-resolved swap entry point executed by attacker-side and victim transactions,not_established
cisbl7-4964497932585fcc22c3272b,sandwich,0x86fef14c27c78deaeb4349fd959caa11fc5b5d75,UniswapV2Pair,True,observed_ordering_target,trace_confirmed,0x022c0d9f,"swap(uint256,uint256,address,bytes)",2,1,0x91770b41d020822f3edc72d4819d77d27fde6d0d3e93491c9bf46fad4e2a140e;0xd3a3a6476d11e5ac3a0cc75e422ad993a4dd65784e6fb5d2bc87765a3f8ccede;0xd741c6110bb88d4340fe25dc2841354e3392f683a16dfc7b0047b35124e84cb5,dataset trading-pair role plus the same ABI-resolved swap entry point executed by attacker-side and victim transactions,not_established
cisbl7-4aca92f1cdc377a268dca67f,sandwich,0x203cb9b58a5ad9e3c5eda27277ef906bdff0395c,UniswapV3Pool,True,observed_ordering_target,trace_confirmed,0x128acb08,"swap(address,bool,int256,uint160,bytes)",2,1,0x6936a7891058f17c0dc74ce85859f7f42e24864a1e5af89da74371363c63386f;0xe11151ca6ef18b9a7b510ab4f5f91ad4abe794267e176117c3299aabb2fd1f2b;0xec3f514faffe0f0b3bd48bb098a6b8995f90721de9bfa7fa88c44c356096132f,dataset trading-pair role plus the same ABI-resolved swap entry point executed by attacker-side and victim transactions,not_established
cisbl7-4aca92f1cdc377a268dca67f,sandwich,0x80d4c1f8c46ed2ae84d489d5da1df1f9651c3396,UniswapV2Pair,True,observed_ordering_target,trace_confirmed,0x022c0d9f,"swap(uint256,uint256,address,bytes)",2,1,0x6c89611370169df5a1963c0b854f21e20b268a1a4a51925418765a73727f8080;0xe11151ca6ef18b9a7b510ab4f5f91ad4abe794267e176117c3299aabb2fd1f2b;0xec3f514faffe0f0b3bd48bb098a6b8995f90721de9bfa7fa88c44c356096132f,dataset trading-pair role plus the same ABI-resolved swap entry point executed by attacker-side and victim transactions,not_established
cisbl7-4aca92f1cdc377a268dca67f,sandwich,0xa1444ac5b8ac4f20f748558fe4e848087f528e00,UniswapV2Pair,True,observed_ordering_target,trace_confirmed,0x022c0d9f,"swap(uint256,uint256,address,bytes)",2,1,0xe11151ca6ef18b9a7b510ab4f5f91ad4abe794267e176117c3299aabb2fd1f2b;0xec3f514faffe0f0b3bd48bb098a6b8995f90721de9bfa7fa88c44c356096132f;0xf377b4404d52b4273257e65a56f159c32d7887994b750eb641c8bfaa1cf37a90,dataset trading-pair role plus the same ABI-resolved swap entry point executed by attacker-side and victim transactions,not_established
cisbl7-4aca92f1cdc377a268dca67f,sandwich,0xe0554a476a092703abdb3ef35c80e0d76d32939f,UniswapV3Pool,True,observed_ordering_target,trace_confirmed,0x128acb08,"swap(address,bool,int256,uint160,bytes)",2,2,0xced4fa2ed72924817a918eb6b194e0f04114b3b9b9a56826c5eb9dc4e20214fd;0xe11151ca6ef18b9a7b510ab4f5f91ad4abe794267e176117c3299aabb2fd1f2b;0xe7b9b09318564a5bd9da51423c19adb408483e47d503f14985a1f8a063b05576;0xec3f514faffe0f0b3bd48bb098a6b8995f90721de9bfa7fa88c44c356096132f,dataset trading-pair role plus the same ABI-resolved swap entry point executed by attacker-side and victim transactions,not_established
cisbl7-4c531c55ac0a6baf6e010e50,sandwich,0x725ac420e440ca6fb180894bfd03e8cadf514bd9,UniswapV2Pair,True,observed_ordering_target,trace_confirmed,0x022c0d9f,"swap(uint256,uint256,address,bytes)",2,1,0x3d1864f0575970e90ed2f40eee770067a858c81a76b738efe554bc8e9b4d2296;0x50fe03dfaf872e76b7df6cb08e5480041d1e57c16b6c8cfe6060d7e0fc478090,dataset trading-pair role plus the same ABI-resolved swap entry point executed by attacker-side and victim transactions,not_established
cisbl7-4c531c55ac0a6baf6e010e50,sandwich,0xd300c31a23c2300c601a44da8e3df36c4e1b78c5,UniswapV2Pair,True,observed_ordering_target,trace_confirmed,0x022c0d9f,"swap(uint256,uint256,address,bytes)",2,1,0x2395080b1f919e4513e8b07b6e24dd63e9c64d08ae4d784c63af152a26ee04d2;0x50fe03dfaf872e76b7df6cb08e5480041d1e57c16b6c8cfe6060d7e0fc478090,dataset trading-pair role plus the same ABI-resolved swap entry point executed by attacker-side and victim transactions,not_established
cisbl7-4c531c55ac0a6baf6e010e50,sandwich,0xd6e420f6b1c4035ffd566963301b92067a8c34cd,UniswapV3Pool,True,observed_ordering_target,trace_confirmed,0x128acb08,"swap(address,bool,int256,uint160,bytes)",2,1,0x50fe03dfaf872e76b7df6cb08e5480041d1e57c16b6c8cfe6060d7e0fc478090;0x7660db6f8056d9ada0b936764418b567b6d336709879fa1796110937508db945,dataset trading-pair role plus the same ABI-resolved swap entry point executed by attacker-side and victim transactions,not_established
cisbl7-50242df30e5d91e923dc773a,sandwich,0xc7bbec68d12a0d1830360f8ec58fa599ba1b0e9b,UniswapV3Pool,True,observed_ordering_target,trace_confirmed,0x128acb08,"swap(address,bool,int256,uint160,bytes)",2,3,0x41e3d33a47161543e0543935e5b939964560a1880f0c7058859a34429cd53a89;0x7beea299860fe5daf9d56e191d0c666b6fb9d2a53ae7b1b06ab2d31fb6c5d1e5;0x7da88d6a525ac02d97745f4c877590303012f1e4be3ad29051e6bf2e03fd37be;0x95411a687cfe49be783e2504ce89ba734c36cf710ae23c4603e69783563e046a,dataset trading-pair role plus the same ABI-resolved swap entry point executed by attacker-side and victim transactions,not_established
cisbl7-51224b71c4fc2393379d8a29,sandwich,0x2bbf5243e49e8f0025988754dac6620ab0d3e162,UniswapV2Pair,True,observed_ordering_target,trace_confirmed,0x022c0d9f,"swap(uint256,uint256,address,bytes)",2,1,0x3e17f774a47191876add14de5f0199870c55ed976529f8dcb541e58de39f63aa;0x54bd7558e5403eca2fd8232ec653cbcec942a2f57296e8764e94501fe25b8a0f;0xb5cca04d32fd671778bd127db8efe4f1d2dc2f98bd67b3d96303231a8d58aced,dataset trading-pair role plus the same ABI-resolved swap entry point executed by attacker-side and victim transactions,not_established
cisbl7-51224b71c4fc2393379d8a29,sandwich,0x498498fa386ef2860e7abf8c60254580c8c41ec5,UniswapV3Pool,True,observed_ordering_target,trace_confirmed,0x128acb08,"swap(address,bool,int256,uint160,bytes)",4,1,0x54bd7558e5403eca2fd8232ec653cbcec942a2f57296e8764e94501fe25b8a0f;0xb5cca04d32fd671778bd127db8efe4f1d2dc2f98bd67b3d96303231a8d58aced;0xc0c95aa4ae01790db20d7554a69ea533ef2368d5a456d4e570a1287d2df0bce9,dataset trading-pair role plus the same ABI-resolved swap entry point executed by attacker-side and victim transactions,not_established
cisbl7-51224b71c4fc2393379d8a29,sandwich,0x85673c92f0f27a9c4d8c221f6bfefa33b716338a,UniswapV2Pair,True,observed_ordering_target,trace_confirmed,0x022c0d9f,"swap(uint256,uint256,address,bytes)",2,1,0x54bd7558e5403eca2fd8232ec653cbcec942a2f57296e8764e94501fe25b8a0f;0xb5cca04d32fd671778bd127db8efe4f1d2dc2f98bd67b3d96303231a8d58aced;0xecca160fdf48cf3e3eeeca1d3f7bccb0b849df4bb3eb7d68ee31cd4e94bcbcb4,dataset trading-pair role plus the same ABI-resolved swap entry point executed by attacker-side and victim transactions,not_established
cisbl7-51224b71c4fc2393379d8a29,sandwich,0xe092769bc1fa5262d4f48353f90890dcc339bf80,UniswapV3Pool,True,observed_ordering_target,trace_confirmed,0x128acb08,"swap(address,bool,int256,uint160,bytes)",3,1,0x54bd7558e5403eca2fd8232ec653cbcec942a2f57296e8764e94501fe25b8a0f;0xb5cca04d32fd671778bd127db8efe4f1d2dc2f98bd67b3d96303231a8d58aced;0xf788d998ed6da8dffe7b5d8e24f43c9303c046b827bc0a65d7b47fa977d95c61,dataset trading-pair role plus the same ABI-resolved swap entry point executed by attacker-side and victim transactions,not_established
cisbl7-51224b71c4fc2393379d8a29,sandwich,0xe4e86c6805884736c0faea1e559c51f37da15812,UniswapV3Pool,True,observed_ordering_target,trace_confirmed,0x128acb08,"swap(address,bool,int256,uint160,bytes)",2,1,0x54bd7558e5403eca2fd8232ec653cbcec942a2f57296e8764e94501fe25b8a0f;0x6de82f4121c9641949bd3f1f826c16c89069b5b12e5cac019d96285a6c0b6d47;0xb5cca04d32fd671778bd127db8efe4f1d2dc2f98bd67b3d96303231a8d58aced,dataset trading-pair role plus the same ABI-resolved swap entry point executed by attacker-side and victim transactions,not_established
cisbl7-531789fe50f134f0267f7c30,sandwich,0x1385fc1fe0418ea0b4fcf7adc61fc7535ab7f80d,UniswapV3Pool,True,observed_ordering_target,trace_confirmed,0x128acb08,"swap(address,bool,int256,uint160,bytes)",2,1,0x96816ff5508d901ba369baaf73235f6dc35838441d2cdb04c74a04ea9e1b2268;0xca5cf1e4afa807391893b93d8973481c444eb9134d69de6cbd3ee1ec0d6990be;0xdc18567a1ddc6b922771d1795819ba3839782c41cd962df02109a996bb23e5e1,dataset trading-pair role plus the same ABI-resolved swap entry point executed by attacker-side and victim transactions,not_established
cisbl7-531789fe50f134f0267f7c30,sandwich,0xa37331ed1fe0394ef4ac11a19b084661f693c547,UniswapV3Pool,True,observed_ordering_target,trace_confirmed,0x128acb08,"swap(address,bool,int256,uint160,bytes)",2,3,0x41d7d2fa1960422bc073c24a10f2819981e2943c05df989abaf1d31a09afc6fc;0xc5c75bd7d19a4d4f668748e4ddbabbfc692697d2a433aec0da2461ffa7732ec6;0xca5cf1e4afa807391893b93d8973481c444eb9134d69de6cbd3ee1ec0d6990be;0xdc18567a1ddc6b922771d1795819ba3839782c41cd962df02109a996bb23e5e1;0xff68a537bbaad1d4e305bfdbdf4182c85a53f7aea790565080db6952bdebea0a,dataset trading-pair role plus the same ABI-resolved swap entry point executed by attacker-side and victim transactions,not_established
cisbl7-54a1435ee389111fbbb2ffab,sandwich,0xa6a21fce6220f9c4c4e4f5e5e2653bfe73470c76,UniswapV2Pair,True,observed_ordering_target,trace_confirmed,0x022c0d9f,"swap(uint256,uint256,address,bytes)",2,1,0x89a116346a6e587609b525ad9056444c5fb0ca04b6b77439cf52ac26e8a4d515;0xb96f5eb3b2c356b21e3399b9959e73c8423f3fe4b0f502f0e113acf30c180c61;0xbc7e7d00cc4e42471513904938f9420e1a330145990ca4c3213656dcd8420b3c,dataset trading-pair role plus the same ABI-resolved swap entry point executed by attacker-side and victim transactions,not_established
cisbl7-54a1435ee389111fbbb2ffab,sandwich,0xe0554a476a092703abdb3ef35c80e0d76d32939f,UniswapV3Pool,True,observed_ordering_target,trace_confirmed,0x128acb08,"swap(address,bool,int256,uint160,bytes)",2,1,0x89a116346a6e587609b525ad9056444c5fb0ca04b6b77439cf52ac26e8a4d515;0xbc7e7d00cc4e42471513904938f9420e1a330145990ca4c3213656dcd8420b3c;0xe38555ca743f4ae30f2a40c5c2744353ee269d21c04e5c91d05d8ce699a9d78f,dataset trading-pair role plus the same ABI-resolved swap entry point executed by attacker-side and victim transactions,not_established
cisbl7-54a1435ee389111fbbb2ffab,sandwich,0xf44876dbfa10609fcdd68cb4122c3a6e1d4acd8f,UniswapV3Pool,True,observed_ordering_target,trace_confirmed,0x128acb08,"swap(address,bool,int256,uint160,bytes)",2,1,0x57741abc0501cab1ec104620740b9ad4cd9894edc4ed9a8e4bb6d515256c7454;0x89a116346a6e587609b525ad9056444c5fb0ca04b6b77439cf52ac26e8a4d515;0xbc7e7d00cc4e42471513904938f9420e1a330145990ca4c3213656dcd8420b3c,dataset trading-pair role plus the same ABI-resolved swap entry point executed by attacker-side and victim transactions,not_established
cisbl7-567a059dbf6e80f2143f1d82,sandwich,0x6cb687c64678c6de7d37d70985191faf11e9fc9d,UniswapV2Pair,True,observed_ordering_target,trace_confirmed,0x022c0d9f,"swap(uint256,uint256,address,bytes)",2,1,0xb64527c9feb2220f51fd9b156666679acfa97170d279d4810c2baf1473de33d6;0xf40cf0f6c05f05426f1e5fbc643713eb23eac1741b1c07c0bc7336e1f806083b,dataset trading-pair role plus the same ABI-resolved swap entry point executed by attacker-side and victim transactions,not_established
cisbl7-567a059dbf6e80f2143f1d82,sandwich,0x779d8c94342324fcf40af55aeae44a1e654c2550,UniswapV3Pool,True,observed_ordering_target,trace_confirmed,0x128acb08,"swap(address,bool,int256,uint160,bytes)",2,1,0xb64527c9feb2220f51fd9b156666679acfa97170d279d4810c2baf1473de33d6;0xf40cf0f6c05f05426f1e5fbc643713eb23eac1741b1c07c0bc7336e1f806083b,dataset trading-pair role plus the same ABI-resolved swap entry point executed by attacker-side and victim transactions,not_established
cisbl7-594b2fe82e8fcc81f83ddede,sandwich,0x11335d5909f3181b77cc942efb9e9f432d617a2b,UniswapV2Pair,True,observed_ordering_target,trace_confirmed,0x022c0d9f,"swap(uint256,uint256,address,bytes)",2,1,0x99359c4bc73e5a8e494e6273d8c730fad0cf17479b98c6fc29109222aea63523;0x9db0cdd91c8ae31939c44b08d8f7d3e27082fa1494427450605bf6d2c73fe22a;0xf6de882a7ad00b0cbc1b89f52f65a38d4430ab40527cee84650384ee3760e12e,dataset trading-pair role plus the same ABI-resolved swap entry point executed by attacker-side and victim transactions,not_established
cisbl7-594b2fe82e8fcc81f83ddede,sandwich,0x3ebec0a1b4055c8d1180fce64db2a8c068170880,UniswapV3Pool,True,observed_ordering_target,trace_confirmed,0x128acb08,"swap(address,bool,int256,uint160,bytes)",2,3,0x22c16309aee727c4b4a80c58095e0134275378297a524a5f799303a524d1d335;0x41acc00885e97072647bf14ba983a18b8c279d5ba407a1454ded11b5a8841310;0x99359c4bc73e5a8e494e6273d8c730fad0cf17479b98c6fc29109222aea63523;0xea632f9745af4587d87e3be409cf8b8fedf1735b77a8cf5cb543f71859e2d540;0xf6de882a7ad00b0cbc1b89f52f65a38d4430ab40527cee84650384ee3760e12e,dataset trading-pair role plus the same ABI-resolved swap entry point executed by attacker-side and victim transactions,not_established
cisbl7-594b2fe82e8fcc81f83ddede,sandwich,0x85611e73a4d6ef11dd90029b7b0606714775ab72,UniswapV2Pair,True,observed_ordering_target,trace_confirmed,0x022c0d9f,"swap(uint256,uint256,address,bytes)",2,1,0x2fd5df161fbc210aa5b9ee6f289455afcfdbdeabeec0cb2f1408686218a1ba42;0x99359c4bc73e5a8e494e6273d8c730fad0cf17479b98c6fc29109222aea63523;0xf6de882a7ad00b0cbc1b89f52f65a38d4430ab40527cee84650384ee3760e12e,dataset trading-pair role plus the same ABI-resolved swap entry point executed by attacker-side and victim transactions,not_established
cisbl7-5a87351a5ee501ee98e4ae80,sandwich,0x725ac420e440ca6fb180894bfd03e8cadf514bd9,UniswapV2Pair,True,observed_ordering_target,trace_confirmed,0x022c0d9f,"swap(uint256,uint256,address,bytes)",2,1,0x5cdd2b31aea00220fe082e2dcbd8df804afd591f45fd0badd7a94e01403dacd7;0x7b12d13bf6c0f55dbc671af97fecdf0c0af970e4bcf15cb5f5c3a692f7514eba;0xad50eafd06551d82ba391c06c78b55452047aa86815bcea8e90736487334a056,dataset trading-pair role plus the same ABI-resolved swap entry point executed by attacker-side and victim transactions,not_established
cisbl7-5a87351a5ee501ee98e4ae80,sandwich,0xe0554a476a092703abdb3ef35c80e0d76d32939f,UniswapV3Pool,True,observed_ordering_target,trace_confirmed,0x128acb08,"swap(address,bool,int256,uint160,bytes)",2,1,0x5cdd2b31aea00220fe082e2dcbd8df804afd591f45fd0badd7a94e01403dacd7;0x7b12d13bf6c0f55dbc671af97fecdf0c0af970e4bcf15cb5f5c3a692f7514eba,dataset trading-pair role plus the same ABI-resolved swap entry point executed by attacker-side and victim transactions,not_established
cisbl7-5bcc3d27e99fa65b7838d8be,sandwich,0x35b88354c51613fe8857e02668c68e8c52161ba2,UniswapV3Pool,True,observed_ordering_target,trace_confirmed,0x128acb08,"swap(address,bool,int256,uint160,bytes)",2,1,0x428ad69fff219606d91da14fce2a1f565d3c29a991abf34e3d7f987f4dd28a81;0x6c2254cbe414732f162c3a11ec86922734598e6e410e3b34b2f6a8939faa648e;0xfbe188cff25c3624278e7c1c68f913d12adf6e60849d8278e944eaa9ecce998a,dataset trading-pair role plus the same ABI-resolved swap entry point executed by attacker-side and victim transactions,not_established
cisbl7-5bcc3d27e99fa65b7838d8be,sandwich,0x6220add83b8103bffe40218e658068288eda4ec1,UniswapV2Pair,True,observed_ordering_target,trace_confirmed,0x022c0d9f,"swap(uint256,uint256,address,bytes)",2,8,0x2d939208e7e730bdf9cda84c81aa2a575e1730bb7ce0b16fd6732c8c733c2c5a;0x428ad69fff219606d91da14fce2a1f565d3c29a991abf34e3d7f987f4dd28a81;0x557f03a34b8576bb7e3efb3231cac813cb11a1243df60081490be2ba8e4148b3;0x5e73054f6d12e72c7d7990150c0dfacf88fb2a7f7f4fee22b3fdc47d2336ac70;0x60ade150cc3c02ca89ca57637ebb42c76f7ec4f446537e6e9e41f3a6e14e3e25;0x995696d1809ac5ec2fa2669c6be5ec3256a80ca5c5954185b0cb1bc6ef6e373f;0xd5d0634ac23cdfc6c0ce627ef41615783b41d23a1d08688d5fc73ce9df663b79;0xfbe188cff25c3624278e7c1c68f913d12adf6e60849d8278e944eaa9ecce998a,dataset trading-pair role plus the same ABI-resolved swap entry point executed by attacker-side and victim transactions,not_established
cisbl7-5d50c97f95ae41fe012e999c,sandwich,0x6cbe748b2ee80c9edeb5e882f9be88871b5f15a8,UniswapV2Pair,True,observed_ordering_target,trace_confirmed,0x022c0d9f,"swap(uint256,uint256,address,bytes)",2,1,0x574ed4f5f725d9c66bf9d1ffa74027c37c6dc0f9f92bf4a77b342eee2084fea6;0xe06a72b43f864f0f7523100a59457e299b2123291ee118f8c473f7ddf06945a8,dataset trading-pair role plus the same ABI-resolved swap entry point executed by attacker-side and victim transactions,not_established
cisbl7-5d50c97f95ae41fe012e999c,sandwich,0x95f2610d0475d72e75bfcbd8bb7ecafe1f351b8d,UniswapV2Pair,True,observed_ordering_target,trace_confirmed,0x022c0d9f,"swap(uint256,uint256,address,bytes)",2,1,0x574ed4f5f725d9c66bf9d1ffa74027c37c6dc0f9f92bf4a77b342eee2084fea6;0xfde3cfc5d948e4508eff2cd7759af72b9a5656172828353b158b5622d009a1e6,dataset trading-pair role plus the same ABI-resolved swap entry point executed by attacker-side and victim transactions,not_established
cisbl7-5d50c97f95ae41fe012e999c,sandwich,0xd76d3bc1e2d5954de690cd9987cc073458ec0e0d,UniswapV2Pair,True,observed_ordering_target,trace_confirmed,0x022c0d9f,"swap(uint256,uint256,address,bytes)",2,1,0x574ed4f5f725d9c66bf9d1ffa74027c37c6dc0f9f92bf4a77b342eee2084fea6,dataset trading-pair role plus the same ABI-resolved swap entry point executed by attacker-side and victim transactions,not_established
cisbl7-5d50c97f95ae41fe012e999c,sandwich,0xdab143548832194c8f2677eba9830e0b453b37c6,UniswapV2Pair,True,observed_ordering_target,trace_confirmed,0x022c0d9f,"swap(uint256,uint256,address,bytes)",3,1,0x574ed4f5f725d9c66bf9d1ffa74027c37c6dc0f9f92bf4a77b342eee2084fea6;0x82c13aa7962c6fa8f572d1dfe62d38ebac1f5c4167c3ffd602cb90a317ab7694,dataset trading-pair role plus the same ABI-resolved swap entry point executed by attacker-side and victim transactions,not_established
cisbl7-5d7ba387deedf57520a15b1e,sandwich,0x14154c15fc0fd3f91de557a1b6fdd2059972cd0b,UniswapV3Pool,True,observed_ordering_target,trace_confirmed,0x128acb08,"swap(address,bool,int256,uint160,bytes)",2,2,0x4e550d4b51d46222f1e639cec7ce3a035a3839bd8b5756a8a667bade2113d62f;0xcc5e13ae39f66edabc4be5be77242d62d8f1e8f26539cf5887ceaa2bcd07ec45;0xcf6ca5922116fa0fbc3d27cb00aa97ee8cc58d5f509f5c019e8a860eed72748f;0xf23b09ead67ed60662ce4785ed5563afee6bfe6110ddcefa8d407467756ddeee,dataset trading-pair role plus the same ABI-resolved swap entry point executed by attacker-side and victim transactions,not_established
cisbl7-5d7ba387deedf57520a15b1e,sandwich,0x85503c60a699a518854385ca59f370d17722ebb0,UniswapV2Pair,True,observed_ordering_target,trace_confirmed,0x022c0d9f,"swap(uint256,uint256,address,bytes)",2,1,0x2e55ad84eceb5c7d81525a014cafc4c55d48b784af2e91af7481eb7e326d7065;0x4e550d4b51d46222f1e639cec7ce3a035a3839bd8b5756a8a667bade2113d62f;0xcc5e13ae39f66edabc4be5be77242d62d8f1e8f26539cf5887ceaa2bcd07ec45,dataset trading-pair role plus the same ABI-resolved swap entry point executed by attacker-side and victim transactions,not_established
cisbl7-5dcc6dff48d37d4c5e5b0f88,sandwich,0x29c699485f9f45bf164960927f8136b6a8720ad5,UniswapV2Pair,True,observed_ordering_target,trace_confirmed,0x022c0d9f,"swap(uint256,uint256,address,bytes)",2,1,0x34c177486877a809434fe52cb2499dc72161afb81e2d03698cd2c291c1be30b0;0x9e84e3af3bfc17c97fc486933661a50eb5748aba2be7d9abef937c7cd0768de1;0xed65d8bc4fde0f235ae0c6c5b19fa572ddc7cdcf1c3308745a1383ebcb4fcbc6,dataset trading-pair role plus the same ABI-resolved swap entry point executed by attacker-side and victim transactions,not_established
cisbl7-5dcc6dff48d37d4c5e5b0f88,sandwich,0x9a772018fbd77fcd2d25657e5c547baff3fd7d16,UniswapV3Pool,True,observed_ordering_target,trace_confirmed,0x128acb08,"swap(address,bool,int256,uint160,bytes)",2,1,0x9e84e3af3bfc17c97fc486933661a50eb5748aba2be7d9abef937c7cd0768de1;0xd4ce9808621162a3de0cb3defc36dfe8014fb96fe0b009c0e0290b56d879eeef;0xed65d8bc4fde0f235ae0c6c5b19fa572ddc7cdcf1c3308745a1383ebcb4fcbc6,dataset trading-pair role plus the same ABI-resolved swap entry point executed by attacker-side and victim transactions,not_established
cisbl7-618035bea51769bfa88aac00,sandwich,0x08650bb9dc722c9c8c62e79c2bafa2d3fc5b3293,JamUniswapV2Pair,True,observed_ordering_target,trace_confirmed,0x022c0d9f,"swap(uint256,uint256,address,bytes)",3,1,0x6fa2b7bded21d40f77835d901a07e8105a09e8321c79ffc66c491a7cf7d49a5f;0xd3c598b1ac8bce973eb9e78e123525b0a008777882940c9267692278e4715ceb;0xde499c335dd701bc44d087fdd8e0aa1127f818cecfc45bc247fd8591c3100047,dataset trading-pair role plus the same ABI-resolved swap entry point executed by attacker-side and victim transactions,not_established
cisbl7-618035bea51769bfa88aac00,sandwich,0x5083b16da538c5022744526122243cf3bddb3bf2,UniswapV2Pair,True,observed_ordering_target,trace_confirmed,0x022c0d9f,"swap(uint256,uint256,address,bytes)",3,1,0x6fa2b7bded21d40f77835d901a07e8105a09e8321c79ffc66c491a7cf7d49a5f;0x9c25843a3f2a7319d0a956f471797af7edfcb58a8d840131b2712695a4ef5ea3;0xd3c598b1ac8bce973eb9e78e123525b0a008777882940c9267692278e4715ceb,dataset trading-pair role plus the same ABI-resolved swap entry point executed by attacker-side and victim transactions,not_established
cisbl7-618035bea51769bfa88aac00,sandwich,0x5c6919b79fac1c3555675ae59a9ac2484f3972f5,UniswapV2Pair,True,observed_ordering_target,trace_confirmed,0x022c0d9f,"swap(uint256,uint256,address,bytes)",2,1,0x6fa2b7bded21d40f77835d901a07e8105a09e8321c79ffc66c491a7cf7d49a5f;0xd3c598b1ac8bce973eb9e78e123525b0a008777882940c9267692278e4715ceb;0xfa1530ab20db543f63d27227174bea2be26cadb7db854b10786be831b0f0fa87,dataset trading-pair role plus the same ABI-resolved swap entry point executed by attacker-side and victim transactions,not_established
cisbl7-628bd9df4c327cebc472cb4d,sandwich,0x07b1c12be0d62fe548a2b4b025ab7a5ca8def21e,UniswapV3Pool,True,observed_ordering_target,trace_confirmed,0x128acb08,"swap(address,bool,int256,uint160,bytes)",3,1,0x8a60d8b2a08fb8c5fad1983ed61616294a8d131a393472ed71be8d886c65ed16;0xd28006d4a045995761f4aef2df8d963b72b1a4291f96149e37eeb17bb1e4c5fc,dataset trading-pair role plus the same ABI-resolved swap entry point executed by attacker-side and victim transactions,not_established
cisbl7-628bd9df4c327cebc472cb4d,sandwich,0xf22fdd2be7c6da9788e4941a6ffc78ca99d7b15c,UniswapV2Pair,True,observed_ordering_target,trace_confirmed,0x022c0d9f,"swap(uint256,uint256,address,bytes)",2,1,0x8a60d8b2a08fb8c5fad1983ed61616294a8d131a393472ed71be8d886c65ed16;0xd28006d4a045995761f4aef2df8d963b72b1a4291f96149e37eeb17bb1e4c5fc,dataset trading-pair role plus the same ABI-resolved swap entry point executed by attacker-side and victim transactions,not_established
cisbl7-62a96206b86f630fe39b5caa,sandwich,0x4585fe77225b41b697c938b018e2ac67ac5a20c0,UniswapV3Pool,True,observed_ordering_target,trace_confirmed,0x128acb08,"swap(address,bool,int256,uint160,bytes)",2,1,0x5d8cfda49007eb5aeb811717d8fb2c8d39bd80c0a1cad48c595acd0aad861181;0x6629aede56f938d0bdea59742550c246c66a1bc125b42cd6a40702115141d179;0xcac637b1e2cf03ad1add47f07cd9a99b0e017a2e456a1ac9ce01c29d5fa49c51,dataset trading-pair role plus the same ABI-resolved swap entry point executed by attacker-side and victim transactions,not_established
cisbl7-62a96206b86f630fe39b5caa,sandwich,0xa986f2a12d85c44429f574ba50c0e21052b18ba1,UniswapV2Pair,True,observed_ordering_target,trace_confirmed,0x022c0d9f,"swap(uint256,uint256,address,bytes)",2,1,0x5d8cfda49007eb5aeb811717d8fb2c8d39bd80c0a1cad48c595acd0aad861181;0x6629aede56f938d0bdea59742550c246c66a1bc125b42cd6a40702115141d179;0xcec6ce79fde6f3f10bd3a72c03d696cfe505ef495d611310eb188d370658e8b2,dataset trading-pair role plus the same ABI-resolved swap entry point executed by attacker-side and victim transactions,not_established
cisbl7-62a96206b86f630fe39b5caa,sandwich,0xc7bbec68d12a0d1830360f8ec58fa599ba1b0e9b,UniswapV3Pool,True,observed_ordering_target,trace_confirmed,0x128acb08,"swap(address,bool,int256,uint160,bytes)",2,1,0x5d8cfda49007eb5aeb811717d8fb2c8d39bd80c0a1cad48c595acd0aad861181;0x6629aede56f938d0bdea59742550c246c66a1bc125b42cd6a40702115141d179;0x737b2b5742eefcc5f6a241a1093b138e44bca06e00f302341e6a3e705b2846ae,dataset trading-pair role plus the same ABI-resolved swap entry point executed by attacker-side and victim transactions,not_established
cisbl7-6a2ac05478c5a8f5bb9bfc77,sandwich,0x4db2c7dd361379134140ffb9d85248e8498008e4,UniswapV2Pair,True,observed_ordering_target,trace_confirmed,0x022c0d9f,"swap(uint256,uint256,address,bytes)",2,1,0xed9f370be811015749049873536ca0a2c8604b3d7eccfa01fd28bbc301b51336;0xffdbad8ced3040df51a054e6177ef0918553a7c0290c7053462c8620ff3e62b3,dataset trading-pair role plus the same ABI-resolved swap entry point executed by attacker-side and victim transactions,not_established
cisbl7-6a2ac05478c5a8f5bb9bfc77,sandwich,0xe2c456b849be4cd14d8422d9868953ac60633e0d,UniswapV2Pair,True,observed_ordering_target,trace_confirmed,0x022c0d9f,"swap(uint256,uint256,address,bytes)",2,1,0xed9f370be811015749049873536ca0a2c8604b3d7eccfa01fd28bbc301b51336,dataset trading-pair role plus the same ABI-resolved swap entry point executed by attacker-side and victim transactions,not_established
cisbl7-6a4f922da0cbb4d440f5e440,sandwich,0x318ba85ca49a3b12d3cf9c72cc72b29316971802,UniswapV2Pair,True,observed_ordering_target,trace_confirmed,0x022c0d9f,"swap(uint256,uint256,address,bytes)",2,1,0xba0800c10c976fdf4add044707cbffa8af10bf62f0030dde4f2f4b14a5150649;0xdfaef29ee64c261d2f5c7860674fdc4cc00b1b1fc3299a1616371e85ba88c170;0xec6fabd0fae926c2144b0ba110916506e208cecb021f773d0505b76ee9b8debf,dataset trading-pair role plus the same ABI-resolved swap entry point executed by attacker-side and victim transactions,not_established
cisbl7-6a4f922da0cbb4d440f5e440,sandwich,0x5615af7746f6c6da1c8b9b2f17c27604fb5b5db9,UniswapV3Pool,True,observed_ordering_target,trace_confirmed,0x128acb08,"swap(address,bool,int256,uint160,bytes)",2,1,0xca4f62cd55364fac267c24f3beb8096752257989c68f123ca4522fa729a7d24f;0xdfaef29ee64c261d2f5c7860674fdc4cc00b1b1fc3299a1616371e85ba88c170;0xec6fabd0fae926c2144b0ba110916506e208cecb021f773d0505b76ee9b8debf,dataset trading-pair role plus the same ABI-resolved swap entry point executed by attacker-side and victim transactions,not_established
cisbl7-6a4f922da0cbb4d440f5e440,sandwich,0x68b44c26874998adbd41a964e92315809524c7cb,UniswapV2Pair,True,observed_ordering_target,trace_confirmed,0x022c0d9f,"swap(uint256,uint256,address,bytes)",2,1,0x93e686dc090891c89e7d39346dfcfa791678d3fba51cc41568bb28d759a8cb3f;0xdfaef29ee64c261d2f5c7860674fdc4cc00b1b1fc3299a1616371e85ba88c170;0xec6fabd0fae926c2144b0ba110916506e208cecb021f773d0505b76ee9b8debf,dataset trading-pair role plus the same ABI-resolved swap entry point executed by attacker-side and victim transactions,not_established
cisbl7-6a8603ae9df75f07c3ad2569,sandwich,0x33906431e44553411b8668543ffc20aaa24f75f9,UniswapV2Pair,True,observed_ordering_target,trace_confirmed,0x022c0d9f,"swap(uint256,uint256,address,bytes)",2,1,0x94dd90f26c512ca72b41556686828fc638650673add6979ab3ba28de606cec48;0x9ff1c083d2df81bfa53f38d59ee7000e26a9738b81ae8189c5d76bd05bdfdc80;0xc7d7f74dbfd0496495eb7dccd340f181512f27f864662acfef6e2b43b7c15dff,dataset trading-pair role plus the same ABI-resolved swap entry point executed by attacker-side and victim transactions,not_established
cisbl7-6a8603ae9df75f07c3ad2569,sandwich,0x6220add83b8103bffe40218e658068288eda4ec1,UniswapV2Pair,True,observed_ordering_target,trace_confirmed,0x022c0d9f,"swap(uint256,uint256,address,bytes)",2,9,0x17f3ecdb862f0635ea151558b4a42f87e29c7ba15c1be4a8fd07c943a55f0800;0x3fd85c318f037bf5fd8542b5f84584e8bf56293fa24b3b8f96e954bbf366ac44;0x483795083076bd203db0da1b94f98001b6617c63fa4739d26ea3cedffcf6fdc7;0x7361e2120e009d4bdabeed0fc2cb0d3b92d87bf3c06db63c591709c39aea5644;0x74f2d0f0e884493af62cb6e2f0312e478cd975a6e2a47cc5a950121eb2232902;0x94dd90f26c512ca72b41556686828fc638650673add6979ab3ba28de606cec48;0x9ff1c083d2df81bfa53f38d59ee7000e26a9738b81ae8189c5d76bd05bdfdc80;0xa9a81886b744701e3c492b2f06eeeb7282ffb535da50b9bc426cd45e3dd3fdc6;0xebd259b8c4388d1e11086bd7abdfa09d5c9d414b19eff2b1cc7ee79a23b620b2;0xf5f43a87884391c810e6209fd08ca4b824e6c39d60f581ec58e22767c751ad6f,dataset trading-pair role plus the same ABI-resolved swap entry point executed by attacker-side and victim transactions,not_established
cisbl7-6b966fd6430a5ef69c917925,sandwich,0x2cbe315056605722d9c2c422110fa24e2f222d57,UniswapV2Pair,True,observed_ordering_target,trace_confirmed,0x022c0d9f,"swap(uint256,uint256,address,bytes)",2,1,0x1f78d1c809ff4eda1d91ffae1503587f9a2dbef2ddb263900881ba9a0d2245ac;0x499ef68fa008dc565cd2ac72645e8fdc3367524c6b4098f6830a6cfc97ca4456;0xac9dd8ce56906fa1367391dc21eaacefdbe9d8ab7f9add5002a58f0ea2f831bb,dataset trading-pair role plus the same ABI-resolved swap entry point executed by attacker-side and victim transactions,not_established
cisbl7-6b966fd6430a5ef69c917925,sandwich,0xe0554a476a092703abdb3ef35c80e0d76d32939f,UniswapV3Pool,True,observed_ordering_target,trace_confirmed,0x128acb08,"swap(address,bool,int256,uint160,bytes)",2,1,0x3cebf5a61d53fedb614452edd93394c3ca42ec9ac368c26fa1d6b2c4f400df71;0x499ef68fa008dc565cd2ac72645e8fdc3367524c6b4098f6830a6cfc97ca4456;0xac9dd8ce56906fa1367391dc21eaacefdbe9d8ab7f9add5002a58f0ea2f831bb,dataset trading-pair role plus the same ABI-resolved swap entry point executed by attacker-side and victim transactions,not_established
cisbl7-6bbd74fc8728c656ca07f83c,sandwich,0x6db0fe375ccb8ac3c2a0984d678bcd99981ddcb6,UniswapV2Pair,True,observed_ordering_target,trace_confirmed,0x022c0d9f,"swap(uint256,uint256,address,bytes)",2,1,0x40847a9ad38d6a532dc6d4f6cbc803c5c8375ef2a6c109938d66d0a37d662f98;0xd82115f9eccbdc51b70d7ff87d4ee46f3cc5ec2ac1155b931c5e820b3aaf0de7,dataset trading-pair role plus the same ABI-resolved swap entry point executed by attacker-side and victim transactions,not_established
cisbl7-6bbd74fc8728c656ca07f83c,sandwich,0x7b1e5d984a43ee732de195628d20d05cfabc3cc7,UniswapV3Pool,True,observed_ordering_target,trace_confirmed,0x128acb08,"swap(address,bool,int256,uint160,bytes)",2,1,0x25774abe6e66e005c8dc800e05f530f714b8c887bcbc4e4c3fbc5aadc02830fb;0xd82115f9eccbdc51b70d7ff87d4ee46f3cc5ec2ac1155b931c5e820b3aaf0de7,dataset trading-pair role plus the same ABI-resolved swap entry point executed by attacker-side and victim transactions,not_established
cisbl7-6bbd74fc8728c656ca07f83c,sandwich,0xe0554a476a092703abdb3ef35c80e0d76d32939f,UniswapV3Pool,True,observed_ordering_target,trace_confirmed,0x128acb08,"swap(address,bool,int256,uint160,bytes)",2,1,0x2e4c60181a488d0faef6452be91915504e21006a3e6df6508d55f10a4765a902;0xd82115f9eccbdc51b70d7ff87d4ee46f3cc5ec2ac1155b931c5e820b3aaf0de7,dataset trading-pair role plus the same ABI-resolved swap entry point executed by attacker-side and victim transactions,not_established
cisbl7-6d11b78960e9b054424834b0,sandwich,0x1385fc1fe0418ea0b4fcf7adc61fc7535ab7f80d,UniswapV3Pool,True,observed_ordering_target,trace_confirmed,0x128acb08,"swap(address,bool,int256,uint160,bytes)",2,1,0x2452900788119d43fcd02d46ed2503a00ee885d661e606a39d5980fb3857ab45;0x26c673ecd891b257a21a11c6ac615453c19673e2ddb5979f3f9aca046e14dc7d;0xfb6eec904a3d9b38cf64870396d92183535302a9c8faf25dc29866f66404b7d9,dataset trading-pair role plus the same ABI-resolved swap entry point executed by attacker-side and victim transactions,not_established
cisbl7-6d11b78960e9b054424834b0,sandwich,0x454954e9afc59fad90ae04068691304d2f5e249f,UniswapV2Pair,True,observed_ordering_target,trace_confirmed,0x022c0d9f,"swap(uint256,uint256,address,bytes)",2,1,0x1cfb4884b5083918a1f47310bbcf791e9b827133ba297ddc11a79f4f86fa0594;0x2452900788119d43fcd02d46ed2503a00ee885d661e606a39d5980fb3857ab45;0x26c673ecd891b257a21a11c6ac615453c19673e2ddb5979f3f9aca046e14dc7d,dataset trading-pair role plus the same ABI-resolved swap entry point executed by attacker-side and victim transactions,not_established
cisbl7-6d11b78960e9b054424834b0,sandwich,0x859f7092f56c43bb48bb46de7119d9c799716cdf,UniswapV2Pair,True,observed_ordering_target,trace_confirmed,0x022c0d9f,"swap(uint256,uint256,address,bytes)",2,1,0x2452900788119d43fcd02d46ed2503a00ee885d661e606a39d5980fb3857ab45;0x26c673ecd891b257a21a11c6ac615453c19673e2ddb5979f3f9aca046e14dc7d;0xef8fedaa2dfaed44bacdafdf4248ade745f2c76125be0f782c72f5dd29b28f53,dataset trading-pair role plus the same ABI-resolved swap entry point executed by attacker-side and victim transactions,not_established
cisbl7-6d11b78960e9b054424834b0,sandwich,0xa741b0877589ae76c1fefa5142489e1ed7ebfa22,UniswapV2Pair,True,observed_ordering_target,trace_confirmed,0x022c0d9f,"swap(uint256,uint256,address,bytes)",2,3,0x2452900788119d43fcd02d46ed2503a00ee885d661e606a39d5980fb3857ab45;0x26c673ecd891b257a21a11c6ac615453c19673e2ddb5979f3f9aca046e14dc7d;0x364348cda6ab48417a05756295a0eb353a5c04cfbcf2584c29a91aebe5b05dc8;0x64e68c0daf0d6eaf65e6439c5505c64dc6f0436a6c48a8ddc09a1cc78c2c53b4;0xd7994fa43fa14236ccdb41bc92d5eef757a3cdd1876c45349fbb1d0c8006b88a,dataset trading-pair role plus the same ABI-resolved swap entry point executed by attacker-side and victim transactions,not_established
cisbl7-6d46e7a6678499b8e7258f23,sandwich,0x0f388ecdbc128083bfe317b00de2c25fbe9f24d5,UniswapV2Pair,True,observed_ordering_target,trace_confirmed,0x022c0d9f,"swap(uint256,uint256,address,bytes)",2,1,0x5da6a40783112c4ff9a559c7baea09aadc6a6a8cf85c89ab982d6b74097ee03e;0x72d8f558c8feaec50c829ed49aa83a2ba0e755f213a89ccd2431fbfb094e0425;0xc377e1b564f1491464f995cdc456fedd50c15e8fe70ca612fbbdb133b6ccc82b,dataset trading-pair role plus the same ABI-resolved swap entry point executed by attacker-side and victim transactions,not_established
cisbl7-6d46e7a6678499b8e7258f23,sandwich,0xc7bbec68d12a0d1830360f8ec58fa599ba1b0e9b,UniswapV3Pool,True,observed_ordering_target,trace_confirmed,0x128acb08,"swap(address,bool,int256,uint160,bytes)",2,1,0x5da6a40783112c4ff9a559c7baea09aadc6a6a8cf85c89ab982d6b74097ee03e;0xba8a28ec8862b7070ef64f380fdd24a71b1a5a6a076a8061caec663b87dfe81f;0xc377e1b564f1491464f995cdc456fedd50c15e8fe70ca612fbbdb133b6ccc82b,dataset trading-pair role plus the same ABI-resolved swap entry point executed by attacker-side and victim transactions,not_established
cisbl7-6d4b67fb7a1cc25da12722d9,sandwich,0x8bd1661da98ebdd3bd080f0be4e6d9be8ce9858c,UniswapV2Pair,True,observed_ordering_target,trace_confirmed,0x022c0d9f,"swap(uint256,uint256,address,bytes)",3,1,0x548a9ba0b17725ecb874c95c06101b0c49948349b6617d1abb6aaff75551095e;0x99425e8723f0926e7811c5bd82b51758fcb1575bd12ce49a4cf22f5afae0cdec;0xb567e0daa2689935b2e163831b5856bd1bb46bb3eae3713d3b7f6087ee7a54b5,dataset trading-pair role plus the same ABI-resolved swap entry point executed by attacker-side and victim transactions,not_established
cisbl7-6d4b67fb7a1cc25da12722d9,sandwich,0x9a772018fbd77fcd2d25657e5c547baff3fd7d16,UniswapV3Pool,True,observed_ordering_target,trace_confirmed,0x128acb08,"swap(address,bool,int256,uint160,bytes)",3,1,0x45d4b3522212cc8cf51973f55206876186e0f0c8225c81e371d79cf677038894;0x548a9ba0b17725ecb874c95c06101b0c49948349b6617d1abb6aaff75551095e;0x99425e8723f0926e7811c5bd82b51758fcb1575bd12ce49a4cf22f5afae0cdec,dataset trading-pair role plus the same ABI-resolved swap entry point executed by attacker-side and victim transactions,not_established
cisbl7-6d4b67fb7a1cc25da12722d9,sandwich,0xa3ad1aaf0306179f0e6e1ac7566fc60cd24d4289,UniswapV2Pair,True,observed_ordering_target,trace_confirmed,0x022c0d9f,"swap(uint256,uint256,address,bytes)",2,1,0x30a9a0f671ad2b5cb1e3723ca534c8e49f50cb18d91291def33b683dca628be2;0x548a9ba0b17725ecb874c95c06101b0c49948349b6617d1abb6aaff75551095e;0x99425e8723f0926e7811c5bd82b51758fcb1575bd12ce49a4cf22f5afae0cdec,dataset trading-pair role plus the same ABI-resolved swap entry point executed by attacker-side and victim transactions,not_established
cisbl7-72bb92bbcb024b1c1530aa7c,sandwich,0x844eb5c280f38c7462316aad3f338ef9bda62668,UniswapV3Pool,True,observed_ordering_target,trace_confirmed,0x128acb08,"swap(address,bool,int256,uint160,bytes)",2,1,0x59caa9cd8ec4648d938331fa3cee3629a70296bdbd2d630209073328521f990c;0xbd3eeac554283a67caa2241c3b5ddbe97b0beab391164dcae8ece6cbcb6bce67;0xe29e8beb7ca8178a46b6b58b25e3d4e1c9e2d2b31d6f5abd075d3aad62e05095,dataset trading-pair role plus the same ABI-resolved swap entry point executed by attacker-side and victim transactions,not_established
cisbl7-72bb92bbcb024b1c1530aa7c,sandwich,0xc7bbec68d12a0d1830360f8ec58fa599ba1b0e9b,UniswapV3Pool,True,observed_ordering_target,trace_confirmed,0x128acb08,"swap(address,bool,int256,uint160,bytes)",2,1,0x26ef48f48b12641cffd4205a0e4462fb09d672aecd7dc87e5b69864a8d6ff15c;0x59caa9cd8ec4648d938331fa3cee3629a70296bdbd2d630209073328521f990c;0xe29e8beb7ca8178a46b6b58b25e3d4e1c9e2d2b31d6f5abd075d3aad62e05095,dataset trading-pair role plus the same ABI-resolved swap entry point executed by attacker-side and victim transactions,not_established
cisbl7-7422494d58f0af05cd24bee3,sandwich,0x531ec9d0deb8b144cce8c85a0033fdda939bff0d,UniswapV3Pool,True,observed_ordering_target,trace_confirmed,0x128acb08,"swap(address,bool,int256,uint160,bytes)",2,1,0x71602d0c42e9449bba832f61e5cdccafb9a6970589c412065ea94b84ea1358a5;0x8b9cdddc718618166bbcef716f1195076f3cc06411eef76c018b0c9627d473e7,dataset trading-pair role plus the same ABI-resolved swap entry point executed by attacker-side and victim transactions,not_established
cisbl7-7422494d58f0af05cd24bee3,sandwich,0xc7bbec68d12a0d1830360f8ec58fa599ba1b0e9b,UniswapV3Pool,True,observed_ordering_target,trace_confirmed,0x128acb08,"swap(address,bool,int256,uint160,bytes)",2,1,0x71602d0c42e9449bba832f61e5cdccafb9a6970589c412065ea94b84ea1358a5;0xefb3e444900117c23f07c1028cdd7d208b5240fb432b672111aa960b9804ecd0,dataset trading-pair role plus the same ABI-resolved swap entry point executed by attacker-side and victim transactions,not_established
cisbl7-7775f4a0ac68b78c19ad87d9,sandwich,0x6bcd2862522c0ab45f4f9fe693e36c791ede0a42,UniswapV2Pair,True,observed_ordering_target,trace_confirmed,0x022c0d9f,"swap(uint256,uint256,address,bytes)",2,1,0x208f8c0229daa36abf6ff812fc0755b7225c80e6754f09b05889c7d09db61597;0x7d0e12e6396a1b7504d6534f9bf13ad2c24d617b803004bd8b22f127cfb9b4dd;0xe4d4e810d0d4577d3f3727e57a7c05ac9e0262b596fbfacaec631d204977dbdf,dataset trading-pair role plus the same ABI-resolved swap entry point executed by attacker-side and victim transactions,not_established
cisbl7-7775f4a0ac68b78c19ad87d9,sandwich,0xdc6929c38f641ec27bbef24af5749aa68943df08,UniswapV2Pair,True,observed_ordering_target,trace_confirmed,0x022c0d9f,"swap(uint256,uint256,address,bytes)",3,1,0x208f8c0229daa36abf6ff812fc0755b7225c80e6754f09b05889c7d09db61597;0xe4d4e810d0d4577d3f3727e57a7c05ac9e0262b596fbfacaec631d204977dbdf;0xe84bb0195af4f1a6f7132569c9cd5872310d24bb591ab94876dea4c9e3088b05,dataset trading-pair role plus the same ABI-resolved swap entry point executed by attacker-side and victim transactions,not_established
cisbl7-7c1d3700ff36096d89676b59,sandwich,0x88e6a0c2ddd26feeb64f039a2c41296fcb3f5640,UniswapV3Pool,True,observed_ordering_target,trace_confirmed,0x128acb08,"swap(address,bool,int256,uint160,bytes)",2,1,0x1cb3ce2dc24efee9a08fb3ba3649dc4d5ba53852f3bae0446a35efc0341e9014;0x4f455848b70f3c08015d84f29098bc4b23f8456c9d4620c2873183176bdab1e5;0xbb6b5c91b10b29c52db59e4fbb3118e4d69b1ca5159de84db59845b00da54aa1,dataset trading-pair role plus the same ABI-resolved swap entry point executed by attacker-side and victim transactions,not_established
cisbl7-7c1d3700ff36096d89676b59,sandwich,0xcf3f7d858444f78ed16a339fed8c3fd9819ec235,JamUniswapV2Pair,True,observed_ordering_target,trace_confirmed,0x022c0d9f,"swap(uint256,uint256,address,bytes)",2,1,0x4f455848b70f3c08015d84f29098bc4b23f8456c9d4620c2873183176bdab1e5;0xbb6b5c91b10b29c52db59e4fbb3118e4d69b1ca5159de84db59845b00da54aa1;0xd12c0ba432520addf40b5dab460cf34f6d24e73d5f218c6eb84d9a45b1f77c48,dataset trading-pair role plus the same ABI-resolved swap entry point executed by attacker-side and victim transactions,not_established
cisbl7-7d73948802f2e136e4548fb6,sandwich,0x295685c8fe08d8192981d21ea1fe856a07443920,UniswapV2Pair,True,observed_ordering_target,trace_confirmed,0x022c0d9f,"swap(uint256,uint256,address,bytes)",3,1,0x4e4355d64a7ed62aab9639d0c104af82a960cc4a1e1306c207b3bca1ab5d61b2;0x776aa086a545cf7d4b400a5ff8d47c4efed71519815c1c89f9ee78197e2542a8;0x93b4417edf53f0589e546bdf1a7b5d69456ad91b4666f52543f40992ba59aa14,dataset trading-pair role plus the same ABI-resolved swap entry point executed by attacker-side and victim transactions,not_established
cisbl7-7d73948802f2e136e4548fb6,sandwich,0x530433ee503a05c5dfc9ccac7740df230ee3adbd,UniswapV2Pair,True,observed_ordering_target,trace_confirmed,0x022c0d9f,"swap(uint256,uint256,address,bytes)",2,1,0x33000ed2dafadd8863c18c7cd553816bf5672a0f2fbce90d0c24a5da5d67c47f;0x4e4355d64a7ed62aab9639d0c104af82a960cc4a1e1306c207b3bca1ab5d61b2;0x776aa086a545cf7d4b400a5ff8d47c4efed71519815c1c89f9ee78197e2542a8,dataset trading-pair role plus the same ABI-resolved swap entry point executed by attacker-side and victim transactions,not_established
cisbl7-7d73948802f2e136e4548fb6,sandwich,0xfcd13ea0b906f2f87229650b8d93a51b2e839ebd,UniswapV2Pair,True,observed_ordering_target,trace_confirmed,0x022c0d9f,"swap(uint256,uint256,address,bytes)",3,1,0x4e4355d64a7ed62aab9639d0c104af82a960cc4a1e1306c207b3bca1ab5d61b2;0x4e4a6531ca871bd9bb3e5f263bbb546e85c27e0b4435721e40c46c6f6bb49d5b;0x776aa086a545cf7d4b400a5ff8d47c4efed71519815c1c89f9ee78197e2542a8,dataset trading-pair role plus the same ABI-resolved swap entry point executed by attacker-side and victim transactions,not_established
cisbl7-7df4f0b51a1c774847e9d1b2,sandwich,0x2325e3f261cadb1c30cebf66c9f95f6fb016c0d4,UniswapV2Pair,True,observed_ordering_target,trace_confirmed,0x022c0d9f,"swap(uint256,uint256,address,bytes)",2,1,0x2163bf37a2b8a7d7f1df1706ad7b52424c7be647973a1cd1be95985ade3b08f0;0x9ec05a0c3672c2e75e277a69e9b083ca872735fae4d5d92b84c9a403073c6795;0xf04f4f61b447858a374965f0653b0dee11aa69799fb900093689a275efb00bf4,dataset trading-pair role plus the same ABI-resolved swap entry point executed by attacker-side and victim transactions,not_established
cisbl7-7df4f0b51a1c774847e9d1b2,sandwich,0xc7bbec68d12a0d1830360f8ec58fa599ba1b0e9b,UniswapV3Pool,True,observed_ordering_target,trace_confirmed,0x128acb08,"swap(address,bool,int256,uint160,bytes)",2,1,0x2163bf37a2b8a7d7f1df1706ad7b52424c7be647973a1cd1be95985ade3b08f0;0x53abcea8266b98ad27709c1a088debbe3ccbb331de9987dedf22a7f0edfb1f8d;0xf04f4f61b447858a374965f0653b0dee11aa69799fb900093689a275efb00bf4,dataset trading-pair role plus the same ABI-resolved swap entry point executed by attacker-side and victim transactions,not_established
cisbl7-7fb876f5aef22c27d255038b,sandwich,0x1084a95c69bdc3325c1c42f86676b6eb66dce053,UniswapV2Pair,True,observed_ordering_target,trace_confirmed,0x022c0d9f,"swap(uint256,uint256,address,bytes)",2,1,0x2e3500d80a01d1d3876fc6b472bb161a585dd20c7022b05a377a037a9708666b;0x3a6976c01590c33ea3d6dbccfa9c9d44883a5016bc8598ac8e68ae9e906ce2af;0x6715e3f8ffa230da41fa09cead57c4e677faf2e980d67fa5289c40a0ce6a7172,dataset trading-pair role plus the same ABI-resolved swap entry point executed by attacker-side and victim transactions,not_established
cisbl7-7fb876f5aef22c27d255038b,sandwich,0x202a6012894ae5c288ea824cbc8a9bfb26a49b93,UniswapV3Pool,True,observed_ordering_target,trace_confirmed,0x128acb08,"swap(address,bool,int256,uint160,bytes)",2,1,0x2e3500d80a01d1d3876fc6b472bb161a585dd20c7022b05a377a037a9708666b;0x6715e3f8ffa230da41fa09cead57c4e677faf2e980d67fa5289c40a0ce6a7172;0x7ef1a6c6e4b1c09c7604d2808ec34330d84173e823bf33c195a68e8db80cbb0a,dataset trading-pair role plus the same ABI-resolved swap entry point executed by attacker-side and victim transactions,not_established
cisbl7-7fc2f60cf2f55723852e558c,sandwich,0x1e9348b71ecbaaa14eff7b4b6186b78d1a9b9b70,UniswapV2Pair,True,observed_ordering_target,trace_confirmed,0x022c0d9f,"swap(uint256,uint256,address,bytes)",2,1,0x9992ec2d3dff9df9e41e720eab70fbbeb47e36600014e76c238c31edaa88e96b,dataset trading-pair role plus the same ABI-resolved swap entry point executed by attacker-side and victim transactions,not_established
cisbl7-7fc2f60cf2f55723852e558c,sandwich,0xa986f2a12d85c44429f574ba50c0e21052b18ba1,UniswapV2Pair,True,observed_ordering_target,trace_confirmed,0x022c0d9f,"swap(uint256,uint256,address,bytes)",3,1,0x56acf7dbf45711c4a00177388af9596ef7e4e88ab551df25b24c64340b3ddb9b;0x9992ec2d3dff9df9e41e720eab70fbbeb47e36600014e76c238c31edaa88e96b,dataset trading-pair role plus the same ABI-resolved swap entry point executed by attacker-side and victim transactions,not_established
cisbl7-7fc2f60cf2f55723852e558c,sandwich,0xc7bbec68d12a0d1830360f8ec58fa599ba1b0e9b,UniswapV3Pool,True,observed_ordering_target,trace_confirmed,0x128acb08,"swap(address,bool,int256,uint160,bytes)",2,2,0x74c365fcca5f363d8d478a6aebd343a6ac34f6d24c4edac0cb220b2bbda124d6;0x9992ec2d3dff9df9e41e720eab70fbbeb47e36600014e76c238c31edaa88e96b;0xf5b6c67834d6fd59dc5c63379e2a50fe1d6dfd0df820da2349ed2df7eb0beea0,dataset trading-pair role plus the same ABI-resolved swap entry point executed by attacker-side and victim transactions,not_established
cisbl7-7fc2f60cf2f55723852e558c,sandwich,0xe0554a476a092703abdb3ef35c80e0d76d32939f,UniswapV3Pool,True,observed_ordering_target,trace_confirmed,0x128acb08,"swap(address,bool,int256,uint160,bytes)",2,1,0x5c33932ad10a390ae9f527d7104c1c86ad36d0ea024631287e242f06e489285d;0x9992ec2d3dff9df9e41e720eab70fbbeb47e36600014e76c238c31edaa88e96b,dataset trading-pair role plus the same ABI-resolved swap entry point executed by attacker-side and victim transactions,not_established
cisbl7-80eea95757814ec03df9663d,sandwich,0x8ebae255823b7bb5331da070992f98846d31aafc,UniswapV2Pair,True,observed_ordering_target,trace_confirmed,0x022c0d9f,"swap(uint256,uint256,address,bytes)",2,1,0xf30317c2e29fd1317fbed752ca6db154d6d2c8ccdb27e97a9d2a99bd23cafe91,dataset trading-pair role plus the same ABI-resolved swap entry point executed by attacker-side and victim transactions,not_established
cisbl7-80eea95757814ec03df9663d,sandwich,0xe0554a476a092703abdb3ef35c80e0d76d32939f,UniswapV3Pool,True,observed_ordering_target,trace_confirmed,0x128acb08,"swap(address,bool,int256,uint160,bytes)",3,1,0x3e23b4ada4e63b5c86e5b48845ed7944800d50d72f4d6e459b78941e8024ff40;0xf30317c2e29fd1317fbed752ca6db154d6d2c8ccdb27e97a9d2a99bd23cafe91,dataset trading-pair role plus the same ABI-resolved swap entry point executed by attacker-side and victim transactions,not_established
cisbl7-811a9d18672f271401608660,sandwich,0x7a415b19932c0105c82fdb6b720bb01b0cc2cae3,UniswapV3Pool,True,observed_ordering_target,trace_confirmed,0x128acb08,"swap(address,bool,int256,uint160,bytes)",2,1,0x3dd4f33957198ac4f3486890074df84ed5eba24edb5457c1a65990a5430904f9;0xe54bdd047127d7e9d9ce3ff257b0146051780a3f5d3a12758a6db33ca108b171,dataset trading-pair role plus the same ABI-resolved swap entry point executed by attacker-side and victim transactions,not_established
cisbl7-811a9d18672f271401608660,sandwich,0xcc6f7439147338e0401a76db978d7d0ca6e5bfee,UniswapV2Pair,True,observed_ordering_target,trace_confirmed,0x022c0d9f,"swap(uint256,uint256,address,bytes)",2,1,0xe27bac3fc2ebe999a3bc020c6ee1b52c806d0058cec72972bc593f38181a4269;0xe54bdd047127d7e9d9ce3ff257b0146051780a3f5d3a12758a6db33ca108b171,dataset trading-pair role plus the same ABI-resolved swap entry point executed by attacker-side and victim transactions,not_established
cisbl7-819687e7cccd3a27902f410b,sandwich,0xe331de28cd81b768c19a366b0e4e4675c45ec2da,UniswapV3Pool,True,observed_ordering_target,trace_confirmed,0x128acb08,"swap(address,bool,int256,uint160,bytes)",2,5,0x097ccb69fcc956b6bbb92d37e49ece7961888b8611203d56c421daf10aecf7b0;0x297fe6abec9bbfc914ca66c366fd17d342f40b7cadc71e82665ad38ccae4f20a;0x4f07a8811826c67fead7bc2c0bd98cffa14237986d340be851a554b18326e304;0x6af33de98e47efb3defcc99a7c6af621188ec0e216049d9b1181beae6415ec75;0xbe39aaf36be389e7d85ea04e00f51facc3582c2695eddb4a6ab471f6a7d8940e;0xbeb15372c722ad12e785dfffd9598b31ec5f503843c3dd8e1b5d973e5767df69,dataset trading-pair role plus the same ABI-resolved swap entry point executed by attacker-side and victim transactions,not_established
cisbl7-869976cbce62f86c7b7558a7,sandwich,0x3416cf6c708da44db2624d63ea0aaef7113527c6,UniswapV3Pool,True,observed_ordering_target,trace_confirmed,0x128acb08,"swap(address,bool,int256,uint160,bytes)",2,2,0x5c4276c0a9a989353c35744693c6609cdf085e5c14794c52b4c12d8e8cc6fb48;0x8ef011a3e7c4173cd4cad00ca01c3ca5d7f300f7a0d3f2c134c0ef00489d93bb;0xe1b0ec9baa98795df8b31d01b796a140295046b30ea80b9f50763f85200ae29e,dataset trading-pair role plus the same ABI-resolved swap entry point executed by attacker-side and victim transactions,not_established
cisbl7-869976cbce62f86c7b7558a7,sandwich,0x4de8c60541fdadd33404ccb2c8b83907ce617341,UniswapV2Pair,True,observed_ordering_target,trace_confirmed,0x022c0d9f,"swap(uint256,uint256,address,bytes)",2,1,0x277ac1dd89c89b917146385fb50cddfab2f427af2ef055fefaa912020cdf46d7;0x5c4276c0a9a989353c35744693c6609cdf085e5c14794c52b4c12d8e8cc6fb48;0x8ef011a3e7c4173cd4cad00ca01c3ca5d7f300f7a0d3f2c134c0ef00489d93bb,dataset trading-pair role plus the same ABI-resolved swap entry point executed by attacker-side and victim transactions,not_established
cisbl7-869976cbce62f86c7b7558a7,sandwich,0x79fdb46df5abc4083abbc44612ec0c499e115ba4,UniswapV2Pair,True,observed_ordering_target,trace_confirmed,0x022c0d9f,"swap(uint256,uint256,address,bytes)",2,1,0x5c4276c0a9a989353c35744693c6609cdf085e5c14794c52b4c12d8e8cc6fb48;0x8ef011a3e7c4173cd4cad00ca01c3ca5d7f300f7a0d3f2c134c0ef00489d93bb,dataset trading-pair role plus the same ABI-resolved swap entry point executed by attacker-side and victim transactions,not_established
cisbl7-86c8fb0af9a802adefd34326,sandwich,0x2a48dbf6347ea5cdc906b4bb6a2ed27969241cde,UniswapV3Pool,True,observed_ordering_target,trace_confirmed,0x128acb08,"swap(address,bool,int256,uint160,bytes)",2,1,0x8af036a592d141e9ce0e316d471a6ff274ac941a0273f44d17798961fe1f6d1b;0xbe8b6e99c1ca2da20edb5a36633208ea3c2a2668da5097f9fe856a974a7f6696;0xc8a66f53c636afb2124bb3d7e2e7e4995a3e2a272df137281c3273daa7c617ae,dataset trading-pair role plus the same ABI-resolved swap entry point executed by attacker-side and victim transactions,not_established
cisbl7-86c8fb0af9a802adefd34326,sandwich,0x66c4285223e5949d154783dd14f73844ccbf85cf,UniswapV2Pair,True,observed_ordering_target,trace_confirmed,0x022c0d9f,"swap(uint256,uint256,address,bytes)",2,1,0x3330a46c53d790ae655bb3401a9ca1b3c440b3be2997fca944dd211eb2142826;0x8af036a592d141e9ce0e316d471a6ff274ac941a0273f44d17798961fe1f6d1b;0xbe8b6e99c1ca2da20edb5a36633208ea3c2a2668da5097f9fe856a974a7f6696,dataset trading-pair role plus the same ABI-resolved swap entry point executed by attacker-side and victim transactions,not_established
cisbl7-86c8fb0af9a802adefd34326,sandwich,0xfe12d6a3168be617e1f70519a5b4da37ea638d3d,UniswapV2Pair,True,observed_ordering_target,trace_confirmed,0x022c0d9f,"swap(uint256,uint256,address,bytes)",2,1,0x5cb9e957ffd9f828b49b341eee25fb27688c12cab04444f927b2324a26d6f84c;0x8af036a592d141e9ce0e316d471a6ff274ac941a0273f44d17798961fe1f6d1b;0xbe8b6e99c1ca2da20edb5a36633208ea3c2a2668da5097f9fe856a974a7f6696,dataset trading-pair role plus the same ABI-resolved swap entry point executed by attacker-side and victim transactions,not_established
cisbl7-87a26b0bcbfd750ca82a5a64,sandwich,0xac4b3dacb91461209ae9d41ec517c2b9cb1b7daf,UniswapV3Pool,True,observed_ordering_target,trace_confirmed,0x128acb08,"swap(address,bool,int256,uint160,bytes)",3,1,0x8dad26dfcfe3300fa14dae851e3e5b7dbe611858b2175d050c4b60f03b3491e0;0x919140a08e18d0ce8ae04a24f7be7357e21b98d30d584bfca708cccb0ef64698;0xda2ebf339ac9cd916048ab8ae07f3902ce28302f46e6c96e291ec8fd01d2bca3,dataset trading-pair role plus the same ABI-resolved swap entry point executed by attacker-side and victim transactions,not_established
cisbl7-87a26b0bcbfd750ca82a5a64,sandwich,0xb36ec83d844c0579ec2493f10b2087e96bb65460,UniswapV2Pair,True,observed_ordering_target,trace_confirmed,0x022c0d9f,"swap(uint256,uint256,address,bytes)",2,1,0x61ffd0f8ac4c3f20759978b7b2763ba2da712664cf599765e658af6a06b28133;0x919140a08e18d0ce8ae04a24f7be7357e21b98d30d584bfca708cccb0ef64698;0xda2ebf339ac9cd916048ab8ae07f3902ce28302f46e6c96e291ec8fd01d2bca3,dataset trading-pair role plus the same ABI-resolved swap entry point executed by attacker-side and victim transactions,not_established
cisbl7-87a26b0bcbfd750ca82a5a64,sandwich,0xbfcae9f989e47436fd1678ef5f9182d94b81dbac,UniswapV3Pool,True,observed_ordering_target,trace_confirmed,0x128acb08,"swap(address,bool,int256,uint160,bytes)",2,1,0x8c140dd6edc7dcc8231e134ee30e254af7eafdea0df3a2451e2c4071f7fbb724;0x919140a08e18d0ce8ae04a24f7be7357e21b98d30d584bfca708cccb0ef64698;0xda2ebf339ac9cd916048ab8ae07f3902ce28302f46e6c96e291ec8fd01d2bca3,dataset trading-pair role plus the same ABI-resolved swap entry point executed by attacker-side and victim transactions,not_established
cisbl7-8ceeef395b89971a0a77a4f3,sandwich,0x08b48722792cb5d7dd81d687d922acfe4fbaf6ab,UniswapV3Pool,True,observed_ordering_target,trace_confirmed,0x128acb08,"swap(address,bool,int256,uint160,bytes)",2,1,0xa806d5d1ddd40fe18f777bae62d1bef5f4235533bd701551b4273acbf42d878a,dataset trading-pair role plus the same ABI-resolved swap entry point executed by attacker-side and victim transactions,not_established
cisbl7-8ceeef395b89971a0a77a4f3,sandwich,0x5d7634eca0bfadd87cee4baef0cddd81005ea407,UniswapV2Pair,True,observed_ordering_target,trace_confirmed,0x022c0d9f,"swap(uint256,uint256,address,bytes)",2,1,0x444848a75df194fc768e5948e1ac9dfcfcaf8e6f7822c15c9003e83a8c3f0515,dataset trading-pair role plus the same ABI-resolved swap entry point executed by attacker-side and victim transactions,not_established
cisbl7-902abb67ccfdda836cf438a5,sandwich,0xb079d6be3faf5771e354586dbc47d0a3d37c34fb,UniswapV2Pair,True,observed_ordering_target,trace_confirmed,0x022c0d9f,"swap(uint256,uint256,address,bytes)",2,1,0x2840520773400215854a001c16549bc187630a5db1dfc0e637dd6beb022c7c5f;0x5951203632351efd8848b3a6d59fafd53616a09e5ca54f5e9ffcccb3ba6d14f1;0x5b3aa5475d2614480bdba1c45c8295468be8e8c42e6976a2b0054a4f51c7e3a0,dataset trading-pair role plus the same ABI-resolved swap entry point executed by attacker-side and victim transactions,not_established
cisbl7-902abb67ccfdda836cf438a5,sandwich,0xe495bfa137b68a037b1f661ed47a44b4fb2a6563,UniswapV3Pool,True,observed_ordering_target,trace_confirmed,0x128acb08,"swap(address,bool,int256,uint160,bytes)",2,1,0x2840520773400215854a001c16549bc187630a5db1dfc0e637dd6beb022c7c5f;0x3a72e2f71968fe5444642871b754d76cf5938625d869fe8930524cd437a033ad;0x5951203632351efd8848b3a6d59fafd53616a09e5ca54f5e9ffcccb3ba6d14f1,dataset trading-pair role plus the same ABI-resolved swap entry point executed by attacker-side and victim transactions,not_established
cisbl7-96b821e47dce7f66db17eecf,sandwich,0x9730b014700e78593fe62c06cad47ad1e0e5dff9,UniswapV2Pair,True,observed_ordering_target,trace_confirmed,0x022c0d9f,"swap(uint256,uint256,address,bytes)",3,1,0x1f9903394be5c9c90d842faf0be1dd214863a20c1800c7e4a249eff003edea31;0xb21195cd345d357dfc4b91f9f9ddb191983740a7131afcdb3cbb043b3acf7ad8,dataset trading-pair role plus the same ABI-resolved swap entry point executed by attacker-side and victim transactions,not_established
cisbl7-96b821e47dce7f66db17eecf,sandwich,0x9a772018fbd77fcd2d25657e5c547baff3fd7d16,UniswapV3Pool,True,observed_ordering_target,trace_confirmed,0x128acb08,"swap(address,bool,int256,uint160,bytes)",2,1,0x1f9903394be5c9c90d842faf0be1dd214863a20c1800c7e4a249eff003edea31;0x4ede9e65438fdf8e3d676b096f714742fbd22ad7189d7faec5f4d281c1eb85eb;0xb21195cd345d357dfc4b91f9f9ddb191983740a7131afcdb3cbb043b3acf7ad8,dataset trading-pair role plus the same ABI-resolved swap entry point executed by attacker-side and victim transactions,not_established
cisbl7-9808e3c235b317a1eec45aed,sandwich,0x044d1610e600d041229407fb6e514d259276e3b3,UniswapV3Pool,True,observed_ordering_target,trace_confirmed,0x128acb08,"swap(address,bool,int256,uint160,bytes)",3,2,0x4ed2591ba68869ac3eaa4f84df5a5b08c26d5622096fb536800680512a2ee108;0xf8378249c8b45c0cc1c63391f31f1ad8f07e03d41ee0519c09fda3f016e2a663;0xfdecd66f59024803fb61b824dd35ba092f5f1b27076805a742b6ab03f8fb92a4,dataset trading-pair role plus the same ABI-resolved swap entry point executed by attacker-side and victim transactions,not_established
cisbl7-9808e3c235b317a1eec45aed,sandwich,0xc39e83fe4e412a885c0577c08eb53bdb6548004a,UniswapV3Pool,True,observed_ordering_target,trace_confirmed,0x128acb08,"swap(address,bool,int256,uint160,bytes)",2,1,0x4ed2591ba68869ac3eaa4f84df5a5b08c26d5622096fb536800680512a2ee108;0xe894478638dc438236688df1e71cfa569d3ddbe137de4e324f917a468dec3d95;0xfdecd66f59024803fb61b824dd35ba092f5f1b27076805a742b6ab03f8fb92a4,dataset trading-pair role plus the same ABI-resolved swap entry point executed by attacker-side and victim transactions,not_established
cisbl7-9b2f1d8616fc7939464a9441,sandwich,0xc7bbec68d12a0d1830360f8ec58fa599ba1b0e9b,UniswapV3Pool,True,observed_ordering_target,trace_confirmed,0x128acb08,"swap(address,bool,int256,uint160,bytes)",2,2,0x36539ff6be827e7dfb1c534e740f4f81967af2c699e1a871c0f639fdd964ecde;0x4c676eb43c4314c230c9286abd6c021a849b0f67723e599c05627ca6148b6cfd;0xfaeb9adbdc70ac9d99c759904fb27f17fb00e11312995a7766f6b7397092dd75,dataset trading-pair role plus the same ABI-resolved swap entry point executed by attacker-side and victim transactions,not_established
cisbl7-9cbf3ed03ba75e467f2cc9c8,sandwich,0xe0554a476a092703abdb3ef35c80e0d76d32939f,UniswapV3Pool,True,observed_ordering_target,trace_confirmed,0x128acb08,"swap(address,bool,int256,uint160,bytes)",2,2,0x33111998946ef4600b9bf6e7a691373bbb628b78d033f9e241779faf4a0ac26f;0xa18a02f0e439486997aad839a6a676d25c99f6a350a8c5af7a781938ad540c25;0xacfa2c88735bb87f239b5daae1a2f1131486b98d6207b420a62d8197b8388fda;0xf092c8810f04be1477d61d6cef4311658f7c322595fd2569fa7c152138d2f1f8,dataset trading-pair role plus the same ABI-resolved swap entry point executed by attacker-side and victim transactions,not_established
cisbl7-9f2d6a2f94e86f3b4cf929ba,sandwich,0xab322bfaa8363e8c40356c479bfe9808fb7a31a2,UniswapV2Pair,True,observed_ordering_target,trace_confirmed,0x022c0d9f,"swap(uint256,uint256,address,bytes)",2,1,0x36ed7f686e034e0af73aeb0d23dc1718a73cdca29091dfbfc4ce4e67ebcd2a71;0x8acdae3f83b7df815bd435f6f17de450fbf7e06698093f4b044f589004cc6b29;0x9612aa66d789ef50005cce0a7f1968d6dde9e525eeb537ad6987a9fee5c42fd2,dataset trading-pair role plus the same ABI-resolved swap entry point executed by attacker-side and victim transactions,not_established
cisbl7-9f2d6a2f94e86f3b4cf929ba,sandwich,0xdb3cf8597d795c1eaa3be49289d7538ed195c767,UniswapV2Pair,True,observed_ordering_target,trace_confirmed,0x022c0d9f,"swap(uint256,uint256,address,bytes)",2,2,0x36ed7f686e034e0af73aeb0d23dc1718a73cdca29091dfbfc4ce4e67ebcd2a71;0x8acdae3f83b7df815bd435f6f17de450fbf7e06698093f4b044f589004cc6b29;0xb8660fb1d8f7e9723cd588b14b7e772219b95a6483f1adf7c430d2a82bbaf587;0xf0255aca8d6f6e04bc2c85f68cd0907f1a5f6b2ead8333bd6045b692a64f3545,dataset trading-pair role plus the same ABI-resolved swap entry point executed by attacker-side and victim transactions,not_established
cisbl7-9f2d6a2f94e86f3b4cf929ba,sandwich,0xfc545f345e2afc52652cd6f76323c5ddc847bd6d,UniswapV3Pool,True,observed_ordering_target,trace_confirmed,0x128acb08,"swap(address,bool,int256,uint160,bytes)",2,2,0x1bbd1eb9d6b2e11ea7a2b4fdb4a4036df1775e0a80dd406a46d850570759eecd;0x36ed7f686e034e0af73aeb0d23dc1718a73cdca29091dfbfc4ce4e67ebcd2a71;0x684fc05fb671da6159a5e639a8fa95ff1acc46291635bc2ac1dc12b9d8496be0;0x8acdae3f83b7df815bd435f6f17de450fbf7e06698093f4b044f589004cc6b29,dataset trading-pair role plus the same ABI-resolved swap entry point executed by attacker-side and victim transactions,not_established
cisbl7-9f4d254c5cb3201e6469cfdf,sandwich,0x23c1e54ef229966f2ac159f6f441d0780e8717ac,UniswapV3Pool,True,observed_ordering_target,trace_confirmed,0x128acb08,"swap(address,bool,int256,uint160,bytes)",2,1,0x4dc472fa1e37a896f32dce7c8b672fa0dc6d7bb90d53ba4b2e8a59a6496c9eb3;0x839200e097ad62f7385d3602d1a2fc76617b8ddb6de07b4f45d63e8d4a1e877c;0xa7ac20c6311d358e40ec325a98d6ea4d3498e7665e8716dd28a09b051570cc30,dataset trading-pair role plus the same ABI-resolved swap entry point executed by attacker-side and victim transactions,not_established
cisbl7-9f4d254c5cb3201e6469cfdf,sandwich,0x56534741cd8b152df6d48adf7ac51f75169a83b2,UniswapV3Pool,True,observed_ordering_target,trace_confirmed,0x128acb08,"swap(address,bool,int256,uint160,bytes)",2,1,0x4dc472fa1e37a896f32dce7c8b672fa0dc6d7bb90d53ba4b2e8a59a6496c9eb3;0x839200e097ad62f7385d3602d1a2fc76617b8ddb6de07b4f45d63e8d4a1e877c;0xc2a233e94bedaf51987972f2710f003f95537587f4665b420916cd82d0a365d8,dataset trading-pair role plus the same ABI-resolved swap entry point executed by attacker-side and victim transactions,not_established
cisbl7-9fe6d0bc138ea40113d5f386,sandwich,0x919fa96e88d67499339577fa202345436bcdaf79,UniswapV3Pool,True,observed_ordering_target,trace_confirmed,0x128acb08,"swap(address,bool,int256,uint160,bytes)",3,2,0x3a7564d2eadca471194b22c80cd8c2de6d1ad46d7ae0e00fdafe1058cfeeb1a2;0x889446b586a334ffa25be710e9bc08e34946c2325cea59dec926b78ecf2a4800;0x9a74365934a1177ba62226d48d4e7f30bcfea4a8916b5c1e5899a77c0a1d9b5f;0xdd45129a7271d1c7e67dac131f1718c723c3a95b207a00cdf622efd1d871988d,dataset trading-pair role plus the same ABI-resolved swap entry point executed by attacker-side and victim transactions,not_established
cisbl7-a0bd964b45467bac539606c0,sandwich,0x044d1610e600d041229407fb6e514d259276e3b3,UniswapV3Pool,True,observed_ordering_target,trace_confirmed,0x128acb08,"swap(address,bool,int256,uint160,bytes)",2,3,0x4a72a708c640605b5200c9b0fb562fb71ed08cf84e4b7429092ea85b064cec5d;0x9ce40e5749de3580566bd7ad47924647a2f455106d1da966fc38008cee3c95af;0xcbb5cd4af8b5d435542fc939b234e642f743ac24b43cd391617a88834fd47eb6;0xde7604ec1057916f4f1bf159787745bc756745bc4bd44d91b49c2044396ed19a,dataset trading-pair role plus the same ABI-resolved swap entry point executed by attacker-side and victim transactions,not_established
cisbl7-a0bd964b45467bac539606c0,sandwich,0x8b267e238a77c42c065dde3a6b711768571e9f34,UniswapV2Pair,True,observed_ordering_target,trace_confirmed,0x022c0d9f,"swap(uint256,uint256,address,bytes)",2,1,0x0967b6a43733d14bd5b281b20c0d08d2d5e2d00f76327e324fec8da366c37ef3;0x9ce40e5749de3580566bd7ad47924647a2f455106d1da966fc38008cee3c95af,dataset trading-pair role plus the same ABI-resolved swap entry point executed by attacker-side and victim transactions,not_established
cisbl7-a1f19468deaa13a257df4e2c,sandwich,0x308c6fbd6a14881af333649f17f2fde9cd75e2a6,UniswapV2Pair,True,observed_ordering_target,trace_confirmed,0x022c0d9f,"swap(uint256,uint256,address,bytes)",2,1,0x88869680eb72e68a4cbb205ab6b465746cb6ace6511f91c988042e7605e436aa;0xee582b1f14498b4eaca48a6df8555d740c9ec9c3ae438227e46cec2984c0cc22;0xf9d6974e96c65d38012e676564f3d26e5ab1dd7498f4710d06e9631579580df6,dataset trading-pair role plus the same ABI-resolved swap entry point executed by attacker-side and victim transactions,not_established
cisbl7-a1f19468deaa13a257df4e2c,sandwich,0x6916f79669f745aebd82433583c85665bfae6fbb,UniswapV3Pool,True,observed_ordering_target,trace_confirmed,0x128acb08,"swap(address,bool,int256,uint160,bytes)",2,1,0x202f6cac1689bbc14399f6a08d31eae93ce6aabc8a9880bd96b617acaedd35d9;0x88869680eb72e68a4cbb205ab6b465746cb6ace6511f91c988042e7605e436aa;0xf9d6974e96c65d38012e676564f3d26e5ab1dd7498f4710d06e9631579580df6,dataset trading-pair role plus the same ABI-resolved swap entry point executed by attacker-side and victim transactions,not_established
cisbl7-a1f19468deaa13a257df4e2c,sandwich,0x76a411f14a704099ba476ce8dffc288a53295218,UniswapV2Pair,True,observed_ordering_target,trace_confirmed,0x022c0d9f,"swap(uint256,uint256,address,bytes)",3,1,0x78cffa694537bf7e891ac18a9e76a65d303d0f57bb84c0ce4b56d14af8b09288;0x88869680eb72e68a4cbb205ab6b465746cb6ace6511f91c988042e7605e436aa;0xf9d6974e96c65d38012e676564f3d26e5ab1dd7498f4710d06e9631579580df6,dataset trading-pair role plus the same ABI-resolved swap entry point executed by attacker-side and victim transactions,not_established
cisbl7-a1f19468deaa13a257df4e2c,sandwich,0x7a27d380df0daeb778967ea7795c767894efa72f,UniswapV3Pool,True,observed_ordering_target,trace_confirmed,0x128acb08,"swap(address,bool,int256,uint160,bytes)",2,1,0x88869680eb72e68a4cbb205ab6b465746cb6ace6511f91c988042e7605e436aa;0xc712a1b997ea55834fdbe162e8d14a4e0b281b1c96b35f7ae1841ea6c7397986;0xf9d6974e96c65d38012e676564f3d26e5ab1dd7498f4710d06e9631579580df6,dataset trading-pair role plus the same ABI-resolved swap entry point executed by attacker-side and victim transactions,not_established
cisbl7-a20935bc6525e070427d4cbc,sandwich,0x3ebec0a1b4055c8d1180fce64db2a8c068170880,UniswapV3Pool,True,observed_ordering_target,trace_confirmed,0x128acb08,"swap(address,bool,int256,uint160,bytes)",4,1,0x4e76c0e05beb8c7e006d52708084e52ed0d79594deb6822da41ad2da47904101;0x8ca89cf74c8d39ec83fcc2bd4258716779db28a0074508a47ff666f011af933f,dataset trading-pair role plus the same ABI-resolved swap entry point executed by attacker-side and victim transactions,not_established
cisbl7-a20935bc6525e070427d4cbc,sandwich,0x47270ca9a3cdf198d26a847b577e9bbdd96a082a,UniswapV2Pair,True,observed_ordering_target,trace_confirmed,0x022c0d9f,"swap(uint256,uint256,address,bytes)",2,1,0x8ca89cf74c8d39ec83fcc2bd4258716779db28a0074508a47ff666f011af933f;0xed94d2a7950c8f2e4b7b7457ebe7ed4854100f902cae53c2fb4a4a4f9c5a334f,dataset trading-pair role plus the same ABI-resolved swap entry point executed by attacker-side and victim transactions,not_established
cisbl7-a20935bc6525e070427d4cbc,sandwich,0xbf85f94d3233ee588f0907a9147fbb59d7246b54,UniswapV3Pool,True,observed_ordering_target,trace_confirmed,0x128acb08,"swap(address,bool,int256,uint160,bytes)",2,1,0x8ca89cf74c8d39ec83fcc2bd4258716779db28a0074508a47ff666f011af933f;0xc6cee101084a6a67a51adbb63736ca77ae1179c470abc1c3093f7423528a9a28,dataset trading-pair role plus the same ABI-resolved swap entry point executed by attacker-side and victim transactions,not_established
cisbl7-a8873119f4e3480b8e58d4e1,sandwich,0xc7bbec68d12a0d1830360f8ec58fa599ba1b0e9b,UniswapV3Pool,True,observed_ordering_target,trace_confirmed,0x128acb08,"swap(address,bool,int256,uint160,bytes)",2,1,0x48be38fb088c6c4f3a6569f83e1ecadf55db9175d80c128a8d790d6a52e16ef2;0x5e1eb0f0270a441a7500340f0d038d8d7d01218e757bfea4058ffa8e2b081b15;0x9dd5fb59e776cced5b331e6a2ba54becf21fe3bb5cd2e2f192784789b77db4ea,dataset trading-pair role plus the same ABI-resolved swap entry point executed by attacker-side and victim transactions,not_established
cisbl7-a8873119f4e3480b8e58d4e1,sandwich,0xe0554a476a092703abdb3ef35c80e0d76d32939f,UniswapV3Pool,True,observed_ordering_target,trace_confirmed,0x128acb08,"swap(address,bool,int256,uint160,bytes)",2,4,0x46134b7c1db2a071257ae86b57220c56e9bc33e8deaefe152ec761e3d7536ded;0x48be38fb088c6c4f3a6569f83e1ecadf55db9175d80c128a8d790d6a52e16ef2;0x5e1eb0f0270a441a7500340f0d038d8d7d01218e757bfea4058ffa8e2b081b15;0xaa5c9fdfbd0fe548688c2ed8102ac7315066e5f646e2849602e34ad56dfea35c;0xc12c7f1e72115caf957721c3ed371b0b0e46488532385345a59e4e9e88195afa;0xeb89e151c6ed711f88cf71af5e22de0e13fddaeca410c677b5d07d7b32425a83,dataset trading-pair role plus the same ABI-resolved swap entry point executed by attacker-side and victim transactions,not_established
cisbl7-a8a9bea2a87523c87e6d192d,sandwich,0x3ebec0a1b4055c8d1180fce64db2a8c068170880,UniswapV3Pool,True,observed_ordering_target,trace_confirmed,0x128acb08,"swap(address,bool,int256,uint160,bytes)",2,6,0x45b60dd6a12c09c13ce3ef83ac53181e709dcdd73f4a0e39b5d844f69cd551db;0x63c7483bcd5b2ab5d6a67563f13c9bd9abf6a5226a3917ba28f3b6ae7740ef7b;0x6e4a582c427d22cb4766d575287e92b09dc9d01ef600d0d6a17855a2eeb20231;0x81d454cc049f714ba558d62b429f21a6f340b1d5cda979ec1a4057b22ef4e523;0x9682bec56df7b2f16a8dee5512ca230d9ebe5b7f9ac6ee3a5ce37453a797eca8;0xbb088bd0f0ee4887cf3a8f1fcf2c1f4be4fae7e4e2c8e624f01fa43513790c7b;0xc36b0fa61947d2343c08404419e31fd4db09dc0821c4a38055d94e594488096b,dataset trading-pair role plus the same ABI-resolved swap entry point executed by attacker-side and victim transactions,not_established
cisbl7-ab45dde62207d8e76b39e73c,sandwich,0xd293d05e83035a757d510e2a5ebfe705c4f05b1f,UniswapV2Pair,True,observed_ordering_target,trace_confirmed,0x022c0d9f,"swap(uint256,uint256,address,bytes)",2,11,0x3ce018c4a2b2c8fe1c8d27839a3f0a64b9b09d94cfbeaa2bc904c1ce487479f3;0x4559d91c990de54316248fdd3b5b71fa2e9047fe6b0e2259aa28739fd990fb41;0x52a76aa54015d34a1e554a2839065e9277b4bb3e625d9f9682b71e04b47bd9bc;0x5ffd485354382978164f2536d95f44f7fb4dac7bd9e42fc4d03d26dde9b30a1c;0x7efd21b07f73d2c9c65483dc4bdbd5f25feaacad9913af9fcf41d7ad55cf5cd7;0x80a2edc6a32edb38651518a0f20402ceabea8e7f37101984a5086f74013dbdc4;0x8d592f616d9fb5ed2a9e5801244248f39575846390cf6abf10e7c5ef91ba12a4;0x9da8dec2a0d5cc7caa7095e261c0362feb1eacfb4f7014b3ab697801167dc824;0xa8ebd733869c9f61912f2480a558c2735ab71627d2d0591c6e3da5006b25098b;0xc8f527d26980c4cb8636010a28f6758e9841445ca1622512b426a1762978e0a6;0xda8ca83e4457d1e6befa4efd844a53ef1adf7733779c905553ec2829dc4c8be0;0xf82805837309b665d12344b5b236302118fbcafb0809b4e17c9b5c1132dd9639,dataset trading-pair role plus the same ABI-resolved swap entry point executed by attacker-side and victim transactions,not_established
cisbl7-abc90c32f24922f063a8fbc9,sandwich,0xd293d05e83035a757d510e2a5ebfe705c4f05b1f,UniswapV2Pair,True,observed_ordering_target,trace_confirmed,0x022c0d9f,"swap(uint256,uint256,address,bytes)",2,7,0x340d7e4e2ccdbe09372e7c927a9d216bab10c65455fbb6ae069cce36f09f4cc5;0x35f3f835eea12f499d8f77c9992976ff10cd31ef7cce2d0e3338752f23555b5f;0x38d87c49835059a6cb2bfde69fa5602a01ac16c8f52a8a5cf51cf0e71565e025;0x6a3eb557eb9587a20c45f878cc28e0a10382d239d2289d788c4fe75e455845c6;0x92f157d75195aa7402a847abedd06316966e61965f2773709d9e8c43fc55d5e7;0xa7704f571aa93fabcfb822a9ab5baf70617cf3c2aba903033a13778deab77f21;0xb276abf178b49463842c93397ef97acfa01dcd5d3618951bb77462ea53eb14fa;0xbb13bd740132b8f47fe0cfc4a42af65a536ba04252989a89542722553f28a06e;0xe2209ebeb4e57c2f1add0af8af4e9ddc198265a9132ae021daf3be5175420e04,dataset trading-pair role plus the same ABI-resolved swap entry point executed by attacker-side and victim transactions,not_established
cisbl7-ad480005f89cafd69ea5b325,sandwich,0x5ced44f03ff443bbe14d8ea23bc24425fb89e3ed,UniswapV2Pair,True,observed_ordering_target,trace_confirmed,0x022c0d9f,"swap(uint256,uint256,address,bytes)",3,1,0x238245c358945fd1e826060aa564852b3b3d58eca69185fd94682a26a0467021;0x9989b8c235e3c317c5b586095371b084dc9314a56ec037dbab558761f6909fae;0xf0100f63f8956a8ea74c5048beecf5912c0b6c4f4d4ac2ad4fe9edf2b795b259,dataset trading-pair role plus the same ABI-resolved swap entry point executed by attacker-side and victim transactions,not_established
cisbl7-ad480005f89cafd69ea5b325,sandwich,0xdeba8fd61c1c87b6321a501ebb19e61e610421bf,UniswapV2Pair,True,observed_ordering_target,trace_confirmed,0x022c0d9f,"swap(uint256,uint256,address,bytes)",2,1,0x238245c358945fd1e826060aa564852b3b3d58eca69185fd94682a26a0467021;0x5cfc8a8b84487d770526dca41c5f3b7a41eb1a455a46db41676db23eabebe5ac;0x9989b8c235e3c317c5b586095371b084dc9314a56ec037dbab558761f6909fae,dataset trading-pair role plus the same ABI-resolved swap entry point executed by attacker-side and victim transactions,not_established
cisbl7-ad480005f89cafd69ea5b325,sandwich,0xe0554a476a092703abdb3ef35c80e0d76d32939f,UniswapV3Pool,True,observed_ordering_target,trace_confirmed,0x128acb08,"swap(address,bool,int256,uint160,bytes)",2,1,0x238245c358945fd1e826060aa564852b3b3d58eca69185fd94682a26a0467021;0x4e5208d8af98da88e1b4a3fedd42d5cbf7242ebd6dd65cf680f368ceb48e856f;0x9989b8c235e3c317c5b586095371b084dc9314a56ec037dbab558761f6909fae,dataset trading-pair role plus the same ABI-resolved swap entry point executed by attacker-side and victim transactions,not_established
cisbl7-adeb9ac7570b375e30e71ea4,sandwich,0x6593f97975400fcfee16a44d8448bb0509743e8e,UniswapV2Pair,True,observed_ordering_target,trace_confirmed,0x022c0d9f,"swap(uint256,uint256,address,bytes)",2,1,0x382e6d8ed250f4d2f6c1e770793fa9bc99f2d1786f8f1ef8025619ff19199a49;0x79efb7b47baef36b7bfc8c17b3d7e6b2457e10fe26e567de6b4279c9c07ddc9b,dataset trading-pair role plus the same ABI-resolved swap entry point executed by attacker-side and victim transactions,not_established
cisbl7-adeb9ac7570b375e30e71ea4,sandwich,0x8580a7b63d48190775c7ceb13eda5dd4cc01a6e2,UniswapV2Pair,True,observed_ordering_target,trace_confirmed,0x022c0d9f,"swap(uint256,uint256,address,bytes)",2,1,0x2b5f26eaee6065936233c210aff14934a57206e1d9f278dedf98b29b7eba430f;0x382e6d8ed250f4d2f6c1e770793fa9bc99f2d1786f8f1ef8025619ff19199a49,dataset trading-pair role plus the same ABI-resolved swap entry point executed by attacker-side and victim transactions,not_established
cisbl7-adeb9ac7570b375e30e71ea4,sandwich,0xd300c31a23c2300c601a44da8e3df36c4e1b78c5,UniswapV2Pair,True,observed_ordering_target,trace_confirmed,0x022c0d9f,"swap(uint256,uint256,address,bytes)",3,1,0x382e6d8ed250f4d2f6c1e770793fa9bc99f2d1786f8f1ef8025619ff19199a49,dataset trading-pair role plus the same ABI-resolved swap entry point executed by attacker-side and victim transactions,not_established
cisbl7-adf7d0d2cb470c126b2889ab,sandwich,0x291c69fdaebd3cbe953843da243f8605a766a268,JamUniswapV2Pair,True,observed_ordering_target,trace_confirmed,0x022c0d9f,"swap(uint256,uint256,address,bytes)",2,1,0x8d019ecb7a66a9ec1e189231e27d8ce345d97dbc9d19e669e94d444768098fa6;0xce6edf3a2c5a2e4d42a1e52da74ce015a2bdd93016fe0c278ae3e61e28ca2324;0xef9deb0066e7b97d3daf77bd336fb20dfdbcbf38cec8c0cbb3aa149a2c0aebcb,dataset trading-pair role plus the same ABI-resolved swap entry point executed by attacker-side and victim transactions,not_established
cisbl7-adf7d0d2cb470c126b2889ab,sandwich,0xc7bbec68d12a0d1830360f8ec58fa599ba1b0e9b,UniswapV3Pool,True,observed_ordering_target,trace_confirmed,0x128acb08,"swap(address,bool,int256,uint160,bytes)",2,1,0x21088a707bf24e0ce84fbb92170180df3cffbe9431d6dd5e9a87f9271fe75f6a;0xce6edf3a2c5a2e4d42a1e52da74ce015a2bdd93016fe0c278ae3e61e28ca2324;0xef9deb0066e7b97d3daf77bd336fb20dfdbcbf38cec8c0cbb3aa149a2c0aebcb,dataset trading-pair role plus the same ABI-resolved swap entry point executed by attacker-side and victim transactions,not_established
cisbl7-aeaca78b5dbf176d54058a42,sandwich,0xb1bbeea2da2905e6b0a30203aef55c399c53d042,UniswapV2Pair,True,observed_ordering_target,trace_confirmed,0x022c0d9f,"swap(uint256,uint256,address,bytes)",2,1,0x1a82eded677411a142d1f592a60fc8badd7d98b183d3cc434961d3153a7434db;0xcc2dd0a01b6133a2c1a3b6cdc3a36b8aff2ac362ffd2a8689bafd1365c31c3a9;0xd2c43785061f9a278d434c6cd56cf5f3ffcc5cb639aa32ed11b798b52e4cc114,dataset trading-pair role plus the same ABI-resolved swap entry point executed by attacker-side and victim transactions,not_established
cisbl7-aeaca78b5dbf176d54058a42,sandwich,0xd7f185d0bff9e41b3e454c7fda07b4a4fe1911c5,UniswapV2Pair,True,observed_ordering_target,trace_confirmed,0x022c0d9f,"swap(uint256,uint256,address,bytes)",2,1,0x18294bae5e090fd44cc4759a3758d9766d812cbeeb8e6d9c231f4251c01b5983;0x1a82eded677411a142d1f592a60fc8badd7d98b183d3cc434961d3153a7434db;0xd2c43785061f9a278d434c6cd56cf5f3ffcc5cb639aa32ed11b798b52e4cc114,dataset trading-pair role plus the same ABI-resolved swap entry point executed by attacker-side and victim transactions,not_established
cisbl7-aeaca78b5dbf176d54058a42,sandwich,0xfad57d2039c21811c8f2b5d5b65308aa99d31559,UniswapV3Pool,True,observed_ordering_target,trace_confirmed,0x128acb08,"swap(address,bool,int256,uint160,bytes)",2,1,0x1a82eded677411a142d1f592a60fc8badd7d98b183d3cc434961d3153a7434db;0x7bfd374ece6d1155f2c2904eea839a65d4b48140b393858d9227f8fcc58d1629;0xd2c43785061f9a278d434c6cd56cf5f3ffcc5cb639aa32ed11b798b52e4cc114,dataset trading-pair role plus the same ABI-resolved swap entry point executed by attacker-side and victim transactions,not_established
cisbl7-b080e327c682f06ccefa5166,sandwich,0x2172009e620ab2fc52b3c52648e1dcc28c16bf7d,UniswapV2Pair,True,observed_ordering_target,trace_confirmed,0x022c0d9f,"swap(uint256,uint256,address,bytes)",2,1,0x4e28446c4e49950be480c05949316d657e8f44dc8ac72f184f2ae20c2944fc6a;0x5fa4e4cf87941d19728bc6db438536368262bafdb72c9632ada00b8eac870daf;0xfafca41279fb296998d54dde1ed719a864785b70ba742cb1be334f2bb5f5d09d,dataset trading-pair role plus the same ABI-resolved swap entry point executed by attacker-side and victim transactions,not_established
cisbl7-b080e327c682f06ccefa5166,sandwich,0x4de8c60541fdadd33404ccb2c8b83907ce617341,UniswapV2Pair,True,observed_ordering_target,trace_confirmed,0x022c0d9f,"swap(uint256,uint256,address,bytes)",2,1,0x4e28446c4e49950be480c05949316d657e8f44dc8ac72f184f2ae20c2944fc6a;0x5fa4e4cf87941d19728bc6db438536368262bafdb72c9632ada00b8eac870daf;0x67483801c7012a6084701516d61dc884793d0ce8c4c4c53e65dd99a258f1b93b,dataset trading-pair role plus the same ABI-resolved swap entry point executed by attacker-side and victim transactions,not_established
cisbl7-b080e327c682f06ccefa5166,sandwich,0x8bb9cd887dd51c5aa8d7da9e244c94bec035e47c,UniswapV3Pool,True,observed_ordering_target,trace_confirmed,0x128acb08,"swap(address,bool,int256,uint160,bytes)",2,1,0x4e28446c4e49950be480c05949316d657e8f44dc8ac72f184f2ae20c2944fc6a;0x5fa4e4cf87941d19728bc6db438536368262bafdb72c9632ada00b8eac870daf;0xa4f97d7fe2a1efc66e8bdfd81fc584127062af7d28754e0959106843418f4082,dataset trading-pair role plus the same ABI-resolved swap entry point executed by attacker-side and victim transactions,not_established
cisbl7-b18d3a5ac4c9f9b388b9a2ba,sandwich,0x035a397725d3c9fc5ddd3e56066b7b64c749014e,UniswapV2Pair,True,observed_ordering_target,trace_confirmed,0x022c0d9f,"swap(uint256,uint256,address,bytes)",4,1,0x4c962d65e8fa862a560098e0a38e31848ac6f2f48bd79df2276abe281095b618;0xf93ece517dd9648f1dbadedef1906320e6383df7b914038b6b944a30e84313c0;0xfe4eb4195a4feacfe6e2e5e905d2d5385dd3277181bc81972085c61ec78abae0,dataset trading-pair role plus the same ABI-resolved swap entry point executed by attacker-side and victim transactions,not_established
cisbl7-b18d3a5ac4c9f9b388b9a2ba,sandwich,0x0dc9877f6024ccf16a470a74176c9260beb83ab6,UniswapV3Pool,True,observed_ordering_target,trace_confirmed,0x128acb08,"swap(address,bool,int256,uint160,bytes)",2,1,0x4c962d65e8fa862a560098e0a38e31848ac6f2f48bd79df2276abe281095b618;0xc7287abdf0fb0f1d1adcbda211bcf87bacf11f2db8b315afeef2c45f44f96021;0xf93ece517dd9648f1dbadedef1906320e6383df7b914038b6b944a30e84313c0,dataset trading-pair role plus the same ABI-resolved swap entry point executed by attacker-side and victim transactions,not_established
cisbl7-b6f55eb2fa25bc4220321209,sandwich,0x88e6a0c2ddd26feeb64f039a2c41296fcb3f5640,UniswapV3Pool,True,observed_ordering_target,trace_confirmed,0x128acb08,"swap(address,bool,int256,uint160,bytes)",2,1,0x7ab3c71cafa422ebbf34eb9ac9651377e2ecfb7405470a1cca5914229972f972;0x8a87e13c1fe291d7dc52eae3dd88d93666cecad47f953dc51ae1a142cb9eee00;0xabc8b53c10795066917809a411b3c6a69feb3530cfc67e6196fdcf6c699b8be1,dataset trading-pair role plus the same ABI-resolved swap entry point executed by attacker-side and victim transactions,not_established
cisbl7-b6f55eb2fa25bc4220321209,sandwich,0xf94f040ad12abd0b585eae84876429715bfa82d6,UniswapV2Pair,True,observed_ordering_target,trace_confirmed,0x022c0d9f,"swap(uint256,uint256,address,bytes)",3,1,0x7ab3c71cafa422ebbf34eb9ac9651377e2ecfb7405470a1cca5914229972f972;0xa83df7a02a0569ec693bd95bc0ba02e43190c53b314f2a4d218401bed82e3eca;0xabc8b53c10795066917809a411b3c6a69feb3530cfc67e6196fdcf6c699b8be1,dataset trading-pair role plus the same ABI-resolved swap entry point executed by attacker-side and victim transactions,not_established
cisbl7-b7366a806b1e8f9d1503245c,sandwich,0x15abc0a88b462ed37c89fbcd2bc0d6bd8a94f22d,UniswapV2Pair,True,observed_ordering_target,trace_confirmed,0x022c0d9f,"swap(uint256,uint256,address,bytes)",2,1,0x40b0c0cc486cf45f7f8ea3614f69aa1e7080c9c4af1d96c461ce50ad6934ae93;0xa9393cd3ff81fee2df67774ce084233eb21f223bfca7a6b2609d59e9e3ba5b27,dataset trading-pair role plus the same ABI-resolved swap entry point executed by attacker-side and victim transactions,not_established
cisbl7-b7366a806b1e8f9d1503245c,sandwich,0x540b9658044acb24a7f32341c6564818176b0f1e,UniswapV2Pair,True,observed_ordering_target,trace_confirmed,0x022c0d9f,"swap(uint256,uint256,address,bytes)",2,1,0x22f8b11eb040401c59a0a64a4490a035421084edb04f0e2eba74a85422f7ef57;0x40b0c0cc486cf45f7f8ea3614f69aa1e7080c9c4af1d96c461ce50ad6934ae93;0xa9393cd3ff81fee2df67774ce084233eb21f223bfca7a6b2609d59e9e3ba5b27,dataset trading-pair role plus the same ABI-resolved swap entry point executed by attacker-side and victim transactions,not_established
cisbl7-b7366a806b1e8f9d1503245c,sandwich,0xea59a3da9cad8ece406a353ddede0e7d17604d28,UniswapV2Pair,True,observed_ordering_target,trace_confirmed,0x022c0d9f,"swap(uint256,uint256,address,bytes)",2,1,0x40b0c0cc486cf45f7f8ea3614f69aa1e7080c9c4af1d96c461ce50ad6934ae93;0x4718845621e69e83dd29d58f9a0caedd331b378cf3def1b9dc1deb2249282f87;0xa9393cd3ff81fee2df67774ce084233eb21f223bfca7a6b2609d59e9e3ba5b27,dataset trading-pair role plus the same ABI-resolved swap entry point executed by attacker-side and victim transactions,not_established
cisbl7-b7366a806b1e8f9d1503245c,sandwich,0xfaa318479b7755b2dbfdd34dc306cb28b420ad12,UniswapV3Pool,True,observed_ordering_target,trace_confirmed,0x128acb08,"swap(address,bool,int256,uint160,bytes)",2,1,0x40b0c0cc486cf45f7f8ea3614f69aa1e7080c9c4af1d96c461ce50ad6934ae93;0x7689dfa6a5958112a107b38be6052b77f43c6caf92c2a09c7e139d9541ed6d95;0xa9393cd3ff81fee2df67774ce084233eb21f223bfca7a6b2609d59e9e3ba5b27,dataset trading-pair role plus the same ABI-resolved swap entry point executed by attacker-side and victim transactions,not_established
cisbl7-b815c1c617ab3b33aed92586,sandwich,0x2325e3f261cadb1c30cebf66c9f95f6fb016c0d4,UniswapV2Pair,True,observed_ordering_target,trace_confirmed,0x022c0d9f,"swap(uint256,uint256,address,bytes)",2,1,0x1fb678b15c79cb1e827a8537d68e63abb0ba5cd4f27d868224c670ba0419efc6;0x65c0929dbed9f3526fdcb16624b937c8b064d0cfd757dbb1c1f2a4d6a1ed21ff;0xba82058001c1e39b63419109856afe54b37a404cdc95b019feb088c02b79b25e,dataset trading-pair role plus the same ABI-resolved swap entry point executed by attacker-side and victim transactions,not_established
cisbl7-b815c1c617ab3b33aed92586,sandwich,0x6d57a53a45343187905aad6ad8ed532d105697c1,UniswapV2Pair,True,observed_ordering_target,trace_confirmed,0x022c0d9f,"swap(uint256,uint256,address,bytes)",2,1,0x1fb678b15c79cb1e827a8537d68e63abb0ba5cd4f27d868224c670ba0419efc6;0x65c0929dbed9f3526fdcb16624b937c8b064d0cfd757dbb1c1f2a4d6a1ed21ff;0x8098e5b068b57bc0b77f9b2700f0093cb6a451ed2042c1725402d1c051309518,dataset trading-pair role plus the same ABI-resolved swap entry point executed by attacker-side and victim transactions,not_established
cisbl7-b86b4f85c7cb89b3531b18b1,sandwich,0x6c2b8b3f7a909531c4c55ca6a0a7c3ab65e8d94a,UniswapV2Pair,True,observed_ordering_target,trace_confirmed,0x022c0d9f,"swap(uint256,uint256,address,bytes)",2,1,0xdfd2beec019cebd74949268630de87d7752edfc41427f43b5be415d9405bb280,dataset trading-pair role plus the same ABI-resolved swap entry point executed by attacker-side and victim transactions,not_established
cisbl7-b86b4f85c7cb89b3531b18b1,sandwich,0x88e6a0c2ddd26feeb64f039a2c41296fcb3f5640,UniswapV3Pool,True,observed_ordering_target,trace_confirmed,0x128acb08,"swap(address,bool,int256,uint160,bytes)",2,1,0xa252e3040f193126172cc61b328423c1f6e283882d17c9f1887f990f4669d24b;0xdfd2beec019cebd74949268630de87d7752edfc41427f43b5be415d9405bb280,dataset trading-pair role plus the same ABI-resolved swap entry point executed by attacker-side and victim transactions,not_established
cisbl7-b86b4f85c7cb89b3531b18b1,sandwich,0xd1853218db7e0d3ace181e34e82b848a0248573e,UniswapV2Pair,True,observed_ordering_target,trace_confirmed,0x022c0d9f,"swap(uint256,uint256,address,bytes)",2,1,0x3d606c81d282f56a8e29d2dcb99e4dd0e84b14c1b6b66c8ca46e1481ff38adef;0xdfd2beec019cebd74949268630de87d7752edfc41427f43b5be415d9405bb280,dataset trading-pair role plus the same ABI-resolved swap entry point executed by attacker-side and victim transactions,not_established
cisbl7-c2223e1d3c8b973b70e8be10,sandwich,0x11b815efb8f581194ae79006d24e0d814b7697f6,UniswapV3Pool,True,observed_ordering_target,trace_confirmed,0x128acb08,"swap(address,bool,int256,uint160,bytes)",2,1,0x3e8dbf5cd4b15d45bb2bda97a2e2455b8e2c6965db33ed066f7ded0af9ce5451;0x64b2ad42bfc4f6cb15692cae81cdbae05b535bb8687c358c3e643cf70b13a00b;0x64c53b57897785da48119e8f676e0a614ea61e26f896fcff3200814310250593,dataset trading-pair role plus the same ABI-resolved swap entry point executed by attacker-side and victim transactions,not_established
cisbl7-c2223e1d3c8b973b70e8be10,sandwich,0x898fcb7b4e3bee37ebb0ca3a3fbd08cefdc8c995,UniswapV2Pair,True,observed_ordering_target,trace_confirmed,0x022c0d9f,"swap(uint256,uint256,address,bytes)",2,1,0x64b2ad42bfc4f6cb15692cae81cdbae05b535bb8687c358c3e643cf70b13a00b;0x64c53b57897785da48119e8f676e0a614ea61e26f896fcff3200814310250593;0xfa0e9a10725fd9f5da9f9d599fdce06f1dc6a1d31225e761508c15b02ab5875e,dataset trading-pair role plus the same ABI-resolved swap entry point executed by attacker-side and victim transactions,not_established
cisbl7-c25f2252c548bb7504005cbc,sandwich,0xc7bbec68d12a0d1830360f8ec58fa599ba1b0e9b,UniswapV3Pool,True,observed_ordering_target,trace_confirmed,0x128acb08,"swap(address,bool,int256,uint160,bytes)",2,2,0x46b5f5471099f25ea9195d39d6cbf0916d8bf6a2f08276bbaf7d9636cc601d57;0x796ab4c10087cd4a8a051dc99c7853ee2b85cfc9e8a3ff0480e7f30f49be6e7f;0x7e55c9f6fa09063e914ccca60a61a59e6cd24d49b3dde5369d067b632af48e73,dataset trading-pair role plus the same ABI-resolved swap entry point executed by attacker-side and victim transactions,not_established
cisbl7-cd513cd4835a5ac4c1a2d52a,sandwich,0x27574fb0948294111492e92d8f7ad93fb065700b,UniswapV2Pair,True,observed_ordering_target,trace_confirmed,0x022c0d9f,"swap(uint256,uint256,address,bytes)",2,1,0x2a2c1299d4429bcbca54d9201d0630d7aa4b8f0326254429ad54aa8f502c42ef;0x853b84729f0b443f42e64babeabf39b0a29ae51cb14cf391d7b99bddedfeab99;0x9409f215a451b2d18731527f0d8e2179072bd3ac010770ba30a649b304db1978,dataset trading-pair role plus the same ABI-resolved swap entry point executed by attacker-side and victim transactions,not_established
cisbl7-cd513cd4835a5ac4c1a2d52a,sandwich,0xc7bbec68d12a0d1830360f8ec58fa599ba1b0e9b,UniswapV3Pool,True,observed_ordering_target,trace_confirmed,0x128acb08,"swap(address,bool,int256,uint160,bytes)",3,1,0x853b84729f0b443f42e64babeabf39b0a29ae51cb14cf391d7b99bddedfeab99;0x9409f215a451b2d18731527f0d8e2179072bd3ac010770ba30a649b304db1978;0x944b4478994f020b7e9369c03d65571069c7c93929fa06d0283868145fe2c366,dataset trading-pair role plus the same ABI-resolved swap entry point executed by attacker-side and victim transactions,not_established
cisbl7-cdc7c2d4f828ae7bde448901,sandwich,0x03b59bd1c8b9f6c265ba0c3421923b93f15036fa,FraxswapPair,True,observed_ordering_target,trace_confirmed,0x022c0d9f,"swap(uint256,uint256,address,bytes)",2,1,0x1dbd3fd2b777218d65a5edc76a39bbd2a631224076cb74445261af71ca6ea295;0x8ebbf64361dff51543ef97abf88e266eb2d8fa1a3e0e00c2ed9042069a20c456,dataset trading-pair role plus the same ABI-resolved swap entry point executed by attacker-side and victim transactions,not_established
cisbl7-cdc7c2d4f828ae7bde448901,sandwich,0x470dc172d6502ac930b59322ece5345dd456a03d,UniswapV2Pair,True,observed_ordering_target,trace_confirmed,0x022c0d9f,"swap(uint256,uint256,address,bytes)",3,1,0x1dbd3fd2b777218d65a5edc76a39bbd2a631224076cb74445261af71ca6ea295;0x8ebbf64361dff51543ef97abf88e266eb2d8fa1a3e0e00c2ed9042069a20c456,dataset trading-pair role plus the same ABI-resolved swap entry point executed by attacker-side and victim transactions,not_established
cisbl7-cdc7c2d4f828ae7bde448901,sandwich,0x5a254c6dc457f9ccf4b19a3b847dfbe3c85e892f,UniswapV2Pair,True,observed_ordering_target,trace_confirmed,0x022c0d9f,"swap(uint256,uint256,address,bytes)",2,1,0x1dbd3fd2b777218d65a5edc76a39bbd2a631224076cb74445261af71ca6ea295;0x7a7e10e4f9cecad5dee69979d34ed210b803e83f7675fb03d225c86c2ecf893b;0x8ebbf64361dff51543ef97abf88e266eb2d8fa1a3e0e00c2ed9042069a20c456,dataset trading-pair role plus the same ABI-resolved swap entry point executed by attacker-side and victim transactions,not_established
cisbl7-cdc7c2d4f828ae7bde448901,sandwich,0xae4045ffeddf61d570e6d1fe2d71ded1a2e85a88,UniswapV3Pool,True,observed_ordering_target,trace_confirmed,0x128acb08,"swap(address,bool,int256,uint160,bytes)",2,1,0x1dbd3fd2b777218d65a5edc76a39bbd2a631224076cb74445261af71ca6ea295;0x8ebbf64361dff51543ef97abf88e266eb2d8fa1a3e0e00c2ed9042069a20c456;0xfc2a9c9c363b70dce6c014365166e24d51f083978616cc57dc5b66c4479202d2,dataset trading-pair role plus the same ABI-resolved swap entry point executed by attacker-side and victim transactions,not_established
cisbl7-cdc7c2d4f828ae7bde448901,sandwich,0xc4a8c243d8cf7891d6282bb293e7a0aa4ef1ae51,UniswapV2Pair,True,observed_ordering_target,trace_confirmed,0x022c0d9f,"swap(uint256,uint256,address,bytes)",2,1,0x1dbd3fd2b777218d65a5edc76a39bbd2a631224076cb74445261af71ca6ea295;0x875d2af7cee6e01360205e828d4170281e8a2fd686580acfe5b93d0d7a6eaeeb;0x8ebbf64361dff51543ef97abf88e266eb2d8fa1a3e0e00c2ed9042069a20c456,dataset trading-pair role plus the same ABI-resolved swap entry point executed by attacker-side and victim transactions,not_established
cisbl7-cfb48a68b7cc166252c99926,sandwich,0x01962144d41415cca072900fe87bbe2992a99f10,UniswapV2Pair,True,observed_ordering_target,trace_confirmed,0x022c0d9f,"swap(uint256,uint256,address,bytes)",2,1,0x4ff5792c12fc3f6af573a70cd58785a647772035c266a3e36970a5be96c1baae;0xae1a39394023942f61338c8a30aa3da8ea87fa7210a33af7c34d47e736750f34;0xdcfbc78823a9190279ccb4b08e9044f507310b0c3561474f60baf78fbc6fa0ad,dataset trading-pair role plus the same ABI-resolved swap entry point executed by attacker-side and victim transactions,not_established
cisbl7-cfb48a68b7cc166252c99926,sandwich,0x1f9b4a5ddd586f8471cda36262c52e5872a7d257,UniswapV2Pair,True,observed_ordering_target,trace_confirmed,0x022c0d9f,"swap(uint256,uint256,address,bytes)",2,1,0x1bc875a91075702e2760ee9fcc50265da55f1bab2cd3fbde1a13c3fbfeba5428;0xae1a39394023942f61338c8a30aa3da8ea87fa7210a33af7c34d47e736750f34;0xdcfbc78823a9190279ccb4b08e9044f507310b0c3561474f60baf78fbc6fa0ad,dataset trading-pair role plus the same ABI-resolved swap entry point executed by attacker-side and victim transactions,not_established
cisbl7-cfb48a68b7cc166252c99926,sandwich,0xe0554a476a092703abdb3ef35c80e0d76d32939f,UniswapV3Pool,True,observed_ordering_target,trace_confirmed,0x128acb08,"swap(address,bool,int256,uint160,bytes)",2,1,0xae1a39394023942f61338c8a30aa3da8ea87fa7210a33af7c34d47e736750f34;0xdcfbc78823a9190279ccb4b08e9044f507310b0c3561474f60baf78fbc6fa0ad;0xeb238106207144d68af46a6cd3fa7b6568eb78d6d02f4338bc86f11fd1b9d1db,dataset trading-pair role plus the same ABI-resolved swap entry point executed by attacker-side and victim transactions,not_established
cisbl7-d223468137e41e66556d7cc9,sandwich,0x208f0ff6a50b725c695fa30c95175cce75c77e1f,UniswapV2Pair,True,observed_ordering_target,trace_confirmed,0x022c0d9f,"swap(uint256,uint256,address,bytes)",2,1,0x1b31ea67fe125c921f7f0b75af105387a00666e0d96929a5136060b724907304;0x88a743b6c00f7eeaefdcc667fc24c5c90d8b0b2ddda1dc0c82676a2e7d97c852;0x8b2331889433bb01158ca8bb15bd277226d342142447593bb195439abae52353,dataset trading-pair role plus the same ABI-resolved swap entry point executed by attacker-side and victim transactions,not_established
cisbl7-d223468137e41e66556d7cc9,sandwich,0x60594a405d53811d3bc4766596efd80fd545a270,UniswapV3Pool,True,observed_ordering_target,trace_confirmed,0x128acb08,"swap(address,bool,int256,uint160,bytes)",2,1,0x1b31ea67fe125c921f7f0b75af105387a00666e0d96929a5136060b724907304;0x697489d4df3f336b53aa254f55b504ee38117b294ca3fd3c83c7913ddf683f23;0x8b2331889433bb01158ca8bb15bd277226d342142447593bb195439abae52353,dataset trading-pair role plus the same ABI-resolved swap entry point executed by attacker-side and victim transactions,not_established
cisbl7-d223468137e41e66556d7cc9,sandwich,0x7c3b1297ac649b36547b913de50919acb45a250c,UniswapV3Pool,True,observed_ordering_target,trace_confirmed,0x128acb08,"swap(address,bool,int256,uint160,bytes)",2,1,0x1b31ea67fe125c921f7f0b75af105387a00666e0d96929a5136060b724907304;0x8b2331889433bb01158ca8bb15bd277226d342142447593bb195439abae52353;0xe4bba08deff23c0244e456398aeabd6e6c43d46a4790b822b1f3a79ef425e894,dataset trading-pair role plus the same ABI-resolved swap entry point executed by attacker-side and victim transactions,not_established
cisbl7-d3310c9d02e7dce3791fab0f,sandwich,0x9a772018fbd77fcd2d25657e5c547baff3fd7d16,UniswapV3Pool,True,observed_ordering_target,trace_confirmed,0x128acb08,"swap(address,bool,int256,uint160,bytes)",2,1,0x493fb495d06bd9bb1ebcd1a58858904ef4b1e8df2304365dd63d536948661853;0x78cc37f285cd0b89cd40195d7f8e9a1f3d0f80da044c973ffc1bda681569fdfe,dataset trading-pair role plus the same ABI-resolved swap entry point executed by attacker-side and victim transactions,not_established
cisbl7-d3310c9d02e7dce3791fab0f,sandwich,0xb8384eb4a38c216711184209a205edd7d0552ddc,UniswapV2Pair,True,observed_ordering_target,trace_confirmed,0x022c0d9f,"swap(uint256,uint256,address,bytes)",2,1,0x493fb495d06bd9bb1ebcd1a58858904ef4b1e8df2304365dd63d536948661853;0xac0409d2b9af6586499e4acebbf14d48e196ec1d7952148e5e767480e2125291,dataset trading-pair role plus the same ABI-resolved swap entry point executed by attacker-side and victim transactions,not_established
cisbl7-d4b781d6aed564e40b72436c,sandwich,0xc2a6798447bb70e5abcf1b0d6aeec90bc14fca55,UniswapV3Pool,True,observed_ordering_target,trace_confirmed,0x128acb08,"swap(address,bool,int256,uint160,bytes)",2,1,0x1f1398b2b0500dc11c7422c08a443b925b57a2c0a6bcf719fa8e361e891902de;0x47c7a56233aac84816763eebe3cbb9869d8c430928d51bc1e7c044f06cdf40b6;0xb813f88c8a4eb90e4fafa84b03bd42776b5ade1755ab560eda7281143f30d2c5,dataset trading-pair role plus the same ABI-resolved swap entry point executed by attacker-side and victim transactions,not_established
cisbl7-d4b781d6aed564e40b72436c,sandwich,0xe6ff8b9a37b0fab776134636d9981aa778c4e718,UniswapV3Pool,True,observed_ordering_target,trace_confirmed,0x128acb08,"swap(address,bool,int256,uint160,bytes)",2,1,0x47c7a56233aac84816763eebe3cbb9869d8c430928d51bc1e7c044f06cdf40b6;0xb813f88c8a4eb90e4fafa84b03bd42776b5ade1755ab560eda7281143f30d2c5;0xc4d2c536f17324313881af1b6883bd18ff7528c1a285d248c08aec3c2907f7db,dataset trading-pair role plus the same ABI-resolved swap entry point executed by attacker-side and victim transactions,not_established
cisbl7-d53ace785019fb83663d7ccc,sandwich,0x66c4285223e5949d154783dd14f73844ccbf85cf,UniswapV2Pair,True,observed_ordering_target,trace_confirmed,0x022c0d9f,"swap(uint256,uint256,address,bytes)",2,1,0x59d1d6b10333010becba58dfeb5d5e9f5522c45c92ca6965ecc13f37a8d8d535;0x965bdfc044352609e29761f4dc687491695807372b583fa302b85baf7d783db0;0xa76ecd7228618dd7dc767a07e07ca7352ea0420cd04560c7161ff75e5e73c2c7,dataset trading-pair role plus the same ABI-resolved swap entry point executed by attacker-side and victim transactions,not_established
cisbl7-d53ace785019fb83663d7ccc,sandwich,0xc4d0900cb1bac79fd7c106fae3eedd0f9554f1e4,UniswapV2Pair,True,observed_ordering_target,trace_confirmed,0x022c0d9f,"swap(uint256,uint256,address,bytes)",2,1,0x4adadb62f2c1089e40d9e3798b559156806d1a6dbd01313c73a65c645e658859;0x965bdfc044352609e29761f4dc687491695807372b583fa302b85baf7d783db0;0xa76ecd7228618dd7dc767a07e07ca7352ea0420cd04560c7161ff75e5e73c2c7,dataset trading-pair role plus the same ABI-resolved swap entry point executed by attacker-side and victim transactions,not_established
cisbl7-d53ace785019fb83663d7ccc,sandwich,0xe96c108da71dbdb2aa1056bc55c3a073061a2fa1,UniswapV2Pair,True,observed_ordering_target,trace_confirmed,0x022c0d9f,"swap(uint256,uint256,address,bytes)",2,1,0x965bdfc044352609e29761f4dc687491695807372b583fa302b85baf7d783db0;0xa76ecd7228618dd7dc767a07e07ca7352ea0420cd04560c7161ff75e5e73c2c7;0xc1767ea4f43b6f9427a55fd3e3c488791521eb0a19f992ac4a17e51724c2d078,dataset trading-pair role plus the same ABI-resolved swap entry point executed by attacker-side and victim transactions,not_established
cisbl7-db84c348f855f232c25b7dda,sandwich,0x58cf91c080f7052f6da209bf605d6cf1cefd65f3,UniswapV3Pool,True,observed_ordering_target,trace_confirmed,0x128acb08,"swap(address,bool,int256,uint160,bytes)",2,1,0x554d0a42465245b4c106f225c17713f4473778c7b96f2132f4b0dbb9ce925140;0xbee5673ec686e254efbff58041e496f647e3c713401785ff1801734747c1e2b1,dataset trading-pair role plus the same ABI-resolved swap entry point executed by attacker-side and victim transactions,not_established
cisbl7-db84c348f855f232c25b7dda,sandwich,0x6cb687c64678c6de7d37d70985191faf11e9fc9d,UniswapV2Pair,True,observed_ordering_target,trace_confirmed,0x022c0d9f,"swap(uint256,uint256,address,bytes)",2,1,0x554d0a42465245b4c106f225c17713f4473778c7b96f2132f4b0dbb9ce925140;0x850dedc3707d89ecd82b1eb3ab72a0eb36d1099d83f52d990f5d2fcce2ffa66c,dataset trading-pair role plus the same ABI-resolved swap entry point executed by attacker-side and victim transactions,not_established
cisbl7-dfad8d4769800076bf20b8e7,sandwich,0x29c830864930c897efa2b9e9851342187b82010e,UniswapV2Pair,True,observed_ordering_target,trace_confirmed,0x022c0d9f,"swap(uint256,uint256,address,bytes)",2,1,0x17242244299125308d975caabfeeb275c58af4b83f90dd5e833b7823b370ea2e;0x7d1d93e9e4e90c7bc53410a28a5a72597cbb40d4e1093b3ae843a34251c54332,dataset trading-pair role plus the same ABI-resolved swap entry point executed by attacker-side and victim transactions,not_established
cisbl7-dfad8d4769800076bf20b8e7,sandwich,0xc7bbec68d12a0d1830360f8ec58fa599ba1b0e9b,UniswapV3Pool,True,observed_ordering_target,trace_confirmed,0x128acb08,"swap(address,bool,int256,uint160,bytes)",2,1,0x7d1d93e9e4e90c7bc53410a28a5a72597cbb40d4e1093b3ae843a34251c54332;0xf3e256f444b7a73704459793063f937712659dcf1de7cea3687c8f366c5dff4f,dataset trading-pair role plus the same ABI-resolved swap entry point executed by attacker-side and victim transactions,not_established
cisbl7-e170e359411bf222b640f04b,sandwich,0x0c4a68cf6857cc76fe946d04fe85fac5fae9625e,UniswapV2Pair,True,observed_ordering_target,trace_confirmed,0x022c0d9f,"swap(uint256,uint256,address,bytes)",2,1,0x3e6753a8d7a5746e42ea70a1cfaa450c4cf06cf91de508c47a61fbf7b14ac39e;0xe25dbbdec957225baa69488b0168081d20b9382976aa417522544f8efe2e681e;0xfb2c7d844f2d4e6e0bdfb8c8591c6bfd2a93969d6042030422074afc1b5ad805,dataset trading-pair role plus the same ABI-resolved swap entry point executed by attacker-side and victim transactions,not_established
cisbl7-e170e359411bf222b640f04b,sandwich,0xcaa004418eb42cdf00cb057b7c9e28f0ffd840a5,JamUniswapV2Pair,True,observed_ordering_target,trace_confirmed,0x022c0d9f,"swap(uint256,uint256,address,bytes)",2,1,0x3e6753a8d7a5746e42ea70a1cfaa450c4cf06cf91de508c47a61fbf7b14ac39e;0xdd916051650aa6c5de748f7e8e9e21e4d2c4176234c31a3469bf8e32e85036d8;0xe25dbbdec957225baa69488b0168081d20b9382976aa417522544f8efe2e681e,dataset trading-pair role plus the same ABI-resolved swap entry point executed by attacker-side and victim transactions,not_established
cisbl7-e170e359411bf222b640f04b,sandwich,0xcc6f7439147338e0401a76db978d7d0ca6e5bfee,UniswapV2Pair,True,observed_ordering_target,trace_confirmed,0x022c0d9f,"swap(uint256,uint256,address,bytes)",3,1,0x3e6753a8d7a5746e42ea70a1cfaa450c4cf06cf91de508c47a61fbf7b14ac39e;0xc5c8ebd17f2638a530be97e361de8d564cb1a5384004267dbd89befeac8e3a5e;0xe25dbbdec957225baa69488b0168081d20b9382976aa417522544f8efe2e681e,dataset trading-pair role plus the same ABI-resolved swap entry point executed by attacker-side and victim transactions,not_established
cisbl7-e170e359411bf222b640f04b,sandwich,0xf359492d26764481002ed88bd2acae83ca50b5c9,UniswapV3Pool,True,observed_ordering_target,trace_confirmed,0x128acb08,"swap(address,bool,int256,uint160,bytes)",2,1,0x1f27ce6257e631654349e9b894c5d700afe3b79847d165e2243ef12884e23ac1;0x3e6753a8d7a5746e42ea70a1cfaa450c4cf06cf91de508c47a61fbf7b14ac39e;0xe25dbbdec957225baa69488b0168081d20b9382976aa417522544f8efe2e681e,dataset trading-pair role plus the same ABI-resolved swap entry point executed by attacker-side and victim transactions,not_established
cisbl7-e44a4af740df4513c5f1e833,sandwich,0x27fd0857f0ef224097001e87e61026e39e1b04d1,UniswapV2Pair,True,observed_ordering_target,trace_confirmed,0x022c0d9f,"swap(uint256,uint256,address,bytes)",4,1,0xa6c7ad985237ed2327895250e5661b319989f0926c25e0e8f72b38ceba325dca;0xa8d3000703fae416d244400c3106a992e1a866432d4aa1765d2ad7f9d5a486e0;0xcee45119d02073b0f6045b7f69c0bd51c08de5ef7b9114960aca5300967b22dd,dataset trading-pair role plus the same ABI-resolved swap entry point executed by attacker-side and victim transactions,not_established
cisbl7-e44a4af740df4513c5f1e833,sandwich,0x29c830864930c897efa2b9e9851342187b82010e,UniswapV2Pair,True,observed_ordering_target,trace_confirmed,0x022c0d9f,"swap(uint256,uint256,address,bytes)",3,1,0x1b2bc73d6c6904b5a41ead2f82a7cebb89f98b1a69e554194ec0230da9886bc7;0xa8d3000703fae416d244400c3106a992e1a866432d4aa1765d2ad7f9d5a486e0;0xcee45119d02073b0f6045b7f69c0bd51c08de5ef7b9114960aca5300967b22dd,dataset trading-pair role plus the same ABI-resolved swap entry point executed by attacker-side and victim transactions,not_established
cisbl7-e44a4af740df4513c5f1e833,sandwich,0x510100d5143e011db24e2aa38abe85d73d5b2177,UniswapV3Pool,True,observed_ordering_target,trace_confirmed,0x128acb08,"swap(address,bool,int256,uint160,bytes)",2,1,0x80b85eff6f4cbea52e74a33924617a6361ce6822c2fa0267f7be30723d30199b;0xa8d3000703fae416d244400c3106a992e1a866432d4aa1765d2ad7f9d5a486e0;0xcee45119d02073b0f6045b7f69c0bd51c08de5ef7b9114960aca5300967b22dd,dataset trading-pair role plus the same ABI-resolved swap entry point executed by attacker-side and victim transactions,not_established
cisbl7-e44a4af740df4513c5f1e833,sandwich,0x60af8cf92e5aa9ead4a592d657cd6debecfbc616,UniswapV2Pair,True,observed_ordering_target,trace_confirmed,0x022c0d9f,"swap(uint256,uint256,address,bytes)",2,1,0x431cc91d0f34e88b0d7745edc0f890f2607ca85c68983618afd4f3f350bb44af;0xa8d3000703fae416d244400c3106a992e1a866432d4aa1765d2ad7f9d5a486e0;0xcee45119d02073b0f6045b7f69c0bd51c08de5ef7b9114960aca5300967b22dd,dataset trading-pair role plus the same ABI-resolved swap entry point executed by attacker-side and victim transactions,not_established
cisbl7-e44a4af740df4513c5f1e833,sandwich,0xc783d210c483d76d158fd502af6b48439ffed9c5,UniswapV2Pair,True,observed_ordering_target,trace_confirmed,0x022c0d9f,"swap(uint256,uint256,address,bytes)",2,1,0x5745be85d3ce91aabd38e7718d3c915bed5382b5c7c8d05f59df7d8753a8d292;0xa8d3000703fae416d244400c3106a992e1a866432d4aa1765d2ad7f9d5a486e0;0xcee45119d02073b0f6045b7f69c0bd51c08de5ef7b9114960aca5300967b22dd,dataset trading-pair role plus the same ABI-resolved swap entry point executed by attacker-side and victim transactions,not_established
cisbl7-e4fac594bbdda452aef984cc,sandwich,0x60594a405d53811d3bc4766596efd80fd545a270,UniswapV3Pool,True,observed_ordering_target,trace_confirmed,0x128acb08,"swap(address,bool,int256,uint160,bytes)",2,1,0x8c958a020373651ee6ede6b76780c9d24a0e6f9d2c9eee8c230a762200938009;0xf38c74eb9303b7ae59a07fc068d461ef32808fd9d3dfeaf5e70e818d1bef8a16;0xf6ad9a4830cf4a60124d05247c4c16f236d5fcf982baf84fbb03940e29e3f988,dataset trading-pair role plus the same ABI-resolved swap entry point executed by attacker-side and victim transactions,not_established
cisbl7-e4fac594bbdda452aef984cc,sandwich,0xe0554a476a092703abdb3ef35c80e0d76d32939f,UniswapV3Pool,True,observed_ordering_target,trace_confirmed,0x128acb08,"swap(address,bool,int256,uint160,bytes)",3,1,0x402f6538424077cc55c349115f0d34ba381b621d46bd83f9ed5e5355ea7918fb;0xf38c74eb9303b7ae59a07fc068d461ef32808fd9d3dfeaf5e70e818d1bef8a16;0xf6ad9a4830cf4a60124d05247c4c16f236d5fcf982baf84fbb03940e29e3f988,dataset trading-pair role plus the same ABI-resolved swap entry point executed by attacker-side and victim transactions,not_established
cisbl7-e69c669e1f2b9b2e35496e9a,sandwich,0xd293d05e83035a757d510e2a5ebfe705c4f05b1f,UniswapV2Pair,True,observed_ordering_target,trace_confirmed,0x022c0d9f,"swap(uint256,uint256,address,bytes)",2,8,0x2185e77a885750987c97fec697c2a64d1fce67f9c1629f1661157a3e19d82526;0x373f66296456b57a0ed3589e9eb975f51b58cc8e04fb8428820a71acfebd128c;0x37780de7e70eeb6fc209edb630af16d41b4dfe338a464488a88e58dcd9d78915;0x468b2a2cdc125264fddbe0ad8e473107ea82649618d2e3653f43bab7db97634d;0xa892c2fae6ff72a6199a3e6a545128f79184cdf6dac8179fdbca1d85abdec6bf;0xbb9fdc1e65abd3130cdc4627c79184a55242122443739a1959f0464a08c9216a;0xc2e3f8ad28f1ad1b105da8f7bdd9f01bd3c2a9995f718aa765deed79eae43918;0xd879fbdc0b27b80b1addbf4d2ec7bcb5ff3745abe3f951b85a01e526372e5562,dataset trading-pair role plus the same ABI-resolved swap entry point executed by attacker-side and victim transactions,not_established
cisbl7-e80ecaa50c752dabca096ecf,sandwich,0x5a254c6dc457f9ccf4b19a3b847dfbe3c85e892f,UniswapV2Pair,True,observed_ordering_target,trace_confirmed,0x022c0d9f,"swap(uint256,uint256,address,bytes)",2,1,0xcf25a8e9325f36afd6287c2710d8cebc9ec13b7ef8a9103f54d8012e58de0d4f;0xe2c80bb3db66fe289c3ae12cd2490c10d7813603c317cb6d77f25ea0f8df5420;0xffcbf258c7ea2173a05021612d0c215792b80cd691c60e80d1778ca4403c1763,dataset trading-pair role plus the same ABI-resolved swap entry point executed by attacker-side and victim transactions,not_established
cisbl7-e80ecaa50c752dabca096ecf,sandwich,0x6ada49aeccf6e556bb7a35ef0119cc8ca795294a,UniswapV2Pair,True,observed_ordering_target,trace_confirmed,0x022c0d9f,"swap(uint256,uint256,address,bytes)",2,1,0x68c02be260c682877d4af3a65bfe57f8d411f9814752b65fbe7f87c65adeb8cf;0xcf25a8e9325f36afd6287c2710d8cebc9ec13b7ef8a9103f54d8012e58de0d4f;0xffcbf258c7ea2173a05021612d0c215792b80cd691c60e80d1778ca4403c1763,dataset trading-pair role plus the same ABI-resolved swap entry point executed by attacker-side and victim transactions,not_established
cisbl7-e9c4c62e44280c5749063366,sandwich,0xc1f4ecd6398ffc97d81cb3015aa6ef7b19773a08,JamUniswapV2Pair,True,observed_ordering_target,trace_confirmed,0x022c0d9f,"swap(uint256,uint256,address,bytes)",2,1,0x21576c2fc6f833fec55b8ec792939aeeda0366a9cd0574a1df2eb10f91c3b9a7;0x5432c5bcddc4515cb54cc1f87a1bc3078cc896b8674329e78017c355555267e1;0xbc37db54655b30e3980b1fb92eceffec7d31e30317c22f63b9de9c4c9344e6fa,dataset trading-pair role plus the same ABI-resolved swap entry point executed by attacker-side and victim transactions,not_established
cisbl7-e9c4c62e44280c5749063366,sandwich,0xe0554a476a092703abdb3ef35c80e0d76d32939f,UniswapV3Pool,True,observed_ordering_target,trace_confirmed,0x128acb08,"swap(address,bool,int256,uint160,bytes)",2,1,0x21576c2fc6f833fec55b8ec792939aeeda0366a9cd0574a1df2eb10f91c3b9a7;0x5432c5bcddc4515cb54cc1f87a1bc3078cc896b8674329e78017c355555267e1;0xc54e6b3c763126393d2cfe1095aaf17641f220e2f4afba911d096ab0355aa280,dataset trading-pair role plus the same ABI-resolved swap entry point executed by attacker-side and victim transactions,not_established
cisbl7-ee21b6e066d7caf0eda4b3c3,sandwich,0x23e182724f1b00a3c5a2c76502096625b5fe87cd,UniswapV3Pool,True,observed_ordering_target,trace_confirmed,0x128acb08,"swap(address,bool,int256,uint160,bytes)",2,1,0x814057345656c8e3f7640e85fcb93075f502fbeca14a3ddef0a0e2fbab4a714c;0xe6eb5a067d1bd609657739d38dbb6c39cfda8e21fc76367dd07a5a2995d9cf25,dataset trading-pair role plus the same ABI-resolved swap entry point executed by attacker-side and victim transactions,not_established
cisbl7-ee21b6e066d7caf0eda4b3c3,sandwich,0x3bf1b837ccc1f62114a3e74ced4fcfb121d7e52a,UniswapV2Pair,True,observed_ordering_target,trace_confirmed,0x022c0d9f,"swap(uint256,uint256,address,bytes)",2,1,0xb765595ef38983ba971d197e0f64995417618e78e8e1cbd8f9e9e917237f2cef;0xe6eb5a067d1bd609657739d38dbb6c39cfda8e21fc76367dd07a5a2995d9cf25,dataset trading-pair role plus the same ABI-resolved swap entry point executed by attacker-side and victim transactions,not_established
cisbl7-ee21b6e066d7caf0eda4b3c3,sandwich,0x5696c2c2fcb7e304a5b9faaec9cd37d369c9d067,UniswapV3Pool,True,observed_ordering_target,trace_confirmed,0x128acb08,"swap(address,bool,int256,uint160,bytes)",2,1,0xe6eb5a067d1bd609657739d38dbb6c39cfda8e21fc76367dd07a5a2995d9cf25,dataset trading-pair role plus the same ABI-resolved swap entry point executed by attacker-side and victim transactions,not_established
cisbl7-ee21b6e066d7caf0eda4b3c3,sandwich,0xa6a21fce6220f9c4c4e4f5e5e2653bfe73470c76,UniswapV2Pair,True,observed_ordering_target,trace_confirmed,0x022c0d9f,"swap(uint256,uint256,address,bytes)",2,1,0x6df8a60156ed9bde98abcce27ef091c8bedbff93e5004d31580ec686c6808ac0;0xe6eb5a067d1bd609657739d38dbb6c39cfda8e21fc76367dd07a5a2995d9cf25,dataset trading-pair role plus the same ABI-resolved swap entry point executed by attacker-side and victim transactions,not_established
cisbl7-ee21b6e066d7caf0eda4b3c3,sandwich,0xfa4ccc99ce5ff5071e87eb7abc0afda3877ca4d9,UniswapV2Pair,True,observed_ordering_target,trace_confirmed,0x022c0d9f,"swap(uint256,uint256,address,bytes)",2,1,0x59df2bd6d6f93511e91e00506aa23509f19b39ebe37100fbb9aff4b643e890fd;0xe6eb5a067d1bd609657739d38dbb6c39cfda8e21fc76367dd07a5a2995d9cf25,dataset trading-pair role plus the same ABI-resolved swap entry point executed by attacker-side and victim transactions,not_established
cisbl7-ee72d9b63bffc1829523eb3e,sandwich,0x2feba6992aaa7b2397e5b212ae060c76857cf9bb,NineInchPair,True,observed_ordering_target,trace_confirmed,0x022c0d9f,"swap(uint256,uint256,address,bytes)",3,1,0xabd2544de06db239f521425a12acbee18c9423ca065890231ed8482261ba2864;0xb21e610ed46e783bc0cef7ad429991da16951bace3c93df201fd64a37eb850be,dataset trading-pair role plus the same ABI-resolved swap entry point executed by attacker-side and victim transactions,not_established
cisbl7-ee72d9b63bffc1829523eb3e,sandwich,0xd293d05e83035a757d510e2a5ebfe705c4f05b1f,UniswapV2Pair,True,observed_ordering_target,trace_confirmed,0x022c0d9f,"swap(uint256,uint256,address,bytes)",2,1,0x3b60f65f3a89fed1b169514efe1b520d37ce792e92a392fe79d38f8b95f70fa8;0xabd2544de06db239f521425a12acbee18c9423ca065890231ed8482261ba2864;0xb21e610ed46e783bc0cef7ad429991da16951bace3c93df201fd64a37eb850be,dataset trading-pair role plus the same ABI-resolved swap entry point executed by attacker-side and victim transactions,not_established
cisbl7-f33bc86412233d5d210ffdf1,sandwich,0xd293d05e83035a757d510e2a5ebfe705c4f05b1f,UniswapV2Pair,True,observed_ordering_target,trace_confirmed,0x022c0d9f,"swap(uint256,uint256,address,bytes)",2,10,0x09ae8442332349248ed86f486eb0c43411d1ca2875ac9c7f15672adccadbc6f5;0x38a5967f33b5c65e21e265f81a1e4be3b3ef34777b526706dae5289a2934d880;0x435408072a0b20887d91b67bf42aa4f258ba7a374fdeaae790b423cbff198708;0x4532caae06435d64dd008e07408e04824713fa6ee6ea8520aa8c270170cb2830;0xa052c2965c97a0a6bb10868c9407cbf99a0dbbb2f17a0c82eda3cef25d94b6a8;0xa5d4fd7b6ab01386c951bb1e07918675cbdce1186bc110473a8eaf160ce2f591;0xc242b863ac725d501e2c008035688950e0893420a97bbbb9b7510e5a3d2a9d6a;0xd3ac5e91bba4c3d467fbbedb121b036a0837d62628871f19ce33b70c6f81dfac;0xd5415a2912126147a122d6b73b31db4f209dc28b953ebda57a8d2f5597b70f67;0xd5aa39309edcd1594af301bcad6bd0f841b23b07b8372fadb352adf8355d8b9b;0xf8b6b9c8627b90c14cee3a488cca0a6d36954759d1840a9773fabd4b06a89447;0xfd8fdddc717c98b69ac13006a834cd3d3ea38b785364c4c30510e6a7573e6218,dataset trading-pair role plus the same ABI-resolved swap entry point executed by attacker-side and victim transactions,not_established
cisbl7-f49f278ed1db8cca812af287,sandwich,0x173a77805b59613a52d921234878aad9ac8fafe1,UniswapV3Pool,True,observed_ordering_target,trace_confirmed,0x128acb08,"swap(address,bool,int256,uint160,bytes)",2,1,0x18cd5340fbeceb144719f6381c9c8d70192b6a4ea44bf7ee38baf81133bbacb2;0x7439acd5c01f77833c2d52cea67dfcc9bb92f87c26161ca702bb584aa87ea515;0x7ec6213e008b49f1579faf181058643fefc42e1a882fa43cbb5338039bd09917,dataset trading-pair role plus the same ABI-resolved swap entry point executed by attacker-side and victim transactions,not_established
cisbl7-f49f278ed1db8cca812af287,sandwich,0x99920e0ba2b8aead4d10de769b28ecc29693c011,UniswapV2Pair,True,observed_ordering_target,trace_confirmed,0x022c0d9f,"swap(uint256,uint256,address,bytes)",2,1,0x247352868c81f7a31d39db7e5c1bdfdcf0320ea3eb6b744e4e6ead218c330cb2;0x7439acd5c01f77833c2d52cea67dfcc9bb92f87c26161ca702bb584aa87ea515;0x7ec6213e008b49f1579faf181058643fefc42e1a882fa43cbb5338039bd09917,dataset trading-pair role plus the same ABI-resolved swap entry point executed by attacker-side and victim transactions,not_established
cisbl7-f73311f9d1719391d5f626a0,sandwich,0x05767d9ef41dc40689678ffca0608878fb3de906,UniswapV2Pair,True,observed_ordering_target,trace_confirmed,0x022c0d9f,"swap(uint256,uint256,address,bytes)",3,2,0x5eb1eecf52024c68922b4ebfc2135205cc0466d9f053e79d9e243af21d81a142;0x7f88acb1080dbebe8d4ca02cc60b0fac5f3b765add493103a193f8e35231bbb3;0x9d0e617e2a7862d201b49b9ae249ab14e381ded6d719e86a5ef5e9357accd47c;0x9d77a63e9aa8dd42c2a65782bb4a0d046a161b6ff8abf1b697bb99d2a8727750,dataset trading-pair role plus the same ABI-resolved swap entry point executed by attacker-side and victim transactions,not_established
cisbl7-f73311f9d1719391d5f626a0,sandwich,0x2e4784446a0a06df3d1a040b03e1680ee266c35a,UniswapV3Pool,True,observed_ordering_target,trace_confirmed,0x128acb08,"swap(address,bool,int256,uint160,bytes)",2,1,0x5eb1eecf52024c68922b4ebfc2135205cc0466d9f053e79d9e243af21d81a142;0x7f88acb1080dbebe8d4ca02cc60b0fac5f3b765add493103a193f8e35231bbb3,dataset trading-pair role plus the same ABI-resolved swap entry point executed by attacker-side and victim transactions,not_established
cisbl7-f8cd9018dac65e663cc3ca96,sandwich,0x1aff94bb420361109097916970b8bfb7ab5ac3a6,UniswapV3Pool,True,observed_ordering_target,trace_confirmed,0x128acb08,"swap(address,bool,int256,uint160,bytes)",2,1,0x5e4dfff4d97bfb16291fc46058297ee19c54652e4ae5fc04ad6e6421f0dd9529;0x5f9f38dd0e1bba82a599613c92477c1e06cebdd54008b277c6ce925016dcf67b;0xc45fbde463285557ff777c5143a59a2e82cc21228f4cfc884bb02b5b0e4b2de8,dataset trading-pair role plus the same ABI-resolved swap entry point executed by attacker-side and victim transactions,not_established
cisbl7-f8cd9018dac65e663cc3ca96,sandwich,0x3ebec0a1b4055c8d1180fce64db2a8c068170880,UniswapV3Pool,True,observed_ordering_target,trace_confirmed,0x128acb08,"swap(address,bool,int256,uint160,bytes)",2,1,0x5e4dfff4d97bfb16291fc46058297ee19c54652e4ae5fc04ad6e6421f0dd9529;0x7eb7aea962261406c65dd5dbf3fc052f1c1f619d16ad6bdf6d445c2092e03ee0;0xc45fbde463285557ff777c5143a59a2e82cc21228f4cfc884bb02b5b0e4b2de8,dataset trading-pair role plus the same ABI-resolved swap entry point executed by attacker-side and victim transactions,not_established
cisbl7-f8cd9018dac65e663cc3ca96,sandwich,0xb112f9b950695c71a7e3dedd00472df07f4393bb,UniswapV2Pair,True,observed_ordering_target,trace_confirmed,0x022c0d9f,"swap(uint256,uint256,address,bytes)",2,1,0x4cd5cbf6bdea86d56e9a9af2ca9967c315effa242e29c6c22c6c8ce06dac2188;0x5e4dfff4d97bfb16291fc46058297ee19c54652e4ae5fc04ad6e6421f0dd9529;0xc45fbde463285557ff777c5143a59a2e82cc21228f4cfc884bb02b5b0e4b2de8,dataset trading-pair role plus the same ABI-resolved swap entry point executed by attacker-side and victim transactions,not_established
cisbl7-f8cd9018dac65e663cc3ca96,sandwich,0xe0554a476a092703abdb3ef35c80e0d76d32939f,UniswapV3Pool,True,observed_ordering_target,trace_confirmed,0x128acb08,"swap(address,bool,int256,uint160,bytes)",2,1,0x5e4dfff4d97bfb16291fc46058297ee19c54652e4ae5fc04ad6e6421f0dd9529;0xc45fbde463285557ff777c5143a59a2e82cc21228f4cfc884bb02b5b0e4b2de8;0xf984dbf00538d21b907b7f04a2dbae305c443798634ded9e3e8e1afb167e67ef,dataset trading-pair role plus the same ABI-resolved swap entry point executed by attacker-side and victim transactions,not_established
cisbl7-faffe8571f2432e9ba6b5c0f,sandwich,0x0606bd6ba099881ca1022a2e4e8c1a6748502429,UniswapV2Pair,True,observed_ordering_target,trace_confirmed,0x022c0d9f,"swap(uint256,uint256,address,bytes)",2,1,0x7460993ca9f8e3b6eed9e63571223bad856c02fc0d4e758fc95394ad490ee50c;0xe652069f79e8effa7504183e3f824368aec48f78cf10142b3a91dee9180e40b9;0xe698c3ad55f2eff95273f6c838dfcfbe0b01b45a00a4bd6d134e88980513c1f5,dataset trading-pair role plus the same ABI-resolved swap entry point executed by attacker-side and victim transactions,not_established
cisbl7-faffe8571f2432e9ba6b5c0f,sandwich,0x435664008f38b0650fbc1c9fc971d0a3bc2f1e47,UniswapV3Pool,True,observed_ordering_target,trace_confirmed,0x128acb08,"swap(address,bool,int256,uint160,bytes)",2,1,0x7460993ca9f8e3b6eed9e63571223bad856c02fc0d4e758fc95394ad490ee50c;0xd176c172eca560ebbc5b428a596595cff0ebe8db7d3e88ca66d2604c619bddf7;0xe652069f79e8effa7504183e3f824368aec48f78cf10142b3a91dee9180e40b9,dataset trading-pair role plus the same ABI-resolved swap entry point executed by attacker-side and victim transactions,not_established
cisbl7-faffe8571f2432e9ba6b5c0f,sandwich,0xbf85f94d3233ee588f0907a9147fbb59d7246b54,UniswapV3Pool,True,observed_ordering_target,trace_confirmed,0x128acb08,"swap(address,bool,int256,uint160,bytes)",2,1,0x31b1b729e38acc49eb0100afc0fc5df385646bdbaf6099f46d54455aef6c2203;0x7460993ca9f8e3b6eed9e63571223bad856c02fc0d4e758fc95394ad490ee50c;0xe652069f79e8effa7504183e3f824368aec48f78cf10142b3a91dee9180e40b9,dataset trading-pair role plus the same ABI-resolved swap entry point executed by attacker-side and victim transactions,not_established
cisbl7-fe2e2606c1a83416ada97280,sandwich,0xa1db2fc9b2ceaf3cdf41fd11ffcb38404eae3906,UniswapV2Pair,True,observed_ordering_target,trace_confirmed,0x022c0d9f,"swap(uint256,uint256,address,bytes)",2,1,0x3ac5a280704d752e1492dd8947e29c945ba1a6c659f7defeacd7606d25f4ecef;0x5e373867a6421bc7eec5241316699a7c9af3971d281eb59cff9e74b61e5f9e8e;0xcb7301dfaab6e4d030df864ec828f5694707af62482e3aebfa5f53c5c7ef3b23,dataset trading-pair role plus the same ABI-resolved swap entry point executed by attacker-side and victim transactions,not_established
cisbl7-fe2e2606c1a83416ada97280,sandwich,0xb5fa7edfd5e3c27480763a066c2fa6b12fce24e8,UniswapV2Pair,True,observed_ordering_target,trace_confirmed,0x022c0d9f,"swap(uint256,uint256,address,bytes)",2,1,0x3ac5a280704d752e1492dd8947e29c945ba1a6c659f7defeacd7606d25f4ecef;0x6a22277a14fed2873198bbc4cd61d8aa29c39ac4263993a540060ae22d3ab12c;0xcb7301dfaab6e4d030df864ec828f5694707af62482e3aebfa5f53c5c7ef3b23,dataset trading-pair role plus the same ABI-resolved swap entry point executed by attacker-side and victim transactions,not_established
cisbl7-fe2e2606c1a83416ada97280,sandwich,0xfdd05552f1377aa488afed744c8024358af02041,EtherVistaPair,True,observed_ordering_target,trace_confirmed,0x022c0d9f,"swap(uint256,uint256,address,bytes)",3,1,0x3ac5a280704d752e1492dd8947e29c945ba1a6c659f7defeacd7606d25f4ecef;0x6b023ebfa50a1c8792130aa44845cf4026ed6ef4d46a207eea8adf64fb1d3977;0xcb7301dfaab6e4d030df864ec828f5694707af62482e3aebfa5f53c5c7ef3b23,dataset trading-pair role plus the same ABI-resolved swap entry point executed by attacker-side and victim transactions,not_established
cisbl7-fe2e2606c1a83416ada97280,sandwich,0xff4fe8cae039024db963b2eba22d76c121af8e88,UniswapV2Pair,True,observed_ordering_target,trace_confirmed,0x022c0d9f,"swap(uint256,uint256,address,bytes)",2,1,0x3ac5a280704d752e1492dd8947e29c945ba1a6c659f7defeacd7606d25f4ecef;0xcb7301dfaab6e4d030df864ec828f5694707af62482e3aebfa5f53c5c7ef3b23,dataset trading-pair role plus the same ABI-resolved swap entry point executed by attacker-side and victim transactions,not_established
cisbl7-ff87e478e92a548039231e76,sandwich,0x3125200e155c9e7f71fdfef558b8f172c93fe72f,UniswapV2Pair,True,observed_ordering_target,trace_confirmed,0x022c0d9f,"swap(uint256,uint256,address,bytes)",2,1,0x1dbbfe725d979b8606e815b32fd42a0afb7c575cfefe8a7a4dae76cac7d4ce0b;0x26ad17340d433930d6de37fd8ca00cbc3a61b142872bf7dfad59666e725c5564;0xb26b28be470a5deb6ccd21e1d434010d5bb819153854ff54b5e91a25bc336a55,dataset trading-pair role plus the same ABI-resolved swap entry point executed by attacker-side and victim transactions,not_established
cisbl7-ff87e478e92a548039231e76,sandwich,0xc7bbec68d12a0d1830360f8ec58fa599ba1b0e9b,UniswapV3Pool,True,observed_ordering_target,trace_confirmed,0x128acb08,"swap(address,bool,int256,uint160,bytes)",2,1,0x1dbbfe725d979b8606e815b32fd42a0afb7c575cfefe8a7a4dae76cac7d4ce0b;0xb26b28be470a5deb6ccd21e1d434010d5bb819153854ff54b5e91a25bc336a55,dataset trading-pair role plus the same ABI-resolved swap entry point executed by attacker-side and victim transactions,not_established
